bucket,vol_state,side,target_atr,stop_atr,horizon,n,target,stop,target_max,stop_min,open_pnl,cost_atr,p_target,p_target_max,p_stop,p_neither,ev_barrier,ev_open,ev_lo,ev_hi,cost,p_null,ev_null,ev_delta,lift,mde,thin,beats_mde,passes,undecided,ev_mirror,ev_sym
"(14.0, inf]",STABLE,1,2.0,1.5,60,2218,608,820,610,818,301.3596870944939,56.16247469205734,0.27412082957619477,0.2750225428313796,0.369702434625789,0.35617673579801623,-0.0063119927862939585,0.13587001221573214,0.10423679549253226,0.10739279188567924,0.025321223936905925,0.26431246655965757,0.05870994228375786,0.0455268532087744,0.009808363016537203,0.2907793896436686,False,False,False,False,-0.1665896894292135,-0.031176446968340626
"(14.0, inf]",EXPANDING,1,4.0,1.5,60,2541,140,990,140,990,1210.8636143682224,60.8751728936191,0.05509641873278237,0.05509641873278237,0.38961038961038963,0.555293191656828,-0.36402990948445496,0.4765303480394421,0.08854326701086318,0.08854326701086318,0.023957171544124006,0.045122168717674334,0.029189347666761605,0.05935391934410157,0.009974250015108037,0.05706589458883264,False,False,False,False,-0.11841436629194842,-0.014935549640542618
"(14.0, inf]",STABLE,1,1.5,1.5,60,2218,894,786,896,784,71.33743282596204,56.16247469205734,0.4030658250676285,0.40396753832281335,0.35437330928764654,0.242560865644725,0.07303877366997295,0.032162954385014444,0.07988050411808147,0.08258564388363601,0.025321223936905925,0.3920099875156055,0.0500354396745052,0.029845064443576264,0.011055837552022996,0.42115062660716207,False,False,False,False,-0.13322809175744788,-0.026673793819683204
"(14.0, inf]",EXPANDING,1,3.0,1.5,60,2541,299,985,299,985,843.8082007545019,60.8751728936191,0.11767020857929948,0.11767020857929948,0.3876426603699331,0.49468713105076745,-0.22845336481700118,0.3320772139923266,0.0796666776312014,0.0796666776312014,0.023957171544124006,0.10522561084358838,0.02955865299888221,0.05010802463231919,0.012444597735711105,0.12263280278039453,False,False,False,False,-0.0967546974711424,-0.0085440099199705
"(14.0, inf]",STABLE,1,2.0,1.0,60,2218,555,1171,560,1166,280.4665432926364,56.16247469205734,0.25022542831379624,0.25247971145175835,0.5279531109107304,0.22182146077547338,-0.02750225428313796,0.12645019986142308,0.07362672164137919,0.08038957105526559,0.025321223936905925,0.23738184412341715,0.04345953032317402,0.030167191318205173,0.012843584190379093,0.26295610084435483,False,False,False,False,-0.1350887619281829,-0.03073102014340185
"(14.0, inf]",EXPANDING,1,2.0,1.5,60,2541,679,959,680,958,316.68493857535714,60.8751728936191,0.26721763085399447,0.2676111767020858,0.3774104683195592,0.3553719008264464,-0.03168044077134986,0.12463004272938101,0.06899243041390714,0.0703698408822267,0.023957171544124006,0.26431246655965757,0.05870994228375786,0.01028248813014928,0.002905164294336904,0.28902651043547856,False,False,False,False,-0.09347889480746661,-0.012243232196779738
"(14.0, inf]",EXPANDING,1,4.0,1.0,60,2541,127,1385,127,1385,1111.7491417015292,60.8751728936191,0.049980322707595434,0.049980322707595434,0.5450609996064542,0.4049586776859504,-0.3451397087760724,0.4375242588357061,0.06842737851550969,0.06842737851550967,0.023957171544124006,0.040841804886748705,0.014909988587217383,0.0535173899282923,0.00913851782084673,0.05225290663035051,False,False,False,False,-0.09670913194419148,-0.014140876714340896
"(10.0, 14.0]",CONTRACTING,1,4.0,1.0,30,1665,24,682,24,682,761.8749038687827,63.50327803363372,0.014414414414414415,0.014414414414414415,0.4096096096096096,0.5759759759759759,-0.35195195195195195,0.4575825248461157,0.06749046596705642,0.06749046596705642,0.03814010692710734,0.016125121241513093,-0.00785654806059117,0.0753470140276476,-0.0017107068270986788,0.025421757931549733,False,False,False,False,-0.07986789283332114,-0.006188713433132362
"(14.0, inf]",CONTRACTING,-1,3.0,1.5,60,848,151,317,151,317,100.14565399546287,21.794415002467627,0.17806603773584906,0.17806603773584906,0.3738207547169811,0.4481132075471698,-0.02653301886792453,0.11809629008898923,0.0658623101332491,0.0658623101332491,0.025700961087815596,0.1394685214909934,-0.10591167709512762,0.17177398722837672,0.03859751624485566,0.17373568148521604,False,True,True,False,-0.16939136693094192,-0.05176452839884641
"(14.0, inf]",EXPANDING,1,4.0,0.75,60,2541,113,1621,113,1621,990.2000287872077,60.8751728936191,0.0444706808343172,0.0444706808343172,0.6379378197560016,0.31759149940968123,-0.3005706414797324,0.3896891101090939,0.06516129708523753,0.06516129708523752,0.023957171544124006,0.037631532013554486,0.019876046224838552,0.04528525086039898,0.006839148820762711,0.048621786760131486,False,False,False,False,-0.08243490995937153,-0.008636806437066998
"(14.0, inf]",CONTRACTING,-1,3.0,1.0,30,855,80,361,80,361,197.8912798400075,21.95308796592333,0.0935672514619883,0.0935672514619883,0.4222222222222222,0.4842105263157895,-0.1415204678362573,0.2314517892865585,0.06425519517436747,0.06425519517436745,0.02567612627593372,0.06873339238263951,-0.05048498133136271,0.11474017650573018,0.02483385907934879,0.09409530572188422,False,False,False,False,-0.08300113014951195,-0.009372967487572242
"(14.0, inf]",EXPANDING,1,3.0,1.0,60,2541,267,1377,267,1377,794.9783066042002,60.8751728936191,0.1050767414403778,0.1050767414403778,0.5419126328217237,0.35301062573789843,-0.22668240850059032,0.3128604118867376,0.06222083184202325,0.06222083184202323,0.023957171544124006,0.09470304975922954,0.017365270764207522,0.04485556107781573,0.010373691681148267,0.11133957883823442,False,False,False,False,-0.07965775194493245,-0.008718460051454602
"(14.0, inf]",STABLE,1,2.0,0.75,60,2218,501,1380,506,1375,226.93988447279446,56.16247469205734,0.22587917042380523,0.22813345356176737,0.6221821460775473,0.15193868349864748,-0.014878268710550046,0.10231735097961878,0.06211785833216281,0.06831713696155867,0.025321223936905925,0.21366149456037095,0.041308293202312045,0.020809565129850764,0.01221767586343428,0.2383337397405696,False,False,False,False,-0.10789149144401221,-0.0228868165559247
"(14.0, inf]",CONTRACTING,-1,4.0,1.0,30,855,30,362,30,362,316.5285797696391,21.95308796592333,0.03508771929824561,0.03508771929824561,0.4233918128654971,0.5415204678362573,-0.2830409356725146,0.3702088652276481,0.06149180327919976,0.06149180327919975,0.02567612627593372,0.028520814880425155,-0.05560528337374666,0.11709708665294641,0.006566904417820457,0.04568830059691968,False,False,False,False,-0.0841860301207584,-0.01134711342077932
"(14.0, inf]",CONTRACTING,-1,3.0,1.5,30,855,82,209,82,209,141.55766597178246,21.95308796592333,0.09590643274853801,0.09590643274853801,0.24444444444444444,0.6596491228070175,-0.07894736842105263,0.16556452160442392,0.06094102690743757,0.06094102690743757,0.02567612627593372,0.07351638618246235,-0.06223375119722044,0.12317477810465802,0.022390046566075655,0.09963050795812356,False,False,False,False,-0.1094425690336913,-0.024250771063126866
"(10.0, 14.0]",CONTRACTING,1,3.0,1.0,30,1665,66,682,66,682,648.7773148566737,63.50327803363372,0.03963963963963964,0.03963963963963964,0.4096096096096096,0.5507507507507508,-0.2906906906906907,0.38965604495896317,0.060825247341165144,0.06082524734116514,0.03814010692710734,0.04704170708050436,-0.007997537984636913,0.06882278532580205,-0.007402067440864725,0.06219290231915187,False,False,False,False,-0.09440443805588511,-0.016789595357359983
"(10.0, 14.0]",CONTRACTING,1,2.0,1.0,30,1665,240,677,240,677,359.95640861586975,63.50327803363372,0.14414414414414414,0.14414414414414414,0.4066066066066066,0.4492492492492493,-0.11831831831831832,0.21619003520472657,0.059731609959300914,0.05973160995930092,0.03814010692710734,0.14718719689621726,-0.005431270924745718,0.06516288088404663,-0.0030430527520731165,0.17198851808771554,False,False,False,False,-0.1147653296787563,-0.027516859859727693
"(14.0, inf]",CONTRACTING,-1,3.0,0.75,30,855,76,467,76,467,194.53693370261982,21.95308796592333,0.08888888888888889,0.08888888888888889,0.5461988304093567,0.3649122807017544,-0.14298245614035088,0.2275285774299647,0.05886999501368011,0.0588699950136801,0.02567612627593372,0.06395039858281665,-0.04018981916204716,0.09905981417572726,0.024938490306072245,0.08852611412429373,False,True,True,False,-0.05127045017430782,0.0037997724196861433
"(14.0, inf]",CONTRACTING,-1,4.0,1.5,30,855,30,209,30,209,265.54179526979163,21.95308796592333,0.03508771929824561,0.03508771929824561,0.24444444444444444,0.7204678362573099,-0.22631578947368422,0.3105751991459551,0.0585832833963372,0.05858328339633719,0.02567612627593372,0.029937998228520814,-0.06878719391675357,0.12737047731309076,0.005149721069724798,0.047482069179721,False,False,False,False,-0.11150862932743454,-0.02646267296554867
"(14.0, inf]",EXPANDING,1,3.0,0.75,60,2541,240,1614,241,1613,699.9406434643709,60.8751728936191,0.09445100354191263,0.09484454939000393,0.6351829988193625,0.27036599763872493,-0.19303423848878395,0.2754587341457579,0.05846732411284997,0.05994312104319234,0.023957171544124006,0.08685571606919922,0.02151784992879625,0.03694947418405371,0.007595287472713416,0.10287798647408114,False,False,False,False,-0.06577710987805925,-0.003654892882604642
"(14.0, inf]",CONTRACTING,-1,4.0,0.75,30,855,29,468,29,468,306.62006695787073,21.95308796592333,0.03391812865497076,0.03391812865497076,0.5473684210526316,0.4187134502923976,-0.27485380116959063,0.3586199613542348,0.05809003390871041,0.05809003390871042,0.02567612627593372,0.02674933569530558,-0.04480599200276276,0.10289602591147318,0.007168792959665177,0.04343120095019073,False,False,False,False,-0.053332543128010404,0.002378745390350004
"(14.0, inf]",EXPANDING,1,1.5,1.5,60,2541,1004,911,1006,909,68.38786858763385,60.8751728936191,0.39512003148366787,0.39590712317985044,0.3585202676111767,0.24635970090515547,0.05489964580873672,0.026913761742476918,0.05785623600708963,0.060217511095637444,0.023957171544124006,0.3920099875156055,0.0500354396745052,0.00782079633258443,0.0031100439680623593,0.419230406835497,False,False,False,False,-0.10813185418388546,-0.025137809088397915
"(14.0, inf]",CONTRACTING,-1,4.0,1.5,60,848,73,318,73,318,255.59914650378977,21.794415002467627,0.08608490566037735,0.08608490566037735,0.375,0.5389150943396226,-0.21816037735849056,0.30141408785824264,0.057552749411936485,0.057552749411936485,0.025700961087815596,0.07116104868913857,-0.11499644994764545,0.17254919935958193,0.014923856971238783,0.097019195517899,False,False,False,False,-0.1524570060459992,-0.04745212831703136
"(14.0, inf]",EXPANDING,1,2.0,1.0,60,2541,602,1341,603,1340,335.191058931408,60.8751728936191,0.2369146005509642,0.23730814639905548,0.5277449822904369,0.235340417158599,-0.05391578118850846,0.13191304955978275,0.0540400968271503,0.055220734371424204,0.023957171544124006,0.23738184412341715,0.04345953032317402,0.010580566503976284,-0.00046724357245295223,0.2612601197658569,False,False,False,False,-0.07939480089586168,-0.012677352034355688
"(10.0, 14.0]",CONTRACTING,1,4.0,1.5,30,1665,24,444,24,444,722.4127811631181,63.50327803363372,0.014414414414414415,0.014414414414414415,0.26666666666666666,0.7189189189189189,-0.34234234234234234,0.433881550248119,0.053399100978669296,0.05339910097866929,0.03814010692710734,0.01709505334626576,-0.0002771694388964202,0.053676270417565716,-0.002680638931851347,0.026642896268639547,False,False,False,False,-0.09151333402726296,-0.01905711652429683
"(14.0, inf]",EXPANDING,1,2.0,0.75,60,2541,542,1573,545,1570,291.67188995180703,60.8751728936191,0.21330184966548604,0.21448248720975993,0.6190476190476191,0.1676505312868949,-0.03768201495474223,0.11478626129547699,0.05314707479661076,0.056393828043364,0.023957171544124006,0.21366149456037095,0.041308293202312045,0.011838781594298714,-0.00035964489488490847,0.2366954823345823,False,False,False,False,-0.06364106454346685,-0.0052469948734280465
"(14.0, inf]",CONTRACTING,-1,2.0,1.0,30,855,171,358,171,358,83.08170556149146,21.95308796592333,0.2,0.2,0.41871345029239765,0.3812865497076024,-0.01871345029239766,0.0971715854520368,0.05278200888370541,0.05278200888370541,0.02567612627593372,0.16527900797165634,-0.04811010655227862,0.10089211543598403,0.03472099202834367,0.2017260934128208,False,False,False,False,-0.06553859675904697,-0.006378293937670778
"(14.0, inf]",EXPANDING,1,4.0,1.5,30,2551,43,706,43,706,1081.417290808362,61.10121343036764,0.01685613484907879,0.01685613484907879,0.27675421403371225,0.706389651117209,-0.3477067816542532,0.42391896934863266,0.052260320414737084,0.05226032041473708,0.023951867279642353,0.014348981399468556,0.013247451809326018,0.03901286860541107,0.002507153449610236,0.021373878754041953,False,False,False,False,-0.08026457053460252,-0.01400212505993272
"(10.0, 14.0]",CONTRACTING,1,1.5,1.0,30,1665,437,664,437,664,155.95942636170622,63.50327803363372,0.26246246246246246,0.26246246246246246,0.3987987987987988,0.33873873873873867,-0.005105105105105105,0.0936693251421659,0.050424113109953456,0.050424113109953456,0.03814010692710734,0.25836566440349173,-0.006614606745470892,0.057038719855424344,0.00409679805897073,0.288738592457428,False,False,False,False,-0.11280691059207901,-0.031191398741062776
"(14.0, inf]",EXPANDING,1,4.0,0.5,60,2541,91,1878,91,1878,762.5807141956861,60.8751728936191,0.03581267217630854,0.03581267217630854,0.7390791027154664,0.22510822510822504,-0.226288862652499,0.3001104739062126,0.04986443970958955,0.04986443970958955,0.023957171544124006,0.0299625468164794,0.0045528667036786805,0.04531157300591087,0.00585012535982914,0.03985741633761649,False,False,False,False,-0.07360799924687209,-0.011871779768641268
"(14.0, inf]",EXPANDING,1,3.0,1.5,30,2551,129,703,129,703,853.0776223278558,61.10121343036764,0.05056840454723638,0.05056840454723638,0.275578204625637,0.6738533908271267,-0.2616620932967464,0.3344091032253453,0.048795142648956555,0.048795142648956555,0.023951867279642353,0.042869796279893714,0.011561130803209977,0.03723401184574658,0.0076986082673426645,0.05451340487603949,False,False,False,False,-0.06978917879653508,-0.010497018073789263
"(14.0, inf]",STABLE,1,3.0,1.5,60,2218,226,856,226,856,769.108693353346,56.16247469205734,0.1018935978358882,0.1018935978358882,0.3859332732191163,0.5121731289449956,-0.2732191163210099,0.34675775173730655,0.04821741147939073,0.04821741147939073,0.025321223936905925,0.10522561084358838,0.02955865299888221,0.01865875848050852,-0.0033320130077001825,0.12388281713630883,False,False,False,False,-0.1820758909789012,-0.06692923974975523
"(10.0, 14.0]",CONTRACTING,1,4.0,0.75,30,1665,23,880,23,880,711.3007803365794,63.50327803363372,0.013813813813813814,0.013813813813813814,0.5285285285285285,0.45765765765765765,-0.34114114114114114,0.42720767587782543,0.047926427809576955,0.047926427809576955,0.03814010692710734,0.014791464597478177,-0.021729444164780835,0.0696558719743578,-0.0009776507836643626,0.023729223168343517,False,False,False,False,-0.06264317778000761,-0.007358374985215327
"(10.0, 14.0]",CONTRACTING,1,3.0,1.5,30,1665,68,444,68,444,604.8060592250476,63.50327803363372,0.04084084084084084,0.04084084084084084,0.26666666666666666,0.6924924924924925,-0.2774774774774775,0.363246882417446,0.04762929801286122,0.04762929801286121,0.03814010692710734,0.049466537342386034,-0.0004886335647507834,0.048117931577612,-0.008625696501545196,0.06496556873271873,False,False,False,False,-0.10428479207128055,-0.028327747029209666
"(10.0, 14.0]",CONTRACTING,1,2.0,1.5,30,1665,253,442,253,442,299.3647755541242,63.50327803363372,0.15195195195195196,0.15195195195195196,0.26546546546546546,0.5825825825825826,-0.0942942942942943,0.179798663996471,0.04736426277506936,0.04736426277506936,0.03814010692710734,0.15834141610087293,0.006361619759492997,0.041002643015576365,-0.00638946414892097,0.1838663314179614,False,False,False,False,-0.12099024910312649,-0.036812993164028564
"(14.0, inf]",CONTRACTING,-1,3.0,1.0,15,858,23,240,23,240,233.17250809263226,22.028981079620134,0.026806526806526808,0.026806526806526808,0.27972027972027974,0.6934731934731935,-0.1993006993006993,0.27176282994479284,0.04678732752099315,0.046787327520993155,0.02567480312310039,0.026529890343119915,-0.030475808239391534,0.07726313576038468,0.00027663646340689296,0.04311928535240393,False,False,False,False,-0.07168474030380136,-0.012448706391404104
"(14.0, inf]",CONTRACTING,-1,2.0,1.5,30,855,177,208,177,208,19.950997377965052,21.95308796592333,0.20701754385964913,0.20701754385964913,0.2432748538011696,0.5497076023391814,0.04912280701754386,0.023334499857269066,0.04678118059887921,0.04678118059887921,0.02567612627593372,0.17661647475642162,-0.06289464696526513,0.10967582756414435,0.030401069103227513,0.21398195200642575,False,False,False,False,-0.08954862535979752,-0.021383722380459155
"(14.0, inf]",STABLE,1,1.0,1.5,60,2218,1239,700,1242,697,-30.198894990821397,56.16247469205734,0.5586113615870153,0.5599639314697926,0.3155996393146979,0.12578899909828678,0.08521190261496844,-0.01361537195257953,0.04627530672548298,0.04965673143242618,0.025321223936905925,0.5500267522739433,0.03163880763491074,0.014636499090572241,0.008584609313072034,0.5795520846020927,False,False,False,False,-0.09539105193340587,-0.024557872603961445
"(14.0, inf]",CONTRACTING,-1,3.0,0.5,30,855,63,587,63,587,165.57654852743187,21.95308796592333,0.07368421052631578,0.07368421052631578,0.6865497076023391,0.23976608187134507,-0.12222222222222222,0.19365678190342908,0.04575843340527314,0.04575843340527314,0.02567612627593372,0.0533215234720992,-0.04039359894609836,0.0861520323513715,0.02036268705421658,0.07600908062043603,False,False,False,False,-0.0811866802639308,-0.01771412342932883
"(14.0, inf]",CONTRACTING,-1,2.0,0.75,30,855,159,462,159,462,89.20276885809284,21.95308796592333,0.18596491228070175,0.18596491228070175,0.5403508771929825,0.27368421052631575,-0.03333333333333333,0.10433072381063489,0.045321264201367846,0.045321264201367846,0.02567612627593372,0.15199291408325952,-0.0384485224348483,0.08376978663621615,0.03397199819744223,0.18728677077055977,False,False,False,False,-0.0394352454267806,0.002943009387293624
"(10.0, 14.0]",CONTRACTING,1,4.0,0.5,30,1665,23,1103,23,1103,597.5538767467085,63.50327803363372,0.013813813813813814,0.013813813813813814,0.6624624624624624,0.3237237237237237,-0.27597597597597595,0.3588912172652904,0.044775134362207085,0.04477513436220708,0.03814010692710734,0.012972841901066925,-0.028102487235746945,0.07287762159795402,0.0008409719127468896,0.02139244665842341,False,False,False,False,-0.0423737399438981,0.001200697209154493
"(14.0, inf]",CONTRACTING,-1,2.0,1.0,15,858,95,239,95,239,109.1461319808093,22.028981079620134,0.11072261072261072,0.11072261072261072,0.27855477855477856,0.6107226107226107,-0.05710955710955711,0.12720994403357727,0.04442558380091977,0.04442558380091978,0.02567480312310039,0.08666430845419172,-0.03095481978186546,0.07538040358278524,0.024058302268419,0.11464342664766773,False,False,False,False,-0.06554432682248153,-0.010559371510780877
"(14.0, inf]",EXPANDING,1,3.0,0.5,60,2541,192,1873,192,1873,532.7132413276523,60.8751728936191,0.0755608028335301,0.0755608028335301,0.7371113734750099,0.18732782369146006,-0.1418732782369146,0.2096470843477577,0.0438166345667191,0.043816634566719095,0.023957171544124006,0.06812912430889959,0.005353358585938059,0.038463275980781045,0.007431678524630517,0.0825200689168421,False,False,False,False,-0.062336274483993696,-0.009259819958637297
"(10.0, 14.0]",CONTRACTING,1,4.0,1.0,15,1678,4,450,4,450,570.741651166037,63.97784355817555,0.0023837902264600714,0.0023837902264600714,0.26817640047675806,0.7294398092967819,-0.2586412395709178,0.3401320924708206,0.043363413353910245,0.04336341335391024,0.038127439545992584,0.004586602293301147,-0.014489253463595865,0.05785266681750611,-0.0022028120668410754,0.009848428498843629,False,False,False,False,-0.10819932955189843,-0.03241795809899409
"(10.0, 14.0]",CONTRACTING,1,3.0,1.0,15,1678,17,450,17,450,535.3306699442952,63.97784355817555,0.010131108462455305,0.010131108462455305,0.26817640047675806,0.7216924910607866,-0.23778307508939214,0.31902900473438334,0.0431184900989986,0.043118490098998596,0.038127439545992584,0.012552806276403138,-0.015579292248918183,0.05869778234791678,-0.002421697813947833,0.020812812398674677,False,False,False,False,-0.10498980080526019,-0.03093565535313079
"(14.0, inf]",CONTRACTING,-1,3.0,1.5,15,858,23,112,23,112,157.91091470372166,22.028981079620134,0.026806526806526808,0.026806526806526808,0.13053613053613053,0.8426573426573426,-0.11538461538461539,0.18404535513254272,0.04298593662482695,0.042985936624826956,0.02567480312310039,0.02794481782808631,-0.03232810586417583,0.07531404248900278,-0.0011382910215595038,0.044924510202262166,False,False,False,False,-0.10003967209886115,-0.0285268677370171
"(14.0, inf]",EXPANDING,1,2.0,1.5,30,2551,401,698,402,697,415.4184498178138,61.10121343036764,0.15719325754606037,0.15758526068208545,0.27361818894551154,0.569188553508428,-0.09604076832614661,0.16284533509126373,0.04285269948547477,0.04422471046156258,0.023951867279642353,0.15287865367581932,0.01930365222575,0.023549047259724773,0.004314603870241046,0.17314858668380265,False,False,False,False,-0.0763859722275471,-0.016766636371036165
"(14.0, inf]",CONTRACTING,-1,4.0,0.5,30,855,24,589,24,589,256.23831345517954,21.95308796592333,0.028070175438596492,0.028070175438596492,0.6888888888888889,0.28304093567251465,-0.2321637426900585,0.2996939338657071,0.04185406489971486,0.04185406489971486,0.02567612627593372,0.021434898139946857,-0.04631669195843812,0.08817075685815298,0.006635277298649635,0.03654344659075988,False,False,False,False,-0.08230095261735816,-0.02022344385882165
"(10.0, 14.0]",CONTRACTING,1,3.0,0.75,30,1665,64,880,64,880,601.0106415930977,63.50327803363372,0.03843843843843844,0.03843843843843844,0.5285285285285285,0.4330330330330331,-0.2810810810810811,0.3609673523081668,0.04174616429997838,0.04174616429997838,0.03814010692710734,0.04340446168768186,-0.021355572222087747,0.06310173652206613,-0.0049660232492434245,0.05801363676825141,False,False,False,False,-0.07580826799641176,-0.01703105184821669
"(14.0, inf]",CONTRACTING,-1,4.0,1.0,15,858,5,240,5,240,277.80086924623413,22.028981079620134,0.005827505827505828,0.005827505827505828,0.27972027972027974,0.7144522144522145,-0.2564102564102564,0.3237772368837228,0.041692177350365955,0.04169217735036597,0.02567480312310039,0.004952246197382384,-0.037994046736287465,0.07968622408665342,0.0008752596301234436,0.012890393686860978,False,False,False,False,-0.07203374030302327,-0.015170781476328658
"(14.0, inf]",CONTRACTING,-1,2.0,1.5,15,858,96,111,96,111,31.951071171527694,22.028981079620134,0.11188811188811189,0.11188811188811189,0.12937062937062938,0.7587412587412588,0.02972027972027972,0.037239010689426214,0.04128448728660555,0.04128448728660555,0.02567480312310039,0.08949416342412451,-0.03508420746938094,0.0763686947559865,0.022393948463987373,0.11785912706830542,False,False,False,False,-0.09143471276648779,-0.02507511273994112
"(14.0, inf]",EXPANDING,1,1.0,1.5,60,2541,1406,798,1413,791,-46.157349985712465,60.8751728936191,0.5533254624163715,0.5560802833530106,0.3140495867768595,0.132624950806769,0.08225108225108226,-0.018165033445774286,0.04012887726118396,0.04701592960278175,0.023957171544124006,0.5500267522739433,0.03163880763491074,0.008490069626273217,0.0032987101424282184,0.5776169098326834,False,False,False,False,-0.0849342950406988,-0.02240270888975742
"(14.0, inf]",EXPANDING,1,2.0,0.5,60,2541,430,1833,433,1830,218.691607967719,60.8751728936191,0.16922471467926015,0.17040535222353403,0.7213695395513577,0.10940574576938211,-0.0222353404171586,0.08606517432810665,0.039872662366824047,0.04282425622750881,0.023957171544124006,0.16693418940609953,0.02003273725683186,0.019839925109992187,0.0022905252731606207,0.18795663673882762,False,False,False,False,-0.0641235831386743,-0.01212546038592513
"(10.0, 14.0]",CONTRACTING,1,2.0,1.0,15,1678,92,449,92,449,395.8739541827617,63.97784355817555,0.054827175208581644,0.054827175208581644,0.26758045292014304,0.6775923718712753,-0.15792610250297973,0.23592011572274235,0.03986657367377004,0.03986657367377004,0.038127439545992584,0.06445383222691611,-0.014054128248179166,0.053920701921949206,-0.00962665701833447,0.08183489304899227,False,False,False,False,-0.10786178246406501,-0.033997604395147485
"(14.0, inf]",EXPANDING,1,4.0,1.0,30,2551,39,1101,39,1101,1106.6438006371948,61.10121343036764,0.01528812230497844,0.01528812230497844,0.4315954527636221,0.5531164249313995,-0.37044296354370837,0.43380784031250286,0.03941300948915215,0.03941300948915215,0.023951867279642353,0.012931798051372897,0.005565294922282276,0.03384771456686987,0.0023563242536055427,0.019627531861811078,False,False,False,False,-0.06449741605766283,-0.012542203284255343
"(10.0, 14.0]",CONTRACTING,1,3.0,0.5,30,1665,62,1103,62,1103,494.3337980645313,63.50327803363372,0.037237237237237236,0.037237237237237236,0.6624624624624624,0.3003003003003003,-0.2195195195195195,0.29689717601473353,0.03923754956810667,0.03923754956810667,0.03814010692710734,0.03734238603297769,-0.028303005149747425,0.0675405547178541,-0.00010514879574045205,0.050986486505636364,False,False,False,False,-0.05263981170934314,-0.006701131070618236
"(10.0, 14.0]",CONTRACTING,1,1.0,1.5,60,1652,945,523,946,522,-32.78574534528244,63.02996017781892,0.5720338983050848,0.572639225181598,0.31658595641646486,0.11138014527845036,0.09715496368038741,-0.01984609282402085,0.03915514193516867,0.040668459126451964,0.038153728921197894,0.5679208404593208,0.006140704383351765,0.033014437551816905,0.00411305784576399,0.601944111421498,False,False,False,False,-0.09712191398609997,-0.02898338602546565
"(14.0, inf]",CONTRACTING,-1,2.0,0.5,30,855,135,581,138,578,75.92564532965397,21.95308796592333,0.15789473684210525,0.16140350877192983,0.6795321637426901,0.1625730994152046,-0.023976608187134502,0.0888019243621684,0.03914918989910017,0.047921119723661566,0.02567612627593372,0.1241806908768822,-0.03996435302299528,0.07911354292209545,0.03371404596522305,0.15675058227596775,False,True,True,False,-0.06923026937631427,-0.015040539738607049
"(10.0, 14.0]",CONTRACTING,1,1.5,1.5,30,1665,460,433,460,433,87.76734397803543,63.50327803363372,0.27627627627627627,0.27627627627627627,0.26006006006006005,0.4636636636636637,0.024324324324324326,0.05271311950632759,0.03889733690354457,0.03889733690354456,0.03814010692710734,0.27812803103782735,0.0013036774615056267,0.03759365944203894,-0.0018517547615510832,0.3091828893441173,False,False,False,False,-0.11517755075775926,-0.03814010692710734
"(10.0, 14.0]",CONTRACTING,1,2.0,0.75,30,1665,225,872,225,872,331.99146831450844,63.50327803363372,0.13513513513513514,0.13513513513513514,0.5237237237237238,0.34114114114114114,-0.12252252252252252,0.19939427526396902,0.03873164581433917,0.03873164581433916,0.03814010692710734,0.13469932104752666,-0.020349481538764584,0.05908112735310375,0.0004358140876084826,0.15863321363619365,False,False,False,False,-0.1002765907004465,-0.03077247244305367
"(14.0, inf]",CONTRACTING,-1,4.0,1.5,15,858,5,112,5,112,202.5392758573235,22.028981079620134,0.005827505827505828,0.005827505827505828,0.13053613053613053,0.8636363636363636,-0.17249417249417248,0.2360597620714726,0.03789078645419973,0.03789078645419973,0.02567480312310039,0.005482844004244782,-0.040698468187897574,0.0785892546420973,0.0003446618232610457,0.013772459551433469,False,False,False,False,-0.10038867209808307,-0.03124894282194167
"(10.0, 14.0]",CONTRACTING,1,1.0,1.0,30,1665,743,624,747,620,7.491499747114936,63.50327803363372,0.44624624624624626,0.4486486486486487,0.3747747747747748,0.17897897897897902,0.07147147147147147,0.004499399247516478,0.03783076379188061,0.04263556859668542,0.03814010692710734,0.43452958292919497,-0.004587640687758997,0.04241840447963961,0.01171666331705129,0.46863192748719085,False,False,False,False,-0.1189157824509001,-0.04054250932950974
"(10.0, 14.0]",CONTRACTING,1,1.5,1.0,15,1678,227,449,227,449,235.17649080495727,63.97784355817555,0.13528009535160906,0.13528009535160906,0.26758045292014304,0.5971394517282478,-0.06466030989272945,0.1401528550685085,0.03736510562978648,0.03736510562978648,0.038127439545992584,0.14387447193723596,-0.016317719168165958,0.053682824797952444,-0.008594376585626895,0.16835467267266252,False,False,False,False,-0.10236622026053878,-0.03250055731537615
"(14.0, inf]",STABLE,1,1.5,1.0,60,2218,784,1134,791,1127,95.91487849623687,56.16247469205734,0.3534715960324617,0.35662759242560865,0.5112714156898106,0.1352569882777277,0.018935978358881875,0.04324385865475062,0.03685861307672657,0.044748604059594015,0.025321223936905925,0.342964151952916,0.02152464098685649,0.015333972089870078,0.01050744407954568,0.37135398485426874,False,False,False,False,-0.10029917930623802,-0.03172028311475573
"(14.0, inf]",EXPANDING,1,3.0,1.0,30,2551,121,1098,121,1098,889.3827895374819,61.10121343036764,0.047432379459035674,0.047432379459035674,0.4304194433555468,0.5221481771854175,-0.2881223049784398,0.34864084262543393,0.03656667036735174,0.03656667036735174,0.023951867279642353,0.040212577502214346,0.004752725559830904,0.03181394480752084,0.007219801956821328,0.051519712353711056,False,False,False,False,-0.0568958628817499,-0.01016459625719908
"(14.0, inf]",CONTRACTING,-1,3.0,0.5,15,858,20,509,20,509,247.53348530842914,22.028981079620134,0.023310023310023312,0.023310023310023312,0.5932400932400932,0.3834498834498835,-0.2266899766899767,0.2885005656275398,0.0361357858144627,0.03613578581446271,0.02567480312310039,0.023346303501945526,-0.02745745695282349,0.06359324276728619,-3.628019192221388e-05,0.039013463172399086,False,False,False,False,-0.07512237309647628,-0.019493293641006788
"(10.0, 14.0]",CONTRACTING,1,4.0,1.5,60,1652,102,667,102,667,714.750629200705,63.02996017781892,0.06174334140435835,0.06174334140435835,0.40375302663438256,0.534503631961259,-0.35865617433414043,0.43265776585999094,0.0358478626046526,0.0358478626046526,0.038153728921197894,0.053872465184461274,-0.000386019465615695,0.03623388207026829,0.007870876219897079,0.07004409160880533,False,False,False,False,-0.04931494869909366,-0.006733543047220531
"(14.0, inf]",EXPANDING,1,1.5,1.5,30,2551,692,686,694,684,143.06436947997938,61.10121343036764,0.27126617012936105,0.2720501764014112,0.2689141513132105,0.45981967855742845,0.0035280282242257936,0.05608168148960383,0.03565784243418728,0.038009861250337805,0.023951867279642353,0.26660761736049604,0.013788417857080135,0.021869424577107145,0.00465855276886501,0.2913382887920504,False,False,False,False,-0.0859135958096225,-0.025127876687717612
"(10.0, 14.0]",CONTRACTING,1,1.0,1.5,30,1665,790,404,791,403,-62.17977189782218,63.50327803363372,0.4744744744744745,0.47507507507507507,0.24264264264264265,0.2828828828828829,0.11051051051051052,-0.037345208347040346,0.03502519523636283,0.03652669673786432,0.03814010692710734,0.4730843840931135,0.005447664475549482,0.029577530760813344,0.0013900903813610088,0.5073778760554567,False,False,False,False,-0.1267043269641681,-0.04583956586390264
"(10.0, 14.0]",CONTRACTING,1,4.0,1.5,15,1678,4,242,4,242,469.050894744283,63.97784355817555,0.0023837902264600714,0.0023837902264600714,0.14421930870083433,0.8533969010727056,-0.2067938021454112,0.2795297346509434,0.03460849295953962,0.03460849295953962,0.038127439545992584,0.004586602293301147,-0.014193805739814094,0.048802298699353715,-0.0022028120668410754,0.009848428498843629,False,False,False,False,-0.11430431855049424,-0.03984791279547731
"(10.0, 14.0]",CONTRACTING,1,3.0,1.5,15,1678,17,242,17,242,433.6399135225413,63.97784355817555,0.010131108462455305,0.010131108462455305,0.14421930870083433,0.8456495828367103,-0.18593563766388557,0.2584266469145061,0.03436356970462798,0.03436356970462798,0.038127439545992584,0.012794206397103198,-0.015363473840811348,0.049727043545439324,-0.0026630979346478935,0.02112604823894682,False,False,False,False,-0.11095698636626998,-0.038296708330821
"(14.0, inf]",CONTRACTING,-1,3.0,0.75,15,858,22,362,22,362,256.935518587067,22.028981079620134,0.02564102564102564,0.02564102564102564,0.4219114219114219,0.5524475524475525,-0.2395104895104895,0.29945864637187297,0.03427335373828307,0.034273353738283066,0.02567480312310039,0.025468694729395117,-0.026266307324857872,0.060539661063140945,0.00017233091163052286,0.04175777804149307,False,False,False,False,-0.05805645645123102,-0.011891551356473972
"(14.0, inf]",STABLE,1,2.0,1.5,30,2239,354,607,356,605,335.3901874291977,56.67423231965815,0.15810629745422064,0.15899955337204108,0.2711031710585083,0.570790531487271,-0.09044216167932112,0.14979463485002129,0.034040176466967186,0.037166572179338775,0.025312296703732983,0.15287865367581932,0.01930365222575,0.014736524241217186,0.00522764377840132,0.17453606830650056,False,False,False,False,-0.08940490235752152,-0.027682362945277168
"(14.0, inf]",EXPANDING,1,4.0,0.75,30,2551,36,1395,36,1395,1049.4309118131616,61.10121343036764,0.014112112896903175,0.014112112896903175,0.546844374754998,0.4390435123480988,-0.35368482947863583,0.4113802084724271,0.03374351171414896,0.03374351171414896,0.023951867279642353,0.012223206377325066,0.009053299764384414,0.024690211949764545,0.001888906519578109,0.018747246177483485,False,False,False,False,-0.05714838432387839,-0.011702436304864717
"(14.0, inf]",EXPANDING,1,1.5,0.75,60,2541,781,1509,788,1502,106.84426170441516,60.8751728936191,0.30735930735930733,0.3101141282959465,0.5938606847697757,0.09878000787091701,0.01564344746162928,0.04204811558615315,0.03373439150365842,0.03993273861109643,0.023957171544124006,0.3028357410379882,0.01929485683819495,0.014439534665463473,0.004523566321319117,0.3285431788907929,False,False,False,False,-0.07445111660519378,-0.02035836255076768
"(10.0, 14.0]",CONTRACTING,1,0.75,1.5,60,1652,1102,453,1104,451,-28.514905873231825,63.02996017781892,0.6670702179176755,0.6682808716707022,0.27421307506053266,0.058716707021791825,0.08898305084745763,-0.017260838906314663,0.03356848301994507,0.036292453964255,0.038153728921197894,0.6577082824334229,6.248404258075523e-05,0.03350599897736432,0.00936193548425257,0.6901637125530039,False,False,False,False,-0.0840099005250209,-0.025220708752537915
"(10.0, 14.0]",CONTRACTING,1,4.0,1.0,60,1652,90,920,90,920,678.3617319058023,63.02996017781892,0.05447941888619855,0.05447941888619855,0.5569007263922519,0.3886198547215496,-0.3389830508474576,0.4106305883207036,0.033493808552048074,0.033493808552048074,0.038153728921197894,0.04800879550451991,-0.010637642471307909,0.044131451023355986,0.006470623381678635,0.063362315363915,False,False,False,False,-0.060874554516449235,-0.01369037298220058
"(10.0, 14.0]",CONTRACTING,1,1.0,1.0,60,1652,842,732,846,728,7.869516840645821,63.02996017781892,0.5096852300242131,0.5121065375302664,0.4430992736077482,0.047215496368038734,0.06658595641646489,0.004763630048817083,0.03319585754408408,0.03803847255619061,0.038153728921197894,0.497801123870022,-0.0033751498682482663,0.036571007412332344,0.011884106154191054,0.5322435869351119,False,False,False,False,-0.1143459303985864,-0.04057503642725116
"(14.0, inf]",EXPANDING,1,4.0,0.5,30,2551,33,1690,33,1690,858.028557345481,61.10121343036764,0.012936103488827911,0.012936103488827911,0.662485299882399,0.3245785966287731,-0.2794982359858879,0.3363498852785108,0.032899782012980536,0.03289978201298053,0.023951867279642353,0.010274579273693534,-0.0031444039108640817,0.03604418592384462,0.0026615242151343775,0.01629765113344625,False,False,False,False,-0.0528235970770134,-0.009961907532016433
"(14.0, inf]",CONTRACTING,-1,4.0,0.5,15,858,5,509,5,509,284.4015384668393,22.028981079620134,0.005827505827505828,0.005827505827505828,0.5932400932400932,0.400932400932401,-0.2733100233100233,0.3314703245534258,0.03248549812030209,0.03248549812030209,0.02567480312310039,0.0044216483905199855,-0.034758533249328434,0.06724403136963053,0.0014058574369858424,0.0119881688478783,False,False,False,False,-0.07682545006611935,-0.02216997597290863
"(14.0, inf]",CONTRACTING,-1,2.0,1.5,60,848,259,311,259,311,-2.229828283187484,21.794415002467627,0.30542452830188677,0.30542452830188677,0.36674528301886794,0.32783018867924524,0.0607311320754717,-0.002629514484890901,0.0324006565027652,0.0324006565027652,0.025700961087815596,0.26270733012306047,-0.10336187732217289,0.13576253382493808,0.0427171981788263,0.3056430416981989,False,False,False,False,-0.09117963643767003,-0.029389489967452418
"(14.0, inf]",STABLE,1,2.0,0.5,60,2218,396,1629,403,1622,150.5155295380396,56.16247469205734,0.17853922452660054,0.18169522091974752,0.7344454463480613,0.08701532912533816,-0.010144274120829576,0.06786092404780866,0.032395425990073154,0.0402854169729406,0.025321223936905925,0.16693418940609953,0.02003273725683186,0.012362688733241294,0.011605035120501012,0.18945667243234302,False,False,False,False,-0.08103981705986452,-0.02432219553489568
"(14.0, inf]",EXPANDING,1,1.5,1.0,60,2541,874,1290,879,1285,121.44287080479654,60.8751728936191,0.34395907123179853,0.345926800472255,0.5076741440377804,0.14836678473042098,0.008264462809917356,0.047793337585516155,0.0321006288513095,0.03701995195245078,0.023957171544124006,0.342964151952916,0.02152464098685649,0.010575987864453011,0.0009949192788825112,0.36947989351569493,False,False,False,False,-0.09493027269102976,-0.03141482191986013
"(10.0, 14.0]",CONTRACTING,1,2.0,1.5,15,1678,93,241,93,241,292.83095386313585,63.97784355817555,0.05542312276519666,0.05542312276519666,0.1436233611442193,0.8009535160905841,-0.10458879618593564,0.17451189145598084,0.03179565572405262,0.031795655724052616,0.038127439545992584,0.06662643331321666,-0.011950750886682448,0.04374640661073507,-0.011203310548019998,0.08426544870859227,False,False,False,False,-0.1136887455897504,-0.04094654493284888
"(14.0, inf]",EXPANDING,1,2.0,1.0,30,2551,378,1090,379,1089,475.38212914346695,61.10121343036764,0.14817718541748334,0.14856918855350842,0.4272834182673461,0.4245393963151705,-0.13092904743237946,0.18635128543452253,0.03147037072250071,0.032646380130575976,0.023951867279642353,0.14402125775022143,0.01129662679612099,0.02017374392637972,0.004155927667261916,0.16381348951978272,False,False,False,False,-0.060733427037709994,-0.014631528157604642
"(14.0, inf]",CONTRACTING,-1,2.0,0.5,15,858,83,507,85,505,136.24631042428385,22.028981079620134,0.09673659673659674,0.09906759906759907,0.5909090909090909,0.3123543123543123,-0.10198135198135198,0.1587952335947364,0.03113907849028405,0.036966584317789875,0.02567480312310039,0.07269189954014857,-0.029331278233578575,0.060470356723862626,0.024044697196448167,0.09863134240705003,False,False,False,False,-0.06666942771237895,-0.01776517461104745
"(14.0, inf]",EXPANDING,1,3.0,0.75,30,2551,111,1392,112,1391,850.7995788919784,61.10121343036764,0.04351234809878479,0.04390435123480988,0.5456683653469228,0.41081928655429245,-0.2787142297138377,0.33351610305448,0.030850006060999906,0.032320017821093984,0.023951867279642353,0.03808680248007086,0.008258292115135887,0.02259171394586402,0.005425545618713931,0.04911548887402134,False,False,False,False,-0.05048324945917562,-0.009816621699087858
"(14.0, inf]",STABLE,1,4.0,1.5,60,2218,77,859,77,859,1104.6222467119937,56.16247469205734,0.034715960324616775,0.034715960324616775,0.3872858431018936,0.5779981965734896,-0.4420649233543733,0.49802626091613783,0.03064011362485861,0.030640113624858613,0.025321223936905925,0.045122168717674334,0.029189347666761605,0.0014507659580970042,-0.010406208393057559,0.05793555137030239,False,False,False,False,-0.17705091145623505,-0.07320539891568822
"(14.0, inf]",CONTRACTING,-1,2.0,0.75,15,858,90,361,90,361,138.69147494738138,22.028981079620134,0.1048951048951049,0.1048951048951049,0.42074592074592077,0.47435897435897434,-0.10576923076923077,0.1616450756962487,0.030201041803917535,0.030201041803917538,0.02567480312310039,0.08277325787053413,-0.027759727038256708,0.05796076884217424,0.022121847024570762,0.11020768229944138,False,False,False,False,-0.051999954933550335,-0.0108994565648164
"(14.0, inf]",CONTRACTING,-1,1.5,1.0,15,858,161,237,162,236,43.15653809123474,22.028981079620134,0.18764568764568765,0.1888111888111888,0.2762237762237762,0.5361305361305362,0.005244755244755245,0.05029899544432953,0.029868947565984384,0.0327827004797373,0.02567480312310039,0.1611248673505483,-0.03220187471977914,0.06207082228576352,0.026520820295139358,0.19715607291217543,False,False,False,False,-0.059230803662055014,-0.014680928048035315
"(10.0, 14.0]",CONTRACTING,1,1.0,1.0,15,1678,541,445,544,442,18.0472857726889,63.97784355817555,0.3224076281287247,0.32419547079856975,0.26519666269368297,0.41239570917759233,0.057210965435041714,0.010755235859766926,0.029838761748816056,0.03341444708850616,0.038127439545992584,0.3152685576342788,-0.0166632696882812,0.04650203143709726,0.007139070494445898,0.34728115280533856,False,False,False,False,-0.10966932618049133,-0.039915282215837636
"(10.0, 14.0]",CONTRACTING,1,1.5,1.5,15,1678,232,241,232,241,127.44429502597312,63.97784355817555,0.13825983313468415,0.13825983313468415,0.1436233611442193,0.7181168057210965,-0.008045292014302742,0.07595011622525216,0.029777384664956833,0.02977738466495683,0.038127439545992584,0.14821967410983705,-0.015177461963110353,0.04495484662806719,-0.0099598409751529,0.1729916544175001,False,False,False,False,-0.10603226375694201,-0.03812743954599259
"(14.0, inf]",CONTRACTING,-1,4.0,0.75,15,858,5,362,5,362,298.9437603392315,22.028981079620134,0.005827505827505828,0.005827505827505828,0.4219114219114219,0.5722610722610724,-0.2931235431235431,0.34841930109467545,0.029620954848031913,0.02962095484803191,0.02567480312310039,0.004775380261761585,-0.03307388639981269,0.06269484124784461,0.0010521255657442432,0.012592057402813772,False,False,False,False,-0.058046946610521594,-0.01421299588124484
"(10.0, 14.0]",CONTRACTING,1,4.0,0.75,15,1678,4,670,4,670,599.6451609990024,63.97784355817555,0.0023837902264600714,0.0023837902264600714,0.399284862932062,0.5983313468414779,-0.2899284862932062,0.3573570685333745,0.029301142694175733,0.029301142694175733,0.038127439545992584,0.004224502112251056,-0.022302559683400818,0.051603702377576555,-0.001840711885790985,0.009299886731966118,False,False,False,False,-0.0959638349871667,-0.03333134614649548
"(10.0, 14.0]",CONTRACTING,1,3.0,0.75,15,1678,17,670,17,670,564.2341797772608,63.97784355817555,0.010131108462455305,0.010131108462455305,0.399284862932062,0.5905840286054826,-0.26907032181168056,0.3362539807969373,0.029056219439264157,0.02905621943926416,0.038127439545992584,0.011828605914302957,-0.023104261677676173,0.05216048111694033,-0.0016974974518476522,0.0198686436561602,False,False,False,False,-0.09275430624052845,-0.031849043400632146
"(10.0, 14.0]",CONTRACTING,1,2.0,0.5,30,1665,194,1095,194,1095,271.11647668143405,63.50327803363372,0.11651651651651651,0.11651651651651651,0.6576576576576577,0.22582582582582578,-0.0957957957957958,0.162832718727588,0.028896816004684883,0.028896816004684883,0.03814010692710734,0.11287584869059165,-0.029803309908359867,0.05870012591304475,0.0036406678259248565,0.1351265901723386,False,False,False,False,-0.07489866951372419,-0.023000926754519653
"(10.0, 14.0]",CONTRACTING,1,2.0,1.0,60,1652,394,885,394,885,207.35635177634396,63.02996017781892,0.23849878934624696,0.23849878934624696,0.5357142857142857,0.2257869249394674,-0.05871670702179177,0.1255183727459709,0.028647936802981257,0.02864793680298125,0.038153728921197894,0.2455411678475446,-0.002329002376209831,0.030976939179191088,-0.00704237850129763,0.2755477381451761,False,False,False,False,-0.1067834762459772,-0.039067769721497975
"(14.0, inf]",EXPANDING,1,3.0,0.5,30,2551,96,1688,96,1688,690.0553450746781,61.10121343036764,0.037632301058408466,0.037632301058408466,0.6617012936103489,0.30066640533124267,-0.21795374362994904,0.27050385930014825,0.028598248390556844,0.028598248390556844,0.023951867279642353,0.032063773250664306,-0.004335083888455864,0.03293333227901271,0.00556852780774416,0.04225216888225429,False,False,False,False,-0.0462131361114436,-0.008807443860443378
"(10.0, 14.0]",CONTRACTING,1,4.0,0.75,60,1652,84,1076,84,1076,580.8698874712518,63.02996017781892,0.05084745762711865,0.05084745762711865,0.6513317191283293,0.29782082324455206,-0.2851089588377724,0.3516161546436149,0.02835346688464459,0.028353466884644588,0.038153728921197894,0.041900806254580994,-0.023120234494113587,0.051473701378758174,0.008946651372537653,0.05633701808474196,False,False,False,False,-0.0532610402913493,-0.012453786703352355
"(14.0, inf]",CONTRACTING,-1,1.5,1.5,15,858,163,110,163,110,-33.3338009480051,22.028981079620134,0.18997668997668998,0.18997668997668998,0.1282051282051282,0.6818181818181819,0.09265734265734266,-0.038850583855483796,0.02813195567875847,0.02813195567875847,0.02567480312310039,0.16607711354793067,-0.03544717810450002,0.0635791337832585,0.02389957642875931,0.20252548219316355,False,False,False,False,-0.07948156192495924,-0.025674803123100387
"(10.0, 14.0]",CONTRACTING,1,1.5,0.75,30,1665,402,860,402,860,150.91245929632987,63.50327803363372,0.24144144144144145,0.24144144144144145,0.5165165165165165,0.24204204204204205,-0.025225225225225224,0.09063811369148941,0.027272781539156847,0.02727278153915684,0.03814010692710734,0.23435984481086325,-0.022816794580275888,0.05008957611943274,0.007081596630578196,0.26379614599509305,False,False,False,False,-0.10057227616777983,-0.03664974731431149
"(14.0, inf]",EXPANDING,1,2.0,0.75,30,2551,348,1380,351,1377,468.1774847123686,61.10121343036764,0.1364170913367307,0.13759310074480596,0.5409643277146217,0.3226185809486477,-0.1328890631125049,0.1835270422235863,0.026686111831439027,0.029920137703646002,0.023951867279642353,0.13427812223206378,0.01313169365731277,0.013554418174126257,0.0021389691046669046,0.15351573526214055,False,False,False,False,-0.05479660182548459,-0.014055244997022782
"(14.0, inf]",EXPANDING,1,1.5,0.5,60,2541,626,1768,634,1760,73.09385838614898,60.8751728936191,0.24635970090515544,0.24950806768988587,0.695789059425423,0.05785123966942152,0.021645021645021644,0.028765784488842573,0.026453634589740215,0.03275036815920106,0.023957171544124006,0.23738184412341715,0.003835945980294806,0.022617688609445408,0.008977856781738291,0.2612601197658569,False,False,False,False,-0.06349716729309197,-0.018521766351675878
"(10.0, 14.0]",CONTRACTING,1,0.75,1.0,60,1652,987,634,994,627,-0.8964945360620785,63.02996017781892,0.597457627118644,0.6016949152542372,0.3837772397094431,0.018765133171912862,0.06431598062953996,-0.0005426722373257133,0.025619579471016344,0.033034833708304484,0.038153728921197894,0.5807476178841925,-0.008155774636184027,0.03377535410720037,0.01671000923445154,0.6146196633907473,False,False,False,False,-0.09687096080873846,-0.03562569066886106
"(10.0, 14.0]",CONTRACTING,1,2.0,0.75,15,1678,91,669,91,669,426.44176419772356,63.97784355817555,0.054231227651966626,0.054231227651966626,0.398688915375447,0.5470798569725863,-0.19055423122765197,0.254136927412231,0.025455256638586415,0.025455256638586415,0.038127439545992584,0.06107423053711527,-0.021710731722448737,0.04716598836103515,-0.006843002885148643,0.07804307287566775,False,False,False,False,-0.09540714809530808,-0.03497594572836083
"(10.0, 14.0]",CONTRACTING,1,1.0,1.5,15,1678,556,237,557,236,-95.20732596099148,63.97784355817555,0.33134684147794996,0.331942789034565,0.14123957091775924,0.5274135876042909,0.11948748510131109,-0.05673857327830243,0.02462147227701607,0.026111341168553612,0.038127439545992584,0.32528666264333134,-0.015832884552530027,0.040454356829546095,0.006060178834618624,0.3575490810792353,False,False,False,False,-0.11361998472177165,-0.04449925622237779
"(14.0, inf]",EXPANDING,1,2.0,0.5,30,2551,287,1676,290,1673,386.7701231223309,61.10121343036764,0.11250490003920031,0.11368090944727557,0.6569972559780478,0.23049784398275186,-0.10348882791062329,0.1516151011847632,0.02417440599449756,0.02711442951468572,0.023951867279642353,0.10983170947741364,0.0002018312934861381,0.023972574701011422,0.0026731905617866786,0.1275235874143349,False,False,False,False,-0.054216872332722287,-0.015021233169112363
"(14.0, inf]",STABLE,1,3.0,1.0,60,2218,205,1219,207,1217,713.146524665177,56.16247469205734,0.09242560865644725,0.09332732191163211,0.5495942290351669,0.3579801623083859,-0.2723174030658251,0.3215268370898003,0.023888210087069293,0.027495063107808693,0.025321223936905925,0.09470304975922954,0.017365270764207522,0.0065229393228617705,-0.0022774411027822877,0.11253610215864904,False,False,False,False,-0.16311822897333408,-0.0696150094431324
"(14.0, inf]",CONTRACTING,-1,4.0,0.75,60,848,64,561,64,561,206.76312562681895,21.794415002467627,0.07547169811320754,0.07547169811320754,0.6615566037735849,0.26297169811320753,-0.1942806603773585,0.24382444059766387,0.023842819132489763,0.023842819132489763,0.025700961087815596,0.05778491171749599,-0.08794727066459483,0.1117900897970846,0.017686786395711557,0.08139241437429409,False,False,False,False,-0.08339929471406003,-0.029778237790785134
"(7.0, 10.0]",EXPANDING,1,4.0,1.5,60,3761,372,1879,376,1875,1617.4038958089561,197.27354096545074,0.09890986439776656,0.0999734113267748,0.4996011699016219,0.4014889657006115,-0.35376229726136665,0.4300462365883957,0.0238315221599323,0.029681030269477632,0.05245241716709671,0.07951897782788425,-0.0037073861879567114,0.027538908347889014,0.019390886569882304,0.09213450805397479,False,True,True,False,-0.021183086124867793,0.0013242180175322537
"(14.0, inf]",STABLE,1,3.0,0.75,60,2218,192,1434,194,1432,607.8734805744178,56.16247469205734,0.08656447249774572,0.08746618575293057,0.6465284039675383,0.266907123534716,-0.2252028854824166,0.2740637874546519,0.023539678035329352,0.026921102742272544,0.025321223936905925,0.08685571606919922,0.02151784992879625,0.0020218281065331016,-0.0002912435714534922,0.10403183362428411,False,False,False,False,-0.13722941763250124,-0.05684486979858594
"(14.0, inf]",STABLE,1,1.5,0.75,60,2218,684,1336,691,1329,83.54738877358109,56.16247469205734,0.3083859332732191,0.31154192966636607,0.6023444544634806,0.08926961226330032,0.010820559062218215,0.03766789394661005,0.02316722907192234,0.030268220956503042,0.025321223936905925,0.3028357410379882,0.01929485683819495,0.0038723722337273905,0.0055501922352309,0.330363229673417,False,False,False,False,-0.06914723165994863,-0.022990001294013143
"(14.0, inf]",CONTRACTING,-1,4.0,0.5,60,848,53,656,53,656,157.41820649954948,21.794415002467627,0.0625,0.0625,0.7735849056603774,0.1639150943396226,-0.13679245283018868,0.18563467747588383,0.02314126355787955,0.02314126355787955,0.025700961087815596,0.04530051721062957,-0.07686761810569799,0.10000888166357755,0.017199482789370432,0.06649833503147608,False,False,False,False,-0.08959650927545597,-0.033227622858788206
"(10.0, 14.0]",CONTRACTING,1,1.5,1.5,60,1652,651,609,651,609,38.10735869513395,63.02996017781892,0.3940677966101695,0.3940677966101695,0.3686440677966102,0.23728813559322026,0.038135593220338986,0.02306740841109803,0.023049272710239117,0.023049272710239113,0.038153728921197894,0.40801368189591986,0.004252277972404744,0.018796994737834374,-0.013945885285750359,0.4419964866026369,False,False,False,False,-0.0993567305526349,-0.038153728921197894
"(10.0, 14.0]",CONTRACTING,1,0.75,1.0,30,1665,910,573,917,566,-7.895134615842149,63.50327803363372,0.5465465465465466,0.5507507507507508,0.3441441441441441,0.10930930930930932,0.06576576576576576,-0.004741822592097387,0.022883836246561037,0.030241193603918387,0.03814010692710734,0.5375848690591658,-0.009037221428805184,0.031921057675366224,0.008961677487380748,0.5717396538947435,False,False,False,False,-0.09393933749240917,-0.03552775062292406
"(10.0, 14.0]",CONTRACTING,1,1.5,0.75,15,1678,223,669,223,669,269.0955006832438,63.97784355817555,0.132896305125149,0.132896305125149,0.398688915375447,0.46841477949940397,-0.09967222884386175,0.16036680612827403,0.022567137738419705,0.0225671377384197,0.038127439545992584,0.13627036813518406,-0.023708804069793296,0.046275941808213,-0.0033740630100350666,0.16022179589656735,False,False,False,False,-0.09069627853698803,-0.034064570399284164
"(10.0, 14.0]",CONTRACTING,1,4.0,0.5,60,1652,72,1246,72,1246,435.0322058608916,63.02996017781892,0.043583535108958835,0.043583535108958835,0.7542372881355932,0.20217917675544794,-0.20278450363196127,0.26333668635647195,0.022398453803312773,0.022398453803312776,0.038153728921197894,0.034326899584656734,-0.0325617669166883,0.05496022072000108,0.009256635524302101,0.04751145994202894,False,False,False,False,-0.035164440379518755,-0.006382993288102991
"(10.0, 14.0]",CONTRACTING,1,2.0,1.5,60,1652,438,642,438,642,186.49016483030886,63.02996017781892,0.2651331719128329,0.2651331719128329,0.38861985472154964,0.34624697336561744,-0.0526634382566586,0.11288750897718454,0.02207034179932805,0.02207034179932805,0.038153728921197894,0.27974590764720253,0.010439036347382146,0.011631305451945902,-0.014612735734369608,0.31097642142348525,False,False,False,False,-0.09649806969677507,-0.037213863948723516
"(14.0, inf]",CONTRACTING,-1,3.0,0.5,60,848,96,654,96,654,79.24900576492004,21.794415002467627,0.11320754716981132,0.11320754716981132,0.7712264150943396,0.11556603773584906,-0.045990566037735846,0.09345401623221702,0.021762489106665586,0.02176248910666559,0.025700961087815596,0.0841804886748707,-0.06995160889326732,0.09171409799993291,0.029027058494940625,0.11198230056790522,False,True,True,False,-0.10359891335745536,-0.040918212125394884
"(14.0, inf]",CONTRACTING,-1,3.0,1.0,60,848,136,471,136,471,103.1103378012355,21.794415002467627,0.16037735849056603,0.16037735849056603,0.5554245283018868,0.2841981132075472,-0.07429245283018868,0.12159237948258904,0.02159896556458476,0.02159896556458476,0.025700961087815596,0.1234171571250223,-0.09735877595080444,0.11895774151538921,0.03696020136554373,0.15604315906683933,False,True,True,False,-0.13410390390187396,-0.0562524691686446
"(10.0, 14.0]",CONTRACTING,1,4.0,0.5,15,1678,4,936,4,936,552.2054692168253,63.97784355817555,0.0023837902264600714,0.0023837902264600714,0.5578069129916567,0.4398092967818832,-0.2693682955899881,0.32908550012921656,0.021589764993235876,0.021589764993235873,0.038127439545992584,0.004103802051901026,-0.02737342660499245,0.04896319159822833,-0.0017200118254409548,0.009115222315275152,False,False,False,False,-0.07690926767312235,-0.027659751339943237
"(10.0, 14.0]",CONTRACTING,1,0.75,1.5,30,1665,974,373,976,371,-71.5504382142803,63.50327803363372,0.584984984984985,0.5861861861861862,0.22402402402402402,0.190990990990991,0.10270270270270271,-0.04297323616473291,0.021589359610862446,0.02429206231356515,0.03814010692710734,0.5847478176527643,-0.0015431332554157217,0.02313249286627817,0.00023716733222067798,0.6184362614368032,False,False,False,False,-0.10355299539337151,-0.04098181789125453
"(7.0, 10.0]",EXPANDING,1,4.0,1.0,60,3761,323,2404,325,2402,1389.8771863404072,197.27354096545074,0.08588141451741559,0.0864131879819197,0.6391917043339538,0.2749268811486306,-0.29566604626429144,0.36954990330773924,0.021431439876351096,0.024090307198871702,0.05245241716709671,0.06824502066892146,-0.020806664246587322,0.04223810412293842,0.017636393848494122,0.08002773212738583,False,True,True,False,0.005875488427767768,0.013653464152059432
"(10.0, 14.0]",CONTRACTING,1,3.0,0.5,15,1678,17,936,17,936,516.7944879950835,63.97784355817555,0.010131108462455305,0.010131108462455305,0.5578069129916567,0.4320619785458879,-0.24851013110846246,0.3079824123927792,0.021344841738324166,0.021344841738324162,0.038127439545992584,0.010500905250452625,-0.028741944655960274,0.05008678639428444,-0.00036979678799732053,0.018118518969177502,False,False,False,False,-0.07369973892648411,-0.02617744859407997
"(14.0, inf]",EXPANDING,1,1.5,0.5,30,2551,500,1648,508,1640,188.8477278956761,61.10121343036764,0.1960015680125441,0.1991375931007448,0.6460211681693454,0.1579772638181105,-0.029008232065856527,0.07402890156631756,0.021068802220818677,0.02734085239722009,0.023951867279642353,0.18724534986713906,-0.004696757078000828,0.025765559298819504,0.008756218145405031,0.20916081143292117,False,False,False,False,-0.05476042811624575,-0.016845812947713534
"(14.0, inf]",CONTRACTING,-1,3.0,0.75,60,848,121,560,121,560,96.54025304393573,21.794415002467627,0.14268867924528303,0.14268867924528303,0.660377358490566,0.19693396226415094,-0.06721698113207547,0.11384463802350912,0.020926695803618053,0.020926695803618056,0.025700961087815596,0.10861423220973783,-0.0809289542478274,0.10185565005144545,0.0340744470355452,0.13957219057333062,False,True,True,False,-0.09448808007352796,-0.036780692134954954
"(10.0, 14.0]",CONTRACTING,1,1.5,1.0,60,1652,578,845,578,845,75.41544172721822,63.02996017781892,0.3498789346246973,0.3498789346246973,0.511501210653753,0.1386198547215497,0.013317191283292978,0.04565099378160909,0.02081445614370418,0.020814456143704176,0.038153728921197894,0.35621793305643784,-0.003767654413590037,0.024582110557294215,-0.006338998431740517,0.38940733489777074,False,False,False,False,-0.11697591696884777,-0.04808073041257179
"(14.0, inf]",STABLE,1,1.5,1.5,30,2239,609,600,611,598,89.08941471151986,56.67423231965815,0.2719964269763287,0.27288968289414917,0.2679767753461367,0.4600267976775347,0.006029477445288075,0.03978982345311294,0.020507004194668027,0.023186771948129393,0.025312296703732983,0.26660761736049604,0.013788417857080135,0.006718586337587892,0.005388809615832657,0.2930188558548318,False,False,False,False,-0.07381136535559536,-0.026652180580463668
"(14.0, inf]",EXPANDING,1,1.5,1.0,30,2551,637,1075,641,1071,230.5381469291923,61.10121343036764,0.24970599764798118,0.2512740101920815,0.4214033712269698,0.328890631125049,-0.04684437475499804,0.09037167656965593,0.01957543453501554,0.023495465895266424,0.023951867279642353,0.24570416297608502,0.0007925534419705222,0.01878288109304502,0.0040018346718961595,0.2698062282742121,False,False,False,False,-0.07221787839941453,-0.026321221932199493
"(14.0, inf]",EXPANDING,1,0.75,1.5,60,2541,1628,701,1636,693,-59.19488559982169,60.8751728936191,0.6406926406926406,0.6438410074773712,0.27587563951200317,0.08343171979535619,0.0667060212514758,-0.023295901456049463,0.019452948251302327,0.026536773516945767,0.023957171544124006,0.6383092562867844,0.006998264653382244,0.012454683597920083,0.0023833844058562814,0.6648726711356938,False,False,False,False,-0.08784708169934445,-0.034197066724021064
"(10.0, 14.0]",CONTRACTING,1,2.0,0.75,60,1652,350,1037,350,1037,172.53373011096335,63.02996017781892,0.211864406779661,0.211864406779661,0.6277239709443099,0.16041162227602912,-0.04706416464891041,0.10443930394126111,0.0192214103711528,0.019221410371152804,0.038153728921197894,0.21329098460786708,-0.017622084404842173,0.036843494775994974,-0.0014265778282060715,0.24191160757853203,False,False,False,False,-0.10103220709129755,-0.04090539836007238
"(7.0, 10.0]",STABLE,1,4.0,1.5,60,6404,498,2913,499,2912,2838.23456961389,337.6828081939889,0.07776389756402248,0.07792004996876951,0.45487195502810746,0.4673641474078701,-0.3712523422860712,0.44319715328136944,0.019214828454075756,0.020073666680184434,0.0527299825412225,0.07951897782788425,-0.0037073861879567114,0.02292221464203247,-0.0017550802638617718,0.08914198610050235,False,False,False,False,-0.10982251155055091,-0.04530384154823758
"(14.0, inf]",CONTRACTING,-1,1.5,0.5,30,855,189,568,193,564,38.85830307959838,21.95308796592333,0.22105263157894736,0.22573099415204678,0.664327485380117,0.11461988304093562,-0.0005847953216374269,0.0454483076954367,0.019187386097865553,0.028544111244064384,0.02567612627593372,0.19238263950398582,-0.036610897018737015,0.055798283116602565,0.028669992074961542,0.2309336846240484,False,False,False,False,-0.0574656831633903,-0.01913914853276237
"(10.0, 14.0]",EXPANDING,1,3.0,1.0,60,2771,349,1660,353,1656,768.8680964960593,102.7589053624695,0.1259473114399134,0.1273908336340671,0.5990617105738001,0.27499097798628647,-0.22121977625405992,0.2774695404171993,0.01916607402872239,0.024940162805337333,0.037083690134417,0.11031028585389689,-0.006209260157319919,0.02537533418604231,0.015637025586016498,0.12730359935770133,False,False,False,False,-0.08079527774567977,-0.030814601858478688
"(10.0, 14.0]",EXPANDING,1,4.0,1.0,60,2771,161,1675,163,1673,1185.3511966742224,102.7589053624695,0.058101768314687836,0.058823529411764705,0.6044749188018765,0.33742331288343563,-0.3720678455431252,0.42777019006648226,0.018618654388940042,0.022227459874324382,0.037083690134417,0.04800879550451991,-0.010637642471307909,0.02925629686024795,0.010092972810167924,0.059758492268658155,False,False,False,False,-0.06036243772749143,-0.020871891669275694
"(10.0, 14.0]",EXPANDING,1,3.0,1.5,60,2771,394,1268,396,1266,874.0909372944816,102.7589053624695,0.1421869361241429,0.14290869722121977,0.457596535546734,0.4002165283291231,-0.25983399494767234,0.3154424169233062,0.01852473184121692,0.021772656778062824,0.037083690134417,0.1249694600537503,0.002828654157702543,0.01569607768351438,0.017217476070392604,0.1428768893525045,False,False,False,False,-0.09608621083908418,-0.03878073949893363
"(14.0, inf]",CONTRACTING,-1,1.5,0.75,15,858,154,358,155,357,75.42074090811138,22.028981079620134,0.1794871794871795,0.18065268065268064,0.4172494172494173,0.4032634032634032,-0.043706293706293704,0.08790296143136525,0.018521864601971152,0.021144242224348773,0.02567480312310039,0.15405022992571632,-0.028636866440669973,0.04715873104264112,0.025436949561463168,0.1894648846594436,False,False,False,False,-0.044369227186543646,-0.012923681292286247
"(14.0, inf]",EXPANDING,1,1.5,0.75,30,2551,592,1355,599,1348,236.58319560751994,61.10121343036764,0.23206585652685222,0.23480987847902784,0.5311642493139945,0.23676989415915328,-0.05027440219521756,0.0927413546089847,0.018515085134124774,0.024689134526519912,0.023951867279642353,0.2274579273693534,0.00409311944541091,0.014421965688713866,0.004607929157498802,0.2509493513711646,False,False,False,False,-0.06288788357692598,-0.022186399221400605
"(14.0, inf]",EXPANDING,1,1.0,1.5,30,2551,1135,637,1141,631,-71.37340563346118,61.10121343036764,0.4449235593884751,0.44727557820462566,0.24970599764798118,0.30537044296354376,0.07036456291650334,-0.027978598837107477,0.0184340967997535,0.024314143840129823,0.023951867279642353,0.44180690876882195,-0.0016520845084441445,0.020086181308197646,0.0031166506196531607,0.4693938121400489,False,False,False,False,-0.07139920045455113,-0.026482551827398816
"(14.0, inf]",CONTRACTING,-1,1.5,0.75,30,855,225,452,226,451,38.96843306264269,21.95308796592333,0.2631578947368421,0.26432748538011697,0.5286549707602339,0.20818713450292403,-0.0017543859649122807,0.045577114693149345,0.018146602452303342,0.02077818139967176,0.02567612627593372,0.23312666076173605,-0.0409654119126373,0.05911201436494064,0.030031233975106042,0.27431007977494637,False,False,False,False,-0.027037271883703206,-0.004445334715699932
"(14.0, inf]",CONTRACTING,-1,1.5,1.0,30,855,239,353,241,351,31.83122071580938,21.95308796592333,0.2795321637426901,0.2818713450292398,0.4128654970760234,0.30760233918128654,0.006432748538011696,0.03722949791322735,0.01798612017530532,0.02383407339167959,0.02567612627593372,0.25349867139061116,-0.05272472105965121,0.07071084123495652,0.026033492352078913,0.2957938210328506,False,False,False,False,-0.055193575582497545,-0.018603727703596112
"(7.0, 10.0]",CONTRACTING,-1,3.0,1.5,60,3140,551,1387,551,1387,649.7984692939932,165.86538771846006,0.17547770700636942,0.17547770700636942,0.44171974522292995,0.3828025477707006,-0.13614649681528662,0.20694218767324624,0.01797231897309973,0.017972318973099727,0.05282337188485989,0.17369409996242013,-0.052904900830303234,0.07087721980340296,0.0017836070439492813,0.1928709577683237,False,False,False,False,-0.09185984181536731,-0.03694376142113379
"(14.0, inf]",STABLE,1,2.0,0.75,30,2239,314,1237,319,1232,396.1935065730852,56.67423231965815,0.14024117909781153,0.14247431889236267,0.5524787851719518,0.30728003573023666,-0.13387673068334077,0.17695109717422294,0.017762069787149188,0.023903204222164822,0.025312296703732983,0.13427812223206378,0.01313169365731277,0.004630376129836418,0.005963056865747746,0.15483486608669658,False,False,False,False,-0.051811281277390334,-0.017024605745120575
"(14.0, inf]",CONTRACTING,-1,1.5,1.5,30,855,249,204,249,204,-30.410368327667275,21.95308796592333,0.2912280701754386,0.2912280701754386,0.23859649122807017,0.47017543859649125,0.07894736842105263,-0.03556768225458161,0.017703559890537308,0.017703559890537304,0.02567612627593372,0.2712134632418069,-0.06541943068824015,0.08312299057877745,0.020014606933631718,0.3143766995150564,False,False,False,False,-0.06905581244240475,-0.02567612627593372
"(14.0, inf]",STABLE,1,2.0,1.0,30,2239,331,993,336,988,427.198275099647,56.67423231965815,0.1478338543992854,0.15006699419383654,0.44350156319785616,0.4086645824028584,-0.1478338543992854,0.1907986936577253,0.01765254255470694,0.024351961938360357,0.025312296703732983,0.14402125775022143,0.01129662679612099,0.006355915758585951,0.0038125966490639707,0.16516935936923816,False,False,False,False,-0.0722551124207158,-0.027301284933004433
"(10.0, 14.0]",CONTRACTING,1,1.0,0.75,60,1652,737,877,740,874,12.500867078217023,63.02996017781892,0.44612590799031476,0.44794188861985473,0.5308716707021792,0.02300242130750596,0.04797215496368039,0.007567110822165268,0.017385536864647763,0.020563502966342677,0.038153728921197894,0.4317126801856829,-0.016695908394308366,0.03408144525895613,0.01441322780463189,0.4659269344423958,False,False,False,False,-0.10934229155070027,-0.045978377343026254
"(10.0, 14.0]",CONTRACTING,1,0.75,1.0,15,1678,755,426,761,420,-47.71359063666966,63.97784355817555,0.4499404052443385,0.4535160905840286,0.25387365911799764,0.2961859356376638,0.08358164481525626,-0.028434797757252477,0.017019407512011194,0.02327685685646888,0.038127439545992584,0.44067592033796016,-0.02003472845034953,0.03705413596236072,0.009264484906378323,0.4746899628980282,False,False,False,False,-0.09394227923704063,-0.038461435862514715
"(10.0, 14.0]",CONTRACTING,1,2.0,0.5,15,1678,85,934,85,934,389.1702468569102,63.97784355817555,0.05065554231227652,0.05065554231227652,0.5566150178784267,0.39272943980929675,-0.1769964243146603,0.23192505772163896,0.016801193860986073,0.016801193860986073,0.038127439545992584,0.05407362703681352,-0.028501353339595914,0.04530254720058199,-0.0034180847245369947,0.07014185852905053,False,False,False,False,-0.07771248084660781,-0.03045564349281087
"(14.0, inf]",STABLE,1,4.0,1.5,30,2239,30,614,30,614,894.4798984802659,56.67423231965815,0.013398838767306834,0.013398838767306834,0.27422956677087984,0.7123715944618133,-0.35774899508709246,0.3994997313444689,0.016438439553643474,0.016438439553643474,0.025312296703732983,0.014348981399468556,0.013247451809326018,0.003190987744317456,-0.0009501426321617216,0.02187679262518788,False,False,False,False,-0.10434903864679378,-0.04395529954657515
"(14.0, inf]",CONTRACTING,-1,1.5,0.5,15,858,139,504,143,500,78.7582798170478,22.028981079620134,0.16200466200466201,0.16666666666666666,0.5874125874125874,0.2505827505827506,-0.050699300699300696,0.09179286691963612,0.015418763097235033,0.02474277242124436,0.02567480312310039,0.13618677042801555,-0.02822301383522177,0.0436417769324568,0.025817891576646462,0.16992775855166992,False,False,False,False,-0.058618828107555344,-0.021600032505160155
"(14.0, inf]",EXPANDING,1,1.0,1.0,60,2541,1237,1146,1247,1136,8.91665458019785,60.8751728936191,0.4868162140889414,0.4907516725698544,0.4510035419126328,0.06218024399842581,0.03581267217630854,0.003509112388901161,0.015364613021085691,0.023235529982911746,0.023957171544124006,0.47886570358480474,0.002521958705387211,0.01284265431569848,0.007950510504136643,0.5066365012162205,False,False,False,False,-0.07114987307115976,-0.027892630025037037
"(14.0, inf]",STABLE,1,3.0,1.5,30,2239,91,614,91,614,739.0338033300965,56.67423231965815,0.04064314426083073,0.04064314426083073,0.27422956677087984,0.6851272889682894,-0.28941491737382763,0.3300731591469837,0.0153459450694231,0.015345945069423102,0.025312296703732983,0.042869796279893714,0.011561130803209977,0.0037848142662131237,-0.002226652019062983,0.05532646457646069,False,False,False,False,-0.10066186172586314,-0.042657958328220016
"(10.0, 14.0]",EXPANDING,1,4.0,1.5,60,2771,178,1282,179,1281,1355.8800650418525,102.7589053624695,0.06423673763984121,0.06459761818837964,0.4626488632262721,0.47311439913388675,-0.43702634428004333,0.489310741624631,0.015200707210170696,0.017185550227132078,0.037083690134417,0.053872465184461274,-0.000386019465615695,0.01558672667578639,0.010364272455379936,0.06625513432710113,False,False,False,False,-0.0775734771397402,-0.03118638496478475
"(10.0, 14.0]",CONTRACTING,1,1.0,0.75,15,1678,517,659,520,656,65.6573010015786,63.97784355817555,0.3081048867699642,0.3098927294398093,0.39272943980929675,0.29916567342073896,0.013557806912991657,0.039128308105827535,0.01455867547282661,0.017687400145055453,0.038127439545992584,0.29619794809897404,-0.024044855093422263,0.03860353056624887,0.011906938670990186,0.3276873010065195,False,False,False,False,-0.09953173594845405,-0.04248653023781372
"(10.0, 14.0]",CONTRACTING,1,1.0,0.75,30,1665,678,809,681,806,16.40571889122755,63.50327803363372,0.4072072072072072,0.409009009009009,0.4858858858858859,0.10690690690690685,0.04279279279279279,0.009853284619355886,0.01450597048504134,0.01765912363819449,0.03814010692710734,0.3913676042677013,-0.020070634350460272,0.03457660483550161,0.015839602939505926,0.42500669208561065,False,False,False,False,-0.10652140745813306,-0.04600771848654586
"(10.0, 14.0]",EXPANDING,1,2.0,1.5,60,2771,846,1220,854,1212,280.9220249643142,102.7589053624695,0.305304944063515,0.30819198845182244,0.4402742692168892,0.25442078671959584,-0.049801515698303864,0.10137929446564929,0.014494088632928427,0.024598743992004568,0.037083690134417,0.27974590764720253,0.010439036347382146,0.004055052285546281,0.025559036416312464,0.3038119039283997,False,True,True,False,-0.08234271520636344,-0.03392431328671751
"(14.0, inf]",CONTRACTING,-1,4.0,1.0,60,848,67,472,67,472,237.86476296916805,21.794415002467627,0.07900943396226415,0.07900943396226415,0.5566037735849056,0.36438679245283023,-0.24056603773584906,0.2805008997277925,0.014233900904127864,0.014233900904127864,0.025700961087815596,0.0640271089709292,-0.1046631503402804,0.11889705124440826,0.01498232499133495,0.08872141759185563,False,False,False,False,-0.11990963273537816,-0.05283786591562515
"(10.0, 14.0]",CONTRACTING,1,1.5,0.5,30,1665,335,1085,338,1082,127.0301566098269,63.50327803363372,0.2012012012012012,0.203003003003003,0.6516516516516516,0.14714714714714716,-0.024024024024024024,0.0762943883542504,0.01413025740311903,0.017733861006722633,0.03814010692710734,0.19204655674102813,-0.03187997505851094,0.04601023246162997,0.009154644460173056,0.21950448327668812,False,False,False,False,-0.0731962709141054,-0.029533006755493182
"(14.0, inf]",EXPANDING,1,2.0,0.75,15,2554,167,1094,170,1091,582.8115810543089,61.1663577254213,0.0653876272513704,0.06656225528582616,0.4283476898981989,0.5062646828504307,-0.19048551292090837,0.22819560730395808,0.01376085486643995,0.01699108196119328,0.02394923951660975,0.0615493455960382,-0.007787863458142255,0.021548718324582206,0.003838281655332197,0.07526365710171616,False,False,False,False,-0.04686126320721323,-0.01655020417038664
"(14.0, inf]",EXPANDING,1,2.0,1.5,15,2554,180,426,181,425,372.8888386056699,61.1663577254213,0.07047768206734534,0.07086922474549726,0.1667971808927173,0.7627251370399373,-0.10924040720438528,0.1460018945206225,0.012812247799627483,0.014182647173159198,0.02394923951660975,0.06650159179342059,-0.01201729435838381,0.024829542158011295,0.0039760902739247456,0.08070055623076262,False,False,False,False,-0.05923642084977355,-0.023212086525073033
"(14.0, inf]",EXPANDING,1,4.0,0.75,15,2554,8,1097,8,1097,884.5051241558648,61.1663577254213,0.0031323414252153485,0.0031323414252153485,0.42952231793265466,0.56734534064213,-0.3096123727486296,0.3463215051510825,0.012759892885843184,0.012759892885843182,0.02394923951660975,0.002829854969932791,-0.010346637974812493,0.02310653086065568,0.00030248645528255756,0.0061969388010125175,False,False,False,False,-0.051346815632764,-0.019293461373460406
"(14.0, inf]",EXPANDING,1,3.0,0.75,15,2554,30,1097,31,1096,826.2131615000485,61.1663577254213,0.011746280344557557,0.012137823022709476,0.42952231793265466,0.5587314017227878,-0.2869028974158183,0.3234977139780926,0.012645577045664526,0.014113862088734223,0.02394923951660975,0.010258224266006368,-0.01025402095418136,0.022899597999845887,0.0014880560785511896,0.016273114393033878,False,False,False,False,-0.040213921186098914,-0.013784172070217194
"(10.0, 14.0]",STABLE,1,1.0,1.5,30,3792,1767,950,1774,943,-150.82106780035443,143.52642635421205,0.46598101265822783,0.46782700421940926,0.2505274261603376,0.28349156118143465,0.09018987341772151,-0.03977348834397532,0.012566589094259896,0.01718156799721348,0.0378497959794863,0.4730843840931135,0.005447664475549482,0.007118924618710414,-0.0071033714348856525,0.4958088819258413,False,False,False,False,-0.057750856732939476,-0.02259213381933979
"(14.0, inf]",EXPANDING,1,3.0,1.5,15,2554,34,426,34,426,629.7709561276258,61.1663577254213,0.01331245105716523,0.01331245105716523,0.1667971808927173,0.8198903680501174,-0.21025841816758026,0.24658220678450501,0.012374549100315005,0.012374549100315008,0.02394923951660975,0.011496285815351963,-0.014671546740761994,0.027046095841077,0.0018161652418132671,0.017834721383911498,False,False,False,False,-0.0505956984284807,-0.019110574664082846
"(14.0, inf]",EXPANDING,1,2.0,0.5,15,2554,147,1463,150,1460,530.2373476991968,61.1663577254213,0.05755677368833203,0.058731401722787784,0.5728269381362568,0.36961628817541115,-0.17129992169146438,0.20761055117431354,0.012361389966239424,0.015297960052378812,0.02394923951660975,0.054474708171206226,-0.012898712745607332,0.025260102711846755,0.0030820655171258024,0.06745330562459517,False,False,False,False,-0.05052023568721179,-0.019079422860486184
"(14.0, inf]",EXPANDING,1,2.0,1.0,15,2554,177,800,178,799,538.4228509717541,61.1663577254213,0.06930305403288958,0.0696945967110415,0.31323414252153486,0.6174628034455756,-0.17462803445575567,0.21081552504767193,0.012238251075306494,0.013412879109762254,0.02394923951660975,0.06455606650159179,-0.010381052297709987,0.02261930337301648,0.004746987531297792,0.07856738894205098,False,False,False,False,-0.053419559507595755,-0.02059065421614463
"(14.0, inf]",EXPANDING,1,4.0,1.5,15,2554,8,426,8,426,699.1155694047266,61.1663577254213,0.0031323414252153485,0.0031323414252153485,0.1667971808927173,0.8300704776820673,-0.23766640563821456,0.2737335823824301,0.012117937227605817,0.012117937227605815,0.02394923951660975,0.0031835868411743897,-0.014632389941332414,0.02675032716893823,-5.124541595904119e-05,0.0067299322922061595,False,False,False,False,-0.06132455316369015,-0.024603307968042165
"(10.0, 14.0]",CONTRACTING,1,1.5,0.5,15,1678,204,933,207,930,244.6461015072365,63.97784355817555,0.12157330154946365,0.1233611442193087,0.5560190703218116,0.3224076281287247,-0.09564958283671036,0.14579624642862724,0.012019224045924282,0.015594909385614385,0.038127439545992584,0.12106216053108027,-0.030108207620561062,0.042127431666485346,0.0005111410183833848,0.14388062528576848,False,False,False,False,-0.07369212838924742,-0.03083645217166157
"(14.0, inf]",EXPANDING,1,3.0,1.0,15,2554,34,801,34,801,790.5834200621155,61.1663577254213,0.01331245105716523,0.01331245105716523,0.31362568519968675,0.673061863743148,-0.2736883320281911,0.3095471495936239,0.011909578048823087,0.011909578048823085,0.02394923951660975,0.011142553944110364,-0.012779718266459747,0.024689296315282834,0.0021698971130548663,0.017390484182651832,False,False,False,False,-0.04701812858029175,-0.01755427526573433
"(10.0, 14.0]",CONTRACTING,1,0.75,1.5,15,1678,773,228,775,226,-154.03948817310965,63.97784355817555,0.4606674612634088,0.46185935637663883,0.13587604290822408,0.4034564958283672,0.1416865315852205,-0.09179945659899263,0.011759635440235281,0.014441399445002862,0.038127439545992584,0.4568497284248642,-0.017651911875136712,0.029411547315371996,0.0038177328385445852,0.49095499142303467,False,False,False,False,-0.09882201683040487,-0.04353119069508479
"(7.0, 10.0]",EXPANDING,1,4.0,0.75,60,3761,276,2706,278,2704,1166.842951485182,197.27354096545074,0.07338473810156873,0.07391651156607286,0.7194894974740761,0.20712576442435515,-0.24607817069928212,0.31024805942174477,0.011717471555365953,0.014243395511760529,0.05245241716709671,0.059000375798571966,-0.03177245940313492,0.04348993095850087,0.014384362302996764,0.07003305904472543,False,True,True,False,0.0038061947646876003,0.007761833160026777
"(14.0, inf]",EXPANDING,1,4.0,1.0,15,2554,8,801,8,801,859.9280333392162,61.1663577254213,0.0031323414252153485,0.0031323414252153485,0.31362568519968675,0.6832419733750978,-0.30109631949882537,0.336698525191549,0.0116529661761139,0.011652966176113898,0.02394923951660975,0.002829854969932791,-0.013094293338271806,0.024747259514385708,0.00030248645528255756,0.0061969388010125175,False,False,False,False,-0.05785697188942911,-0.023102002856657602
"(14.0, inf]",CONTRACTING,-1,2.0,0.5,60,848,159,632,162,629,28.69567983227293,21.794415002467627,0.1875,0.19103773584905662,0.7452830188679245,0.06721698113207553,0.0023584905660377358,0.03383924508522751,0.01049677456344965,0.019341114186091163,0.025700961087815596,0.15587658284287498,-0.05952970825117632,0.07002648281462598,0.03162341715712502,0.1916667833039974,False,False,False,False,-0.07175227844460605,-0.0306277519405782
"(14.0, inf]",STABLE,1,0.75,1.5,60,2218,1429,632,1437,624,-44.5439148702913,56.16247469205734,0.6442741208295762,0.6478809738503156,0.284941388638413,0.07078449053201075,0.05579350766456267,-0.020082919238183634,0.010389364489473111,0.01850478378613677,0.025321223936905925,0.6383092562867844,0.006998264653382244,0.0033910998360908674,0.005964864542791881,0.6667294659398678,False,False,False,False,-0.08091066883031489,-0.03526065217042089
"(7.0, 10.0]",STABLE,1,3.0,1.5,60,6404,998,2888,999,2887,1739.302544833698,337.6828081939889,0.15584009993753903,0.15599625234228606,0.4509681449094316,0.3931917551530294,-0.2089319175515303,0.2715962749584163,0.00993437486566351,0.010637060687025156,0.0527299825412225,0.15941375422773393,-0.015868126686663635,0.025802501552327148,-0.0035736542901949053,0.17235140489943881,False,False,False,False,-0.10106532328936862,-0.04556547421185256
"(14.0, inf]",EXPANDING,1,4.0,0.5,15,2554,8,1466,8,1466,787.4441474631672,61.1663577254213,0.0031323414252153485,0.0031323414252153485,0.5740015661707126,0.422866092404072,-0.27447141738449493,0.30831799039278274,0.009897333491678095,0.009897333491678099,0.02394923951660975,0.0021223912274495934,-0.01755366998041656,0.027451003472094657,0.001009950197765755,0.005092594647504276,False,False,False,False,-0.053896987147264555,-0.02199982682779323
"(10.0, 14.0]",EXPANDING,1,2.0,1.0,60,2771,734,1603,745,1592,263.296671758238,102.7589053624695,0.2648863226272104,0.2688560086611332,0.5784915193071093,0.15662215806568025,-0.04871887405268856,0.09501864733245688,0.009216083145351318,0.02112514124711963,0.037083690134417,0.2455411678475446,-0.002329002376209831,0.011545085521561149,0.019345154779665807,0.26865349789609644,False,False,False,False,-0.06802014531912778,-0.029402031086888235
"(10.0, 14.0]",CONTRACTING,1,2.0,0.5,60,1652,282,1213,282,1213,120.55854672938183,63.02996017781892,0.17070217917675545,0.17070217917675545,0.7342615012106537,0.09503631961259085,-0.025726392251815982,0.0729773285286815,0.009097207355667622,0.009097207355667623,0.038153728921197894,0.16393843146836062,-0.031308690095281026,0.04040589745094865,0.006763747708394829,0.18991292152094855,False,False,False,False,-0.07408275343946998,-0.03249277304190118
"(14.0, inf]",EXPANDING,1,1.0,0.75,60,2541,1092,1363,1109,1346,14.055653534124422,60.8751728936191,0.4297520661157025,0.4364423455332546,0.5364029909484455,0.03384494293585205,0.02744982290436836,0.005531544090564511,0.009024195450808861,0.02073218443152512,0.023957171544124006,0.4216158373461744,-0.0036177394505513935,0.012641934901360254,0.008136228769528075,0.4491210333831927,False,False,False,False,-0.06207620126750779,-0.026526002908349465
"(14.0, inf]",EXPANDING,1,3.0,0.5,15,2554,24,1466,24,1466,744.89786752596,61.1663577254213,0.009397024275646046,0.009397024275646046,0.5740015661707126,0.41660140955364133,-0.25880971025841815,0.29165930600076745,0.00890035622573951,0.008900356225739512,0.02394923951660975,0.008135833038556774,-0.017129518085637795,0.026029874311377307,0.0012611912370892719,0.01354472180571919,False,False,False,False,-0.042761029753769504,-0.016930336764014998
"(14.0, inf]",EXPANDING,1,0.75,1.5,30,2551,1431,578,1438,571,-122.67422242562948,61.10121343036764,0.5609564876519012,0.5637005096040768,0.22657781262250098,0.2124656997255978,0.08085064680517444,-0.04808867990028596,0.00881009962524613,0.014984149017641273,0.023951867279642353,0.5542958370239149,-0.014917150962809695,0.023727250588055825,0.006660650627986264,0.581803221908724,False,False,False,False,-0.07259286908580462,-0.03189138473027924
"(14.0, inf]",EXPANDING,1,1.5,0.5,15,2554,309,1457,317,1449,346.5671332411544,61.1663577254213,0.12098668754894283,0.12411902897415818,0.5704776820673454,0.3085356303837118,-0.10375880971025842,0.1356958235086744,0.007987774281806229,0.01425245713223693,0.02394923951660975,0.11390166253979483,-0.016748870822551238,0.02473664510435747,0.007085025009147997,0.131857071671572,False,False,False,False,-0.047792589382494505,-0.01990240755034414
"(14.0, inf]",EXPANDING,1,1.5,0.75,15,2554,348,1088,355,1081,375.346098550679,61.1663577254213,0.13625685199686766,0.13899765074393108,0.42599843382928737,0.437744714173845,-0.11511354737666406,0.14696401666040682,0.007901229767133014,0.014068026948025728,0.02394923951660975,0.12928899893880438,-0.012691290669617144,0.02059252043675016,0.0069678530580632725,0.1482186127634644,False,False,False,False,-0.04792204125406984,-0.020010405743468414
"(14.0, inf]",EXPANDING,1,1.5,1.5,15,2554,379,423,381,421,146.93162510354756,61.1663577254213,0.14839467501957712,0.14917776037588096,0.16562255285826155,0.6859827721221613,-0.025841816758026624,0.05753000199825668,0.007738945723620306,0.01008820179253182,0.02394923951660975,0.14007782101167315,-0.01617719425182557,0.023916139975445876,0.008316854007903968,0.1596377146799994,False,False,False,False,-0.05798668082575132,-0.025123867551065507
"(10.0, 14.0]",CONTRACTING,1,1.5,0.75,60,1652,506,999,506,999,66.00439548951559,63.02996017781892,0.3062953995157385,0.3062953995157385,0.6047215496368039,0.08898305084745761,0.005901937046004843,0.03995423455781815,0.007702442682625101,0.007702442682625099,0.038153728921197894,0.3072318592719277,-0.02019037644603311,0.02789281912865821,-0.000936459756189223,0.33928272348631155,False,False,False,False,-0.11259991180665078,-0.05244873456201284
"(7.0, 10.0]",EXPANDING,1,3.0,1.0,60,3761,624,2377,629,2372,730.4548918552158,197.27354096545074,0.16591332092528582,0.16724275458654614,0.6320127625631481,0.20207391651156603,-0.13427279978729062,0.19421826425291566,0.007493047298528336,0.01281078194356955,0.05245241716709671,0.1381435550544908,-0.029149526821898208,0.03664257412042654,0.02776976587079502,0.15412624998580957,False,True,True,False,-0.0024016260839715363,0.0025457106072784
"(14.0, inf]",STABLE,1,4.0,0.75,60,2218,66,1438,66,1438,887.2552118986612,56.16247469205734,0.029756537421100092,0.029756537421100092,0.648331830477908,0.32191163210099194,-0.36722272317403065,0.40002489265043334,0.00748094553949677,0.0074809455394967694,0.025321223936905925,0.037631532013554486,0.019876046224838552,-0.012395100685341782,-0.007874994592454394,0.049424809382364814,False,False,False,False,-0.13700268306310703,-0.06476086876180513
"(14.0, inf]",EXPANDING,1,1.0,0.5,60,2541,881,1619,917,1583,7.019916709048365,60.8751728936191,0.3467138921684376,0.3608815426997245,0.637150728059819,0.016135379771743397,0.02813852813852814,0.002762659074792745,0.0069440156691968746,0.028195491466127227,0.023957171544124006,0.33297663634742286,-0.01355996995587844,0.020503985625075313,0.01373725582101476,0.3593115094176119,False,False,False,False,-0.054831870570467366,-0.023943927450635245
"(10.0, 14.0]",STABLE,1,0.75,1.5,30,3792,2210,869,2224,855,-184.72297835147128,143.52642635421205,0.5828059071729957,0.5864978902953587,0.22916666666666666,0.1880274261603376,0.09335443037974683,-0.048713865599016686,0.006790768801243847,0.015097730826560296,0.0378497959794863,0.5847478176527643,-0.0015431332554157217,0.008333902056659568,-0.0019419104797685494,0.6071067369658582,False,False,False,False,-0.044924665639661535,-0.019066948419208845
"(10.0, 14.0]",CONTRACTING,1,1.0,0.5,60,1652,591,1048,604,1035,5.823960868815377,63.02996017781892,0.3577481840193705,0.36561743341404357,0.6343825665859564,0.00786924939467315,0.04055690072639225,0.003525400041655797,0.005928571846850155,0.017732445938859843,0.038153728921197894,0.33459565111165407,-0.031083454437738422,0.03701202628458858,0.023152532907716405,0.36733129273496085,False,False,False,False,-0.09719846687831929,-0.04563494751573457
"(7.0, 10.0]",EXPANDING,-1,4.0,1.0,60,3761,352,2372,357,2367,1183.3712529422853,197.27354096545074,0.09359212975272534,0.09492156341398564,0.6306833289018878,0.2757245413453868,-0.25631480989098643,0.31464271548585093,0.005875488427767768,0.012522656734069285,0.05245241716709671,0.08117249154453213,-0.055361828754836015,0.061237317182603786,0.01241963820819321,0.09390362511513357,False,False,False,False,0.021431439876351096,0.013653464152059432
"(14.0, inf]",EXPANDING,1,1.5,1.0,15,2554,365,796,368,793,324.6155377526279,61.1663577254213,0.14291307752545027,0.14408770555990602,0.3116679718089272,0.5454189506656226,-0.09729835552075176,0.12710083702138916,0.005853241984027649,0.008789812070167036,0.02394923951660975,0.13459497700742837,-0.015830221826874248,0.021683463810901898,0.008318100518021898,0.1538396371585455,False,False,False,False,-0.05398845714508765,-0.02406760758053
"(14.0, inf]",STABLE,1,3.0,0.75,30,2239,84,1246,86,1244,750.9301607470227,56.67423231965815,0.037516748548459135,0.03841000446627959,0.5564984368021438,0.40598481464939706,-0.30482358195623044,0.335386404978572,0.005250526318608544,0.00860023601043525,0.025312296703732983,0.03808680248007086,0.008258292115135887,-0.003007765796527343,-0.0005700539316117262,0.04988736235252442,False,False,False,False,-0.06628968536672422,-0.030519579524057837
"(14.0, inf]",CONTRACTING,-1,1.0,1.0,15,858,276,229,278,227,-20.481094005620754,22.028981079620134,0.32167832167832167,0.32400932400932403,0.2668997668997669,0.4114219114219114,0.054778554778554776,-0.023870738934289922,0.005233012721164465,0.009895017383169124,0.02567480312310039,0.30544747081712065,-0.03379392327621335,0.03902693599737781,0.01623085086120102,0.3499712010548398,False,False,False,False,-0.0612446236293699,-0.02800580545410272
"(14.0, inf]",STABLE,1,4.0,1.0,60,2218,68,1223,68,1223,1018.5721804522759,56.16247469205734,0.030658250676284943,0.030658250676284943,0.5513976555455365,0.41794409377817854,-0.4287646528403968,0.4592300182381767,0.005144141460874021,0.005144141460874021,0.025321223936905925,0.040841804886748705,0.014909988587217383,-0.009765847126343362,-0.010183554210463762,0.05308534967985043,False,False,False,False,-0.15923297008767448,-0.07704441431340023
"(14.0, inf]",EXPANDING,1,1.0,0.5,30,2551,798,1559,834,1523,55.421138949378985,61.10121343036764,0.3128185025480204,0.3269306154449236,0.6111328890631125,0.07604860838886718,0.007252058016464132,0.021725260270238723,0.005025451007060503,0.026193620352415264,0.023951867279642353,0.30310008857395926,-0.016736031424829427,0.02176148243188993,0.009718413974061146,0.32876282332975454,False,False,False,False,-0.051565508942628735,-0.023270028967784115
"(10.0, 14.0]",CONTRACTING,1,0.75,0.75,60,1652,866,775,875,766,3.07032033434241,63.02996017781892,0.5242130750605327,0.5296610169491526,0.46912832929782083,0.006658595641646448,0.0413135593220339,0.0018585474178828146,0.00501837781871882,0.013190290651648603,0.038153728921197894,0.5061079892499389,-0.025326843284995224,0.030345221103714043,0.01810508581059378,0.5405363552129114,False,False,False,False,-0.08949774849404439,-0.042239685337662786
"(14.0, inf]",EXPANDING,1,1.0,1.0,30,2551,1045,1005,1054,996,33.68674428707829,61.10121343036764,0.4096432771462172,0.41317130537044294,0.3939631517052136,0.1963935711485692,0.01568012544100353,0.013205309403009914,0.004933567564371086,0.011989624012822678,0.023951867279642353,0.4063773250664305,-0.012019250474678968,0.016952818039050056,0.0032659520797866937,0.43369495703439265,False,False,False,False,-0.059893358572107376,-0.027479895503868146
"(14.0, inf]",STABLE,1,4.0,0.75,30,2239,26,1246,26,1246,897.7997354812629,56.67423231965815,0.011612326931665922,0.011612326931665922,0.5564984368021438,0.43188923626619025,-0.3709245198749442,0.40098246336813886,0.004745646789461713,0.004745646789461714,0.025312296703732983,0.012223206377325066,0.009053299764384414,-0.004307652974922701,-0.0006108794456591432,0.019216396949898084,False,False,False,False,-0.07003629988268394,-0.03264532654661111
"(10.0, 14.0]",CONTRACTING,1,1.0,0.5,15,1678,457,917,470,904,73.28035184412818,63.97784355817555,0.2723480333730632,0.2800953516090584,0.5464839094159714,0.1811680572109654,-0.0008939213349225268,0.043671246629397004,0.004649885748481899,0.016270863102474747,0.038127439545992584,0.25528062764031384,-0.03406925489031567,0.03871914063879757,0.01706740573274934,0.2854214334369052,False,False,False,False,-0.08595699112049848,-0.040653552686008294
"(10.0, 14.0]",STABLE,1,1.0,1.5,60,3763,2120,1270,2127,1263,-56.385728645638665,142.4723347408888,0.5633802816901409,0.5652404996013819,0.33749667818230134,0.0991230401275578,0.057135264416688814,-0.01498424890928479,0.0042896456586427115,0.008940190436745286,0.03786136984876131,0.5679208404593208,0.006140704383351765,-0.0018510587247090532,-0.004540558769179914,0.5904947649330005,False,False,False,False,-0.06146447297872706,-0.028587413660042173
"(0.0, 7.0]",EXPANDING,1,4.0,1.5,60,3062,425,1624,431,1618,988.1510697356265,239.44254018301092,0.1387981711299804,0.14075767472240366,0.5303723056825604,0.3308295231874592,-0.240365774003919,0.3227142618339734,0.004150401552127881,0.014927671310455776,0.07819808627792649,0.11057316118935838,-0.029521128901152906,0.033671530453280786,0.028225009940622034,0.12674081717108632,False,True,True,False,-0.19014408682952985,-0.09299684263870099
"(7.0, 10.0]",EXPANDING,-1,4.0,0.75,60,3761,306,2683,309,2680,999.8386394754408,197.27354096545074,0.08136134006913055,0.08215900026588674,0.7133741026322786,0.20526455729859083,-0.2095852166976868,0.2658438286294711,0.0038061947646876003,0.007595080699279465,0.05245241716709671,0.06989853438556934,-0.05597366042625419,0.0597798551909418,0.011462805683561214,0.08180861103599019,False,False,False,False,0.011717471555365953,0.007761833160026777
"(7.0, 10.0]",EXPANDING,1,3.0,1.5,60,3761,720,1859,727,1852,839.4682820599354,197.27354096545074,0.19143844722148365,0.19329965434724808,0.4942834352565807,0.3142781175219357,-0.1671098112204201,0.22320347834616736,0.003641249958650537,0.012016682024590442,0.05245241716709671,0.15941375422773393,-0.015868126686663635,0.019509376645314172,0.032024692993749715,0.17634298731758768,False,True,True,False,-0.030074569736134257,-0.01321665988874186
"(14.0, inf]",STABLE,1,1.0,1.5,30,2239,1008,564,1011,561,-97.3928569849475,56.67423231965815,0.4502009825815096,0.45154086645824026,0.2518981688253685,0.2979008485931219,0.07235372934345691,-0.04349837292762282,0.0035430597121010932,0.006892769403927804,0.025312296703732983,0.44180690876882195,-0.0016520845084441445,0.005195144220545238,0.008394073812687641,0.47125520458925974,False,False,False,False,-0.059212149371795746,-0.027834544829847326
"(14.0, inf]",CONTRACTING,-1,1.5,0.5,60,848,211,607,215,603,11.669203885254856,21.794415002467627,0.24882075471698112,0.2535377358490566,0.7158018867924528,0.035377358490566,0.015330188679245283,0.013760853638272235,0.0033900812297019208,0.012824043493852869,0.025700961087815596,0.22204387372926698,-0.0469930409555712,0.05038312218527312,0.026776880987714136,0.2627375000472882,False,False,False,False,-0.051558759915678286,-0.024084339342988183
"(10.0, 14.0]",CONTRACTING,1,1.0,0.5,30,1665,563,1028,576,1015,19.430247147173887,63.50327803363372,0.33813813813813814,0.34594594594594597,0.6174174174174174,0.04444444444444451,0.02942942942942943,0.011669818106410743,0.002959140608732833,0.014670852320444544,0.03814010692710734,0.3143792434529583,-0.0346558109171786,0.03761495152591143,0.023758894685179832,0.3464943179458906,False,False,False,False,-0.09350770501526216,-0.04527428220326467
"(10.0, 14.0]",STABLE,1,2.0,1.5,30,3792,563,1048,564,1047,600.7292587084856,143.52642635421205,0.1484704641350211,0.14873417721518986,0.27637130801687765,0.5751582278481013,-0.11761603375527427,0.15842016316152047,0.0029543334267599147,0.0038773292073506285,0.0378497959794863,0.15834141610087293,0.006361619759492997,-0.0034072863327330822,-0.009870951965851832,0.17515563395996245,False,False,False,False,-0.08397128441872069,-0.04050847549598039
"(14.0, inf]",STABLE,1,3.0,0.5,60,2218,149,1681,152,1678,456.19256637650085,56.16247469205734,0.06717763751127141,0.06853020739404869,0.7578899909828675,0.17493237150586116,-0.17741208295761948,0.20567744200924296,0.0029441351147175437,0.007678129704438014,0.025321223936905925,0.06812912430889959,0.005353358585938059,-0.0024092234712205156,-0.0009514867976281732,0.08356041356263229,False,False,False,False,-0.11374066202126881,-0.055398263453275635
"(10.0, 14.0]",STABLE,1,1.5,1.5,60,3763,1511,1458,1513,1456,73.20131494166071,142.4723347408888,0.40154132341217114,0.4020728142439543,0.38745681636991763,0.21100186021791117,0.02112676056338028,0.019452913882981853,0.002718304597600824,0.004312777092950276,0.03786136984876131,0.40801368189591986,0.004252277972404744,-0.0015339733748039202,-0.006472358483748719,0.43050972808020205,False,False,False,False,-0.0800355167904729,-0.03865860609643604
"(10.0, 14.0]",STABLE,1,1.5,1.5,30,3792,1009,1035,1011,1033,192.06326213227175,143.52642635421205,0.26608649789029537,0.2666139240506329,0.27294303797468356,0.4609704641350211,-0.010284810126582278,0.05064959444416449,0.0025149883380959116,0.004097266819108568,0.0378497959794863,0.27812803103782735,0.0013036774615056267,0.001211310876590285,-0.01204153314753198,0.2986445916519617,False,False,False,False,-0.07979685877808117,-0.03864093521999263
"(7.0, 10.0]",STABLE,1,4.0,1.5,30,6501,179,1998,180,1997,2639.378716967748,342.64702555540435,0.02753422550376865,0.02768804799261652,0.30733733271804337,0.665128441778188,-0.3508690970619905,0.4059958032560757,0.0024198879268333565,0.003265911615496636,0.05270681826725186,0.02644052732928455,-0.030716322604037987,0.033136210530871346,0.0010936981744841014,0.03218280739730901,False,False,False,False,-0.10010984428027551,-0.04884497817672108
"(10.0, 14.0]",CONTRACTING,1,3.0,1.0,60,1652,162,918,163,917,499.0254153848739,63.02996017781892,0.09806295399515738,0.0986682808716707,0.5556900726392252,0.3462469733656174,-0.26150121065375304,0.3020734959956864,0.002418556420735456,0.004839863926788729,0.038153728921197894,0.11031028585389689,-0.006209260157319919,0.008627816578055374,-0.01224733185873951,0.13243584863302788,False,False,False,False,-0.08693945179750807,-0.042260447688386306
"(10.0, 14.0]",STABLE,1,2.0,1.5,60,3763,1006,1526,1007,1525,428.3029620262244,142.4723347408888,0.26733988838692535,0.2676056338028169,0.40552750465054477,0.3271326069625299,-0.07361148020196652,0.11381954877125283,0.0023466987205250055,0.003276807676145521,0.03786136984876131,0.27974590764720253,0.010439036347382146,-0.00809233762685714,-0.012406019260277179,0.3003772585906413,False,False,False,False,-0.09144411675718817,-0.04454870901833158
"(7.0, 10.0]",CONTRACTING,-1,2.0,1.5,60,3140,1005,1329,1005,1329,156.29408125752607,165.86538771846006,0.3200636942675159,0.3200636942675159,0.4232484076433121,0.256687898089172,0.005254777070063694,0.04977518511386181,0.002206590299065611,0.002206590299065614,0.05282337188485989,0.31634723788049607,-0.049560736005804455,0.05176732630487007,0.0037164563870198397,0.3397267446429215,False,False,False,False,-0.08738239059306493,-0.04258790014699966
"(14.0, inf]",CONTRACTING,-1,1.0,1.5,15,858,281,107,283,105,-96.70895153757694,22.028981079620134,0.3275058275058275,0.3298368298368298,0.1247086247086247,0.5477855477855478,0.14044289044289043,-0.11271439573144165,0.002053691588348402,0.007881197415854229,0.02567480312310039,0.3142907675981606,-0.03809340769252174,0.04014709928087014,0.013215059907666915,0.35913787856565715,False,False,False,False,-0.08413230672593808,-0.041039307568794835
"(10.0, 14.0]",STABLE,1,0.75,1.5,60,3763,2475,1099,2489,1085,-57.60769450128814,142.4723347408888,0.6577199043316503,0.6614403401541323,0.2920542120648419,0.050225883603507826,0.055208610151474886,-0.015308980733799665,0.0020382595689139122,0.010409240169498554,0.03786136984876131,0.6577082824334229,6.248404258075523e-05,0.001975775526333157,1.1621898227343053e-05,0.6792719943214972,False,False,False,False,-0.05475763245509035,-0.02635968644308822
"(14.0, inf]",STABLE,1,3.0,1.0,30,2239,85,1001,87,999,807.187758275622,56.67423231965815,0.03796337650736936,0.038856632425189816,0.44707458686913804,0.5149620366234926,-0.33318445734702995,0.36051262093596337,0.0020158668852004436,0.005588890556482266,0.025312296703732983,0.040212577502214346,0.004752725559830904,-0.0027368586746304604,-0.002249200994844984,0.05231023940434093,False,False,False,False,-0.08699623281745539,-0.04249018296612747
"(7.0, 10.0]",EXPANDING,-1,3.0,0.75,60,3761,533,2650,546,2637,593.2545325065685,197.27354096545074,0.1417176282903483,0.1451741558096251,0.7045998404679606,0.15368253124169107,-0.10329699547992555,0.15773850904189538,0.0019890963948731005,0.014951074592161051,0.05245241716709671,0.12859827132656895,-0.049540667648947476,0.05152976404382058,0.01311935696377936,0.1441165807619382,False,False,False,False,-0.001058019198126362,0.00046553859837336923
"(10.0, 14.0]",CONTRACTING,1,0.75,0.75,15,1678,719,632,728,623,1.3208730519370697,63.97784355817555,0.42848629320619785,0.433849821215733,0.3766388557806913,0.1948748510131108,0.038885578069129914,0.0007871710679005184,0.0015453095910378546,0.009590601605340594,0.038127439545992584,0.4124321062160531,-0.030035385781378335,0.03158069537241619,0.01605418699014477,0.446198908421228,False,False,False,False,-0.08584548069732575,-0.04215008555314395
"(14.0, inf]",STABLE,1,4.0,1.0,30,2239,26,1001,26,1001,956.5267907023629,56.67423231965815,0.011612326931665922,0.011612326931665922,0.44707458686913804,0.541313086199196,-0.4006252791424743,0.42721160817434695,0.0012740323281396637,0.001274032328139666,0.025312296703732983,0.012931798051372897,0.005565294922282276,-0.004291262594142612,-0.0013194711197069744,0.02010826034350029,False,False,False,False,-0.09018955251693515,-0.044457760094397746
"(10.0, 14.0]",CONTRACTING,1,3.0,0.5,60,1652,121,1241,121,1241,322.42867782493136,63.02996017781892,0.07324455205811138,0.07324455205811138,0.7512106537530266,0.17554479418886193,-0.15587167070217917,0.19517474444608435,0.0011493448227072847,0.0011493448227072878,0.038153728921197894,0.07598338626924017,-0.03130626769444485,0.032455612517152135,-0.0027388342111287906,0.09482736241215858,False,False,False,False,-0.05477888389143934,-0.026814769534366026
"(14.0, inf]",EXPANDING,1,0.75,1.0,60,2541,1445,1015,1464,996,-5.139545472881789,60.8751728936191,0.5686737504919324,0.5761511216056671,0.39944903581267216,0.03187721369539548,0.027056277056277056,-0.0020226467819290787,0.0010764587302239694,0.014161858179259783,0.023957171544124006,0.5598359193864811,-0.013556616240670456,0.014633074970894425,0.008837831105451222,0.5873567168383479,False,False,False,False,-0.06864652751977313,-0.03378503439477458
"(14.0, inf]",STABLE,1,1.5,1.0,30,2239,560,979,567,972,197.40177012379252,56.67423231965815,0.25011165698972754,0.25323805270209915,0.437248771773113,0.3126395712371595,-0.062081286288521664,0.08816514967565543,0.000771566683400788,0.008587555964329776,0.025312296703732983,0.24570416297608502,0.0007925534419705222,-2.0986758569734227e-05,0.004407494013642516,0.27144582181215754,False,False,False,False,-0.05751736281139377,-0.02837289806399649
"(10.0, 14.0]",CONTRACTING,1,0.75,0.75,30,1665,824,739,833,730,0.5173687883344487,63.50327803363372,0.4948948948948949,0.5003003003003003,0.44384384384384384,0.061261261261261246,0.038288288288288286,0.0003107320050056749,0.0004589133661866256,0.00856702147429473,0.03814010692710734,0.48181377303588746,-0.02709689082851912,0.027555804194705744,0.01308112185900745,0.5161219565865883,False,False,False,False,-0.08484723532850941,-0.04219416098116139
"(14.0, inf]",EXPANDING,1,1.0,0.75,30,2551,954,1273,971,1256,62.71172211314054,61.10121343036764,0.37397099176793414,0.38063504508036067,0.49901999215993725,0.1270090160721286,-0.00029400235201881614,0.02458319173388496,0.0003373221022237928,0.011999415398970169,0.023951867279642353,0.3691762621789194,-0.011614026318551995,0.011951348420775788,0.0047947295890147235,0.39605269011180333,False,False,False,False,-0.05611816937976693,-0.027890423638771568
"(14.0, inf]",EXPANDING,1,1.0,1.5,15,2554,791,410,797,404,-114.27983817686746,61.1663577254213,0.30971025841816757,0.3120595144870791,0.16053249804228661,0.5297572435395458,0.06891151135473766,-0.04474543389853855,0.0002168379395893669,0.006089978111868146,0.02394923951660975,0.301556420233463,-0.02172175479961685,0.021938592739206217,0.008153838184704554,0.3271685820414104,False,False,False,False,-0.05668829110338654,-0.028235726581898584
"(14.0, inf]",CONTRACTING,-1,1.5,1.5,60,848,339,300,339,300,-36.655471429498874,21.794415002467627,0.39976415094339623,0.39976415094339623,0.35377358490566035,0.2464622641509434,0.06898584905660378,-0.043225791780069425,5.90961887187488e-05,5.90961887187505e-05,0.025700961087815596,0.36240413768503654,-0.10169659986289259,0.10175569605161133,0.03736001325835969,0.40896667068466386,False,False,False,False,-0.05146101836434995,-0.0257009610878156
"(14.0, inf]",STABLE,1,1.5,0.75,30,2239,514,1218,521,1211,198.1647768724167,56.67423231965815,0.22956677087985708,0.23269316659222866,0.5439928539526574,0.2264403751674855,-0.06364448414470746,0.08850592982242818,-0.00045085102601226314,0.006583539326823828,0.025312296703732983,0.2274579273693534,0.00409311944541091,-0.004543970471423173,0.0021088435105036663,0.2525490043530409,False,False,False,True,-0.038561011317024885,-0.019505931171518574
"(10.0, 14.0]",CONTRACTING,1,1.5,0.5,60,1652,406,1177,409,1174,41.69617874598771,63.02996017781892,0.2457627118644068,0.24757869249394673,0.7124697336561744,0.04176755447941882,0.012409200968523002,0.025239817642849702,-0.0005047103098251893,0.0031272509492547146,0.038153728921197894,0.23650134375763499,-0.030891204094636637,0.03038649378481145,0.009261368106771806,0.26614352155763255,False,False,False,True,-0.08288128159541057,-0.04169299595261788
"(14.0, inf]",STABLE,1,2.0,0.5,30,2239,258,1539,265,1532,308.8365405961728,56.67423231965815,0.11523001339883877,0.11835640911121036,0.6873604287628405,0.1974095578383207,-0.11322018758374275,0.13793503376336436,-0.0005974505241113569,0.0072185387568176294,0.025312296703732983,0.10983170947741364,0.0002018312934861381,-0.0007992818175974949,0.005398303921425138,0.12874013720630018,False,False,False,True,-0.05393661851619669,-0.027267034520154023
"(10.0, 14.0]",CONTRACTING,1,3.0,1.5,60,1652,185,666,187,664,505.90504359504666,63.02996017781892,0.11198547215496368,0.11319612590799032,0.40314769975786924,0.4848668280871671,-0.2687651331719128,0.30623791985172316,-0.0006809422413875652,0.0047669996472322895,0.038153728921197894,0.1249694600537503,0.002828654157702543,-0.0035095963990901084,-0.012983987898786617,0.148274222932213,False,False,False,True,-0.07858951550647572,-0.039635228873931644
"(10.0, 14.0]",CONTRACTING,1,3.0,0.75,60,1652,145,1073,145,1073,431.44591582827235,63.02996017781892,0.08777239709443099,0.08777239709443099,0.6495157384987893,0.26271186440677974,-0.22381961259079902,0.2611658086127557,-0.0008075328992412672,-0.0008075328992412645,0.038153728921197894,0.09650623014903494,-0.01955748101012701,0.01874994811088574,-0.008733833054603943,0.11741104842971457,False,False,False,False,-0.07349519816929835,-0.03715136553426981
"(14.0, inf]",STABLE,1,1.5,0.5,60,2218,530,1584,537,1577,51.173766719535664,56.16247469205734,0.23895401262398558,0.24211000901713256,0.7141568981064021,0.04688908926961233,0.001352569882777277,0.023072031884371354,-0.000896622169757292,0.005415370616536665,0.025321223936905925,0.23738184412341715,0.003835945980294806,-0.004732568150052098,0.0015721685005684327,0.26295610084435483,False,False,False,True,-0.04734827205993155,-0.02412244711484442
"(14.0, inf]",STABLE,1,1.0,1.0,60,2218,1061,1018,1068,1011,11.156904213279114,56.16247469205734,0.4783588818755636,0.48151487826871053,0.45897204688908927,0.0626690712353472,0.0193868349864743,0.005030164207970746,-0.0009042247424608768,0.005407768043833083,0.025321223936905925,0.47886570358480474,0.002521958705387211,-0.003426183447848088,-0.0005068217092411564,0.508589354405402,False,False,False,True,-0.05605021591764493,-0.028477220330052906
"(7.0, 10.0]",EXPANDING,1,3.0,0.75,60,3761,537,2681,543,2675,593.0443307612975,197.27354096545074,0.14278117521935654,0.14437649561286892,0.7128423291677746,0.14437649561286892,-0.10628822121776123,0.15768261918673157,-0.001058019198126362,0.004924432277545,0.05245241716709671,0.11942878617061255,-0.03810664875892523,0.037048629560798865,0.023352389048743996,0.13447485798312372,False,True,False,True,0.0019890963948731005,0.00046553859837336923
"(7.0, 10.0]",CONTRACTING,-1,4.0,1.5,60,3140,279,1401,279,1401,1148.0388618099505,165.86538771846006,0.08885350318471337,0.08885350318471337,0.4461783439490446,0.464968152866242,-0.3138535031847134,0.36561747191399696,-0.0010594031555762906,-0.0010594031555762884,0.05282337188485989,0.09327320556181887,-0.05909804410325933,0.05803864094768304,-0.004419702377105497,0.10810883783682618,False,False,False,False,-0.08344232149495871,-0.0422508623252675
"(7.0, 10.0]",STABLE,1,4.0,1.0,60,6404,435,3923,435,3923,2513.3998495807555,337.6828081939889,0.0679262960649594,0.0679262960649594,0.6125858838226109,0.3194878201124297,-0.3408806995627733,0.39247343060286627,-0.0011372515011295135,-0.0011372515011295117,0.0527299825412225,0.06824502066892146,-0.020806664246587322,0.01966941274545781,-0.00031872460396206725,0.07722858875811939,False,False,False,False,-0.10427817005022728,-0.0527077107756784
"(7.0, 10.0]",STABLE,1,3.0,1.5,30,6501,422,1995,423,1994,2060.5682763934315,342.64702555540435,0.06491309029380095,0.06506691278264883,0.3068758652514998,0.6282110444546992,-0.26557452699584677,0.3169617407158024,-0.0013196045472962457,-0.0006274033474808344,0.05270681826725186,0.06599022367056732,-0.032708800084144535,0.03138919553684829,-0.001077133376766376,0.07477064175281309,False,False,False,False,-0.10147928926638401,-0.05139944690684013
"(10.0, 14.0]",EXPANDING,1,1.5,1.0,60,2771,1018,1515,1031,1502,86.68526244624988,102.7589053624695,0.3673763984121256,0.3720678455431252,0.5467340310357272,0.08588957055214719,0.004330566582461205,0.03128302506180075,-0.0014700984901550437,0.010258519337344056,0.037083690134417,0.35621793305643784,-0.003767654413590037,0.002297555923434993,0.011158465355687763,0.38181572404852265,False,False,False,True,-0.07396585554553786,-0.03771797701784645
"(14.0, inf]",CONTRACTING,-1,1.0,1.5,30,855,386,192,388,190,-77.76258084288793,21.95308796592333,0.45146198830409356,0.45380116959064326,0.22456140350877193,0.3239766081871345,0.11461988304093568,-0.09095038695074611,-0.0020066301857441624,0.0038413230306301067,0.02567612627593372,0.43029229406554476,-0.05605509860262566,0.0540484684168815,0.02116969423854881,0.4778569623263915,False,False,False,True,-0.07518632594354703,-0.0385964780646456
"(7.0, 10.0]",EXPANDING,-1,3.0,1.0,60,3761,612,2345,626,2331,697.2410252636338,197.27354096545074,0.1627226801382611,0.16644509438978994,0.6235043871310821,0.21377293273065678,-0.13533634671629885,0.18538713779942403,-0.0024016260839715363,0.012488030922143858,0.05245241716709671,0.14911687335588125,-0.049391364697883536,0.046989738613912,0.013605806782379853,0.16560221363578112,False,False,False,True,0.007493047298528336,0.0025457106072784
"(14.0, inf]",CONTRACTING,-1,1.0,1.0,30,855,357,328,360,325,-9.1126092611739,21.95308796592333,0.41754385964912283,0.42105263157894735,0.38362573099415204,0.1988304093567252,0.03391812865497076,-0.01065802252768877,-0.002416020148651733,0.004601523710997389,0.02567612627593372,0.4005314437555359,-0.04421760823779194,0.0418015880891402,0.01701241589358693,0.4476886735003311,False,False,False,True,-0.05595377626286483,-0.029184898205758283
"(14.0, inf]",CONTRACTING,-1,2.0,0.75,60,848,197,544,197,544,33.720988441962184,21.794415002467627,0.23231132075471697,0.23231132075471697,0.6415094339622641,0.12617924528301894,-0.01650943396226415,0.03976531655891767,-0.0024450784911620783,-0.002445078491162076,0.025700961087815596,0.20171214553237024,-0.0718902620988539,0.06944518360769182,0.03059917522234673,0.24108265300957366,False,False,False,False,-0.04859496091221863,-0.025520019701690353
"(14.0, inf]",EXPANDING,1,1.0,1.0,15,2554,761,770,769,762,63.69601451209469,61.1663577254213,0.29796397807361,0.30109631949882537,0.3014878621769773,0.4005481597494126,-0.003523884103367267,0.024939708109669025,-0.0025334155103079905,0.0037312673401227077,0.02394923951660975,0.29006013441811107,-0.021721499663769833,0.01918808415346184,0.007903843655498954,0.31539777590816703,False,False,False,True,-0.0516297463733422,-0.027081580941825095
"(14.0, inf]",EXPANDING,1,1.0,0.75,15,2554,726,1060,743,1043,122.83242997138285,61.1663577254213,0.28425998433829286,0.2909162098668755,0.41503523884103366,0.3007047768206734,-0.02701644479248238,0.04809413859490323,-0.002871545714188899,0.00877684896083068,0.02394923951660975,0.27626459143968873,-0.019753820408803857,0.01688227469461496,0.007995392898604126,0.3012468633833533,False,False,False,True,-0.049803528768354755,-0.026337537241271827
"(7.0, 10.0]",CONTRACTING,-1,0.75,1.5,60,3140,2093,900,2097,896,-62.96000506324745,165.86538771846006,0.6665605095541401,0.6678343949044586,0.28662420382165604,0.04681528662420381,0.06998407643312102,-0.020050957026511926,-0.002890252478250798,-2.4010440034236136e-05,0.05282337188485989,0.6523863209319805,-0.03797481503183894,0.03508456255358815,0.014174188622159689,0.6760714968614064,False,False,False,False,-0.06215544569226622,-0.03252284908525851
"(0.0, 7.0]",EXPANDING,1,4.0,0.5,60,3062,246,2511,252,2505,499.03700420138966,239.44254018301092,0.08033964728935336,0.08229915088177661,0.8200522534291312,0.09960809928151537,-0.08866753755715219,0.1629774670807935,-0.0038881567542851914,0.004929609411619448,0.07819808627792649,0.06484741784037559,-0.03698010623378807,0.03309194947950288,0.015492229448977768,0.07763987392039041,False,True,False,True,-0.11829567681113423,-0.06109191678270971
"(14.0, inf]",EXPANDING,1,0.75,1.0,30,2551,1319,917,1337,899,-21.6937633425822,61.10121343036764,0.5170521364170914,0.5241081928655429,0.35946687573500585,0.12348098784790279,0.028322226577812623,-0.008504023262478323,-0.004133663964308054,0.008214434820482223,0.023951867279642353,0.5096545615589017,-0.022910960853244698,0.018777296888936645,0.007397574858189704,0.5373620383587726,False,False,False,True,-0.059903149958254874,-0.03201840696128146
"(14.0, inf]",EXPANDING,1,1.0,0.5,15,2554,637,1426,671,1392,126.58826826208629,61.1663577254213,0.2494126859827721,0.26272513703993733,0.5583398590446359,0.192247454972592,-0.02975724353954581,0.049564709577950776,-0.004141773478204781,0.015826903107543065,0.02394923951660975,0.24106827025114963,-0.024497619136997675,0.020355845658792893,0.008344415731622479,0.2650066549403706,False,False,False,True,-0.05083461200341493,-0.027488192740809856
"(14.0, inf]",CONTRACTING,-1,1.0,0.75,15,858,261,346,266,341,16.46902536126208,22.028981079620134,0.3041958041958042,0.31002331002331,0.40326340326340326,0.29254079254079257,0.0017482517482517483,0.019194668253219208,-0.004731883121629434,0.005466252076505765,0.02567480312310039,0.2884683409975239,-0.0325021667801755,0.027770283658546065,0.015727463198280334,0.33231711357509447,False,False,False,True,-0.04613455552145252,-0.025433219321540978
"(10.0, 14.0]",EXPANDING,1,1.5,1.5,60,2771,1178,1159,1186,1151,60.761674126487854,102.7589053624695,0.425117286178275,0.42800433056658244,0.41826055575604476,0.1566221580656802,0.010285095633345363,0.021927706288880498,-0.004870888212191138,0.003790244952731274,0.037083690134417,0.40801368189591986,0.004252277972404744,-0.009123166184595882,0.017103604282355134,0.43423712964692374,False,False,False,True,-0.07795762522156527,-0.041414256716878206
"(7.0, 10.0]",EXPANDING,-1,3.0,0.5,60,3761,426,2993,436,2983,397.2255914773155,197.27354096545074,0.11326774793937783,0.11592661526189843,0.7957989896304174,0.09093326243020483,-0.058096250997075244,0.10561701448479541,-0.004931653679376557,0.004374381949445567,0.05245241716709671,0.10214205186020293,-0.0432285993182052,0.03829694563882864,0.011125696079174893,0.1162186310406813,False,False,False,True,-0.0230158136376124,-0.013973733658494478
"(14.0, inf]",EXPANDING,1,0.75,0.75,60,2541,1284,1222,1321,1185,1.814889742742829,60.8751728936191,0.5053128689492326,0.5198740653286108,0.4809130263675718,0.01377410468319562,0.01829988193624557,0.0007142423229999327,-0.004943047284878502,0.0168987472841888,0.023957171544124006,0.4968789013732834,-0.01720637290685679,0.012263325621978287,0.008433967575949164,0.5246572731758461,False,False,False,True,-0.06481309037243681,-0.034878068828657655
"(14.0, inf]",CONTRACTING,-1,2.0,1.0,60,848,225,458,225,458,25.444493665013386,21.794415002467627,0.2653301886792453,0.2653301886792453,0.5400943396226415,0.19457547169811318,-0.009433962264150943,0.0300052991332705,-0.005129624218696039,-0.005129624218696036,0.025700961087815596,0.23042625289816301,-0.09019421872133912,0.08506459450264309,0.03490393578108228,0.2716242090380357,False,False,False,False,-0.0671490190051075,-0.03613932161190177
"(10.0, 14.0]",STABLE,1,4.0,1.5,30,3792,70,1070,70,1070,1447.6928409895695,143.52642635421205,0.018459915611814346,0.018459915611814346,0.28217299578059074,0.6993670886075949,-0.3494198312236287,0.381775538235646,-0.005494088967469025,-0.00549408896746903,0.0378497959794863,0.01709505334626576,-0.0002771694388964202,-0.005216919528572605,0.0013648622655485845,0.0232818102075808,False,False,False,False,-0.09877949271502869,-0.05213679084124886
"(7.0, 10.0]",CONTRACTING,-1,1.0,1.5,60,3140,1813,1067,1813,1067,-64.15448010545413,165.86538771846006,0.5773885350318472,0.5773885350318472,0.3398089171974522,0.08280254777070062,0.06767515923566879,-0.02043136309090896,-0.005579575740100058,-0.005579575740100054,0.05282337188485989,0.5675310033821871,-0.03934146882619274,0.033761893086092676,0.009857531649660078,0.592240078264956,False,False,False,False,-0.07666524080332691,-0.041122408271713484
"(7.0, 10.0]",EXPANDING,-1,2.0,1.0,60,3761,1100,2231,1115,2216,206.92636914664843,197.27354096545074,0.2924754054772667,0.2964637064610476,0.5931932996543472,0.11433129486838611,-0.00824248869981388,0.05501897610918597,-0.005675929757724623,0.006288973193618104,0.05245241716709671,0.2741074783915821,-0.0472250252667019,0.04154909550897728,0.018367927085684577,0.29461947849621467,False,False,False,True,-0.040165902900676294,-0.022920916329200458
"(14.0, inf]",EXPANDING,1,0.75,1.5,15,2554,1119,392,1126,385,-205.77346436252694,61.1663577254213,0.43813625685199686,0.4408770555990603,0.1534847298355521,0.4083790133124511,0.09837509788566953,-0.08056909332910217,-0.006143234960042379,2.3562220850339294e-05,0.02394923951660975,0.43084541917226743,-0.027232288370554806,0.021089053410512426,0.007290837679729434,0.4583482029249891,False,False,False,True,-0.06196650598124523,-0.0340548704706438
"(7.0, 10.0]",CONTRACTING,-1,1.5,1.5,60,3140,1354,1245,1354,1245,-16.948999808763233,165.86538771846006,0.43121019108280256,0.43121019108280256,0.3964968152866242,0.1722929936305732,0.05207006369426752,-0.005397770639733514,-0.006151078830325888,-0.006151078830325889,0.05282337188485989,0.42577978203682826,-0.04417421873989698,0.03802313990957109,0.005430409045974305,0.4505474258822299,False,False,False,False,-0.0994956649393939,-0.05282337188485989
"(10.0, 14.0]",STABLE,1,3.0,1.5,30,3792,191,1067,192,1066,1147.4485726173016,143.52642635421205,0.05036919831223629,0.05063291139240506,0.2813818565400844,0.6682489451476793,-0.2709651898734177,0.3025971974201745,-0.006217788432729555,-0.005031079571970062,0.0378497959794863,0.049466537342386034,-0.0004886335647507834,-0.0057291548679787715,0.0009026609698502552,0.05960394724135467,False,False,False,False,-0.09589132705147964,-0.05105455774210459
"(7.0, 10.0]",CONTRACTING,-1,0.75,1.5,30,3175,1916,718,1920,714,-212.95812302228296,167.69485600288158,0.6034645669291339,0.6047244094488189,0.22614173228346457,0.17039370078740157,0.11338582677165354,-0.0670734245739474,-0.006504875283516391,-0.00367022961422505,0.052817277481222544,0.5861353873500222,-0.04824263733670771,0.04173776205319132,0.01732917957911162,0.6105505885215388,False,False,False,False,-0.06836091914674206,-0.03743289721512923
"(0.0, 7.0]",EXPANDING,1,4.0,1.5,30,3153,170,1158,176,1152,1281.5685120225548,245.83373862940914,0.053916904535363144,0.055819854107199494,0.36726926736441484,0.578813828100222,-0.33523628290516966,0.40646004187204404,-0.006744442311086045,0.0037217803340138522,0.0779682012779604,0.039210168378593875,-0.047119992543452095,0.04037555023236605,0.01470673615676927,0.04922764800877597,False,True,False,True,-0.13351001013183622,-0.07012722622146113
"(14.0, inf]",CONTRACTING,-1,1.0,1.5,60,848,455,267,457,265,-38.662975300415,21.794415002467627,0.5365566037735849,0.5389150943396226,0.31485849056603776,0.1485849056603773,0.06426886792452831,-0.04559313125048939,-0.007025224413776681,-0.0011289979986823413,0.025700961087815596,0.5113251293026574,-0.07728781651321429,0.07026259209943761,0.02523147447092755,0.5593178546468649,False,False,False,False,-0.03208409555288343,-0.01955465998333006
"(10.0, 14.0]",STABLE,1,3.0,1.5,60,3763,444,1584,446,1582,1159.4205823266018,142.4723347408888,0.11799096465585969,0.11852245548764284,0.4209407387722562,0.46106829657188414,-0.2774382141908052,0.3081107048436359,-0.007188879195930646,-0.004797170452906466,0.03786136984876131,0.1249694600537503,0.002828654157702543,-0.010017533353633189,-0.006978495397890611,0.1402999459959875,False,False,False,False,-0.11952018081103982,-0.06335453000348523
"(14.0, inf]",EXPANDING,1,0.75,1.0,15,2554,1072,731,1087,716,-33.218145251043275,61.1663577254213,0.4197337509788567,0.4256068911511355,0.2862176977290525,0.29404855129209084,0.028582615505090055,-0.013006321554832919,-0.008372945566352614,0.0019050497351352537,0.02394923951660975,0.41245136186770426,-0.027213822130801667,0.018840876564449053,0.007282389111152421,0.4398093272155218,False,False,False,True,-0.05667532799405018,-0.0325241367802014
"(10.0, 14.0]",CONTRACTING,1,0.75,0.5,60,1652,696,951,726,921,2.2572794869712345,63.02996017781892,0.4213075060532688,0.43946731234866826,0.5756658595641646,0.003026634382566673,0.028147699757869248,0.0013663919412658803,-0.008639637222062764,0.014060120647186626,0.038153728921197894,0.3987295382360127,-0.03849861779293684,0.029858980570874077,0.022577967817256073,0.43259955946750894,False,False,False,True,-0.0833936557797127,-0.04601664650088773
"(10.0, 14.0]",STABLE,1,2.0,1.5,15,3807,253,600,253,600,504.8819735723619,144.0679971017326,0.06645652744943525,0.06645652744943525,0.15760441292356187,0.7759390596270028,-0.10349356448647229,0.13261937840093563,-0.008717106259356629,-0.008717106259356625,0.03784292017381996,0.06662643331321666,-0.011950750886682448,0.003233644627325819,-0.00016990586378140549,0.07821040138938955,False,False,False,False,-0.06212963512256458,-0.035423370690960604
"(7.0, 10.0]",EXPANDING,-1,4.0,0.5,60,3761,242,3033,245,3030,711.6811266740241,197.27354096545074,0.06434458920499866,0.06514224940175485,0.8064344589204999,0.12922095187450144,-0.14583887264025525,0.18922656917682107,-0.009064720630530883,-0.005475249745128065,0.05245241716709671,0.05644494550920706,-0.04763231072805119,0.03856759009752031,0.007899643695791603,0.06725776029202149,False,False,False,False,-0.01808522399101102,-0.013574972310770952
"(10.0, 14.0]",CONTRACTING,1,0.75,0.5,15,1678,623,879,652,850,20.624576205418318,63.97784355817555,0.3712753277711561,0.38855780691299163,0.5238379022646007,0.10488676996424318,0.016537544696066747,0.012291165795839283,-0.009298729054086548,0.012304369873207849,0.038127439545992584,0.3505129752564876,-0.041342938974855775,0.03204420992076923,0.020762352514668514,0.3833313762851314,False,False,False,True,-0.0735999624575893,-0.041449345755837926
"(7.0, 10.0]",STABLE,1,3.0,1.0,60,6404,872,3889,873,3888,1548.5864619076158,337.6828081939889,0.13616489693941286,0.1363210493441599,0.6072767020612118,0.2565584009993753,-0.19878201124297315,0.24181549998557397,-0.009696493798621657,-0.009071884179633526,0.0527299825412225,0.1381435550544908,-0.029149526821898208,0.01945303302327655,-0.0019786581150779414,0.15035345060180352,False,False,False,False,-0.09502101229764368,-0.052358753048132665
"(7.0, 10.0]",EXPANDING,-1,2.0,0.75,60,3761,945,2537,960,2522,173.4169019065719,197.27354096545074,0.2512629619781973,0.2552512629619782,0.6745546397234778,0.07418239829832485,-0.003390055836213773,0.04610925336521454,-0.009733219638095942,0.0012346080673015583,0.05245241716709671,0.2353250657647501,-0.0509895361483911,0.041256316510295155,0.01593789621344721,0.2548627150011319,False,False,False,True,-0.04193512767454646,-0.0258341736563212
"(14.0, inf]",STABLE,1,2.0,1.5,15,2242,152,358,154,356,267.5294822173868,56.74676184629103,0.06779661016949153,0.06868867082961641,0.15967885816235505,0.7725245316681534,-0.10392506690454952,0.11932626325485586,-0.00990958056596976,-0.0067873682555326526,0.025310776916276107,0.06650159179342059,-0.01201729435838381,0.00210771379241405,0.0012950183760709333,0.08168314097940492,False,False,False,False,-0.036796779782990986,-0.023353180174480372
"(14.0, inf]",CONTRACTING,-1,1.0,0.5,30,855,270,536,284,522,11.31694966555945,21.95308796592333,0.3157894736842105,0.3321637426900585,0.6269005847953216,0.057309941520467866,0.0023391812865497076,0.013236198439250819,-0.010100746550133193,0.014460656958638733,0.02567612627593372,0.2992028343666962,-0.037530301120016374,0.02742955456988318,0.016586639317514307,0.3435650767385954,False,False,False,True,-0.055214499358652594,-0.032657622954392895
"(10.0, 14.0]",EXPANDING,1,1.0,1.0,60,2771,1380,1313,1397,1296,6.849176685994628,102.7589053624695,0.4980151569830386,0.504150126308192,0.47383616023096353,0.028148682785997803,0.024178996752075063,0.0024717346394783936,-0.010432958742863546,0.0018369799074431994,0.037083690134417,0.497801123870022,-0.0033751498682482663,-0.00705780887461528,0.00021403311301659844,0.5244020716468946,False,False,False,True,-0.07600436017627721,-0.043218659459570374
"(14.0, inf]",EXPANDING,1,0.75,0.75,30,2551,1194,1165,1232,1127,12.489516988855563,61.10121343036764,0.4680517444139553,0.48294786358290864,0.45668365346922773,0.0752646021168169,0.008526068208545668,0.004895929827069997,-0.010529869244026688,0.011814309509403341,0.023951867279642353,0.46271036315323294,-0.021750051471264673,0.011220182227237984,0.0053413812607223665,0.4903891764178396,False,False,False,True,-0.059718044068688046,-0.03512395665635737
"(14.0, inf]",STABLE,1,1.0,0.75,60,2218,929,1213,940,1202,13.382373033435107,56.16247469205734,0.4188458070333634,0.4238052299368801,0.5468890892696122,0.0342651036970244,0.008678990081154194,0.006033531575038371,-0.010608702280713358,-0.001929712199559168,0.025321223936905925,0.4216158373461744,-0.0036177394505513935,-0.006990962830161965,-0.0027700303128110337,0.4510592104339686,False,False,False,False,-0.036219032769213594,-0.023413867524963477
"(10.0, 14.0]",STABLE,1,0.75,1.5,15,3807,1721,555,1733,543,-354.892870693969,144.0679971017326,0.4520619910690833,0.4552140793275545,0.1457840819542947,0.402153926976622,0.12037037037037036,-0.09322113756080089,-0.010693687364250479,-0.0036014887826901903,0.03784292017381996,0.4568497284248642,-0.017651911875136712,0.006958224510886233,-0.004787737355780919,0.4794876844652039,False,False,False,False,-0.04973686496579148,-0.03021527616502098
"(14.0, inf]",EXPANDING,1,0.75,0.5,60,2541,1037,1491,1108,1420,0.8182907318688961,60.8751728936191,0.40810704447068086,0.4360487996851633,0.5867768595041323,0.0051160960251868115,0.01269185360094451,0.00032203492005859747,-0.010943283023120897,0.023983910994982215,0.023957171544124006,0.39539860888175493,-0.027600990636077724,0.016657707612956825,0.012708435588925926,0.42265685436085293,False,False,False,True,-0.06412430998171206,-0.03753379650241648
"(10.0, 14.0]",EXPANDING,1,1.0,1.5,60,2771,1584,989,1596,977,-28.299519645784066,102.7589053624695,0.5716347888848791,0.5759653554673403,0.356910862504511,0.07145434861060995,0.036268495128112595,-0.010212746173144736,-0.011027941179449144,-0.00020152472329613286,0.037083690134417,0.5679208404593208,0.006140704383351765,-0.01716864556280091,0.0037139484255582778,0.5942157258357949,False,False,False,False,-0.08442589960617805,-0.0477269203928136
"(10.0, 14.0]",CONTRACTING,1,0.75,0.5,30,1665,682,947,711,918,6.918953633887881,63.50327803363372,0.4096096096096096,0.42702702702702705,0.5687687687687688,0.021621621621621623,0.022822822822822823,0.004155527708040769,-0.011161756396243746,0.010610015375528019,0.03814010692710734,0.38785160038797284,-0.04079234391447124,0.02963058751822749,0.021758009221636787,0.4214410295400004,False,False,False,True,-0.07714530433896505,-0.044153530367604395
"(0.0, 7.0]",EXPANDING,1,4.0,1.0,30,3153,153,1692,159,1686,1290.1637889784565,245.83373862940914,0.048525214081826834,0.05042816365366318,0.5366317792578497,0.4148430066603235,-0.3425309229305423,0.40918610497255203,-0.01131301923595072,-0.001798271376768995,0.0779682012779604,0.03588011819333052,-0.04354798640338092,0.032234967167430205,0.012645095888496313,0.045495520941415485,False,True,False,False,-0.09316839867704989,-0.052240708956500306
"(14.0, inf]",STABLE,1,4.0,0.5,60,2218,51,1684,51,1684,668.9626968631035,56.16247469205734,0.022993688007213707,0.022993688007213707,0.7592425608656447,0.21776375112714164,-0.28764652840396754,0.3016062654928329,-0.011361486848040515,-0.011361486848040517,0.025321223936905925,0.0299625468164794,0.0045528667036786805,-0.015914353551719197,-0.006968858809265694,0.040583793541745794,False,False,False,False,-0.11883796218639696,-0.06509972451721874
"(7.0, 10.0]",STABLE,1,4.0,1.0,30,6501,172,3114,172,3114,2694.010926093514,342.64702555540435,0.026457468081833566,0.026457468081833566,0.4790032302722658,0.4945393016459006,-0.37317335794493156,0.4143994656350583,-0.011480710577125085,-0.011480710577125089,0.05270681826725186,0.024737075988742408,-0.039102230678524474,0.02762152010139939,0.0017203920930911575,0.030302026769443817,False,False,False,False,-0.09577008568399695,-0.05362539813056102
"(7.0, 10.0]",STABLE,1,2.0,1.5,60,6404,1967,2787,1972,2782,508.79925553759773,337.6828081939889,0.3071517801374141,0.3079325421611493,0.43519675202998126,0.25765146783260456,-0.03849156777014366,0.07945022728569609,-0.011771323025670072,-0.009038655942596993,0.0527299825412225,0.30853062758361516,-0.04153916976107106,0.02976784673540099,-0.001378847446201037,0.324768088706836,False,False,False,False,-0.09041743230022116,-0.05109437766294562
"(7.0, 10.0]",CONTRACTING,-1,1.0,1.5,30,3175,1539,792,1539,792,-222.0731842634639,167.69485600288158,0.4847244094488189,0.4847244094488189,0.2494488188976378,0.2658267716535433,0.1105511811023622,-0.0699443100042406,-0.012210406383100938,-0.01221040638310094,0.052817277481222544,0.4757073026218338,-0.05029489067555665,0.03808448429245571,0.009017106826985088,0.500546805786873,False,False,False,False,-0.08417996034457735,-0.04819518336383914
"(10.0, 14.0]",STABLE,1,1.0,1.0,30,3792,1616,1564,1628,1552,45.033940485192645,143.52642635421205,0.42616033755274263,0.4293248945147679,0.41244725738396626,0.1613924050632911,0.013713080168776372,0.011876039157487512,-0.012260676653222417,-0.005931562729171787,0.0378497959794863,0.43452958292919497,-0.004587640687758997,-0.00767303596546342,-0.008369245376452339,0.45711519556979674,False,False,False,False,-0.06976802922980083,-0.04101435294151162
"(14.0, inf]",STABLE,1,4.0,1.5,15,2242,9,359,9,359,531.6994980988476,56.74676184629103,0.004014272970561998,0.004014272970561998,0.1601248884924175,0.8358608385370205,-0.22413024085637823,0.23715410263106493,-0.012286915141589404,-0.012286915141589406,0.025310776916276107,0.0031835868411743897,-0.014632389941332414,0.00234547479974301,0.0008306861293876085,0.006997011107949064,False,False,False,False,-0.04727766509010328,-0.029782290115846342
"(7.0, 10.0]",CONTRACTING,-1,1.5,1.0,15,3194,549,955,552,952,260.30678292403894,168.69632960544712,0.17188478396994364,0.1728240450845335,0.29899812147777083,0.5291170945522855,-0.04117094552285536,0.0814986796881775,-0.012488900025487845,-0.010140747239013204,0.052816634190809994,0.16930671185441687,-0.062202847440813884,0.04971394741532604,0.0025780721155267694,0.18813255080801394,False,False,False,False,-0.08881177289884643,-0.050650336462167135
"(14.0, inf]",STABLE,1,3.0,0.5,30,2239,71,1554,74,1551,592.6631637506753,56.67423231965815,0.03171058508262617,0.03305046895935686,0.694059848146494,0.27422956677087984,-0.2518981688253685,0.2646999391472422,-0.01251052638185926,-0.00782093281330187,0.025312296703732983,0.032063773250664306,-0.004335083888455864,-0.008175442493403396,-0.0003531881680381363,0.04296771290718992,False,False,False,False,-0.06666173130502068,-0.03958612884343997
"(7.0, 10.0]",CONTRACTING,-1,3.0,1.0,60,3140,481,1924,481,1924,607.2603588690466,165.86538771846006,0.15318471337579617,0.15318471337579617,0.6127388535031847,0.2340764331210191,-0.15318471337579617,0.19339501874810403,-0.012613066512552047,-0.012613066512552042,0.05282337188485989,0.14911687335588125,-0.049391364697883536,0.03677829818533149,0.00406784001991492,0.1671801053166151,False,False,False,False,-0.1127132034932317,-0.06266313500289188
"(14.0, inf]",STABLE,1,3.0,1.5,15,2242,23,359,23,359,497.52327683264105,56.74676184629103,0.010258697591436218,0.010258697591436218,0.1601248884924175,0.8296164139161463,-0.20941123996431757,0.2219104713794117,-0.012811545501181973,-0.012811545501181975,0.025310776916276107,0.011496285815351963,-0.014671546740761994,0.0018600012395800208,-0.0012375882239157449,0.018290725051418637,False,False,False,False,-0.04034060231659769,-0.02657607390888983
"(14.0, inf]",EXPANDING,1,0.75,0.75,15,2554,1006,1009,1040,975,30.62171060250117,61.1663577254213,0.3938919342208301,0.4072043852779953,0.3950665622552858,0.21104150352388418,-0.0008809710258418168,0.011989706578896309,-0.012840503963555256,0.007128172622192588,0.02394923951660975,0.3875132649451716,-0.028971862347467042,0.016131358383911786,0.0063786692756584995,0.414611938563093,False,False,False,True,-0.05502665165541209,-0.033933577809483674
"(14.0, inf]",CONTRACTING,-1,1.0,0.75,30,855,322,423,327,418,6.182369430236891,21.95308796592333,0.37660818713450295,0.3824561403508772,0.49473684210526314,0.1286549707602339,0.005555555555555556,0.007230841438873556,-0.012889729281504609,-0.00265581115284964,0.02567612627593372,0.3647475642161205,-0.03775459582202515,0.024864866540520544,0.011860622918382469,0.4111752707491426,False,False,False,False,-0.03359095002598938,-0.023240339653746993
"(14.0, inf]",EXPANDING,1,0.75,0.5,30,2551,991,1458,1063,1386,13.677341248357088,61.10121343036764,0.3884751078008624,0.41669933359466876,0.5715405723245786,0.03998431987455908,0.0055860446883575065,0.005361560661841273,-0.013004261929443574,0.022276020312814365,0.023951867279642353,0.37821080602302926,-0.029646468443506636,0.016642206514063063,0.010264301777833162,0.4052097135753092,False,False,False,True,-0.06092044846452828,-0.03696235519698593
"(7.0, 10.0]",CONTRACTING,-1,2.0,1.5,30,3175,624,891,624,891,214.5041221075845,167.69485600288158,0.19653543307086613,0.19653543307086613,0.28062992125984254,0.5228346456692913,-0.027874015748031496,0.06756035341971166,-0.01313093980954239,-0.013130939809542386,0.052817277481222544,0.19730410309583765,-0.05979401500491856,0.04666307519537617,-0.0007686700249715239,0.21730671977764884,False,False,False,False,-0.09801498030025033,-0.055572960054896356
"(14.0, inf]",CONTRACTING,-1,1.0,0.5,15,858,228,491,242,477,28.171276601880347,22.028981079620134,0.26573426573426573,0.28205128205128205,0.5722610722610723,0.16200466200466201,-0.020396270396270396,0.03283365571314726,-0.013237417806223528,0.01123810666930095,0.02567480312310039,0.2511496285815352,-0.03527855653167661,0.02204113872545308,0.014584637152730506,0.2932481709566511,False,False,False,True,-0.05919412922795672,-0.03621577351709013
"(10.0, 14.0]",EXPANDING,1,2.0,1.5,30,2791,490,885,498,877,413.39323479104934,103.48692488951522,0.17556431386599786,0.17843067001074883,0.3170906485130778,0.5073450376209243,-0.12450734503762093,0.14811652984272639,-0.013469613077200245,-0.0034373665705717954,0.037078797882305704,0.15834141610087293,0.006361619759492997,-0.01983123283669324,0.017222897765124923,0.17797842572301914,False,False,False,False,-0.056528308846659665,-0.034998960961929955
"(7.0, 10.0]",CONTRACTING,-1,2.0,1.0,15,3194,274,964,275,963,541.6196208826017,168.69632960544712,0.08578584846587352,0.08609893550407013,0.3018159048215404,0.612398246712586,-0.13024420788979335,0.16957408293130924,-0.013486759149294127,-0.012547498034704271,0.052816634190809994,0.08524276136447359,-0.06606319824934094,0.052576439100046814,0.0005430871013999278,0.09938219577453973,False,False,False,False,-0.09473941159389589,-0.05411308537159501
"(7.0, 10.0]",CONTRACTING,-1,1.0,1.0,15,3194,1068,930,1076,922,-12.7472988013767,168.69632960544712,0.3343769567939887,0.3368816530995617,0.29117094552285533,0.37445209768315596,0.043206011271133375,-0.003991014026730339,-0.013601636946406957,-0.00859224433526106,0.052816634190809994,0.3236572607382303,-0.059884635224586466,0.04628299827817951,0.010719696055758399,0.3469717108797978,False,False,False,False,-0.09704102404635892,-0.05532133049638294
"(14.0, inf]",STABLE,1,1.5,0.5,30,2239,421,1519,428,1512,153.54768325373374,56.67423231965815,0.1880303707012059,0.19115676641357748,0.678427869584636,0.13354175971415816,-0.05716837874050915,0.06857868836700926,-0.01390198707723288,-0.007649195652489688,0.025312296703732983,0.18724534986713906,-0.004696757078000828,-0.00920522999923205,0.0007850208340668408,0.2106569220267131,False,False,False,False,-0.037239784126798826,-0.025570885602015852
"(7.0, 10.0]",CONTRACTING,-1,0.75,1.0,15,3194,1478,890,1499,869,-94.30867277867137,168.69632960544712,0.4627426424546024,0.4693174702567314,0.27864746399499063,0.258609893550407,0.06840951784596118,-0.02952682303652829,-0.013933939381377108,-0.0024279907276513746,0.052816634190809994,0.44595888897075076,-0.05740497623503545,0.04347103685365834,0.016783753483851638,0.470630448448602,False,False,False,False,-0.0832178032170525,-0.0485758712992148
"(14.0, inf]",STABLE,1,4.0,0.5,30,2239,21,1554,21,1554,718.3640428155584,56.67423231965815,0.009379187137114784,0.009379187137114784,0.694059848146494,0.29656096471639115,-0.30951317552478785,0.3208414661972123,-0.013984006031308518,-0.013984006031308518,0.025312296703732983,0.010274579273693534,-0.0031444039108640817,-0.010839602120444436,-0.0008953921365787501,0.01673299646450774,False,False,False,False,-0.07257255714657355,-0.04327828158894104
"(10.0, 14.0]",STABLE,1,1.0,1.0,60,3763,1853,1767,1866,1754,2.913529933056485,142.4723347408888,0.4924262556470901,0.49588094605368055,0.46957214988041457,0.03800159447249535,0.022854105766675525,0.0007742572237726508,-0.014233006858313135,-0.007323626045132162,0.03786136984876131,0.497801123870022,-0.0033751498682482663,-0.01085785699006487,-0.005374868222931928,0.5206304263265655,False,False,False,False,-0.06839911365239046,-0.0413160602553518
"(0.0, 7.0]",CONTRACTING,1,4.0,1.5,60,6403,684,3179,684,3179,2493.1754877325047,553.8240083541089,0.10682492581602374,0.10682492581602374,0.49648602217710447,0.39668905200687177,-0.31742933000156176,0.3893761498879439,-0.01454763714221523,-0.014547637142215228,0.08649445702859736,0.11057316118935838,-0.029521128901152906,0.014973491758937677,-0.0037482353733346435,0.1216930834733256,False,False,False,False,-0.11014361387380123,-0.06234562550800823
"(14.0, inf]",STABLE,1,1.0,1.0,30,2239,924,915,931,908,15.08051123813417,56.67423231965815,0.4126842340330505,0.41581062974542204,0.4086645824028584,0.17865118356409104,0.00401965163019205,0.0067353779536106165,-0.014557267119930318,-0.008304475695187129,0.025312296703732983,0.4063773250664305,-0.012019250474678968,-0.0025380166452513495,0.006306908966620006,0.4355405612589723,False,False,False,False,-0.04232011771227884,-0.028438692416104576
"(10.0, 14.0]",STABLE,1,1.0,1.5,15,3807,1204,583,1211,576,-241.34510821297172,144.0679971017326,0.3162595219332808,0.3180982400840557,0.15313895455739426,0.530601523509325,0.08655109009718939,-0.06339509015313152,-0.014686920229762103,-0.010090124852824879,0.03784292017381996,0.32528666264333134,-0.015832884552530027,0.0011459643227679246,-0.009027140710050563,0.34665977821314603,False,False,False,False,-0.05511735374071764,-0.03490213698523987
"(10.0, 14.0]",STABLE,1,4.0,1.5,15,3807,17,605,17,605,927.0712369876005,144.0679971017326,0.004465458366167586,0.004465458366167586,0.1589177830312582,0.8366167586025741,-0.22051484108221697,0.24351753007291843,-0.014840231183118488,-0.014840231183118485,0.03784292017381996,0.004586602293301147,-0.014193805739814094,-0.000646425443304394,-0.00012114392713356067,0.007943872116407041,False,False,False,False,-0.06544605588588642,-0.040143143534502455
"(10.0, 14.0]",EXPANDING,1,3.0,0.75,60,2771,298,1923,301,1920,609.8502036842218,102.7589053624695,0.10754240346445326,0.10862504511006857,0.6939732948394082,0.19848430169613862,-0.19785276073619631,0.22008307603183755,-0.014853374838775784,-0.010793468667718405,0.037083690134417,0.09650623014903494,-0.01955748101012701,0.0047041061713512244,0.011036173315418327,0.11255359062309693,False,False,False,False,-0.07149692059443313,-0.04317514771660446
"(14.0, inf]",CONTRACTING,-1,1.5,0.75,60,848,260,523,261,522,11.43986703022868,21.794415002467627,0.30660377358490565,0.30778301886792453,0.6167452830188679,0.07665094339622647,-0.0026533018867924527,0.013490409233760235,-0.014863853740847815,-0.012210551854055361,0.025700961087815596,0.28125557339040486,-0.06334107278184456,0.04847721904099674,0.025348200194500792,0.3250541674488387,False,False,False,False,-0.03410110919877442,-0.024482481469811117
"(0.0, 7.0]",EXPANDING,1,4.0,1.0,60,3062,358,2059,364,2053,820.4621230974506,239.44254018301092,0.11691704768125408,0.11887655127367734,0.6724363161332463,0.21064663618549961,-0.20476812540822992,0.26794974627611057,-0.015016465410045839,-0.00521894744792957,0.07819808627792649,0.095608372456964,-0.02665965689842877,0.01164319148838293,0.021308675224290072,0.11079763944235374,False,True,False,False,-0.12114774326527535,-0.0680821043376606
"(14.0, inf]",STABLE,1,2.0,1.0,15,2242,146,710,151,705,441.0328313223953,56.74676184629103,0.06512042818911686,0.06735057983942908,0.31668153434433544,0.6181980374665477,-0.1864406779661017,0.19671401932310226,-0.015037435559275534,-0.008346980608338873,0.025310776916276107,0.06455606650159179,-0.010381052297709987,-0.004656383261565547,0.000564361687525064,0.07953746252542784,False,False,False,False,-0.03421148392750089,-0.024624459743388213
"(7.0, 10.0]",CONTRACTING,-1,0.75,1.5,15,3194,1527,429,1529,427,-381.1243639423576,168.69632960544712,0.4780839073262367,0.47871008140262994,0.1343143393863494,0.387601753287414,0.15709142141515342,-0.1193250982912829,-0.015050311066939487,-0.013641419395054706,0.052816634190809994,0.46680910631400574,-0.05347017887429536,0.03841986780735587,0.01127480101223094,0.4915557920125466,False,False,False,False,-0.08027051937184375,-0.04766041521939162
"(10.0, 14.0]",STABLE,1,1.5,1.5,15,3807,558,600,559,599,148.74000135635083,144.0679971017326,0.14657210401891252,0.1468347780404518,0.15760441292356187,0.6958234830575256,-0.016548463356973995,0.039070134320029114,-0.015321249210764847,-0.014533227146147035,0.03784292017381996,0.14821967410983705,-0.015177461963110353,-0.00014378724765449352,-0.0016475700909245328,0.16456419720024293,False,False,False,False,-0.06115261320149289,-0.03823693120612887
"(14.0, inf]",CONTRACTING,-1,0.75,1.0,15,858,370,221,375,216,-47.695532442213874,22.028981079620134,0.43123543123543123,0.4370629370629371,0.25757575757575757,0.31118881118881125,0.06585081585081586,-0.05558919865059892,-0.01541318592288346,-0.005215050724748264,0.02567480312310039,0.4156349487088787,-0.03996216850217331,0.02454898257928985,0.01560048252655255,0.4629380122680481,False,False,False,False,-0.056815858322706546,-0.036114522122795006
"(14.0, inf]",STABLE,1,2.0,0.75,15,2242,142,969,147,964,464.93491985805326,56.74676184629103,0.06333630686886708,0.0655664585191793,0.4322033898305085,0.5044603033006245,-0.19747992863514718,0.20737507576184355,-0.015415629789579735,-0.009282712751221129,0.025310776916276107,0.0615493455960382,-0.007787863458142255,-0.00762776633143748,0.0017869612728288811,0.07621392157548992,False,False,False,False,-0.0281812329664773,-0.02179843137802852
"(7.0, 10.0]",CONTRACTING,-1,1.5,1.5,30,3175,989,866,989,866,-65.77961084872159,167.69485600288158,0.311496062992126,0.311496062992126,0.272755905511811,0.41574803149606304,0.05811023622047244,-0.020717987668888688,-0.015425028929638793,-0.01542502892963879,0.052817277481222544,0.30788031402755145,-0.057394141683554334,0.041969112753915544,0.003615748964574561,0.33096553185041655,False,False,False,False,-0.0902095260328063,-0.052817277481222544
"(10.0, 14.0]",STABLE,1,0.75,1.0,30,3792,2025,1420,2051,1394,-13.994862015714109,143.52642635421205,0.5340189873417721,0.5408755274261603,0.3744725738396624,0.09150843881856546,0.026041666666666668,-0.003690628168700978,-0.01549875748152061,-0.003499812333841293,0.0378497959794863,0.5375848690591658,-0.009037221428805184,-0.006461536052715426,-0.003565881717393693,0.560237882201442,False,False,False,False,-0.06397381395511759,-0.039736285718319095
"(7.0, 10.0]",STABLE,1,3.0,1.0,30,6501,399,3110,400,3109,2154.463780974257,342.64702555540435,0.06137517305029996,0.06152899553914783,0.4783879403168743,0.46023688663282575,-0.29426242116597445,0.33140498092205156,-0.015564258511174777,-0.014948968555783301,0.05270681826725186,0.06132424825951711,-0.04142779205316116,0.025863533541986384,5.092479078284973e-05,0.06981649185743684,False,False,False,False,-0.09645708099176563,-0.056010669751470205
"(7.0, 10.0]",STABLE,1,2.0,1.5,30,6501,1186,1981,1189,1978,840.2875744958228,342.64702555540435,0.1824334717735733,0.1828949392401169,0.30472235040762957,0.5128441778187971,-0.0922165820642978,0.12925512605688708,-0.015668274274662598,-0.014053138141759965,0.05270681826725186,0.1827136720485854,-0.04440814860510199,0.028739874330439393,-0.00028020027501210465,0.19625290681849406,False,False,False,False,-0.09151378513135851,-0.05359102970301055
"(7.0, 10.0]",STABLE,1,4.0,1.5,15,6535,34,1114,34,1114,1776.3527017374593,344.38265460412464,0.005202754399387911,0.005202754399387911,0.17046671767406274,0.8243305279265494,-0.23488905891354248,0.2718213774655638,-0.015765868839581542,-0.015765868839581546,0.052698187391602855,0.005452000294702718,-0.037982596409641634,0.02221672757006009,-0.00024924589531480704,0.00817477276821341,False,False,False,False,-0.09027757857024679,-0.05302172370491417
"(14.0, inf]",EXPANDING,1,0.75,0.5,15,2554,867,1359,935,1291,49.618558509977454,61.1663577254213,0.3394675019577134,0.36609240407204385,0.5321064996084574,0.1284259984338293,-0.011452623335943617,0.019427783285034243,-0.015974079567519124,0.01730704807539395,0.02394923951660975,0.33091616554651576,-0.03442667745147837,0.018452597883959247,0.008551336411197652,0.3571447431225163,False,False,False,True,-0.05772460540760587,-0.0368493424875625
"(10.0, 14.0]",STABLE,1,3.0,1.5,15,3807,45,605,45,605,855.3886222646456,144.0679971017326,0.01182033096926714,0.01182033096926714,0.1589177830312582,0.8292618859994747,-0.20291568163908588,0.22468836938918982,-0.016070232423716045,-0.01607023242371604,0.03784292017381996,0.012794206397103198,-0.015363473840811348,-0.0007067585829046968,-0.000973875427836059,0.01818691402320517,False,False,False,False,-0.06756815769192193,-0.04181919505781899
"(7.0, 10.0]",EXPANDING,-1,1.5,1.0,60,3761,1442,2081,1458,2065,54.680521658458645,197.27354096545074,0.3834086679074714,0.3876628556235044,0.5533102898165382,0.0632810422759904,0.021802712044668972,0.014538825221605595,-0.016110879900822144,-0.005475410610739723,0.05245241716709671,0.36708004509582864,-0.04772858476073325,0.03161770485991111,0.016328622811642768,0.3891757482128038,False,False,False,False,-0.08200245569768723,-0.04905666779925469
"(7.0, 10.0]",CONTRACTING,-1,0.75,1.0,30,3175,1769,1178,1794,1153,-32.29794018381394,167.69485600288158,0.5571653543307087,0.5650393700787402,0.3710236220472441,0.07181102362204722,0.046850393700787404,-0.01017257958545321,-0.016139463365888354,-0.0023599358068332396,0.052817277481222544,0.5344393423196564,-0.05377565803725373,0.03763619467136538,0.022726012011052288,0.5592055430668069,False,False,False,False,-0.07558198779269339,-0.04586072557929087
"(7.0, 10.0]",STABLE,1,3.0,1.5,15,6535,139,1113,139,1113,1491.2975450871186,344.38265460412464,0.02127008416220352,0.02127008416220352,0.17031369548584543,0.808416220351951,-0.19166029074215762,0.22820161363230582,-0.016156864501454638,-0.01615686450145464,0.052698187391602855,0.020334487585647976,-0.03857880749933436,0.02242194299787972,0.0009355965765555432,0.02539435418902363,False,False,False,False,-0.08973324030449485,-0.05294505240297474
"(10.0, 14.0]",STABLE,1,1.5,1.0,60,3763,1320,2019,1323,2016,120.31847707806111,142.4723347408888,0.35078394897688014,0.3515811852245549,0.5365399946850917,0.11267605633802813,-0.010364071219771459,0.031974083730550384,-0.016251357337982383,-0.014258266718795563,0.03786136984876131,0.35621793305643784,-0.003767654413590037,-0.012483702924392347,-0.005433984079557697,0.37817170683408485,False,False,False,False,-0.08466293013426791,-0.05045714373612515
"(0.0, 7.0]",EXPANDING,1,4.0,0.5,30,3153,116,2366,122,2360,913.507846276141,245.83373862940914,0.03679035838883603,0.03869330796067238,0.750396447827466,0.212813193783698,-0.22803679035838884,0.28972656082338755,-0.016278430812961674,-0.0077151577396981225,0.0779682012779604,0.02748463955724403,-0.052417519496311134,0.03613908868334946,0.009305718831591998,0.03598280912241689,False,True,False,False,-0.10303249363458211,-0.059655462223771896
"(10.0, 14.0]",EXPANDING,1,0.75,1.0,60,2771,1598,1137,1619,1116,-4.102750131265747,102.7589053624695,0.5766871165644172,0.5842656080837243,0.4103211836881992,0.012991699747383623,0.022194153735113676,-0.001480602717887314,-0.016370139117190638,-0.0031077789584031956,0.037083690134417,0.5807476178841925,-0.008155774636184027,-0.008214364481006611,-0.0040605013197753115,0.606928956290218,False,False,False,False,-0.062279393325792874,-0.03932476622149175
"(10.0, 14.0]",EXPANDING,1,4.0,0.75,60,2771,135,1938,137,1936,970.2138097922593,102.7589053624695,0.04871887405268856,0.049440635149765426,0.6993865030674846,0.2518946228798268,-0.32966438108985924,0.3501312918773942,-0.016616779346882056,-0.013188414135766938,0.037083690134417,0.041900806254580994,-0.023120234494113587,0.006503455147231531,0.006818067798107563,0.05294093054950535,False,False,False,False,-0.05462624478581379,-0.03562151206634792
"(7.0, 10.0]",CONTRACTING,-1,1.5,1.5,15,3194,566,461,566,461,-42.50534129615104,168.69632960544712,0.17720726361928615,0.17720726361928615,0.1443331246086412,0.6784596117720726,0.04931120851596744,-0.013307871413948352,-0.01681329708879091,-0.01681329708879091,0.052816634190809994,0.17696898253886392,-0.061617229131186196,0.044803932042395286,0.00023828108042223128,0.1961173294041309,False,False,False,False,-0.08881997129282908,-0.052816634190809994
"(7.0, 10.0]",CONTRACTING,-1,1.0,1.5,15,3194,1101,450,1101,450,-311.03152696653166,168.69632960544712,0.34470882905447714,0.34470882905447714,0.1408891671884784,0.5144020037570445,0.13337507827175954,-0.09737993956372312,-0.016821495482773566,-0.01682149548277357,0.052816634190809994,0.3384660723495174,-0.05715391590940517,0.0403324204266316,0.006242756704959718,0.36203314420402133,False,False,False,False,-0.09549252114260678,-0.056157008312690174
"(14.0, inf]",STABLE,1,1.0,0.75,30,2239,831,1144,842,1133,45.97280734088019,56.67423231965815,0.3711478338543993,0.3760607414024118,0.5109423849933006,0.11790978115230011,-0.01205895489057615,0.020532741108030453,-0.01683851048627868,-0.008240922277256795,0.025312296703732983,0.3691762621789194,-0.011614026318551995,-0.005224484167726686,0.0019715716754798995,0.39787103747449337,False,False,False,False,-0.026327166052639604,-0.021582838269459143
"(10.0, 14.0]",STABLE,1,0.75,1.0,60,3763,2169,1539,2196,1512,-9.002726223297369,142.4723347408888,0.576401807068828,0.5835769332979006,0.4089821950571353,0.014615997874036668,0.023319160244485784,-0.0023924332243681554,-0.016934642828643685,-0.004378171927766725,0.03786136984876131,0.5807476178841925,-0.008155774636184027,-0.008778868192459658,-0.004345810815364448,0.6032254322180044,False,False,False,False,-0.06796244174454907,-0.04244854228659638
"(7.0, 10.0]",CONTRACTING,-1,3.0,1.0,15,3194,70,966,70,966,869.6589674184997,168.69632960544712,0.021916092673763307,0.021916092673763307,0.3024420788979336,0.6756418284283031,-0.2366938008766437,0.2722789503501878,-0.01723148471726593,-0.017231484717265932,0.052816634190809994,0.025933839239666984,-0.06933592722096665,0.05210444250370072,-0.004017746565903677,0.034150420127986754,False,False,False,False,-0.0908751125640162,-0.05405329864064107
"(7.0, 10.0]",CONTRACTING,-1,3.0,0.5,60,3140,333,2487,333,2487,355.3210891080952,165.86538771846006,0.10605095541401274,0.10605095541401274,0.7920382165605095,0.10191082802547768,-0.07786624203821656,0.11315958251850165,-0.017530031404574802,-0.0175300314045748,0.05282337188485989,0.10214205186020293,-0.0432285993182052,0.025698567913630396,0.003908903553809809,0.1175720804115182,False,False,False,False,-0.12784275865859973,-0.07268639503158726
"(10.0, 14.0]",STABLE,1,2.0,1.0,15,3807,245,1203,247,1201,788.8861072252696,144.0679971017326,0.0643551352771211,0.06488048332019963,0.31599684791174154,0.6196480168111373,-0.18728657735749935,0.20721988632132116,-0.017909611209998164,-0.01633356708076254,0.03784292017381996,0.06445383222691611,-0.014054128248179166,-0.003855482961818998,-9.869694979501575e-05,0.07586590980019625,False,False,False,False,-0.06496598739303806,-0.04143779930151811
"(14.0, inf]",STABLE,1,3.0,0.75,15,2242,21,971,23,969,681.5361632318787,56.74676184629103,0.00936663693131133,0.010258697591436218,0.43309545049063336,0.5575379125780553,-0.296721677074041,0.30398579983580676,-0.018046654154510393,-0.01470142667904206,0.025310776916276107,0.010258224266006368,-0.01025402095418136,-0.007792633200329033,-0.0008915873346950383,0.016707309054941367,False,False,False,False,-0.03354588956864259,-0.02579627186157649
"(7.0, 10.0]",EXPANDING,1,4.0,0.5,60,3761,200,3052,204,3048,855.2550135352583,197.27354096545074,0.053177346450412125,0.05424089337942037,0.811486306833289,0.1353363467162988,-0.19303376761499602,0.2274009607910817,-0.01808522399101102,-0.01329926281047393,0.05245241716709671,0.04487034949267193,-0.04708726331157407,0.02900203932056305,0.008306996957740197,0.054604602464713964,False,False,False,False,-0.009064720630530883,-0.013574972310770952
"(7.0, 10.0]",STABLE,1,4.0,0.75,60,6404,379,4513,379,4513,2090.3752422005064,337.6828081939889,0.059181761399125545,0.059181761399125545,0.7047158026233604,0.236102435977514,-0.2918098063710181,0.32641712089327085,-0.018122668018969786,-0.018122668018969786,0.0527299825412225,0.059000375798571966,-0.03177245940313492,0.013649791384165132,0.00018138560055357827,0.06740818516542312,False,False,False,False,-0.09578197678190359,-0.056952322400436683
"(14.0, inf]",STABLE,1,3.0,1.0,15,2242,21,712,23,710,664.578679611695,56.74676184629103,0.00936663693131133,0.010258697591436218,0.3175735950044603,0.6730597680642283,-0.2894736842105263,0.2964222478196677,-0.018362213307134737,-0.014793970666635183,0.025310776916276107,0.011142553944110364,-0.012779718266459747,-0.005582495040674989,-0.0017759170127990345,0.017840388806974403,False,False,False,False,-0.04119957466746953,-0.02978089398730213
"(14.0, inf]",STABLE,1,4.0,0.75,15,2242,7,971,7,971,715.7123844980853,56.74676184629103,0.0031222123104371097,0.0031222123104371097,0.43309545049063336,0.5637823371989296,-0.31233273862622657,0.31922943108746,-0.018414084455042713,-0.018414084455042713,0.025310776916276107,0.002829854969932791,-0.010346637974812493,-0.008067446480230219,0.0002923573405043188,0.006451807188855915,False,False,False,False,-0.036251010632503654,-0.027332547543773185
"(14.0, inf]",STABLE,1,4.0,1.0,15,2242,7,712,7,712,698.7549008779014,56.74676184629103,0.0031222123104371097,0.0031222123104371097,0.3175735950044603,0.6793041926851027,-0.3050847457627119,0.3116658790713209,-0.018729643607667105,-0.01872964360766711,0.025310776916276107,0.002829854969932791,-0.013094293338271806,-0.0056353502693952985,0.0002923573405043188,0.006451807188855915,False,False,False,False,-0.04586240954860902,-0.032296026578138064
"(7.0, 10.0]",CONTRACTING,-1,2.0,1.0,30,3175,584,1484,585,1483,423.7864973808718,167.69485600288158,0.18393700787401573,0.18425196850393702,0.4674015748031496,0.34866141732283473,-0.0995275590551181,0.13347606216720373,-0.01886877436913693,-0.01792389247937315,0.052817277481222544,0.18138053621685676,-0.05826250039356708,0.03939372602443014,0.0025564716571589707,0.2007669806893953,False,False,False,False,-0.10856899978037088,-0.0637188870747539
"(7.0, 10.0]",CONTRACTING,-1,0.75,1.0,60,3140,1843,1271,1869,1245,-5.260225655387801,165.86538771846006,0.5869426751592357,0.5952229299363058,0.4047770700636943,0.008280254777070006,0.03542993630573248,-0.001675231100441975,-0.01906866667956938,-0.00457822081969677,0.05282337188485989,0.5688087185268696,-0.04900475276924273,0.02993608608967335,0.018133956632366055,0.5935080428056912,False,False,False,False,-0.0732022673526174,-0.04613546701609339
"(14.0, inf]",CONTRACTING,-1,1.0,0.5,60,848,281,554,295,540,1.6009576245849861,21.794415002467627,0.3313679245283019,0.34787735849056606,0.6533018867924528,0.015330188679245293,0.0047169811320754715,0.0018879217271049365,-0.01909605822863519,0.005668092714761035,0.025700961087815596,0.31746031746031744,-0.041226844276577176,0.022130786047941987,0.01390760706798444,0.3626852703458552,False,False,False,True,-0.04751713348492031,-0.03330659585677775
"(14.0, inf]",STABLE,1,1.5,1.5,15,2242,303,357,305,355,94.71081829995805,56.74676184629103,0.13514719000892061,0.1360392506690455,0.1592328278322926,0.7056199821587867,-0.03612845673505798,0.04224389754681447,-0.019195336104519616,-0.016519154124144952,0.025310776916276107,0.14007782101167315,-0.01617719425182557,-0.003018141852694046,-0.004930631002752539,0.160976421395031,False,False,False,False,-0.03410239970840726,-0.02664886790646344
"(10.0, 14.0]",EXPANDING,1,0.75,1.0,30,2791,1499,1061,1521,1039,-13.632376435867906,103.48692488951522,0.5370834826227159,0.5449659620207811,0.3801504836975994,0.08276603367968471,0.022662128269437476,-0.004884405745563564,-0.01930107535843179,-0.005506736411817675,0.037078797882305704,0.5375848690591658,-0.009037221428805184,-0.010263853929626605,-0.0005013864364499243,0.5639820401037335,False,False,False,False,-0.05911607559636636,-0.039208575477399074
"(7.0, 10.0]",CONTRACTING,-1,2.0,1.5,15,3194,282,468,282,468,245.02929393022674,168.69632960544712,0.08829054477144646,0.08829054477144646,0.14652473387601753,0.765184721352536,-0.043206011271133375,0.0767154959080234,-0.019307149553919968,-0.019307149553919968,0.052816634190809994,0.08907389670669712,-0.06633283106267762,0.047025681508757654,-0.0007833519352506563,0.10348854433207154,False,False,False,False,-0.09516622318166312,-0.05723668636779154
"(10.0, 14.0]",EXPANDING,1,2.0,1.0,30,2791,452,1341,463,1330,486.39280967922525,103.48692488951522,0.16194912217843066,0.16589036187746328,0.4804729487638839,0.3575779290576855,-0.15657470440702256,0.17427187734834299,-0.0193816249409853,-0.007557905843887484,0.037078797882305704,0.14718719689621726,-0.005431270924745718,-0.013950354016239582,0.0147619252822134,0.16626255383767805,False,False,False,False,-0.055832519891629,-0.03760707241630715
"(7.0, 10.0]",CONTRACTING,-1,4.0,1.0,15,3194,25,967,25,967,973.7042713584916,168.69632960544712,0.007827175954915467,0.007827175954915467,0.3027551659361302,0.6894176581089544,-0.2714464621164684,0.3048541863990268,-0.01940890990825157,-0.019408909908251566,0.052816634190809994,0.010314595152140279,-0.06965909979254203,0.05025018988429046,-0.0024874191972248123,0.015667900804611955,False,False,False,False,-0.09211508714459633,-0.05576199852642395
"(10.0, 14.0]",EXPANDING,1,1.0,1.0,30,2791,1225,1196,1243,1178,20.152328652417232,103.48692488951522,0.4389107846649946,0.44536008599068433,0.4285202436402723,0.13256897169473303,0.010390541024722321,0.007220468882987185,-0.0194677879745962,-0.0065691853232167675,0.037078797882305704,0.43452958292919497,-0.004587640687758997,-0.014880147286837203,0.004381201735799645,0.46086056906532347,False,False,False,False,-0.06758841044139464,-0.04352809920799542
"(7.0, 10.0]",EXPANDING,-1,1.5,1.5,60,3761,1679,1586,1694,1571,-16.36712234305247,197.27354096545074,0.4464238234512098,0.4504121244349907,0.42169635735176814,0.13187981919702207,0.03709119914916246,-0.004351800676163911,-0.019713018694098167,-0.00774811574275544,0.05245241716709671,0.42577978203682826,-0.04417421873989698,0.02446120004579881,0.02064404141438153,0.4484074922361966,False,False,False,False,-0.097156718591438,-0.05843486864276808
"(7.0, 10.0]",EXPANDING,-1,1.5,0.75,60,3761,1243,2388,1265,2366,49.21484614601691,197.27354096545074,0.33049720818931133,0.3363467162988567,0.6349375166179207,0.034565275192767864,0.019542674820526455,0.013085574620052356,-0.0198241677265179,-0.006662774480040906,0.05245241716709671,0.31484404359263435,-0.05277378304454427,0.03294961531802637,0.015653164596676983,0.33617058631740615,False,False,False,False,-0.07450488674611676,-0.04716452723631733
"(0.0, 7.0]",EXPANDING,1,4.0,0.75,60,3062,308,2292,314,2286,665.4707195340754,239.44254018301092,0.10058785107772697,0.10254735467015023,0.7485303723056825,0.15088177661659052,-0.15904637491835402,0.21733204426325128,-0.019912416933029222,-0.010604774869018771,0.07819808627792649,0.08303990610328639,-0.03125939854429914,0.01134698161126992,0.01754794497444058,0.09732173713945147,False,True,False,False,-0.11836115875875416,-0.0691367878458917
"(10.0, 14.0]",STABLE,1,1.5,1.0,30,3792,936,1689,939,1686,352.96482237709444,143.52642635421205,0.2468354430379747,0.247626582278481,0.4454113924050633,0.30775316455696206,-0.07515822784810126,0.09308144050028862,-0.01992658332729895,-0.01794873522603313,0.0378497959794863,0.25836566440349173,-0.006614606745470892,-0.013311976581828058,-0.01153022136551704,0.27842407168818256,False,False,False,False,-0.0928811599561861,-0.05640387164174252
"(14.0, inf]",CONTRACTING,-1,0.75,1.5,15,858,378,106,383,101,-119.71018415356569,22.028981079620134,0.4405594405594406,0.44638694638694637,0.12354312354312354,0.43589743589743585,0.1451048951048951,-0.13952235915333996,-0.02009226717154525,-0.006980379059657142,0.02567480312310039,0.4280155642023346,-0.043575812496754435,0.023483545325209184,0.012543876357105965,0.4754719974194683,False,False,False,False,-0.07249384847054956,-0.0462930578210474
"(14.0, inf]",STABLE,1,0.75,1.5,30,2239,1247,528,1255,520,-131.58612798083945,56.67423231965815,0.556945064761054,0.5605180884323359,0.23581956230460027,0.20723537293434574,0.06397945511389012,-0.058770043760982334,-0.02010288535082519,-0.01206358209044109,0.025312296703732983,0.5542958370239149,-0.014917150962809695,-0.005185734388015494,0.0026492277371390482,0.583651770126983,False,False,False,False,-0.0572081327342898,-0.03865550904255749
"(10.0, 14.0]",STABLE,1,1.0,0.75,60,3763,1621,2089,1648,2062,11.77033354384935,142.4723347408888,0.43077331916024447,0.43794844538931704,0.555142173797502,0.014084507042253502,0.014416688812117991,0.0031279121827928118,-0.02031676885385051,-0.00776029795297355,0.03786136984876131,0.4317126801856829,-0.016695908394308366,-0.003620860459542144,-0.000939361025438401,0.45436966006656127,False,False,False,False,-0.0713445677697559,-0.0458306683118032
"(7.0, 10.0]",EXPANDING,-1,2.0,0.5,60,3761,725,2891,740,2876,114.640797667015,197.27354096545074,0.19276788088274396,0.19675618186652485,0.7686785429407073,0.038553576176548754,0.0011964902951342728,0.030481467074452272,-0.020774459797510168,-0.010803707338057897,0.05245241716709671,0.1831642239759489,-0.04676719196588685,0.02599273216837668,0.009603656906795072,0.20102602518481802,False,False,False,False,-0.04393834044230427,-0.03235640011990722
"(7.0, 10.0]",CONTRACTING,-1,3.0,1.5,30,3175,241,903,241,903,732.8238293896154,167.69485600288158,0.07590551181102362,0.07590551181102362,0.2844094488188976,0.6396850393700787,-0.19889763779527558,0.2308106549258631,-0.020904260350635015,-0.020904260350635015,0.052817277481222544,0.07976596059842986,-0.06672018834249258,0.04581592799185756,-0.00386044878740624,0.09353920346048651,False,False,False,False,-0.09827163952905292,-0.05958794993984397
"(14.0, inf]",STABLE,1,2.0,0.5,15,2242,128,1343,135,1336,424.9488189860729,56.74676184629103,0.057091882247992866,0.06021409455842997,0.5990187332738626,0.34388938447814454,-0.1853256021409456,0.189540061992004,-0.02109631706521771,-0.013290786289124938,0.025310776916276107,0.054474708171206226,-0.012898712745607332,-0.008197604319610377,0.0026171740767866394,0.06835447202505988,False,False,False,False,-0.02833527856029351,-0.02471579781275561
"(0.0, 7.0]",EXPANDING,1,3.0,0.5,60,3062,394,2482,405,2471,233.67796874880918,239.44254018301092,0.1286740692357936,0.13226649248856956,0.8105813193990856,0.06074461136512077,-0.019268451992161987,0.07631546987224336,-0.021151068397845113,-0.008577587013129231,0.07819808627792649,0.11277386541471049,-0.04818905322816423,0.02703798483031912,0.01590020382108312,0.12907721710322495,False,False,False,False,-0.11159536643124844,-0.06637321741454677
"(7.0, 10.0]",STABLE,1,2.0,1.5,15,6535,521,1113,521,1113,833.5421964508362,344.38265460412464,0.07972456006120887,0.07972456006120887,0.17031369548584543,0.7499617444529457,-0.09602142310635042,0.12755045087235442,-0.021169159625598847,-0.02116915962559885,0.052698187391602855,0.07927503131216386,-0.04266563226129969,0.021496472635700845,0.00044952874904501117,0.08878655635820584,False,False,False,False,-0.08727804397948245,-0.05422360180254065
"(7.0, 10.0]",EXPANDING,-1,4.0,1.5,60,3761,402,1832,406,1828,1257.603954049823,197.27354096545074,0.10688646636532836,0.10795001329433661,0.48710449348577506,0.40600904014889655,-0.3031108747673491,0.334380205809578,-0.021183086124867793,-0.015333578015322459,0.05245241716709671,0.09327320556181887,-0.05909804410325933,0.037914957978391534,0.013613260803509497,0.10680616039405207,False,True,False,False,0.0238315221599323,0.0013242180175322537
"(10.0, 14.0]",STABLE,1,0.75,1.0,15,3807,1662,1116,1683,1095,-67.41096547920253,144.0679971017326,0.43656422379826637,0.44208037825059104,0.29314420803782504,0.27029156816390865,0.034278959810874705,-0.017707109398267015,-0.021271069761212274,-0.01161779946964411,0.03784292017381996,0.44067592033796016,-0.02003472845034953,-0.0012363413108627437,-0.004111696539693788,0.46324823521680697,False,False,False,False,-0.05866102204473931,-0.03996604590297579
"(0.0, 7.0]",EXPANDING,1,4.0,0.75,30,3153,139,2029,145,2023,1144.3244544529666,245.83373862940914,0.04408499841420869,0.04598794798604504,0.6435141135426578,0.3124008880431336,-0.30629559150015856,0.3629319551071889,-0.021331837670930075,-0.012292827204707438,0.0779682012779604,0.033112893391491954,-0.04560578648697441,0.024273948816044333,0.010972105022716734,0.04237787443438896,False,True,False,False,-0.09986782949485994,-0.060599833582895
"(10.0, 14.0]",EXPANDING,1,3.0,1.5,30,2791,149,899,150,898,945.2317477929475,103.48692488951522,0.053385883195987104,0.05374417771408097,0.32210677176639196,0.6245073450376208,-0.32300250806162667,0.3386713535625036,-0.021409952381428763,-0.019797627050006334,0.037078797882305704,0.049466537342386034,-0.0004886335647507834,-0.02092131881667798,0.0039193458536010695,0.061333644922755295,False,False,False,False,-0.0576654950823334,-0.03953772373188108
"(7.0, 10.0]",STABLE,1,1.5,1.5,30,6501,1942,1927,1944,1925,180.3270346741119,342.64702555540435,0.29872327334256266,0.2990309183202584,0.2964159360098446,0.4048607906475927,0.003461005999077065,0.027738353280127966,-0.021507458988046832,-0.020584524054959613,0.05270681826725186,0.29514146052436674,-0.051677453405255445,0.030169994417208613,0.0035818128181959175,0.31106085823217816,False,False,False,False,-0.08482911247954411,-0.05316828573379547
"(10.0, 14.0]",STABLE,1,1.0,1.0,15,3807,1171,1165,1181,1155,56.06664596548993,144.0679971017326,0.3075912792224849,0.3102180194378776,0.3060152350932493,0.38639348568426585,0.0015760441292356187,0.014727251369973715,-0.02153962467461063,-0.016286144243825233,0.03784292017381996,0.3152685576342788,-0.0166632696882812,-0.004876354986329431,-0.007677278411793886,0.33647266058576286,False,False,False,False,-0.05939969610381469,-0.04046966038921266
"(10.0, 14.0]",STABLE,1,4.0,1.0,15,3807,17,1208,17,1208,1201.0788911063387,144.0679971017326,0.004465458366167586,0.004465458366167586,0.3173102180194379,0.6782243236143946,-0.2994483845547675,0.31549222251282866,-0.021799082215758842,-0.02179908221575884,0.03784292017381996,0.004586602293301147,-0.014489253463595865,-0.007309828752162977,-0.00012114392713356067,0.007943872116407041,False,False,False,False,-0.06780287341865592,-0.04480097781720738
"(10.0, 14.0]",EXPANDING,1,1.0,1.5,30,2791,1345,817,1356,806,-77.05019443013026,103.48692488951522,0.4819061268362594,0.48584736653529204,0.2927266212826944,0.22536725188104617,0.042816194912217845,-0.027606662282382753,-0.021869265252470613,-0.012016166004889101,0.037078797882305704,0.4730843840931135,0.005447664475549482,-0.027316929728020096,0.0088217427431459,0.4995726227954795,False,False,False,False,-0.06324687531043773,-0.04255807028145417
"(7.0, 10.0]",STABLE,1,4.0,0.5,60,6404,304,5110,304,5110,1536.2865687045346,337.6828081939889,0.047470331043098064,0.047470331043098064,0.7979387882573392,0.15459088069956273,-0.20908806995627732,0.23989484208378117,-0.021923210413718655,-0.02192321041371866,0.0527299825412225,0.04487034949267193,-0.04708726331157407,0.025164052897855414,0.0025999815504261364,0.05228166629097478,False,False,False,False,-0.08051698153249363,-0.051220095973106144
"(7.0, 10.0]",CONTRACTING,-1,2.0,1.0,60,3140,879,1848,880,1847,185.24273154593556,165.86538771846006,0.27993630573248407,0.2802547770700637,0.5885350318471337,0.1315286624203822,-0.028662420382165606,0.05899450049233616,-0.02249129177468933,-0.021535877761950477,0.05282337188485989,0.2741074783915821,-0.0472250252667019,0.02473373349201257,0.005828827340901954,0.2965694870591409,False,False,False,False,-0.10153438552334079,-0.062012838649015065
"(10.0, 14.0]",STABLE,1,1.5,1.0,15,3807,543,1199,546,1196,442.76376858917945,144.0679971017326,0.1426319936958235,0.1434200157604413,0.31494615182558444,0.5424218544785921,-0.10099816128184923,0.11630253968720237,-0.022538541768466813,-0.020568486606922287,0.03784292017381996,0.14387447193723596,-0.016317719168165958,-0.006220822600300855,-0.0012424782414124647,0.16002392588251943,False,False,False,False,-0.06559571549481505,-0.04406712863164093
"(10.0, 14.0]",EXPANDING,1,1.5,1.0,30,2791,758,1308,771,1295,211.53510410191646,103.48692488951522,0.2715872447151559,0.2762450734503762,0.46864922966678607,0.259763525618058,-0.061268362594052314,0.07579186818413346,-0.022555292292224565,-0.010910720454173687,0.037078797882305704,0.25836566440349173,-0.006614606745470892,-0.015940685546753673,0.01322158031166415,0.28177211710096584,False,False,False,False,-0.06214142975972231,-0.04234836102597344
"(10.0, 14.0]",EXPANDING,1,0.75,1.5,60,2771,1807,853,1818,842,-35.60470497173675,102.7589053624695,0.6521111512089498,0.6560808372428726,0.307831107903284,0.0400577408877662,0.027336701551786358,-0.01284904546074946,-0.0225960340433801,-0.013664240467053865,0.037083690134417,0.6577082824334229,6.248404258075523e-05,-0.022658518085960856,-0.00559713122447314,0.6828151133299833,False,False,False,False,-0.05626367823142836,-0.039429856137404226
"(14.0, inf]",STABLE,-1,1.5,0.5,15,2242,296,1344,308,1332,234.00681616741042,56.74676184629103,0.1320249776984835,0.13737734165923282,0.5994647636039251,0.2685102586975914,-0.1016949152542373,0.10437413745201178,-0.02263155471850161,-0.01192682679700295,0.025310776916276107,0.13618677042801555,-0.02822301383522177,0.005591459116720158,-0.004161792729532043,0.15684798158832564,False,False,False,False,-0.028904521244493903,-0.02576803798149776
"(10.0, 14.0]",EXPANDING,1,1.5,1.5,30,2791,825,874,834,865,113.43875486955223,103.48692488951522,0.29559297742744534,0.2988176280902902,0.3131494088140451,0.3912576137585096,-0.026334647079899676,0.04064448400915522,-0.02276896095305016,-0.013095008964515584,0.037078797882305704,0.27812803103782735,0.0013036774615056267,-0.024072638414555786,0.017464946389617986,0.30206613233652346,False,False,False,False,-0.06106258680009583,-0.041915773876573
"(7.0, 10.0]",STABLE,1,1.0,1.5,15,6535,2212,1062,2221,1053,-423.4209987264153,344.38265460412464,0.3384850803366488,0.3398622800306044,0.16250956388676358,0.4990053557765876,0.09472073450650344,-0.06479280776226706,-0.022770260647366477,-0.01932726141247742,0.052698187391602855,0.3323509909378914,-0.04768138599958365,0.024911125352217175,0.006134089398757425,0.348733406232608,False,False,False,False,-0.06975983919363064,-0.04626504992049856
"(7.0, 10.0]",STABLE,1,4.0,0.75,30,6501,155,3854,155,3854,2465.0396530991948,342.64702555540435,0.023842485771419782,0.023842485771419782,0.5928318720196892,0.383325642208891,-0.34925396092908784,0.3791785345484071,-0.022782244647932562,-0.022782244647932562,0.05270681826725186,0.02199674122352244,-0.04912907948666393,0.02634683483873137,0.001845744547897342,0.027261953566489167,False,False,False,False,-0.09813820917578846,-0.06046022691186051
"(10.0, 14.0]",EXPANDING,-1,4.0,0.5,15,2800,40,1773,41,1772,766.4822565073341,103.806775555842,0.014285714285714285,0.014642857142857143,0.6332142857142857,0.35250000000000004,-0.2594642857142857,0.2737436630383336,-0.022794471088752814,-0.021187328231609955,0.03707384841280071,0.009535304767652384,-0.05541128985282804,0.032616818764075226,0.004750409518061901,0.015072844328769364,False,False,False,False,-0.05114560943001354,-0.03697004025938318
"(14.0, inf]",STABLE,1,1.0,1.5,15,2242,678,349,681,346,-148.936324717599,56.74676184629103,0.3024085637823372,0.30374665477252455,0.15566458519179305,0.5419268510258697,0.06891168599464764,-0.06643011807207806,-0.022829208993706527,-0.0194839815182382,0.025310776916276107,0.301556420233463,-0.02172175479961685,-0.0011074541940896757,0.0008521435488741957,0.3289039644600402,False,False,False,False,-0.032274888045616255,-0.027552048519661393
"(10.0, 14.0]",EXPANDING,1,3.0,1.0,30,2791,139,1358,141,1356,980.594711780778,103.48692488951522,0.04980293801504837,0.050519527051236114,0.48656395557147974,0.46363310641347183,-0.33715514152633463,0.3513417097028943,-0.02289222970574606,-0.020025873560995073,0.037078797882305704,0.04704170708050436,-0.007997537984636913,-0.014894691721109146,0.002761230934544008,0.05863963279889243,False,False,False,False,-0.05833119006701608,-0.04061170988638107
"(10.0, 14.0]",STABLE,1,3.0,1.0,15,3807,44,1208,44,1208,1132.6452204999343,144.0679971017326,0.01155765694772787,0.01155765694772787,0.3173102180194379,0.6711321250328341,-0.28263724717625427,0.2975164750459507,-0.022963692304123526,-0.022963692304123522,0.03784292017381996,0.012552806276403138,-0.015579292248918183,-0.007384400055205343,-0.0009951493286752683,0.017897828567994222,False,False,False,False,-0.0705522408915503,-0.04675796659783691
"(7.0, 10.0]",EXPANDING,1,3.0,0.5,60,3761,405,3028,415,3018,409.7110658743905,197.27354096545074,0.10768412656208455,0.11034299388460515,0.8051050252592395,0.08721084817867586,-0.07950013294336612,0.10893673647285043,-0.0230158136376124,-0.01370977800879028,0.05245241716709671,0.09199549041713641,-0.04954282001852273,0.026527006380910333,0.015688636144948143,0.1054472186011541,False,True,False,False,-0.004931653679376557,-0.013973733658494478
"(7.0, 10.0]",CONTRACTING,-1,3.0,1.5,15,3194,71,468,71,468,583.7782784176645,168.69632960544712,0.022229179711959923,0.022229179711959923,0.14652473387601753,0.8312460864120226,-0.15309956167814653,0.1827734121533076,-0.0231427837156489,-0.023142783715648905,0.052816634190809994,0.02703897443453916,-0.07019060936594412,0.04704782565029522,-0.004809794722579235,0.035416449986454254,False,False,False,False,-0.0911913196240997,-0.0571670516698743
"(7.0, 10.0]",EXPANDING,-1,2.0,1.5,60,3761,1276,1718,1293,1701,134.9724913197728,197.27354096545074,0.33927147035362937,0.3437915448019144,0.45679340600904017,0.20393512363733046,-0.006647168306301516,0.035887394660934005,-0.023212190812464225,-0.00739193024346662,0.05245241716709671,0.31634723788049607,-0.049560736005804455,0.02634854519334023,0.0229242324731333,0.3377000837059888,False,True,False,False,-0.053952245294452396,-0.03858221805345831
"(14.0, inf]",CONTRACTING,1,1.0,0.75,60,848,343,464,349,458,7.10937092134289,21.794415002467627,0.4044811320754717,0.4115566037735849,0.5471698113207547,0.04834905660377353,-0.00589622641509434,0.008383692124225106,-0.02321349537868483,-0.010831419906986717,0.025700961087815596,0.4216158373461744,-0.0036177394505513935,-0.019595755928133438,-0.01713470527070271,0.46927583905926107,False,False,False,False,-0.03341124506131585,-0.02831237022000034
"(14.0, inf]",STABLE,-1,1.0,0.75,15,2242,654,932,667,919,49.23767906391482,56.74676184629103,0.29170383586083853,0.29750223015165034,0.41570026761819806,0.29259589652096335,-0.02007136485280999,0.02196149824438663,-0.02342064352469947,-0.013273453515778865,0.025310776916276107,0.2884683409975239,-0.0325021667801755,0.00908152325547603,0.0032354948633146474,0.3154815556073905,False,False,False,False,-0.028889707493279345,-0.02615517550898941
"(7.0, 10.0]",CONTRACTING,-1,1.0,1.0,30,3175,1421,1325,1433,1313,-3.434997707085468,167.69485600288158,0.4475590551181102,0.45133858267716537,0.41732283464566927,0.1351181102362205,0.030236220472440945,-0.0010818890416017222,-0.023662946050383323,-0.016103890932273088,0.052817277481222544,0.4333432084135684,-0.0552104598667586,0.03154751381637527,0.014215846704541846,0.4580216467119815,False,False,False,False,-0.089530664030172,-0.05659680504027766
"(10.0, 14.0]",STABLE,1,1.0,0.75,30,3792,1466,1970,1492,1944,65.06227616359382,143.52642635421205,0.3866033755274262,0.39345991561181437,0.5195147679324894,0.09388185654008441,-0.003032700421940928,0.017157773249892885,-0.023724723151534344,-0.01172577800385502,0.0378497959794863,0.3913676042677013,-0.020070634350460272,-0.0036540888010740714,-0.0047642287402751005,0.4136325495680566,False,False,False,False,-0.0721997796251313,-0.04796225138833282
"(10.0, 14.0]",STABLE,1,2.0,1.0,30,3792,522,1725,524,1723,734.3702883949634,143.52642635421205,0.13765822784810128,0.13818565400843882,0.4549050632911392,0.40743670886075944,-0.17958860759493672,0.1936630507370684,-0.023775352837354605,-0.022193074356341953,0.0378497959794863,0.14718719689621726,-0.005431270924745718,-0.01834408191260889,-0.009528969048115982,0.1635184183546405,False,False,False,False,-0.09368121011067725,-0.058728281474015924
"(7.0, 10.0]",CONTRACTING,-1,1.5,1.0,30,3175,925,1442,928,1439,146.5765180911515,167.69485600288158,0.29133858267716534,0.2922834645669291,0.4541732283464567,0.25448818897637804,-0.017165354330708663,0.04616583246965402,-0.023816799342277185,-0.021454594617867737,0.052817277481222544,0.2818101022070804,-0.05875217604915679,0.03493537670687961,0.009528480470084921,0.3043312247115039,False,False,False,False,-0.09342414857934415,-0.05862047396081067
"(14.0, inf]",STABLE,1,1.5,1.0,15,2242,291,708,296,703,274.6135371519806,56.74676184629103,0.12979482604817127,0.1320249776984835,0.3157894736842105,0.5544157002676182,-0.12109723461195361,0.12248596661551321,-0.023922044912716513,-0.01834666578693596,0.025310776916276107,0.13459497700742837,-0.015830221826874248,-0.008091823085842265,-0.0048001509592570935,0.1551574849969007,False,False,False,False,-0.031137572314314018,-0.027529808613515266
"(0.0, 7.0]",CONTRACTING,1,4.0,1.0,60,6403,587,4131,587,4131,2183.1954162132,553.8240083541089,0.09167577697954084,0.09167577697954084,0.6451663282836171,0.26315789473684204,-0.2784632203654537,0.3409644566942371,-0.02399322069981395,-0.023993220699813952,0.08649445702859736,0.095608372456964,-0.02665965689842877,0.0026664361986148202,-0.0039325954774231675,0.10604929827284917,False,False,False,False,-0.0804968404882276,-0.052245030594020775
"(14.0, inf]",STABLE,1,1.5,0.75,15,2242,282,966,287,961,304.37926050107234,56.74676184629103,0.12578055307760927,0.1280107047279215,0.43086529884032115,0.4433541480820696,-0.13447814451382695,0.13576238202545599,-0.02402653940464705,-0.019008698191444556,0.025310776916276107,0.12928899893880438,-0.012691290669617144,-0.011335248735029908,-0.003508445861195114,0.14951560210682988,False,False,False,False,-0.024715302997834494,-0.02437092120124077
"(14.0, inf]",STABLE,1,1.0,0.5,60,2218,725,1461,749,1437,8.281508529230095,56.16247469205734,0.3268710550045086,0.33769161406672676,0.6587015329125339,0.014427412082957503,-0.0024797114517583407,0.0037337730068665895,-0.024067162381797673,-0.007836323788470354,0.025321223936905925,0.33297663634742286,-0.01355996995587844,-0.010507192425919232,-0.006105581342914279,0.3611735790734903,False,False,False,False,-0.03410174723233903,-0.029084454807068352
"(10.0, 14.0]",STABLE,1,2.0,1.0,60,3763,882,2127,885,2124,413.5429632949416,142.4723347408888,0.2343874568163699,0.23518469306404466,0.5652404996013819,0.20037204358224814,-0.09646558596864203,0.10989714676984895,-0.024429809047554398,-0.022038100304530215,0.03786136984876131,0.2455411678475446,-0.002329002376209831,-0.022100806671344567,-0.011153711031174685,0.26535059673500744,False,False,False,False,-0.09075404015551758,-0.05759192460153599
"(7.0, 10.0]",CONTRACTING,-1,2.0,0.5,30,3175,455,2263,461,2257,311.2658443813772,167.69485600288158,0.14330708661417324,0.14519685039370078,0.712755905511811,0.14393700787401575,-0.06976377952755905,0.0980364864193314,-0.024544570589450206,-0.019820161140631308,0.052817277481222544,0.13568360242926975,-0.053154666470925996,0.02861009588147579,0.007623484184903495,0.1529718690707199,False,False,False,False,-0.11977527012802096,-0.07215992035873559
"(14.0, inf]",STABLE,1,3.0,0.5,15,2242,17,1345,20,1342,623.1199529063329,56.74676184629103,0.007582515611061552,0.008920606601248885,0.5999107939339875,0.3925066904549509,-0.2772078501338091,0.27793039826330634,-0.024588228786778847,-0.01990491032112318,0.025310776916276107,0.008135833038556774,-0.017129518085637795,-0.007458710701141052,-0.0005533174274952226,0.01393802211348908,False,False,False,False,-0.03436097049462342,-0.029474599640701135
"(14.0, inf]",STABLE,1,0.75,1.0,60,2218,1232,919,1245,906,-3.5786600099415873,56.16247469205734,0.5554553651938684,0.5613165013525698,0.4143372407574391,0.030207394048692493,0.002254283137962128,-0.0016134625833821403,-0.024680403382325935,-0.014423415104598254,0.025321223936905925,0.5598359193864811,-0.013556616240670456,-0.011123787141655479,-0.00438055419261274,0.5892863280384227,False,False,False,False,-0.04871273567425268,-0.036696569528289306
"(14.0, inf]",STABLE,-1,1.5,0.75,15,2242,332,968,340,960,229.3350525251461,56.74676184629103,0.1480820695807315,0.15165031222123104,0.431757359500446,0.42016057091882253,-0.1016949152542373,0.1022903891726789,-0.024715302997834494,-0.016686757056710497,0.025310776916276107,0.15405022992571632,-0.028636866440669973,0.0039215634428354795,-0.005968160344984819,0.17575834340025565,False,False,False,False,-0.02402653940464705,-0.02437092120124077
"(7.0, 10.0]",STABLE,1,3.0,0.75,60,6404,753,4474,754,4473,1275.4444232522894,337.6828081939889,0.11758276077451593,0.11773891317926297,0.6986258588382261,0.18379138038725795,-0.1712211118051218,0.1991637138120377,-0.024787380534306597,-0.024201809016505225,0.0527299825412225,0.11942878617061255,-0.03810664875892523,0.013319268224618631,-0.001846025396096615,0.13091881966482627,False,False,False,False,-0.09003219722639036,-0.05740978888034848
"(7.0, 10.0]",STABLE,1,1.5,1.5,15,6535,1060,1106,1061,1105,251.36045654746783,344.38265460412464,0.162203519510329,0.1623565416985463,0.1692425401683244,0.6685539403213466,-0.010558530986993114,0.038463727092190945,-0.02479299128640502,-0.024333924721753147,0.052698187391602855,0.1621601709275768,-0.04653562583724493,0.02174263455083991,4.3348582752178455e-05,0.17505320898822258,False,False,False,False,-0.08106245006145257,-0.0529277206739288
"(10.0, 14.0]",STABLE,1,0.75,0.75,60,3763,1911,1844,1970,1785,-1.154173035383654,142.4723347408888,0.5078394897688014,0.5235184693064044,0.4900345469040659,0.002125963327132663,0.013353707148551688,-0.0003067161932988716,-0.024814378893508494,-0.00129590958710403,0.03786136984876131,0.5061079892499389,-0.025326843284995224,0.0005124643914867291,0.0017315005188625054,0.5289306031315337,False,False,False,False,-0.0744268301104186,-0.04962060450196355
"(14.0, inf]",STABLE,-1,0.75,0.75,15,2242,890,885,911,864,-3.17110555356456,56.74676184629103,0.39696699375557537,0.4063336306868867,0.39473684210526316,0.20829616413916152,0.001672613737734166,-0.0014144092567192506,-0.02505257243526119,-0.011002617038294197,0.025310776916276107,0.39105058365758755,-0.0391010420215929,0.014048469586331706,0.005916410097987823,0.4200227813803471,False,False,False,False,-0.03961893679425802,-0.032335754614759606
"(10.0, 14.0]",STABLE,1,1.5,0.75,60,3763,1147,2372,1154,2365,106.33063618761616,142.4723347408888,0.30480999202763753,0.30667020993887856,0.630348126494818,0.06484188147754455,-0.015546106829657189,0.028256879135693906,-0.025150597542724595,-0.020965107242432272,0.03786136984876131,0.3072318592719277,-0.02019037644603311,-0.0049602210966914854,-0.0024218672442901656,0.3284155670099138,False,False,False,False,-0.08613197986702117,-0.055641288704872886
"(7.0, 10.0]",CONTRACTING,-1,4.0,1.5,15,3194,26,469,26,469,687.8235823576564,168.69632960544712,0.008140262993112084,0.008140262993112084,0.14683782091421416,0.8450219160926737,-0.18769567939887288,0.21534864820214664,-0.025163665387536234,-0.025163665387536234,0.052816634190809994,0.010461946511456568,-0.0708272090076439,0.04566354362010767,-0.0023216835183444834,0.015850501749555455,False,False,False,False,-0.09243129420467983,-0.058797479796108026
"(7.0, 10.0]",CONTRACTING,-1,1.5,0.5,15,3194,476,1894,486,1884,321.2305316276962,168.69632960544712,0.14902943018159048,0.15216030056355667,0.5929868503443957,0.2579837194740139,-0.07294927989981215,0.10057311572564065,-0.025192798364981495,-0.01893105760104912,0.052816634190809994,0.1416046563029544,-0.056099215733873276,0.03090641736889178,0.007424773878636076,0.1591432681747331,False,False,False,False,-0.09905179884583547,-0.06212229860540848
"(10.0, 14.0]",STABLE,1,2.0,0.75,15,3807,230,1691,233,1688,856.36347879327,144.0679971017326,0.060415024954032046,0.061203047018649856,0.4441817704229052,0.49540320462306275,-0.2123062779091148,0.2249444388739874,-0.025204759208947356,-0.023037698531248377,0.03784292017381996,0.06107423053711527,-0.021710731722448737,-0.0034940274864986194,-0.0006592055830832236,0.0722116564475213,False,False,False,False,-0.07069088287186232,-0.047947821040404834
"(10.0, 14.0]",EXPANDING,1,4.0,1.5,30,2791,47,900,48,899,1195.1249135926555,103.48692488951522,0.01683984235041204,0.017198136868505912,0.32246506628448585,0.6606950913651022,-0.41633823002508064,0.42820670497766233,-0.025210322929724013,-0.02323970308020771,0.037078797882305704,0.01709505334626576,-0.0002771694388964202,-0.024933153490827593,-0.0002552109958537212,0.0243600580000534,False,False,False,False,-0.049747596983225194,-0.0374789599564746
"(7.0, 10.0]",EXPANDING,1,4.0,1.0,15,3844,34,1364,36,1362,1332.4831497971093,201.40036603368605,0.008844953173777315,0.009365244536940686,0.3548387096774194,0.6363163371488033,-0.3194588969823101,0.34663973720008046,-0.02521259527486389,-0.022611138459047032,0.05239343549263425,0.005230973255728284,-0.04180113727603654,0.016588542001172654,0.0036139799180490307,0.008777545947510582,False,True,False,False,-0.07041575575354174,-0.04781417551420281
"(14.0, inf]",CONTRACTING,-1,1.5,1.0,60,848,294,441,296,439,0.4128980263775224,21.794415002467627,0.3466981132075472,0.3490566037735849,0.5200471698113207,0.13325471698113212,0.0,0.00048690804997349337,-0.025214053037842105,-0.019317826622747763,0.025700961087815596,0.31781701444622795,-0.08651024069649237,0.06129618765865026,0.028881098761319224,0.36305441393118115,False,False,False,False,-0.050272924176948855,-0.03774348860739548
"(10.0, 14.0]",EXPANDING,1,2.0,0.75,60,2771,619,1867,630,1856,194.54357370795813,102.7589053624695,0.2233850595452905,0.22735474557921329,0.6737639841212558,0.10285095633345365,-0.05855286900036088,0.07020699159435516,-0.025429567540422728,-0.014512930947135107,0.037083690134417,0.21329098460786708,-0.017622084404842173,-0.007807483135580554,0.010094074937423425,0.235325059880114,False,False,False,False,-0.05638589237306015,-0.04090772995674144
"(7.0, 10.0]",CONTRACTING,-1,2.0,0.5,15,3194,241,1909,245,1905,559.356566086866,168.69632960544712,0.0754539762053851,0.07670632435817157,0.597683155917345,0.3268628678772699,-0.14793362554790232,0.17512729057196808,-0.025622969166744246,-0.02249209878477806,0.052816634190809994,0.07249686878361453,-0.05715061024314284,0.03152764107639859,0.0029571074217705773,0.08565732977600238,False,False,False,False,-0.1027794687059383,-0.06420121893634127
"(7.0, 10.0]",STABLE,1,3.0,0.75,30,6501,354,3847,355,3846,1997.3662955326186,342.64702555540435,0.05445316105214582,0.05460698354099369,0.5917551145977542,0.3537917243501,-0.28045685279187815,0.30723985471967674,-0.025923816339453284,-0.025346982006273774,0.05270681826725186,0.05443637979558584,-0.050929814349479734,0.02500599801002645,1.6781256559982027e-05,0.062477681266138466,False,False,False,False,-0.09899721809782368,-0.06246051721863848
"(14.0, inf]",STABLE,-1,1.0,0.5,15,2242,575,1305,606,1274,75.971106750653,56.74676184629103,0.2564674397859054,0.27029438001784123,0.5820695807314897,0.1614629794826048,-0.03456735057983943,0.03388541781920294,-0.025992709676912595,-0.005252299329008937,0.025310776916276107,0.2511496285815352,-0.03527855653167661,0.009285846854764013,0.005317811204370193,0.27705575381484193,False,False,False,False,-0.03440806702036709,-0.03020038834863984
"(0.0, 7.0]",EXPANDING,1,3.0,1.5,30,3153,359,1157,366,1150,822.0230646770551,245.83373862940914,0.11385981604820805,0.11607992388201713,0.36695210910244214,0.5191880748493498,-0.20884871550903902,0.2607114064944672,-0.0261055102925322,-0.01611502504039139,0.0779682012779604,0.09122461423010178,-0.05467196680330135,0.028566456510769153,0.02263520181810627,0.10588652298387086,False,True,False,False,-0.1301497515811642,-0.0781276309368482
"(14.0, inf]",STABLE,1,4.0,0.5,15,2242,4,1345,4,1345,654.6367581960003,56.74676184629103,0.001784121320249777,0.001784121320249777,0.5999107939339875,0.39830508474576276,-0.29281891168599467,0.2919878493291705,-0.026141839273100237,-0.026141839273100237,0.025310776916276107,0.0021223912274495934,-0.01755366998041656,-0.008588169292683676,-0.00033826990719981634,0.005320370865642098,False,False,False,False,-0.038690633008389236,-0.032416236140744736
"(10.0, 14.0]",EXPANDING,1,4.0,1.0,30,2791,44,1360,45,1359,1214.1832158920129,103.48692488951522,0.015764958796130418,0.016123253314224293,0.4872805446076675,0.4969544965962021,-0.4242207094231458,0.4350351902156979,-0.02626431708975362,-0.024472844499284253,0.037078797882305704,0.016125121241513093,-0.00785654806059117,-0.018407769029162448,-0.00036016244538267586,0.023196044522993956,False,False,False,False,-0.04892634683287298,-0.0375953319613133
"(14.0, inf]",STABLE,-1,1.0,0.75,30,2239,838,1153,851,1140,24.47770752779808,56.67423231965815,0.37427422956677087,0.3800803930326038,0.5149620366234926,0.11076373380973648,-0.011947297900848593,0.010932428551941974,-0.026327166052639604,-0.01616637998743192,0.025312296703732983,0.3647475642161205,-0.03775459582202515,0.011427429769385548,0.009526665350650387,0.39337463284793406,False,False,False,False,-0.01683851048627868,-0.021582838269459143
"(10.0, 14.0]",STABLE,1,0.75,0.75,30,3792,1831,1789,1889,1731,11.47199493129372,143.52642635421205,0.48285864978902954,0.4981540084388186,0.4717827004219409,0.04535864978902959,0.008306962025316455,0.003025315119012057,-0.026517518835157787,-0.0035744808604742453,0.0378497959794863,0.48181377303588746,-0.02709689082851912,0.0005793719933613328,0.0010448767531420766,0.5045507723236294,False,False,False,False,-0.07212511109849835,-0.04932131496682807
"(7.0, 10.0]",STABLE,1,0.75,1.5,15,6535,3078,1015,3090,1003,-615.4580104366925,344.38265460412464,0.4710022953328233,0.4728385615914308,0.15531752104055088,0.3736801836266259,0.12027543993879113,-0.09417873151288332,-0.026601478965695043,-0.022469879883828175,0.052698187391602855,0.46268326825314965,-0.047411573074215264,0.020810094108520222,0.008319027079673635,0.479973384233724,False,False,False,False,-0.06510382670987383,-0.04585265283778443
"(7.0, 10.0]",CONTRACTING,-1,3.0,1.0,30,3175,227,1505,227,1505,907.1208405506779,167.69485600288158,0.07149606299212598,0.07149606299212598,0.47401574803149604,0.454488188976378,-0.2595275590551181,0.2857073513545442,-0.02663748518179642,-0.02663748518179642,0.052817277481222544,0.073026218338024,-0.06469143471447357,0.03805394953267715,-0.0015301553458980238,0.08626979669998396,False,False,False,False,-0.1098177905690305,-0.06822763787541346
"(10.0, 14.0]",EXPANDING,1,0.75,1.5,30,2791,1639,733,1650,722,-100.6877172475563,103.48692488951522,0.5872447151558581,0.5911859548548907,0.26262988176280905,0.15012540308133288,0.04648871372268004,-0.036075857129185346,-0.026665941288811005,-0.017798151965987642,0.037078797882305704,0.5847478176527643,-0.0015431332554157217,-0.025122808033395283,0.0024968975030937868,0.6107965323942037,False,False,False,False,-0.050007261705856794,-0.0383366014973339
"(7.0, 10.0]",STABLE,1,3.0,0.5,60,6404,599,5074,601,5072,906.5043251266072,337.6828081939889,0.09353529044347283,0.09384759525296689,0.792317301686446,0.11414740787008115,-0.1155527795128045,0.14155283028210605,-0.026729931771920932,-0.025636864938691703,0.0527299825412225,0.09199549041713641,-0.04954282001852273,0.0228128882466018,0.001539800026336427,0.10226067564400439,False,False,False,False,-0.07832046624456902,-0.052525199008244976
"(7.0, 10.0]",CONTRACTING,-1,4.0,0.5,60,3140,176,2508,176,2508,631.8406575072547,165.86538771846006,0.05605095541401274,0.05605095541401274,0.7987261146496816,0.1452229299363057,-0.1751592356687898,0.20122313933352062,-0.02675946822012909,-0.026759468220129087,0.05282337188485989,0.05644494550920706,-0.04763231072805119,0.020872842507922103,-0.0003939900951943215,0.06830585025036848,False,False,False,False,-0.13314690173275368,-0.07995318497644138
"(7.0, 10.0]",CONTRACTING,-1,3.0,0.5,30,3175,185,2289,185,2289,672.033084129299,167.69485600288158,0.05826771653543307,0.05826771653543307,0.7209448818897638,0.22078740157480314,-0.18566929133858268,0.21166396350529104,-0.02682260531451419,-0.02682260531451419,0.052817277481222544,0.056065768034365276,-0.056992564514253385,0.030169959199739197,0.0022019485010677936,0.06782335643255112,False,False,False,False,-0.11966397914409449,-0.07324329222930434
"(14.0, inf]",STABLE,1,1.0,0.5,30,2239,676,1434,700,1410,37.58780635913268,56.67423231965815,0.30192050022331396,0.31263957123715946,0.6404644930772666,0.057615006699419435,-0.01831174631531934,0.016787765234092308,-0.026836277784960016,-0.010757671264191814,0.025312296703732983,0.30310008857395926,-0.016736031424829427,-0.010100246360130589,-0.0011795883506452998,0.33050377623828475,False,False,False,False,-0.03201375534143931,-0.029425016563199666
"(7.0, 10.0]",STABLE,1,4.0,0.5,30,6501,131,4679,131,4679,1983.1857264924843,342.64702555540435,0.020150746039070914,0.020150746039070914,0.7197354253191817,0.26011382864174737,-0.2792647285033072,0.30505856429664424,-0.026912982473914795,-0.026912982473914795,0.05270681826725186,0.01829358613538735,-0.053067910106766716,0.02615492763285192,0.0018571599036835626,0.0231198902066066,False,False,False,False,-0.08804661408969232,-0.05747979828180356
"(7.0, 10.0]",STABLE,1,4.0,1.0,15,6535,33,2176,33,2176,2212.1486229328984,344.38265460412464,0.0050497322111706195,0.0050497322111706195,0.3329762815608263,0.661973986228003,-0.3127773527161438,0.3385078229430602,-0.02696771716468649,-0.026967717164686492,0.052698187391602855,0.005230973255728284,-0.04180113727603654,0.014833420111350054,-0.00018124104455766437,0.007901713914256588,False,False,False,False,-0.09377394615464471,-0.0603708316596656
"(14.0, inf]",CONTRACTING,1,1.0,1.0,60,848,387,397,390,394,8.899126255773217,21.794415002467627,0.4563679245283019,0.45990566037735847,0.4681603773584906,0.07547169811320753,-0.01179245283018868,0.010494252660109926,-0.026999161257894352,-0.019923689559781143,0.025700961087815596,0.47886570358480474,0.002521958705387211,-0.029521119963281564,-0.022497779056502853,0.526918082890355,False,False,False,False,-0.031478232615850046,-0.0292386969368722
"(14.0, inf]",CONTRACTING,1,0.75,0.75,60,848,411,417,426,402,3.372303782610553,21.794415002467627,0.4846698113207547,0.5023584905660378,0.49174528301886794,0.023584905660377353,-0.005306603773584905,0.00397677332855018,-0.02703079153285032,-0.0004977726649257955,0.025700961087815596,0.4968789013732834,-0.01720637290685679,-0.009824418625993533,-0.012209090052528682,0.5449232137447273,False,False,False,False,-0.0509041495107054,-0.03896747052177786
"(14.0, inf]",CONTRACTING,1,1.5,0.75,30,855,178,464,183,459,79.83622050535709,21.95308796592333,0.20818713450292398,0.21403508771929824,0.5426900584795321,0.24912280701754386,-0.09473684210526316,0.09337569649749368,-0.027037271883703206,-0.0138793771468611,0.02567612627593372,0.2274579273693534,0.00409311944541091,-0.031130391329114115,-0.019270792866429437,0.2683090857783771,False,False,False,False,0.018146602452303342,-0.004445334715699932
"(7.0, 10.0]",CONTRACTING,-1,1.0,1.0,60,3140,1569,1491,1581,1479,2.823963458246417,165.86538771846006,0.4996815286624204,0.5035031847133759,0.4748407643312102,0.025477707006369477,0.024840764331210193,0.0008993514198236996,-0.027083256133826002,-0.019439944031915173,0.05282337188485989,0.48883878241262685,-0.05005283720556305,0.022969581071737046,0.010842746249793533,0.5138297656173441,False,False,False,False,-0.0862067997378046,-0.0566450279358153
"(10.0, 14.0]",STABLE,1,3.0,1.0,30,3792,183,1741,184,1740,1232.1809093426243,143.52642635421205,0.048259493670886076,0.04852320675105485,0.45912447257383965,0.49261603375527424,-0.3143459915611814,0.32494222292790725,-0.02725356461276048,-0.026198712292085376,0.0378497959794863,0.04704170708050436,-0.007997537984636913,-0.019256026628123566,0.0012177865903817142,0.05694796071189544,False,False,False,False,-0.10535002552864643,-0.06630179507070345
"(7.0, 10.0]",CONTRACTING,-1,3.0,0.5,15,3194,64,1914,64,1914,846.6459952260532,168.69632960544712,0.020037570444583593,0.020037570444583593,0.5992485911083281,0.3807138384470884,-0.23951158422041327,0.26507388704635354,-0.02725433136486974,-0.02725433136486974,0.052816634190809994,0.02188167685846902,-0.059717974575154584,0.032463643210284845,-0.0018441064138854275,0.029473955412725295,False,False,False,False,-0.09983106637497959,-0.06354269886992467
"(7.0, 10.0]",EXPANDING,1,4.0,1.0,30,3826,119,1975,121,1973,1594.9725361309004,200.5004568862689,0.031102979613173026,0.031625718766335596,0.5162049137480397,0.45269210663878734,-0.3917929952953476,0.4168772964273132,-0.02732041838875288,-0.02470672262294002,0.05240471952071848,0.024737075988742408,-0.039102230678524474,0.011781812289771595,0.0063659036244306175,0.03205546189158084,False,False,False,False,-0.0394835447851855,-0.03340198158696919
"(10.0, 14.0]",EXPANDING,-1,3.0,0.5,15,2800,82,1773,85,1770,667.7246351786415,103.806775555842,0.029285714285714286,0.030357142857142857,0.6332142857142857,0.3375,-0.22875,0.23847308399237196,-0.027350764420428747,-0.023600764420428744,0.03707384841280071,0.022208811104405552,-0.05743742752926304,0.030086663108834295,0.007076903181308734,0.03039765526952426,False,False,False,False,-0.054397167485599994,-0.040873965953014374
"(10.0, 14.0]",STABLE,1,4.0,1.0,30,3792,65,1745,65,1745,1524.6577011128095,143.52642635421205,0.017141350210970463,0.017141350210970463,0.46017932489451474,0.5226793248945147,-0.3916139240506329,0.40207217856350463,-0.0273915414666146,-0.0273915414666146,0.0378497959794863,0.016125121241513093,-0.00785654806059117,-0.01953499340602343,0.0010162289694573695,0.022145340155659853,False,False,False,False,-0.10645680227712163,-0.06692417187186811
"(0.0, 7.0]",STABLE,1,4.0,0.75,60,10983,887,7962,891,7958,3035.107468856856,912.715133199325,0.08076117636347081,0.0811253755804425,0.724938541382136,0.19430028225439322,-0.22065920058271873,0.2763459408956438,-0.027415793894424927,-0.025685847613809425,0.08310253420734999,0.08303990610328639,-0.03125939854429914,0.003843604649874214,-0.002278729739815577,0.09050462695423112,False,False,False,False,-0.04784601501968478,-0.03763090445705485
"(7.0, 10.0]",CONTRACTING,-1,1.5,0.75,15,3194,524,1389,527,1386,336.68770926822185,168.69632960544712,0.16405760801502817,0.16499686912961803,0.4348778960551033,0.4010644959298685,-0.08007201001878522,0.10541255769199182,-0.0274760865176034,-0.025362749009776225,0.052816634190809994,0.1601709275768069,-0.0635041198813963,0.0360280333637929,0.0038866804382212683,0.1785941306485341,False,False,False,False,-0.09199184898656527,-0.05973396775208434
"(14.0, inf]",STABLE,1,0.75,0.75,60,2218,1091,1099,1112,1078,1.16873617404469,56.16247469205734,0.49188458070333635,0.5013525698827773,0.4954914337240757,0.012623985572587981,-0.002705139765554554,0.0005269324499750631,-0.027499431252485412,-0.01329744748332401,0.025321223936905925,0.4968789013732834,-0.01720637290685679,-0.010293058345628624,-0.004994320669947039,0.52660939973209,False,False,False,False,-0.03734500039048784,-0.032422215821486626
"(7.0, 10.0]",EXPANDING,-1,1.5,0.5,60,3761,955,2745,994,2706,33.641297471729104,197.27354096545074,0.2539218293007179,0.26429141185854826,0.7298590800319064,0.016219090667375702,0.015953203935123637,0.00894477465347756,-0.027554438578495516,-0.006815273462834788,0.05245241716709671,0.24314167606163098,-0.05033744549287189,0.022783006914376375,0.010780153239086904,0.26289269744714844,False,False,False,False,-0.06686531772165923,-0.04720987815007737
"(10.0, 14.0]",STABLE,1,0.75,0.75,15,3807,1561,1554,1615,1500,33.65366627192271,144.0679971017326,0.4100341476228001,0.4242185447859207,0.4081954294720252,0.1817704229051747,0.0013790386130811663,0.008839943859186423,-0.027623937701552376,-0.006347341956871526,0.03784292017381996,0.4124321062160531,-0.030035385781378335,0.0024114480798259584,-0.00239795859325298,0.43483140256594016,False,False,False,False,-0.0693384983907684,-0.04848121804616039
"(7.0, 10.0]",EXPANDING,1,3.0,1.0,15,3844,96,1362,100,1358,1169.0228838077173,201.40036603368605,0.02497398543184183,0.026014568158168574,0.354318418314256,0.6207075962539021,-0.2793964620187305,0.30411625489274646,-0.027673642618618294,-0.02351131171331132,0.05239343549263425,0.019818757828040965,-0.042652455616076265,0.014978812997457971,0.005155227603800865,0.026401128547237668,False,False,False,False,-0.07126717638266096,-0.04947040950063963
"(7.0, 10.0]",STABLE,1,1.0,1.5,30,6501,3070,1764,3081,1753,-261.317660018188,342.64702555540435,0.4722350407629595,0.4739270881402861,0.2713428703276419,0.25642208890939855,0.06522073527149669,-0.0401965328438991,-0.027682615839654263,-0.02345249739633785,0.05270681826725186,0.47030069619315656,-0.052096933481957826,0.024414317642303562,0.0019343445698029593,0.4876510001614025,False,False,False,False,-0.06970557329286149,-0.04869409456625788
"(10.0, 14.0]",STABLE,1,4.0,1.5,60,3763,161,1599,161,1599,1792.4705506930895,142.4723347408888,0.042785011958543714,0.042785011958543714,0.4249269200106298,0.5322880680308265,-0.46625033218176987,0.4763408319673371,-0.027770870063194068,-0.027770870063194068,0.03786136984876131,0.053872465184461274,-0.000386019465615695,-0.02738485059757837,-0.01108745322591756,0.06445492108252548,False,False,False,False,-0.1319164587011369,-0.07984366438216549
"(7.0, 10.0]",STABLE,1,3.0,1.0,15,6535,137,2176,138,2175,1927.0934662825578,344.38265460412464,0.020964039785768936,0.021117061973986228,0.3329762815608263,0.6460596786534047,-0.2700841622035195,0.29488805910980226,-0.027894290485320106,-0.027282201732450943,0.052698187391602855,0.019818757828040965,-0.042652455616076265,0.01475816513075616,0.0011452819577279713,0.024817612994125857,False,False,False,False,-0.09366612883982925,-0.06078020966257468
"(10.0, 14.0]",STABLE,1,2.0,0.75,60,3763,777,2482,780,2479,344.4295135242177,142.4723347408888,0.20648418814775446,0.20728142439542918,0.6595801222428913,0.1339356896093542,-0.08171671538665957,0.0915305643168264,-0.028047520918594495,-0.025855121237488995,0.03786136984876131,0.21329098460786708,-0.017622084404842173,-0.010425436513752322,-0.0068067964601126185,0.2321717840647759,False,False,False,False,-0.0878254269645111,-0.057936473941552796
"(10.0, 14.0]",STABLE,1,1.0,0.75,15,3807,1100,1632,1124,1608,161.25451382258996,144.0679971017326,0.28894142369319675,0.29524560021013924,0.42868400315208827,0.282374573154715,-0.032571578670869454,0.04235737163713947,-0.028057127207549947,-0.01702481830290061,0.03784292017381996,0.29619794809897404,-0.024044855093422263,-0.004012272114127684,-0.007256524405777287,0.31704866370883295,False,False,False,False,-0.06406804087799582,-0.046062584042772886
"(10.0, 14.0]",EXPANDING,-1,2.0,0.5,15,2800,244,1763,252,1755,418.7452591388435,103.806775555842,0.08714285714285715,0.09,0.6296428571428572,0.28321428571428564,-0.1405357142857143,0.14955187826387267,-0.02805768443464232,-0.020914827291785176,0.03707384841280071,0.07193723596861798,-0.05722070333965877,0.02916301890501645,0.015205621174239167,0.08596617130522154,False,True,False,False,-0.05539910538081158,-0.04172839490772695
"(7.0, 10.0]",CONTRACTING,-1,2.0,0.5,60,3140,602,2413,608,2407,80.20580329857542,165.86538771846006,0.19171974522292995,0.19363057324840766,0.7684713375796178,0.039808917197452165,-0.0007961783439490446,0.025543249458145036,-0.028076300770663896,-0.023299230706969626,0.05282337188485989,0.1831642239759489,-0.04676719196588685,0.018690891195222954,0.008555521246981057,0.2027316900085908,False,False,False,False,-0.12419827127170434,-0.07613728602118412
"(7.0, 10.0]",CONTRACTING,-1,2.0,0.75,15,3194,264,1400,266,1398,600.9152616442275,168.69632960544712,0.08265497808390733,0.08328115216030056,0.43832185347526614,0.47902316844082654,-0.16343143393863493,0.18813877947533736,-0.028109288654107587,-0.026387309944026185,0.052816634190809994,0.0806748692256686,-0.06728004888732343,0.03917076023321585,0.0019801088582387244,0.09447518805980269,False,False,False,False,-0.09844747244528064,-0.06327838054969412
"(14.0, inf]",STABLE,-1,2.0,0.75,15,2242,169,974,172,971,386.0644375354489,56.74676184629103,0.07537912578055307,0.0767172167707404,0.4344335414808207,0.49018733273862625,-0.17506690454950938,0.17219644849930818,-0.0281812329664773,-0.024501482743462137,0.025310776916276107,0.08277325787053413,-0.027759727038256708,-0.00042150592822059324,-0.007394132089981062,0.09949921840713881,False,False,False,False,-0.015415629789579735,-0.02179843137802852
"(10.0, 14.0]",EXPANDING,-1,4.0,1.5,15,2800,43,449,43,449,526.0767781769977,103.806775555842,0.015357142857142857,0.015357142857142857,0.16035714285714286,0.8242857142857143,-0.17910714285714285,0.187884563634642,-0.028296427635301546,-0.028296427635301546,0.03707384841280071,0.010863005431502716,-0.06278645487798952,0.03449002724268797,0.004494137425640142,0.01674323892595382,False,False,False,False,-0.042561418437976936,-0.03542892303663924
"(14.0, inf]",CONTRACTING,1,0.75,1.0,60,848,462,351,467,346,2.28832080952821,21.794415002467627,0.5448113207547169,0.5507075471698113,0.41391509433962265,0.04127358490566041,-0.005306603773584905,0.002698491520670059,-0.028309073340730444,-0.01799067711431535,0.025700961087815596,0.5598359193864811,-0.013556616240670456,-0.014752457100059988,-0.015024598631764197,0.6073604303885234,False,False,False,False,-0.040570502268644476,-0.03443978780468746
"(14.0, inf]",STABLE,-1,2.0,0.5,15,2242,150,1354,157,1347,370.219067314113,56.74676184629103,0.06690454950936664,0.07002676181980375,0.6039250669045495,0.32917038358608386,-0.16815343443354147,0.16512893278952406,-0.02833527856029351,-0.02052974778420074,0.025310776916276107,0.07269189954014857,-0.029331278233578575,0.000995999673285064,-0.005787350030781929,0.08848685498799598,False,False,False,False,-0.02109631706521771,-0.02471579781275561
"(14.0, inf]",CONTRACTING,-1,0.75,0.75,15,858,346,336,361,321,-9.842374782688054,22.028981079620134,0.40326340326340326,0.42074592074592077,0.3916083916083916,0.20512820512820512,0.008741258741258742,-0.011471299280522209,-0.028404843662363857,-0.0021810674385876333,0.02567480312310039,0.39105058365758755,-0.0391010420215929,0.01069619835922904,0.012212819605815717,0.4379579215662138,False,False,False,False,-0.04916853880761315,-0.0387866912349885
"(14.0, inf]",STABLE,-1,1.0,1.0,15,2242,689,659,696,652,-36.951633034662365,56.74676184629103,0.3073148974130241,0.31043710972346117,0.29393398751115074,0.39875111507582517,0.013380909901873328,-0.016481549078796773,-0.02841141609319955,-0.022166991472325332,0.025310776916276107,0.30544747081712065,-0.03379392327621335,0.005382507183013797,0.001867426595903443,0.33288930988262,False,False,False,False,-0.02845456236022688,-0.028432989226713216
"(14.0, inf]",STABLE,1,1.0,1.0,15,2242,652,696,659,689,36.951633034662365,56.74676184629103,0.29081177520071366,0.29393398751115074,0.31043710972346117,0.39875111507582517,-0.019625334522747548,0.016481549078796773,-0.02845456236022688,-0.02221013773935266,0.025310776916276107,0.29006013441811107,-0.021721499663769833,-0.006733062696457046,0.0007516407826025917,0.3171154448785698,False,False,False,False,-0.02841141609319955,-0.028432989226713216
"(10.0, 14.0]",EXPANDING,-1,4.0,0.75,15,2800,40,1319,41,1318,853.1335923491815,103.806775555842,0.014285714285714285,0.014642857142857143,0.4710714285714286,0.5146428571428572,-0.2961607142857143,0.30469056869613625,-0.02854399400237874,-0.026847565430950165,0.03707384841280071,0.010018105009052505,-0.062366698206718446,0.03382270420433971,0.004267609276661781,0.01568297015429715,False,False,False,False,-0.04341741300031506,-0.0359807035013469
"(7.0, 10.0]",EXPANDING,1,3.0,1.0,30,3826,287,1967,292,1962,1196.9971382223055,200.5004568862689,0.07501306847882906,0.07631991636173549,0.5141139571353894,0.4108729743857815,-0.28907475169890223,0.31285863518617496,-0.028620836033445746,-0.02339344450182003,0.05240471952071848,0.06132424825951711,-0.04142779205316116,0.012806956019715415,0.013688820219311955,0.07245393072411235,False,True,False,False,-0.04229541362654208,-0.035458124829993914
"(7.0, 10.0]",CONTRACTING,-1,3.0,0.75,60,3140,411,2216,411,2216,504.8120041458999,165.86538771846006,0.13089171974522293,0.13089171974522293,0.7057324840764331,0.16337579617834397,-0.13662420382165605,0.16076815418659232,-0.028679421519923618,-0.028679421519923618,0.05282337188485989,0.12859827132656895,-0.049540667648947476,0.020861246129023858,0.002293448418653976,0.14560447915048158,False,False,False,False,-0.10964693203555656,-0.06916317677774009
"(10.0, 14.0]",STABLE,1,3.0,1.0,60,3763,392,2189,394,2187,1047.5386847524235,142.4723347408888,0.10417220302949774,0.1047036938612809,0.5817167153866596,0.3141110815838427,-0.2692001062981664,0.2783786034420472,-0.028682872704880503,-0.026556909377747896,0.03786136984876131,0.11031028585389689,-0.006209260157319919,-0.022473612547560584,-0.006138082824399149,0.12485484687242467,False,False,False,False,-0.1199826467754965,-0.0743327597401885
"(10.0, 14.0]",STABLE,1,2.0,0.5,15,3807,204,2282,208,2278,767.8593764507184,144.0679971017326,0.05358550039401103,0.05463619648016811,0.5994221171526136,0.3469923824533754,-0.19254005778828473,0.20169671038894627,-0.028686267573158446,-0.026059527357765747,0.03784292017381996,0.05407362703681352,-0.028501353339595914,-0.00018491423356253173,-0.0004881266428024833,0.06461114084199154,False,False,False,False,-0.06963763275320899,-0.04916195016318371
"(7.0, 10.0]",STABLE,1,0.75,1.5,30,6501,3825,1594,3842,1577,-322.3177872925975,342.64702555540435,0.588371019843101,0.5909860021535148,0.24519304722350407,0.1664359329333949,0.07348869404706967,-0.04957972424128557,-0.028797848461467747,-0.02291413826303674,0.05270681826725186,0.5825062953636498,-0.050110537439989215,0.02131268897852147,0.005864724479451189,0.5996084198303366,False,False,False,False,-0.06644159348957336,-0.04761972097552056
"(14.0, inf]",STABLE,1,1.0,0.75,15,2242,620,948,631,937,82.97603764635873,56.74676184629103,0.27653880463871544,0.2814451382694023,0.42283675289919714,0.30062444246208747,-0.040588760035682424,0.037009829458679186,-0.028889707493279345,-0.020303623639577297,0.025310776916276107,0.27626459143968873,-0.019753820408803857,-0.009135887084475488,0.00027421319902670716,0.30294152975061656,False,False,False,False,-0.02342064352469947,-0.02615517550898941
"(14.0, inf]",STABLE,1,1.5,0.5,15,2242,253,1339,260,1332,281.9428252161357,56.74676184629103,0.1128456735057984,0.1159678858162355,0.5972346119536128,0.28991971454058874,-0.12934879571810884,0.12575505138989104,-0.028904521244493903,-0.022660096623619685,0.025310776916276107,0.11390166253979483,-0.016748870822551238,-0.012155650421942665,-0.0010559890339964378,0.1330894901409559,False,False,False,False,-0.02263155471850161,-0.02576803798149776
"(7.0, 10.0]",CONTRACTING,-1,4.0,1.0,60,3140,247,1947,247,1947,1033.975945160188,165.86538771846006,0.0786624203821656,0.0786624203821656,0.620063694267516,0.3012738853503184,-0.3054140127388535,0.3292917022803147,-0.02894568234339872,-0.028945682343398716,0.05282337188485989,0.08117249154453213,-0.055361828754836015,0.026416146411437295,-0.0025100711623665256,0.09513134750106918,False,False,False,False,-0.11151380718553117,-0.07022974476446495
"(7.0, 10.0]",EXPANDING,-1,3.0,0.5,30,3826,248,2802,257,2793,746.3620431119762,200.5004568862689,0.06481965499215891,0.06717198118139049,0.7323575535807632,0.20282279142707793,-0.17171981181390486,0.1950763311845207,-0.02904820015010265,-0.020815058487792144,0.05240471952071848,0.056065768034365276,-0.056992564514253385,0.027944364364150737,0.008753886957793638,0.06675126619530972,False,False,False,False,-0.0399185576733732,-0.03448337891173792
"(0.0, 7.0]",EXPANDING,1,3.0,0.5,30,3153,255,2362,264,2353,569.938106306004,245.83373862940914,0.08087535680304472,0.08372978116079924,0.749127814779575,0.16999682841738029,-0.13193783698065334,0.18076057922803807,-0.02914545903057569,-0.019154973778434878,0.0779682012779604,0.06336475775057455,-0.058403315180546,0.02925785614997031,0.01751059905247017,0.07583616910501262,False,True,False,False,-0.09761176650739574,-0.06337861276898571
"(7.0, 10.0]",STABLE,1,1.5,1.5,60,6404,2691,2634,2693,2632,65.100121304614,337.6828081939889,0.4202061211742661,0.42051842598376016,0.4113054341036852,0.16848844472204877,0.01335103060587133,0.01016554049103904,-0.02921341144431213,-0.028276497015829932,0.0527299825412225,0.4139045471627208,-0.06500604986256821,0.03579263841825608,0.006301574011545297,0.4311760193017297,False,False,False,False,-0.07718346806661507,-0.053198439755463595
"(7.0, 10.0]",EXPANDING,1,4.0,1.5,30,3826,133,1317,137,1313,1532.1001662342167,200.5004568862689,0.03476215368531103,0.035807631991636175,0.3442237323575536,0.6210141139571355,-0.37728698379508624,0.400444371728755,-0.029247331587049723,-0.02349720090226143,0.05240471952071848,0.02644052732928455,-0.030716322604037987,0.0014689910169882643,0.008321626356026478,0.03398989513402158,False,True,False,False,-0.0452012191937293,-0.037224275390389513
"(7.0, 10.0]",STABLE,1,2.0,1.0,30,6501,1107,3091,1110,3088,1028.3904560500207,342.64702555540435,0.1702814951545916,0.1707429626211352,0.4754653130287648,0.3542531918166436,-0.1349023227195816,0.1581895794570098,-0.029419561529823664,-0.02803515913019284,0.05270681826725186,0.16901199822248555,-0.05196074254080282,0.02254118101097916,0.00126949693210604,0.18215073632091547,False,False,False,False,-0.0866024543706795,-0.05801100795025158
"(10.0, 14.0]",STABLE,1,1.5,0.75,15,3807,510,1684,516,1678,529.7802478230356,144.0679971017326,0.13396375098502758,0.1355397951142632,0.4423430522721303,0.42369319674284217,-0.13081166272655634,0.13915950822774772,-0.02949507467262859,-0.025948975381848448,0.03784292017381996,0.13627036813518406,-0.023708804069793296,-0.005786270602835295,-0.0023066171501564814,0.1520663989608039,False,False,False,False,-0.07208435156494973,-0.05078971311878916
"(10.0, 14.0]",STABLE,1,4.0,0.75,15,3807,14,1696,14,1696,1247.692729084812,144.0679971017326,0.0036774363015497765,0.0036774363015497765,0.4454951405306015,0.5508274231678487,-0.319411610191752,0.3277364667940142,-0.029518063571557795,-0.02951806357155779,0.03784292017381996,0.004224502112251056,-0.022302559683400818,-0.007215503888156977,-0.0005470658107012798,0.007458381405066273,False,False,False,False,-0.07243435679735653,-0.050976210184457166
"(10.0, 14.0]",STABLE,1,0.75,0.5,60,3763,1530,2232,1636,2126,-0.1289454160763264,142.4723347408888,0.4065904863141111,0.4347595003986181,0.5931437682699974,0.00026574541589152734,0.00837098060058464,-3.426665322251565e-05,-0.02952465590139919,0.005686611704234616,0.03786136984876131,0.3987295382360127,-0.03849861779293684,0.008973961891537652,0.007860948078098395,0.42114788583780366,False,False,False,True,-0.0797827092056574,-0.054653682553528295
"(14.0, inf]",STABLE,1,0.75,0.75,30,2239,1036,1055,1057,1034,4.5590123843577395,56.67423231965815,0.462706565430996,0.47208575256811075,0.4711924966502903,0.06610093791871374,-0.006364448414470746,0.002036182395872148,-0.029640562722331582,-0.015571782016659406,0.025312296703732983,0.46271036315323294,-0.021750051471264673,-0.00789051125106691,-3.797722236964507e-06,0.4922553715425481,False,False,False,False,-0.03505281139080656,-0.03234668705656907
"(7.0, 10.0]",CONTRACTING,-1,0.75,0.75,15,3194,1387,1285,1427,1245,-2.517912487128291,168.69632960544712,0.4342517219787101,0.44677520350657485,0.402316844082655,0.1634314339386349,0.02395115842204133,-0.0007883257630332784,-0.029653801531801943,-0.010868579240004825,0.052816634190809994,0.41685699550578353,-0.06138700297921196,0.031733201447410014,0.01739472647292656,0.44135017177882113,False,False,False,False,-0.09476468914161518,-0.06220924533670856
"(7.0, 10.0]",CONTRACTING,-1,4.0,0.5,15,3194,23,1915,23,1915,939.1851883443181,168.69632960544712,0.007201001878522229,0.007201001878522229,0.5995616781465247,0.39323731997495304,-0.27097683155917346,0.294046708936856,-0.029746756813127422,-0.029746756813127422,0.052816634190809994,0.008988432918293671,-0.05934224964911005,0.029595492835982628,-0.0017874310397714421,0.014011940381442939,False,False,False,False,-0.09946228705988082,-0.06460452193650412
"(7.0, 10.0]",CONTRACTING,-1,1.0,0.5,15,3194,887,1835,926,1796,103.98394177140882,168.69632960544712,0.27770820288040077,0.28991859737006886,0.5745147150907952,0.14777708202880402,-0.009549154664996869,0.032556024349220045,-0.029809764506586817,-0.01149417277208463,0.052816634190809994,0.2639062845354748,-0.0578478822755171,0.028038117768930282,0.013801918344925945,0.2859204318545617,False,False,False,False,-0.10659654851399235,-0.06820315651028958
"(10.0, 14.0]",STABLE,1,3.0,0.75,15,3807,40,1696,40,1696,1181.74937843997,144.0679971017326,0.010506960861570791,0.010506960861570791,0.4454951405306015,0.5439978986078278,-0.30260047281323876,0.31041486168635934,-0.030028531300699372,-0.030028531300699372,0.03784292017381996,0.011828605914302957,-0.023104261677676173,-0.006924269623023199,-0.0013216450527321656,0.017027624390413425,False,False,False,False,-0.07510982483628528,-0.05256917806849233
"(14.0, inf]",CONTRACTING,-1,0.75,1.0,30,855,428,305,434,299,-19.73282569370241,21.95308796592333,0.5005847953216375,0.5076023391812865,0.3567251461988304,0.14269005847953214,0.01871345029239766,-0.023079328296727965,-0.030042004280264024,-0.01776130252587806,0.02567612627593372,0.49902568644818424,-0.048431512641926,0.018389508361661977,0.00155910887345323,0.5468683504295896,False,False,False,False,-0.0486964413990178,-0.03936922283964091
"(7.0, 10.0]",EXPANDING,-1,3.0,1.5,60,3761,704,1814,718,1800,693.1630841878498,197.27354096545074,0.18718425950545067,0.19090667375697953,0.48231853230523797,0.33049720818931133,-0.1619250199415049,0.18430286737246737,-0.030074569736134257,-0.013323705604254436,0.05245241716709671,0.17369409996242013,-0.052904900830303234,0.022830331094168977,0.013490159543030539,0.19119843408616638,False,False,False,False,0.003641249958650537,-0.01321665988874186
"(10.0, 14.0]",EXPANDING,1,1.5,0.75,60,2771,862,1775,877,1760,57.64774701681848,102.7589053624695,0.31107903284012994,0.31649224106820645,0.6405629736557199,0.048357993504150154,-0.013803680981595092,0.020803950565434312,-0.03008342055057778,-0.01790370203740564,0.037083690134417,0.3072318592719277,-0.02019037644603311,-0.009893044104544672,0.0038471735682022445,0.33193820304156546,False,False,False,False,-0.06050313980178013,-0.04529328017617896
"(7.0, 10.0]",STABLE,1,3.0,0.5,30,6501,299,4672,301,4670,1585.872213094145,342.64702555540435,0.045992924165513,0.046300569143208736,0.7186586678972465,0.23534840793724043,-0.2213505614520843,0.24394281081282035,-0.030114568906515808,-0.029037811484580723,0.05270681826725186,0.045622870685824324,-0.053950255362323,0.023835686455807192,0.00037005347968867286,0.053034450305286765,False,False,False,False,-0.08817311497055434,-0.05914384193853507
"(7.0, 10.0]",EXPANDING,-1,4.0,0.5,30,3826,112,2814,114,2812,1044.1462525879706,200.5004568862689,0.029273392577104027,0.029796131730266597,0.7354939884997387,0.23523261892315728,-0.25065342394145324,0.2729080639278543,-0.030150079534317382,-0.02779775334508581,0.05240471952071848,0.02384831876758999,-0.05995666634817622,0.02980658681385884,0.005425073809514038,0.031042754890705487,False,False,False,False,-0.042852819879442415,-0.0365014497068799
"(0.0, 7.0]",CONTRACTING,1,3.0,1.5,60,6403,1284,3142,1289,3137,1221.084242035553,553.8240083541089,0.20053100109323754,0.201311885053881,0.490707480868343,0.3087615180384195,-0.13446821802280182,0.19070501984000515,-0.030257655211394018,-0.026743677388498505,0.08649445702859736,0.19825899843505476,-0.04736536553754153,0.017107710326147513,0.0022720026581827812,0.21232569105475724,False,False,False,False,-0.10237462447795477,-0.0663161398446744
"(7.0, 10.0]",STABLE,1,2.0,1.0,60,6404,1698,3762,1702,3758,509.7475906063642,337.6828081939889,0.2651467832604622,0.26577139287945034,0.5874453466583386,0.14740787008119927,-0.057151780137414114,0.07959831208718991,-0.0302834505914467,-0.028409621734482304,0.0527299825412225,0.26433671552048105,-0.0498923073235895,0.0196088567321428,0.0008100677399811573,0.2798585187225565,False,False,False,False,-0.08375376845442568,-0.05701860952293619
"(14.0, inf]",STABLE,-1,0.75,1.0,15,2242,937,631,948,620,-82.97603764635873,56.74676184629103,0.41793041926851027,0.42283675289919714,0.2814451382694023,0.3006244424620874,0.032002676181980376,-0.037009829458679186,-0.030317930192974914,-0.021731846339272866,0.025310776916276107,0.4156349487088787,-0.03996216850217331,0.009644238309198395,0.002295470559631585,0.444867953630986,False,False,False,False,-0.037348100316773346,-0.03383301525487413
"(7.0, 10.0]",EXPANDING,1,2.0,1.0,15,3844,344,1359,353,1350,755.1286810518585,201.40036603368605,0.08949011446409989,0.09183142559833507,0.3535379812695109,0.5569719042663892,-0.17455775234131113,0.19644346541411511,-0.03050772241983027,-0.02348378901712475,0.05239343549263425,0.0772121122817358,-0.04658806721085617,0.0160803447910259,0.012278002182364092,0.08952586352647533,False,False,False,False,-0.06655836446028593,-0.0485330434400581
"(7.0, 10.0]",EXPANDING,1,4.0,1.5,15,3844,36,757,39,754,1075.618091522033,201.40036603368605,0.009365244536940686,0.010145681581685745,0.1969302809573361,0.7937044745057232,-0.2579344432882414,0.2798174015405913,-0.030510477240284366,-0.026218073494186547,0.05239343549263425,0.005452000294702718,-0.037982596409641634,0.007472119169357267,0.003913244242237968,0.00906647630910383,False,True,False,False,-0.07570264949438013,-0.05310656336733225
"(10.0, 14.0]",STABLE,1,1.0,0.5,60,3763,1261,2480,1312,2429,6.480377340358618,142.4723347408888,0.33510496943927714,0.34865798564974754,0.6590486314111081,0.005846399149614712,0.005580653733723093,0.001722130571447945,-0.030558585543590273,-0.01022906122788472,0.03786136984876131,0.33459565111165407,-0.031083454437738422,0.0005248688941481491,0.0005093183276230762,0.3562418465730443,False,False,False,False,-0.07508359291927912,-0.05282108923143469
"(14.0, inf]",CONTRACTING,-1,0.75,1.5,60,848,517,238,522,233,-34.87667440190692,21.794415002467627,0.6096698113207547,0.6155660377358491,0.2806603773584906,0.1096698113207547,0.03626179245283019,-0.04112815377583363,-0.03056732241081904,-0.017300812976856775,0.025700961087815596,0.5971107544141252,-0.07644023318495581,0.04587291077413677,0.012559056906629507,0.643961406596417,False,False,False,False,-0.03919137032157583,-0.03487934636619744
"(10.0, 14.0]",STABLE,1,1.5,0.5,60,3763,889,2749,899,2739,68.28600516596876,142.4723347408888,0.23624767472761096,0.2389051288865267,0.7305341482859421,0.03321817698644691,-0.01089556205155461,0.018146692842404666,-0.030610239057911253,-0.02529533074007974,0.03786136984876131,0.23650134375763499,-0.030891204094636637,0.0002809650367253842,-0.00025366903002402297,0.2560664373499674,False,False,False,False,-0.07731826819395628,-0.05396425362593377
"(0.0, 7.0]",EXPANDING,1,3.0,1.0,30,3153,323,1689,332,1680,869.0115291734716,245.83373862940914,0.10244211861718998,0.1052965429749445,0.5356803044719315,0.3618775769108785,-0.22835394862036157,0.2756141862269177,-0.030707963671404243,-0.01929026624038617,0.0779682012779604,0.08376717789972328,-0.051032837695114686,0.020324874023710443,0.018674940717466698,0.09789122523304418,False,True,False,False,-0.09052001608387496,-0.0606139898776396
"(10.0, 14.0]",STABLE,1,1.5,0.5,15,3807,458,2270,467,2261,474.4001708513561,144.0679971017326,0.12030470186498556,0.12266876805883899,0.5962700288941424,0.2834252692408721,-0.11767796164959285,0.12461260069644237,-0.030908281126970447,-0.026180148739263588,0.03784292017381996,0.12106216053108027,-0.030108207620561062,-0.000800073506409385,-0.0007574586660947097,0.13610129219157885,False,False,False,False,-0.07176076721080693,-0.05133452416888869
"(14.0, inf]",STABLE,-1,1.5,1.0,15,2242,346,681,349,678,148.936324717599,56.74676184629103,0.1543264942016057,0.15566458519179305,0.30374665477252455,0.5419268510258697,-0.07225691347011597,0.06643011807207806,-0.031137572314314018,-0.027792344838845684,0.025310776916276107,0.1611248673505483,-0.03220187471977914,0.0010643024054651194,-0.006798373148942577,0.18321897528175501,False,False,False,False,-0.023922044912716513,-0.027529808613515266
"(10.0, 14.0]",EXPANDING,-1,2.0,1.5,15,2800,296,446,300,442,93.5077882157187,103.806775555842,0.10571428571428572,0.10714285714285714,0.15928571428571428,0.735,-0.0275,0.03339563864847096,-0.031178209764329747,-0.026178209764329746,0.03707384841280071,0.08738684369342185,-0.062111795214402875,0.030933585450073128,0.018327442020863866,0.10267467828868342,False,True,False,False,-0.04256394923991202,-0.03687107950212088
"(7.0, 10.0]",CONTRACTING,-1,1.0,0.75,15,3194,1001,1352,1017,1336,82.10133386981856,168.69632960544712,0.31340012523481525,0.31840951784596117,0.4232936756418284,0.2633061991233563,-0.004070131496556042,0.025704863453293224,-0.03118190223407281,-0.02241546516456749,0.052816634190809994,0.3037648272305312,-0.06245230503868299,0.03127040280461017,0.009635298004284032,0.3266979741416031,False,False,False,False,-0.10320527765396861,-0.0671935899440207
"(10.0, 14.0]",STABLE,1,3.0,0.75,60,3763,347,2546,347,2546,893.3675412197833,142.4723347408888,0.09221365931437683,0.09221365931437683,0.6765878288599522,0.23119851182567097,-0.23079989370183365,0.23740832878548587,-0.03125293476510908,-0.03125293476510908,0.03786136984876131,0.09650623014903494,-0.01955748101012701,-0.011695453754982075,-0.004292570834658102,0.1102376434914134,False,False,False,False,-0.10864814807465424,-0.06995054141988166
"(7.0, 10.0]",CONTRACTING,-1,1.5,1.0,60,3140,1173,1738,1176,1735,45.863468403986474,165.86538771846006,0.3735668789808917,0.37452229299363055,0.5535031847133758,0.07292993630573252,0.006847133757961784,0.014606200128658113,-0.031370037998239994,-0.028981502966392857,0.05282337188485989,0.36708004509582864,-0.04772858476073325,0.016358546762493258,0.006486833885063048,0.39126925780266997,False,False,False,False,-0.10006716802961972,-0.06571860301392986
"(0.0, 7.0]",STABLE,1,4.0,1.0,60,10983,1010,7162,1016,7156,3689.1874781667225,912.715133199325,0.09196030228535008,0.09250660111080761,0.6520986979877993,0.2559409997268506,-0.28425748884639895,0.33589979770251505,-0.03146022535123395,-0.02872873122394632,0.08310253420734999,0.095608372456964,-0.02665965689842877,-0.004800568452805184,-0.0036480701716139208,0.10355457728058755,False,False,False,False,-0.058354853342282575,-0.044907539346758264
"(10.0, 14.0]",STABLE,1,4.0,0.5,15,3807,14,2288,14,2288,1112.259238424758,144.0679971017326,0.0036774363015497765,0.0036774363015497765,0.6009981612818492,0.39532440241660094,-0.2857893354347255,0.2921616071512367,-0.0314706484573088,-0.0314706484573088,0.03784292017381996,0.004103802051901026,-0.02737342660499245,-0.0040972218523163476,-0.0004263657503512496,0.007295356807611401,False,False,False,False,-0.06992494516067067,-0.05069779680898974
"(14.0, inf]",CONTRACTING,-1,1.0,1.0,60,848,394,390,397,387,-8.899126255773217,21.794415002467627,0.46462264150943394,0.4681603773584906,0.45990566037735847,0.07547169811320764,0.0047169811320754715,-0.010494252660109926,-0.031478232615850046,-0.024402760917736844,0.025700961087815596,0.45318352059925093,-0.05917687669652118,0.02769864408067113,0.01143912091018301,0.5011390513885554,False,False,False,False,-0.026999161257894352,-0.0292386969368722
"(7.0, 10.0]",CONTRACTING,-1,3.0,0.75,15,3194,66,1404,66,1404,922.9210524308244,168.69632960544712,0.020663744520976832,0.020663744520976832,0.4395742016280526,0.5397620538509705,-0.26768941765810894,0.288954618794873,-0.031551433054045945,-0.031551433054045945,0.052816634190809994,0.02416562292787151,-0.07093743757993078,0.03938600452588483,-0.0035018784068946776,0.0321168013780893,False,False,False,False,-0.09454672535994765,-0.0630490792069968
"(14.0, inf]",STABLE,-1,0.75,1.5,15,2242,961,287,966,282,-304.37926050107234,56.74676184629103,0.42863514719000895,0.43086529884032115,0.1280107047279215,0.4433541480820695,0.12946030330062444,-0.13576238202545599,-0.03161285564110766,-0.02659501442790516,0.025310776916276107,0.4280155642023346,-0.043575812496754435,0.011962956855646772,0.0006195829876743386,0.45735150117712164,False,False,False,False,-0.03393479677584172,-0.03277382620847469
"(7.0, 10.0]",EXPANDING,1,3.0,1.5,30,3826,313,1310,320,1303,1105.4574428168655,200.5004568862689,0.0818086774699425,0.0836382645060115,0.3423941453214846,0.5757971772085729,-0.2681651855723994,0.28893294375767525,-0.031636961335442595,-0.023403819673132088,0.05240471952071848,0.06599022367056732,-0.032708800084144535,0.0010718387487019393,0.015818453799375173,0.0774949170467728,False,True,False,False,-0.04567906347786359,-0.03865801240665309
"(7.0, 10.0]",CONTRACTING,-1,1.5,0.5,30,3175,695,2201,707,2189,124.8266987629182,167.69485600288158,0.2188976377952756,0.22267716535433071,0.693228346456693,0.08787401574803144,-0.01826771653543307,0.03931549567336006,-0.03176949834329555,-0.024210443225185316,0.052817277481222544,0.20819137905495483,-0.055719152427665446,0.023949654084369894,0.010706258740320773,0.22858618446580503,False,False,False,False,-0.10680041350006567,-0.0692849559216806
"(10.0, 14.0]",EXPANDING,-1,4.0,1.0,15,2800,42,958,43,957,804.7357452028061,103.806775555842,0.015,0.015357142857142857,0.34214285714285714,0.6428571428571428,-0.28214285714285714,0.2874056232867165,-0.03181108226894138,-0.030025367983227094,0.03707384841280071,0.010500905250452625,-0.06382076577500838,0.032009683506067,0.004499094749547374,0.016289945478810658,False,False,False,False,-0.03922077377084267,-0.03551592801989202
"(10.0, 14.0]",STABLE,1,3.0,0.5,15,3807,36,2287,36,2287,1057.9364101498738,144.0679971017326,0.009456264775413711,0.009456264775413711,0.60073548726031,0.38980824796427627,-0.27199894930391383,0.2778924113868857,-0.031949458090848114,-0.03194945809084811,0.03784292017381996,0.010500905250452625,-0.028741944655960274,-0.0032075134348878397,-0.001044640475038914,0.01541960052401962,False,False,False,False,-0.072397894611007,-0.05217367635092755
"(14.0, inf]",STABLE,-1,1.0,0.5,30,2239,686,1448,717,1417,22.99543411017553,56.67423231965815,0.30638677981241624,0.3202322465386333,0.6467172845020098,0.04689593568557393,-0.016971862438588656,0.010270403800882327,-0.03201375534143931,-0.01124555525211372,0.025312296703732983,0.2992028343666962,-0.037530301120016374,0.005516545778577062,0.007183945445720041,0.3265106166313876,False,False,False,False,-0.026836277784960016,-0.029425016563199666
"(14.0, inf]",CONTRACTING,1,1.0,1.5,60,848,439,296,441,294,-0.4128980263775224,21.794415002467627,0.5176886792452831,0.5200471698113207,0.3490566037735849,0.13325471698113206,-0.00589622641509434,-0.00048690804997349337,-0.03208409555288343,-0.026187869137789088,0.025700961087815596,0.5500267522739433,0.03163880763491074,-0.06372290318779417,-0.03233807302866021,0.5976828387673148,False,False,False,False,-0.007025224413776681,-0.01955465998333006
"(7.0, 10.0]",STABLE,1,4.0,0.5,15,6535,26,4026,26,4026,2043.7003904104713,344.38265460412464,0.003978576893649579,0.003978576893649579,0.6160673297628156,0.3799540933435348,-0.2921193573068095,0.3127315058011433,-0.03208603889726906,-0.03208603889726907,0.052698187391602855,0.003904811021881677,-0.05079097513988055,0.018704936242611485,7.376587176790217e-05,0.006236501649922974,False,False,False,False,-0.07651440356299435,-0.05430022123013171
"(10.0, 14.0]",EXPANDING,1,1.0,0.75,60,2771,1176,1562,1208,1530,9.317293543302567,102.7589053624695,0.4243955250811981,0.435943702634428,0.5636954168170336,0.011909058101768233,0.001623962468422952,0.0033624300048006378,-0.03209729766119341,-0.01188798694304112,0.037083690134417,0.4317126801856829,-0.016695908394308366,-0.015401389266885043,-0.007317155104484774,0.45812080217526363,False,False,False,False,-0.07105960131043079,-0.0515784494858121
"(10.0, 14.0]",EXPANDING,-1,2.0,0.75,15,2800,269,1311,275,1305,458.80702163185447,103.806775555842,0.09607142857142857,0.09821428571428571,0.4682142857142857,0.4357142857142857,-0.15901785714285716,0.16385965058280516,-0.03223205497285269,-0.026339197829995543,0.03707384841280071,0.07978273989136994,-0.06269923228981221,0.03046717731695952,0.01628868868005863,0.09447090627691826,False,True,False,False,-0.045226005232704786,-0.03872903010277874
"(14.0, inf]",STABLE,-1,1.0,1.5,15,2242,703,296,708,291,-274.6135371519806,56.74676184629103,0.3135593220338983,0.3157894736842105,0.1320249776984835,0.5544157002676181,0.11552185548617305,-0.12248596661551321,-0.032274888045616255,-0.0266995089198357,0.025310776916276107,0.3142907675981606,-0.03809340769252174,0.005818519646905482,-0.0007314455642623008,0.34193842727023155,False,False,False,False,-0.022829208993706527,-0.027552048519661393
"(10.0, 14.0]",EXPANDING,-1,3.0,1.5,15,2800,91,449,93,447,413.7347997083848,103.806775555842,0.0325,0.03321428571428572,0.16035714285714286,0.8071428571428572,-0.1430357142857143,0.1477624284672803,-0.03234713423123471,-0.029132848516948997,0.03707384841280071,0.025588412794206396,-0.06445259810539589,0.032105463874161175,0.006911587205793605,0.03433321397506503,False,False,False,False,-0.044203241392286007,-0.038275187811760356
"(14.0, inf]",STABLE,-1,0.75,0.5,15,2242,770,1245,827,1188,28.999585355331792,56.74676184629103,0.3434433541480821,0.3688670829616414,0.555307760927743,0.10124888492417483,-0.02007136485280999,0.012934694627712663,-0.03244744714137343,-0.0006677861244242835,0.025310776916276107,0.3349840820657941,-0.04422678421630538,0.01177933707493195,0.008459272082287972,0.36306861188855677,False,False,False,False,-0.04526025386659489,-0.03885385050398416
"(7.0, 10.0]",STABLE,1,2.0,1.0,15,6535,508,2174,510,2172,1289.9121839639047,344.38265460412464,0.07773527161438408,0.07804131599081866,0.33267023718439176,0.5895944912012241,-0.17719969395562357,0.19738518499830218,-0.032512696348924244,-0.0315945632196205,0.052698187391602855,0.0772121122817358,-0.04658806721085617,0.014075370861931925,0.0005231593326482792,0.08661208778897352,False,False,False,False,-0.09146881838257381,-0.06199075736574903
"(7.0, 10.0]",STABLE,1,3.0,0.5,15,6535,112,4026,114,4024,1808.423956082952,344.38265460412464,0.01713848508033665,0.017444529456771232,0.6160673297628156,0.3667941851568477,-0.25661820964039783,0.27672899098438436,-0.032587406047616334,-0.03151625073009529,0.052698187391602855,0.015692919767184853,-0.05117412020002196,0.018586714152405627,0.0014455653131517955,0.020169812796442494,False,False,False,False,-0.07705976091190107,-0.0548235834797587
"(0.0, 7.0]",EXPANDING,1,3.0,1.5,60,3062,679,1601,686,1594,503.7858553426424,239.44254018301092,0.2217504898758981,0.2240365774003919,0.522860875244938,0.25538863487916397,-0.1190398432397126,0.1645283655593215,-0.03270956395831762,-0.022422170098095537,0.07819808627792649,0.19825899843505476,-0.04736536553754153,0.014655801579223915,0.023491491440843337,0.21866715421074326,False,True,False,False,-0.1749133300152543,-0.10381144698678596
"(7.0, 10.0]",STABLE,1,4.0,0.75,15,6535,31,3009,31,3009,2262.2865965035403,344.38265460412464,0.004743687834736037,0.004743687834736037,0.4604437643458301,0.5348125478194339,-0.3263580719204285,0.34618004537162056,-0.032876213940410765,-0.032876213940410765,0.052698187391602855,0.004936270537095705,-0.0484514832436327,0.015575269303221936,-0.000192582702359668,0.007535855567444948,False,False,False,False,-0.0919838803328843,-0.06243004713664753
"(7.0, 10.0]",EXPANDING,1,3.0,1.5,15,3844,101,755,106,750,904.1203962416014,201.40036603368605,0.02627471383975026,0.027575442247658687,0.19640998959417275,0.777315296566077,-0.21579084287200834,0.23520301671217517,-0.0329812616524674,-0.027127983816879465,0.05239343549263425,0.020334487585647976,-0.03857880749933436,0.005597545846866961,0.005940226254102284,0.0269963676577101,False,False,False,False,-0.07605940799851799,-0.05452033482549269
"(10.0, 14.0]",EXPANDING,-1,3.0,0.75,15,2800,83,1319,86,1316,751.2426528238682,103.806775555842,0.029642857142857144,0.030714285714285715,0.4710714285714286,0.4992857142857142,-0.264375,0.26830094743709576,-0.033147900975704934,-0.029130043832847785,0.03707384841280071,0.023536511768255886,-0.06450198572785984,0.031354084752154905,0.006106345374601259,0.03194889179219718,False,False,False,False,-0.04494875912745352,-0.039048330051579226
"(14.0, inf]",CONTRACTING,-1,1.0,0.75,60,848,346,467,351,462,-2.28832080952821,21.794415002467627,0.4080188679245283,0.41391509433962265,0.5507075471698113,0.041273584905660465,-0.0050117924528301884,-0.002698491520670059,-0.03341124506131585,-0.02309284883490075,0.025700961087815596,0.40092741216336725,-0.04751242695110557,0.014101181889789725,0.007091455761161047,0.4482860813368927,False,False,False,False,-0.02321349537868483,-0.02831237022000034
"(7.0, 10.0]",CONTRACTING,-1,2.0,0.75,30,3175,530,1866,532,1864,401.033982354995,167.69485600288158,0.16692913385826771,0.16755905511811023,0.5877165354330709,0.24535433070866142,-0.10692913385826772,0.1263099157023606,-0.03343649563712964,-0.03170421217256271,0.052817277481222544,0.162938823877944,-0.061961559736240394,0.028525064099110757,0.0039903099803237085,0.18154227053266672,False,False,False,False,-0.11583097501530651,-0.07463373532621807
"(10.0, 14.0]",STABLE,1,2.0,0.75,30,3792,484,2169,487,2166,675.4040077539394,143.52642635421205,0.12763713080168776,0.1284282700421941,0.571993670886076,0.3003691983122363,-0.17372099156118143,0.17811287124312747,-0.03345791629754026,-0.031282283386147865,0.0378497959794863,0.13469932104752666,-0.020349481538764584,-0.013108434758775676,-0.007062190245838901,0.15045182648009575,False,False,False,False,-0.08909015942738652,-0.06127403786246339
"(14.0, inf]",STABLE,-1,3.0,0.75,15,2242,46,976,48,974,575.5368774333944,56.74676184629103,0.020517395182872437,0.021409455842997322,0.43532560214094557,0.544157002676182,-0.2649420160570919,0.2567069034047254,-0.03354588956864259,-0.030200662093174256,0.025310776916276107,0.025468694729395117,-0.026266307324857872,-0.007279582243784714,-0.0049512995465226806,0.035268613254624714,False,False,False,False,-0.018046654154510393,-0.02579627186157649
"(14.0, inf]",CONTRACTING,1,1.0,0.75,30,855,299,434,305,428,19.73282569370241,21.95308796592333,0.3497076023391813,0.3567251461988304,0.5076023391812865,0.1426900584795322,-0.030994152046783626,0.023079328296727965,-0.03359095002598938,-0.021310248271603417,0.02567612627593372,0.3691762621789194,-0.011614026318551995,-0.021976923707437382,-0.01946865983973811,0.41570884512194267,False,False,False,False,-0.012889729281504609,-0.023240339653746993
"(7.0, 10.0]",STABLE,1,3.0,0.75,15,6535,130,3009,131,3008,1991.3271889997911,344.38265460412464,0.019892884468247895,0.020045906656465187,0.4604437643458301,0.519663351185922,-0.28565416985462894,0.30471724391733607,-0.03363511332889572,-0.03306128012308088,0.052698187391602855,0.018566271273852502,-0.04917868460913088,0.01554357128023516,0.001326613194395393,0.02341333703497218,False,False,False,False,-0.09226833444300678,-0.06295172388595124
"(10.0, 14.0]",STABLE,1,0.75,0.5,30,3792,1489,2233,1595,2127,14.673041263080734,143.52642635421205,0.39266877637130804,0.4206223628691983,0.5888713080168776,0.01845991561181437,6.592827004219409e-05,0.0038694729069305733,-0.033914394802513535,0.0010275883198493305,0.0378497959794863,0.38785160038797284,-0.04079234391447124,0.006877949111957701,0.004817175983335198,0.4100825237919746,False,False,False,True,-0.0776036613654916,-0.05575902808400257
"(14.0, inf]",STABLE,1,0.75,1.5,15,2242,960,340,968,332,-229.3350525251461,56.74676184629103,0.4281891168599465,0.431757359500446,0.15165031222123104,0.4201605709188224,0.0936663693131133,-0.1022903891726789,-0.03393479677584172,-0.02590625083471772,0.025310776916276107,0.43084541917226743,-0.027232288370554806,-0.0067025084052869145,-0.002656302312320946,0.46020224790264375,False,False,False,False,-0.03161285564110766,-0.03277382620847469
"(7.0, 10.0]",CONTRACTING,-1,0.75,0.75,60,3140,1605,1525,1651,1479,-0.8562903823260255,165.86538771846006,0.5111464968152867,0.5257961783439491,0.4856687898089172,0.003184713375796122,0.01910828025477707,-0.0002727039434159317,-0.03398779557349875,-0.012013273280505117,0.05282337188485989,0.4950018789928598,-0.05813456747690775,0.024146771903408998,0.016144617822426877,0.5199932132558751,False,False,False,False,-0.09363347048921465,-0.0638106330313567
"(14.0, inf]",CONTRACTING,1,1.5,0.75,60,848,233,522,238,517,34.87667440190692,21.794415002467627,0.27476415094339623,0.2806603773584906,0.6155660377358491,0.1096698113207547,-0.049528301886792456,0.04112815377583363,-0.03410110919877442,-0.020834599764812153,0.025700961087815596,0.3028357410379882,0.01929485683819495,-0.05339596603696937,-0.02807159009459198,0.34752393772702217,False,False,False,False,-0.014863853740847815,-0.024482481469811117
"(14.0, inf]",STABLE,-1,1.0,0.5,60,2218,719,1482,750,1451,2.524799330729351,56.16247469205734,0.324165915238954,0.3381424706943192,0.6681695220919748,0.007664562669071229,-0.009918845807033363,0.0011383225116002483,-0.03410174723233903,-0.01313691404929125,0.025321223936905925,0.31746031746031744,-0.041226844276577176,0.007125097044238145,0.006705597778636552,0.3453293539703632,False,False,False,False,-0.024067162381797673,-0.029084454807068352
"(14.0, inf]",STABLE,-1,1.5,1.5,15,2242,355,305,357,303,-94.71081829995805,56.74676184629103,0.15834076717216772,0.1592328278322926,0.1360392506690455,0.7056199821587867,0.03345227475468332,-0.04224389754681447,-0.03410239970840726,-0.0314262177280326,0.025310776916276107,0.16607711354793067,-0.03544717810450002,0.0013447783960927606,-0.007736346375762954,0.18843249928102146,False,False,False,False,-0.019195336104519616,-0.02664886790646344
"(7.0, 10.0]",EXPANDING,-1,1.0,1.5,60,3761,2166,1351,2183,1334,-70.86230508644906,197.27354096545074,0.5759106620579633,0.5804307365062483,0.3592129752725339,0.06487636266950286,0.03709119914916246,-0.018841346739284514,-0.03420256475721877,-0.022902378636506193,0.05245241716709671,0.5675310033821871,-0.03934146882619274,0.005138904068973965,0.00837965867577617,0.5901135930043789,False,False,False,False,-0.09942942372345372,-0.06681599424033624
"(14.0, inf]",STABLE,-1,2.0,1.0,15,2242,176,685,177,684,313.04461488083405,56.74676184629103,0.07850133809099019,0.07894736842105263,0.3055307760927743,0.6159678858162354,-0.14852809991079394,0.13962739289956916,-0.03421148392750089,-0.032873392937313554,0.025310776916276107,0.08666430845419172,-0.03095481978186546,-0.00325666414563543,-0.00816297036320153,0.10372964058662179,False,False,False,False,-0.015037435559275534,-0.024624459743388213
"(10.0, 14.0]",STABLE,1,0.75,0.5,15,3807,1350,2099,1450,1999,50.69706929235458,144.0679971017326,0.3546099290780142,0.3808773312319412,0.5513527712109272,0.09403729971105856,-0.009718938796952981,0.013316803071277798,-0.03424505589949515,-0.0014108032070864265,0.03784292017381996,0.3505129752564876,-0.041342938974855775,0.007097883075360627,0.004096953821526583,0.3722631499541019,False,False,False,False,-0.0755148937830684,-0.05487997484128178
"(10.0, 14.0]",STABLE,1,1.5,0.75,30,3792,850,2127,856,2121,333.5779057513845,143.52642635421205,0.22415611814345993,0.22573839662447256,0.5609177215189873,0.21492616033755274,-0.08445411392405064,0.08796885700194738,-0.034335052901589544,-0.030774926319311068,0.0378497959794863,0.23435984481086325,-0.022816794580275888,-0.011518258321313656,-0.010203726667403323,0.2537899810742136,False,False,False,False,-0.0907973227855329,-0.06256618784356122
"(14.0, inf]",STABLE,-1,3.0,0.5,15,2242,40,1356,43,1353,537.7094659973453,56.74676184629103,0.01784121320249777,0.0191793041926851,0.6048171275646744,0.3773416592328278,-0.2488849241748439,0.23983473059649657,-0.03436097049462342,-0.029677652028967758,0.025310776916276107,0.023346303501945526,-0.02745745695282349,-0.006903513541799935,-0.0055050902994477555,0.03276077608791702,False,False,False,False,-0.024588228786778847,-0.029474599640701135
"(14.0, inf]",STABLE,1,1.0,0.5,15,2242,545,1312,569,1288,90.60387558662802,56.74676184629103,0.24308652988403212,0.2537912578055308,0.5851917930419268,0.17172167707404107,-0.04950936663693131,0.04041207653284033,-0.03440806702036709,-0.018350975138119095,0.025310776916276107,0.24106827025114963,-0.024497619136997675,-0.009910447883369415,0.002018259632882491,0.2666333965864932,False,False,False,False,-0.025992709676912595,-0.03020038834863984
"(14.0, inf]",STABLE,1,0.75,1.0,30,2239,1140,851,1153,838,-24.47770752779808,56.67423231965815,0.5091558731576596,0.5149620366234926,0.3800803930326038,0.11076373380973653,0.001786511835640911,-0.010932428551941974,-0.03445821342003405,-0.024297427354826366,0.025312296703732983,0.5096545615589017,-0.022910960853244698,-0.011547252566789352,-0.000498688401242009,0.5392270412213224,False,False,False,False,-0.042383671130209175,-0.03842094227512161
"(7.0, 10.0]",CONTRACTING,-1,4.0,0.75,15,3194,23,1405,23,1405,1020.2637283557233,168.69632960544712,0.007201001878522229,0.007201001878522229,0.4398872886662492,0.5529117094552285,-0.301111458985598,0.3194313488903329,-0.03449674428607509,-0.03449674428607509,0.052816634190809994,0.00957783835555883,-0.07090358257661812,0.03640683829054303,-0.0023768364770366014,0.01475083850406113,False,False,False,False,-0.09556372543695792,-0.0650302348615165
"(10.0, 14.0]",STABLE,1,1.0,0.5,15,3807,960,2212,1009,2163,158.65773629394081,144.0679971017326,0.25216706067769895,0.2650380877331232,0.5810349356448647,0.16679800367743636,-0.03835040714473339,0.04167526564064639,-0.034518061677906955,-0.015211521094770628,0.03784292017381996,0.25528062764031384,-0.03406925489031567,-0.00044880678759128684,-0.0031135669626148887,0.27522315316632073,False,False,False,False,-0.06712884486561496,-0.05082345327176096
"(14.0, inf]",CONTRACTING,1,0.75,0.75,30,855,382,399,397,384,5.150963787446749,21.95308796592333,0.44678362573099417,0.464327485380117,0.4666666666666667,0.08654970760233915,-0.014912280701754385,0.00602451904964532,-0.03456388792804278,-0.008248098454358577,0.02567612627593372,0.46271036315323294,-0.021750051471264673,-0.01281383645677811,-0.015926737422238768,0.5105199347014037,False,False,False,False,-0.04310415409750887,-0.038834021012775825
"(7.0, 10.0]",CONTRACTING,-1,4.0,1.5,30,3175,83,906,83,906,1084.5941903731755,167.69485600288158,0.02614173228346457,0.02614173228346457,0.2853543307086614,0.688503937007874,-0.32346456692913383,0.3416044694088742,-0.034677375001482234,-0.034677375001482234,0.052817277481222544,0.03406902681084284,-0.06916417034002263,0.0344867953385404,-0.007927294527378271,0.04342316896977701,False,False,False,False,-0.10033486253858649,-0.06750611877003436
"(14.0, inf]",CONTRACTING,-1,0.75,0.5,15,858,298,479,324,453,8.14656182261414,22.028981079620134,0.3473193473193473,0.3776223776223776,0.5582750582750583,0.09440559440559437,-0.018648018648018648,0.00949482729908408,-0.034827994472034954,0.003050793406752919,0.02567480312310039,0.3349840820657941,-0.04422678421630538,0.009398789744270428,0.012335265253553218,0.38051557176239287,False,False,False,True,-0.0610456246227379,-0.047936809547386425
"(7.0, 10.0]",CONTRACTING,-1,0.75,0.75,30,3175,1577,1499,1623,1453,-1.904698330885675,167.69485600288158,0.4966929133858268,0.5111811023622047,0.4721259842519685,0.031181102362204727,0.0184251968503937,-0.0005999049861057245,-0.03499198561693457,-0.013259702152367638,0.052817277481222544,0.4774107539623759,-0.061315927871414426,0.026323942254479857,0.01928215942345085,0.5022529667077283,False,False,False,False,-0.09237485281007744,-0.06368341921350601
"(7.0, 10.0]",CONTRACTING,-1,1.5,0.5,60,3140,789,2300,801,2288,22.419047164407935,165.86538771846006,0.25127388535031847,0.2550955414012739,0.732484076433121,0.01624203821656056,0.010668789808917197,0.007139823937709533,-0.035014758138233154,-0.027371446036322328,0.05282337188485989,0.24314167606163098,-0.05033744549287189,0.015322687354638737,0.008132209288687492,0.2647728620109969,False,False,False,False,-0.11374038366532599,-0.07437757090177957
"(14.0, inf]",STABLE,-1,0.75,0.75,30,2239,1034,1057,1055,1036,-4.5590123843577395,56.67423231965815,0.4618133095131755,0.4711924966502903,0.47208575256811075,0.06610093791871369,-0.007704332291201429,-0.002036182395872148,-0.03505281139080656,-0.020984030685134384,0.025312296703732983,0.4508414526129318,-0.04741860529257913,0.012365793901772573,0.010971856900243715,0.4803379864316943,False,False,False,False,-0.029640562722331582,-0.03234668705656907
"(10.0, 14.0]",CONTRACTING,-1,4.0,0.5,60,1652,91,1338,91,1338,309.93830467085394,63.02996017781892,0.05508474576271186,0.05508474576271186,0.8099273607748184,0.13498789346246975,-0.18462469733656175,0.18761398587824088,-0.035164440379518755,-0.035164440379518755,0.038153728921197894,0.05179574883948204,-0.07098095605469207,0.03581651567517331,0.0032889969232298213,0.0676839755423407,False,False,False,False,0.022398453803312773,-0.006382993288102991
"(7.0, 10.0]",STABLE,1,2.0,0.5,15,6535,436,4018,443,4011,1250.875168501729,344.38265460412464,0.0667176740627391,0.06778882938026014,0.6148431522570773,0.3184391736801836,-0.17398622800306043,0.1914116554708078,-0.03527275992385551,-0.03259487163005291,0.052698187391602855,0.06446621970087674,-0.05313111068534584,0.01785835076149033,0.0022514543618623595,0.07313091373101994,False,False,False,False,-0.07415028238652088,-0.054711521155188195
"(10.0, 14.0]",EXPANDING,-1,2.0,1.0,15,2800,285,953,292,946,387.69759058728926,103.806775555842,0.10178571428571428,0.10428571428571429,0.34035714285714286,0.5578571428571428,-0.1367857142857143,0.13846342520974617,-0.03539613748876883,-0.027896137488768832,0.03707384841280071,0.08449004224502112,-0.06366044296301142,0.028264305474242586,0.01729567204069317,0.0995536740088055,False,True,False,False,-0.04112595474438843,-0.03826104611657863
"(7.0, 10.0]",STABLE,1,1.0,1.5,60,6404,3626,2280,3637,2269,-95.24892657389869,337.6828081939889,0.566208619612742,0.5679262960649594,0.3560274828232355,0.07776389756402247,0.03216739537788882,-0.014873348934087864,-0.035435936097421544,-0.031141744966878136,0.0527299825412225,0.5581360390830515,-0.06325551698716599,0.02781958088974444,0.00807258052969051,0.5754971262228294,False,False,False,False,-0.058913574150012554,-0.04717475512371705
"(7.0, 10.0]",CONTRACTING,-1,0.75,0.5,15,3194,1203,1754,1293,1664,29.824441213745118,168.69632960544712,0.37664370695053223,0.40482154038822793,0.5491546649968692,0.07420162805259867,0.00790544771446462,0.009337645965480626,-0.03557354051086475,-0.0003512487137451517,0.052816634190809994,0.35806380313858394,-0.06103972502743524,0.02546618451657049,0.018579903811948295,0.381925870464403,False,False,False,False,-0.10356506085916678,-0.06956930068501577
"(7.0, 10.0]",EXPANDING,1,2.0,1.5,15,3844,355,751,366,740,481.10111434658586,201.40036603368605,0.09235171696149844,0.09521331945889698,0.19536940686784598,0.7122788761706556,-0.10835067637877212,0.1251563773014011,-0.035587734570005254,-0.02557212582911035,0.05239343549263425,0.07927503131216386,-0.04266563226129969,0.007077897691294438,0.013076685649334577,0.09173394364656884,False,True,False,False,-0.06979876767236864,-0.052693251121186946
"(10.0, 14.0]",EXPANDING,1,1.0,0.75,30,2791,1084,1495,1117,1462,41.006042099943315,103.48692488951522,0.38839125761375853,0.4002149767108563,0.5356503045503404,0.07595843783590117,-0.013346470798996776,0.014692240093136265,-0.03573302858816622,-0.015041520168245039,0.037078797882305704,0.3913676042677013,-0.020070634350460272,-0.015662394237705945,-0.002976346653942752,0.41733000812485443,False,False,False,False,-0.06865085935279373,-0.05219194397047998
"(10.0, 14.0]",EXPANDING,-1,3.0,1.0,15,2800,88,958,91,955,697.6531605216564,103.806775555842,0.03142857142857143,0.0325,0.34214285714285714,0.6264285714285713,-0.24785714285714286,0.24916184304344874,-0.03576914822649484,-0.03148343394078055,0.03707384841280071,0.024622812311406155,-0.06577174192631793,0.030002593699823096,0.0068057591171652755,0.03321305706457314,False,False,False,False,-0.04071588788093163,-0.03824251805371323
"(7.0, 10.0]",EXPANDING,1,4.0,0.75,15,3844,32,1867,34,1865,1336.0949811140872,201.40036603368605,0.008324661810613945,0.008844953173777315,0.4856919875130073,0.5059833506763787,-0.3309703433922997,0.34757933951979375,-0.035784439365140176,-0.033313055390114164,0.05239343549263425,0.004936270537095705,-0.0484514832436327,0.012667043878492525,0.0033883912735182395,0.008389976324214982,False,False,False,False,-0.06531661474696018,-0.050550527056050176
"(7.0, 10.0]",CONTRACTING,-1,1.0,0.5,30,3175,1048,2038,1092,1994,24.561065483467182,167.69485600288158,0.3300787401574803,0.34393700787401577,0.6418897637795276,0.028031496062992156,0.009133858267716535,0.007735768656210136,-0.035947650557295874,-0.01516024898249272,0.052817277481222544,0.3158050659161606,-0.057239534305468326,0.021291883748172452,0.0142736742413197,0.33904443500201703,False,False,False,False,-0.10786469430131844,-0.07190617242930716
"(0.0, 7.0]",CONTRACTING,1,3.0,1.0,60,6403,1102,4082,1114,4070,1099.3675393240812,553.8240083541089,0.17210682492581603,0.1739809464313603,0.6375136654693112,0.19037950960487282,-0.12119319069186318,0.17169569566204612,-0.035991952058414434,-0.028495466036237337,0.08649445702859736,0.16916079812206572,-0.044988307479117334,0.0089963554207029,0.002946026803750307,0.18240512028651465,False,False,False,False,-0.08334315252438654,-0.059667552291400486
"(10.0, 14.0]",STABLE,1,3.0,0.75,30,3792,169,2185,169,2185,1138.647130600312,143.52642635421205,0.044567510548523204,0.044567510548523204,0.5762130801687764,0.37921940928270037,-0.29845727848101267,0.30027614203594727,-0.03603093242455169,-0.036030932424551694,0.0378497959794863,0.04340446168768186,-0.021355572222087747,-0.01467536020246394,0.0011630488608413425,0.052950571194304616,False,False,False,False,-0.09974845523121052,-0.0678896938278811
"(7.0, 10.0]",EXPANDING,-1,4.0,0.75,30,3826,137,2360,139,2358,1284.2740996653056,200.5004568862689,0.035807631991636175,0.03633037114479874,0.6168322007318349,0.34736016727652896,-0.3193936225823314,0.3356701776438331,-0.03612816445921676,-0.03364515348169454,0.05240471952071848,0.028662420382165606,-0.06988100157691991,0.033752837117703154,0.00714521160947057,0.03650117747248598,False,False,False,False,-0.03733771444086692,-0.03673293945004184
"(7.0, 10.0]",STABLE,1,0.75,1.5,60,6404,4180,1962,4197,1945,-85.89899556896539,337.6828081939889,0.6527170518425984,0.655371642723298,0.30637101811367895,0.04091193004372262,0.029981261711430358,-0.013413334723448687,-0.036162055553240834,-0.030189226071666814,0.0527299825412225,0.6433671552048102,-0.059845042491404564,0.02368298693816373,0.00934989663778818,0.6600805959356957,False,False,False,False,-0.051896520664920884,-0.044029288109080855
"(7.0, 10.0]",EXPANDING,-1,2.0,0.5,30,3826,551,2759,566,2744,339.50259504784094,200.5004568862689,0.14401463669628856,0.14793518034500783,0.721118661787768,0.1348667015159435,-0.07253005750130685,0.08873564951590197,-0.036199127506123356,-0.026397768384325133,0.05240471952071848,0.13568360242926975,-0.053154666470925996,0.01695553896480264,0.008331034267018811,0.15141197332594722,False,False,False,False,-0.04657586462386552,-0.041387496064994436
"(14.0, inf]",STABLE,-1,1.0,0.75,60,2218,906,1245,919,1232,3.5786600099415873,56.16247469205734,0.4084761045987376,0.4143372407574391,0.5613165013525698,0.03020739404869255,-0.01251127141568981,0.0016134625833821403,-0.036219032769213594,-0.02596204449148591,0.025321223936905925,0.40092741216336725,-0.04751242695110557,0.011293394181891979,0.007548692435370374,0.43017083734990297,False,False,False,False,-0.010608702280713358,-0.023413867524963477
"(14.0, inf]",STABLE,-1,4.0,0.75,15,2242,10,976,10,976,667.4719960082178,56.74676184629103,0.0044603033006244425,0.0044603033006244425,0.43532560214094557,0.56021409455843,-0.3086529884032114,0.2977127546869839,-0.036251010632503654,-0.036251010632503654,0.025310776916276107,0.004775380261761585,-0.03307388639981269,-0.003177124232690967,-0.00031507696113714217,0.009338624374248296,False,False,False,False,-0.018414084455042713,-0.027332547543773185
"(10.0, 14.0]",STABLE,1,1.0,0.5,30,3792,1178,2448,1229,2397,51.96555298123792,143.52642635421205,0.3106540084388186,0.3241033755274262,0.6455696202531646,0.043776371308016926,-0.012130801687763712,0.013703996039355992,-0.03627660162789402,-0.01610255099498263,0.0378497959794863,0.3143792434529583,-0.0346558109171786,-0.001620790710715421,-0.0037252350141397383,0.3356098648886755,False,False,False,False,-0.07413772899923363,-0.05520716531356382
"(14.0, inf]",STABLE,-1,2.0,1.5,15,2242,182,308,182,308,72.24838157282524,56.74676184629103,0.08117752007136485,0.08117752007136485,0.13737734165923282,0.7814451382694023,-0.043710972346119537,0.032224969479404654,-0.036796779782990986,-0.036796779782990986,0.025310776916276107,0.08949416342412451,-0.03508420746938094,-0.0017125723136100432,-0.008316643352759667,0.10679995040690697,False,False,False,False,-0.00990958056596976,-0.023353180174480372
"(7.0, 10.0]",CONTRACTING,-1,0.75,0.5,60,3140,1295,1843,1389,1749,0.2241635558064956,165.86538771846006,0.4124203821656051,0.4423566878980892,0.5869426751592357,0.0006369426751591245,0.015843949044585987,7.138966745429796e-05,-0.036908033172819606,0.0005123489927854885,0.05282337188485989,0.3949642991356633,-0.05871448203443455,0.021806448861614945,0.017456083029941838,0.4194742436318211,False,False,False,True,-0.10616732092944588,-0.07153767705113274
"(10.0, 14.0]",EXPANDING,1,1.5,0.75,30,2791,681,1628,697,1612,199.5833425315311,103.48692488951522,0.24399856682192764,0.2497312791114296,0.5833034754568255,0.17269795772124685,-0.0714797563597277,0.07150961753189936,-0.03704893671013405,-0.024150334058754615,0.037078797882305704,0.23435984481086325,-0.022816794580275888,-0.014232142129858166,0.009638722011064388,0.25703686800160186,False,False,False,False,-0.056359443798623766,-0.04670419025437891
"(7.0, 10.0]",STABLE,1,2.0,0.75,30,6501,997,3825,1000,3822,976.25898110353,342.64702555540435,0.15336102138132596,0.15382248884786956,0.588371019843101,0.25826795877557307,-0.13455622211967389,0.15017058623343024,-0.03709245415349552,-0.03582341862050059,0.05270681826725186,0.15249592652940305,-0.05858269907159682,0.021490244918101302,0.000865094851922904,0.16511035575264577,False,False,False,False,-0.08775103260033171,-0.06242174337691361
"(7.0, 10.0]",STABLE,1,1.5,1.0,15,6535,1020,2161,1024,2157,732.4978945262516,344.38265460412464,0.15608263198163733,0.1566947207345065,0.3306809487375669,0.5132364192807958,-0.09655700076511094,0.11208843068496581,-0.03716675747174798,-0.035636535589575066,0.052698187391602855,0.15663449495321594,-0.051256803937829463,0.014090046466081481,-0.0005518629715786094,0.16935132598024652,False,False,False,False,-0.08606911337072827,-0.061617935421238126
"(10.0, 14.0]",EXPANDING,-1,1.5,0.5,15,2800,419,1751,433,1737,246.73439362439115,103.806775555842,0.14964285714285713,0.15464285714285714,0.6253571428571428,0.22499999999999998,-0.08821428571428572,0.08811942629442542,-0.03716870783266102,-0.027168707832661017,0.03707384841280071,0.1327700663850332,-0.06046119663731442,0.0232924888046534,0.01687279075782394,0.1510339939221735,False,False,False,False,-0.054266761369654554,-0.045717734601157786
"(14.0, inf]",STABLE,-1,1.5,0.5,30,2239,430,1555,442,1543,105.79435565975558,56.67423231965815,0.19205002233139795,0.19740955783832068,0.6945064761054042,0.11344350156319793,-0.05917820455560518,0.04725071713253934,-0.037239784126798826,-0.026520713112953356,0.025312296703732983,0.19238263950398582,-0.036610897018737015,-0.0006288871080618111,-0.00033261717258786794,0.2160293981974734,False,False,False,False,-0.01390198707723288,-0.025570885602015852
"(7.0, 10.0]",EXPANDING,1,4.0,0.75,30,3826,100,2390,102,2388,1450.146361435512,200.5004568862689,0.026136957658128592,0.026659696811291166,0.6246732880292734,0.349189754312598,-0.3639571353894407,0.3790241404692922,-0.03733771444086692,-0.034854703463344704,0.05240471952071848,0.02199674122352244,-0.04912907948666393,0.01179136504579701,0.004140216434606152,0.028924667375448142,False,False,False,False,-0.03612816445921676,-0.03673293945004184
"(14.0, inf]",STABLE,-1,0.75,0.75,60,2218,1078,1112,1099,1091,-1.16873617404469,56.16247469205734,0.4860234445446348,0.4954914337240757,0.5013525698827773,0.012623985572587926,-0.011496844003606854,-0.0005269324499750631,-0.03734500039048784,-0.023143016621326434,0.025321223936905925,0.47529873372570003,-0.05184376534466598,0.014498764954178144,0.01072471081893478,0.5050164420760019,False,False,False,False,-0.027499431252485412,-0.032422215821486626
"(14.0, inf]",STABLE,1,0.75,1.0,15,2242,919,667,932,654,-49.23767906391482,56.74676184629103,0.40990187332738626,0.41570026761819806,0.29750223015165034,0.2925958965209634,0.009924174843889385,-0.02196149824438663,-0.037348100316773346,-0.027200910307852745,0.025310776916276107,0.41245136186770426,-0.027213822130801667,-0.010134278185971679,-0.002549488540318001,0.44165484660360993,False,False,False,False,-0.030317930192974914,-0.03383301525487413
"(0.0, 7.0]",STABLE,1,4.0,0.5,60,10983,693,8907,698,8902,2182.9704151987726,912.715133199325,0.06309751434034416,0.06355276336155877,0.8109806063916962,0.1259218792679596,-0.15310024583447146,0.19875902897193595,-0.0374437510698855,-0.03539513047441977,0.08310253420734999,0.06484741784037559,-0.03698010623378807,-0.00046364483609742657,-0.00174990350003143,0.07152238829107771,False,False,False,False,-0.06720683743459112,-0.05232529425223831
"(14.0, inf]",CONTRACTING,-1,0.75,1.5,30,855,459,183,464,178,-79.83622050535709,21.95308796592333,0.5368421052631579,0.5426900584795321,0.21403508771929824,0.24912280701754386,0.08157894736842106,-0.09337569649749368,-0.037472875405006344,-0.024314980668164236,0.02567612627593372,0.5346324180690877,-0.06117143077081362,0.023698555365807276,0.00220968719407022,0.5822619085766895,False,False,False,False,-0.0721304339515392,-0.054801654678272776
"(7.0, 10.0]",CONTRACTING,-1,2.0,0.75,60,3140,756,2133,758,2131,135.92837496313268,165.86538771846006,0.24076433121019108,0.24140127388535032,0.6792993630573249,0.07993630573248411,-0.027945859872611466,0.0432892913895327,-0.037479940367938655,-0.03572834801125076,0.05282337188485989,0.2353250657647501,-0.0509895361483911,0.013509595780452445,0.005439265445440988,0.25672323943913866,False,False,False,False,-0.10503681732298904,-0.07125837884546385
"(7.0, 10.0]",STABLE,1,2.0,0.5,30,6501,835,4640,844,4631,748.0117526378211,342.64702555540435,0.1284417781879711,0.1298261805876019,0.7137363482541148,0.1578218735579141,-0.09998461775111521,0.11506102947820661,-0.03763040654016047,-0.0341694005410834,0.05270681826725186,0.1255369574877796,-0.05948163335986959,0.02185122681970912,0.0029048207001914905,0.13718217253368548,False,False,False,False,-0.0771062041579004,-0.05736830534903044
"(7.0, 10.0]",STABLE,1,1.5,1.0,30,6501,1777,3012,1782,3007,444.50890642148823,342.64702555540435,0.2733425626826642,0.27411167512690354,0.4633133364097831,0.26334410090755267,-0.0532994923857868,0.06837546630079806,-0.037630844352240594,-0.03570806324164223,0.05270681826725186,0.2704043845356244,-0.05851748355708367,0.02088663920484308,0.0029381781470398383,0.28591797161964594,False,False,False,False,-0.08196113913816587,-0.05979599174520323
"(0.0, 7.0]",STABLE,-1,3.0,0.75,60,10983,1596,7838,1600,7834,1589.6607873888538,912.715133199325,0.14531548757170173,0.1456796867886734,0.7136483656560139,0.14103614677228438,-0.09928981152690522,0.14473830350440262,-0.03765404222985261,-0.03628829516620879,0.08310253420734999,0.14138302034428796,-0.06431379986848172,0.026659757638629114,0.003932467227413777,0.15077271425844607,False,False,False,False,-0.04176500617743401,-0.03970952420364331
"(7.0, 10.0]",EXPANDING,1,3.0,0.75,30,3826,254,2383,260,2377,1081.6850143487438,200.5004568862689,0.06638787245164662,0.06795608991113435,0.6228437009932044,0.3107684265551489,-0.26796915838996344,0.2827195541946534,-0.037654323716028504,-0.03177350824294957,0.05240471952071848,0.05443637979558584,-0.050929814349479734,0.01327549063345123,0.011951492656060783,0.06497916797986866,False,True,False,False,-0.03771075628669004,-0.037682540001359274
"(7.0, 10.0]",EXPANDING,-1,3.0,0.75,30,3826,295,2351,307,2339,934.4691033333928,200.5004568862689,0.07710402509147936,0.08024046001045479,0.6144798745426032,0.3084161003659174,-0.22954783063251438,0.24424179386654282,-0.03771075628669004,-0.025949125340532172,0.05240471952071848,0.06636053917938083,-0.06762493952884246,0.029914183242152427,0.010743485912098533,0.07789428279460876,False,False,False,False,-0.037654323716028504,-0.037682540001359274
"(10.0, 14.0]",EXPANDING,1,2.0,0.75,30,2791,402,1669,414,1657,445.77862947718296,103.48692488951522,0.14403439627373701,0.1483339304908635,0.5979935506986743,0.25797205302758863,-0.16042637047653172,0.15972003922507452,-0.037785129133762904,-0.02596141003666509,0.037078797882305704,0.13469932104752666,-0.020349481538764584,-0.01743564759499832,0.009335075226210354,0.15310160915388715,False,False,False,False,-0.050889933808826976,-0.04433753147129494
"(10.0, 14.0]",EXPANDING,1,1.0,1.0,15,2800,900,960,916,944,57.683495110161516,103.806775555842,0.32142857142857145,0.3271428571428571,0.34285714285714286,0.33571428571428574,-0.02142857142857143,0.020601248253629113,-0.037901171587743025,-0.0264726001591716,0.03707384841280071,0.3152685576342788,-0.0166632696882812,-0.021237901899461824,0.006160013794292651,0.34001258161785475,False,False,False,False,-0.04767509666642983,-0.04278813412708643
"(7.0, 10.0]",EXPANDING,1,3.0,0.75,15,3844,88,1865,92,1861,1190.435786237959,201.40036603368605,0.022892819979188347,0.023933402705515087,0.4851716961498439,0.49193548387096775,-0.2952003121748179,0.3096867289901038,-0.03790701867734833,-0.03400483345362304,0.05239343549263425,0.018566271273852502,-0.04917868460913088,0.011271665931782547,0.004326548705335845,0.024950823734728483,False,False,False,False,-0.06739984326553813,-0.05265343097144323
"(10.0, 14.0]",EXPANDING,-1,4.0,0.5,30,2791,94,2072,95,2071,657.6070620968892,103.48692488951522,0.03367968470082408,0.03403797921891795,0.7423862414905052,0.2239340738086707,-0.23647438194195627,0.23561700540913263,-0.03793617441512936,-0.03632384908370692,0.037078797882305704,0.026794374393792435,-0.06399876023502198,0.02606258581989262,0.006885310307031645,0.03574279511891984,False,False,False,False,-0.043293677045251784,-0.04061492573019057
"(10.0, 14.0]",STABLE,1,4.0,0.75,30,3792,58,2190,58,2190,1409.8779208669375,143.52642635421205,0.01529535864978903,0.01529535864978903,0.5775316455696202,0.40717299578059074,-0.3719672995780591,0.37180324917377044,-0.038013846383774925,-0.03801384638377493,0.0378497959794863,0.014791464597478177,-0.021729444164780835,-0.01628440221899409,0.0005038940523108531,0.020573803146654218,False,False,False,False,-0.10116274729917799,-0.06958829684147645
"(7.0, 10.0]",CONTRACTING,-1,1.0,0.5,60,3140,1072,2056,1116,2012,2.492318833615452,165.86538771846006,0.3414012738853503,0.3554140127388535,0.6547770700636942,0.003821656050955524,0.014012738853503185,0.000793732112616386,-0.03801690091874032,-0.01699779263848554,0.05282337188485989,0.3293498684704998,-0.056585282350876,0.018568381432135683,0.012051405414850502,0.35296592723391235,False,False,False,False,-0.11181945846506837,-0.07491817969190434
"(10.0, 14.0]",EXPANDING,1,4.0,0.5,60,2771,107,2213,109,2211,675.8631424988572,102.7589053624695,0.038614218693612416,0.039335979790689285,0.7986286539155539,0.1627571273908337,-0.24485745218332733,0.24390586160189723,-0.038035280715847095,-0.034787355779001196,0.037083690134417,0.034326899584656734,-0.0325617669166883,-0.005473513799158794,0.0042873191089556825,0.04439908746050237,False,False,False,False,-0.04549122689587928,-0.04176325380586319
"(10.0, 14.0]",EXPANDING,-1,1.5,0.75,15,2800,486,1302,497,1291,244.21111480267896,103.806775555842,0.17357142857142857,0.1775,0.465,0.3614285714285714,-0.08839285714285715,0.08721825528667106,-0.038248450268986794,-0.029409164554701078,0.03707384841280071,0.15147857573928786,-0.06441872571466416,0.026170275445677363,0.022092852832140714,0.17074275431449532,False,True,False,False,-0.043574053415931714,-0.04091125184245925
"(14.0, inf]",STABLE,1,0.75,0.5,60,2218,861,1349,910,1300,-0.13423986113478548,56.16247469205734,0.38818755635707847,0.4102795311091073,0.6082055906221822,0.0036068530207393756,-0.012962128043282237,-6.052293107970491e-05,-0.03834387491126786,-0.010728906471231798,0.025321223936905925,0.39539860888175493,-0.027600990636077724,-0.010742884275190136,-0.0072110525246764645,0.42457949737798406,False,False,False,False,-0.04100533064510717,-0.03967460277818752
"(7.0, 10.0]",CONTRACTING,-1,4.0,0.5,30,3175,64,2293,64,2293,936.4051894651946,167.69485600288158,0.02015748031496063,0.02015748031496063,0.7222047244094488,0.2576377952755905,-0.2804724409448819,0.29493076833549436,-0.038358950090610085,-0.038358950090610085,0.052817277481222544,0.02384831876758999,-0.05995666634817622,0.021597716257566138,-0.0036908384526293594,0.03177535756723998,False,False,False,False,-0.11893125491020395,-0.07864510250040702
"(7.0, 10.0]",STABLE,1,2.0,0.75,15,6535,480,3007,481,3006,1388.8215716059199,344.38265460412464,0.07345065034429993,0.07360367253251722,0.46013771996939556,0.46641162968630445,-0.19820198928844682,0.21252051593051566,-0.038379660749534014,-0.03795884973193646,0.052698187391602855,0.07249686878361453,-0.05283878434361935,0.014459123594085334,0.0009537815606854017,0.08163447009174586,False,False,False,False,-0.0886438372349291,-0.06351174899223155
"(14.0, inf]",STABLE,-1,0.75,0.5,30,2239,847,1341,904,1284,5.870129117992229,56.67423231965815,0.37829388119696294,0.4037516748548459,0.5989280928986155,0.022778025904421573,-0.01574363555158553,0.002621763786508365,-0.03843416846881015,-0.006611926396456417,0.025312296703732983,0.36864481842338354,-0.048673353811255836,0.010239185342445688,0.009649062773579409,0.3973316056862402,False,False,False,False,-0.03908761323539447,-0.03876089085210231
"(14.0, inf]",STABLE,-1,1.5,0.75,30,2239,520,1255,528,1247,131.58612798083945,56.67423231965815,0.23224653863331846,0.23581956230460027,0.5605180884323359,0.20723537293434569,-0.07201875837427422,0.058770043760982334,-0.038561011317024885,-0.030521708056640777,0.025312296703732983,0.23312666076173605,-0.0409654119126373,0.0024044005956124145,-0.0008801221284175931,0.25842677290798854,False,False,False,False,-0.00045085102601226314,-0.019505931171518574
"(10.0, 14.0]",EXPANDING,-1,1.5,1.5,15,2800,534,444,540,438,-139.42304746905688,103.806775555842,0.19071428571428573,0.19285714285714287,0.15857142857142856,0.6507142857142857,0.048214285714285716,-0.04979394552466317,-0.038653508223178173,-0.03222493679460674,0.03707384841280071,0.16584188292094146,-0.06263849849935196,0.02398499027617379,0.024872402793344267,0.18580471899050885,False,True,False,False,-0.04192276003099468,-0.04028813412708643
"(14.0, inf]",STABLE,-1,4.0,0.5,15,2242,8,1357,8,1357,616.5023626414824,56.74676184629103,0.003568242640499554,0.003568242640499554,0.6052631578947368,0.39116859946476357,-0.2883586083853702,0.2749787522932571,-0.038690633008389236,-0.038690633008389236,0.025310776916276107,0.0044216483905199855,-0.034758533249328434,-0.003932099759060802,-0.0008534057500204314,0.008830965685974699,False,False,False,False,-0.026141839273100237,-0.032416236140744736
"(10.0, 14.0]",STABLE,1,3.0,0.5,60,3763,273,2932,273,2932,643.819195291795,142.4723347408888,0.07254849853840022,0.07254849853840022,0.7791655593941005,0.14828594206749934,-0.17193728408184958,0.1710919998117978,-0.03870665411881312,-0.03870665411881312,0.03786136984876131,0.07598338626924017,-0.03130626769444485,-0.0074003864243682715,-0.0034348877308399556,0.08834302378443364,False,False,False,False,-0.09664662849413762,-0.06767664130647537
"(7.0, 10.0]",CONTRACTING,-1,0.75,0.5,30,3175,1292,1856,1386,1762,3.7071679320301243,167.69485600288158,0.40692913385826773,0.4365354330708661,0.5845669291338582,0.008503937007874107,0.012913385826771654,0.001167611947096102,-0.038736279707354784,-0.0017284056916067533,0.052817277481222544,0.38868315805065917,-0.0603169699742105,0.021580690266855718,0.01824597580760856,0.4129927654925073,False,False,False,False,-0.10277449381060061,-0.07075538675897769
"(0.0, 7.0]",EXPANDING,1,4.0,1.5,15,3185,44,658,47,655,935.4524236712609,248.0024988095714,0.013814756671899528,0.014756671899529042,0.20659340659340658,0.7795918367346939,-0.25463108320251177,0.2937056275262986,-0.038791232382515056,-0.033610698630552736,0.07786577670630185,0.008852804917205633,-0.062053053864951836,0.02326182148243678,0.004961951754693895,0.013848708736222683,False,False,False,False,-0.1021644635853789,-0.07047784798394698
"(14.0, inf]",CONTRACTING,-1,0.75,0.5,30,855,322,509,348,483,1.6541729360617012,21.95308796592333,0.37660818713450295,0.4070175438596491,0.5953216374269006,0.028070175438596467,-0.0152046783625731,0.0019347051883762587,-0.03894609945013056,-0.0009344035436978128,0.02567612627593372,0.36864481842338354,-0.048673353811255836,0.009727254361125273,0.007963368711119412,0.41516503748898514,False,False,False,False,-0.05457693116670898,-0.04676151530841977
"(10.0, 14.0]",EXPANDING,1,3.0,0.75,30,2791,125,1687,127,1685,884.7180973961717,103.48692488951522,0.04478681476173414,0.04550340379792189,0.604442852024364,0.35077033321390183,-0.3189716947330706,0.3169896443554897,-0.039060848259886594,-0.036373639374182545,0.037078797882305704,0.04340446168768186,-0.021355572222087747,-0.017705276037798846,0.001382353074052281,0.05458297745227627,False,False,False,False,-0.05720811182696679,-0.04813448004342669
"(0.0, 7.0]",EXPANDING,1,3.0,0.75,30,3153,298,2026,308,2016,748.1567268760656,245.83373862940914,0.09451316206787187,0.0976847446875991,0.6425626387567396,0.26292419917538856,-0.1983824928639391,0.23728408717921523,-0.03906660696268428,-0.027173172138707125,0.0779682012779604,0.07677876272219877,-0.05293888428120769,0.013872277318523404,0.0177343993456731,0.09036915607609274,False,True,False,False,-0.09286869451222597,-0.06596765073745513
"(14.0, inf]",STABLE,1,0.75,0.5,30,2239,839,1340,888,1291,9.907066285609945,56.67423231965815,0.37472085752568113,0.3966056275122823,0.5984814649397052,0.026797677534613706,-0.018200089325591782,0.004424772793930301,-0.03908761323539447,-0.011731650752143013,0.025312296703732983,0.37821080602302926,-0.029646468443506636,-0.009441144791887832,-0.0034899484973481276,0.4070357135704057,False,False,False,False,-0.03843416846881015,-0.03876089085210231
"(14.0, inf]",CONTRACTING,1,0.75,1.5,60,848,522,261,523,260,-11.43986703022868,21.794415002467627,0.6155660377358491,0.6167452830188679,0.30778301886792453,0.07665094339622641,0.0,-0.013490409233760235,-0.03919137032157583,-0.03653806843478338,0.025700961087815596,0.6383092562867844,0.006998264653382244,-0.04618963497495807,-0.022743218550935307,0.6840845000702991,False,False,False,False,-0.03056732241081904,-0.03487934636619744
"(10.0, 14.0]",EXPANDING,1,4.0,1.0,15,2800,17,995,18,994,920.9886089974825,103.806775555842,0.006071428571428571,0.0064285714285714285,0.35535714285714287,0.6385714285714286,-0.33107142857142857,0.3289245032133866,-0.03922077377084267,-0.03743505948512838,0.03707384841280071,0.004586602293301147,-0.014489253463595865,-0.024731520307246804,0.0014848262781274246,0.00855407972646607,False,False,False,False,-0.03181108226894138,-0.03551592801989202
"(14.0, inf]",CONTRACTING,1,2.0,0.75,30,855,96,475,96,475,152.48595312602592,21.95308796592333,0.11228070175438597,0.11228070175438597,0.5555555555555556,0.33216374269005844,-0.19210526315789472,0.17834614400704785,-0.0394352454267806,-0.0394352454267806,0.02567612627593372,0.13427812223206378,0.01313169365731277,-0.052566939084093364,-0.021997420477677818,0.16788995676802784,False,False,False,False,0.045321264201367846,0.002943009387293624
"(7.0, 10.0]",CONTRACTING,-1,3.0,0.75,30,3175,212,1893,212,1893,826.2351908912786,167.69485600288158,0.06677165354330708,0.06677165354330708,0.5962204724409449,0.33700787401574805,-0.2468503937007874,0.2602315561862295,-0.03943611499578045,-0.03943611499578045,0.052817277481222544,0.06636053917938083,-0.06762493952884246,0.028188824533062012,0.00041111436392625433,0.0790486515144402,False,False,False,False,-0.11812856087759507,-0.07878233793668776
"(7.0, 10.0]",EXPANDING,-1,4.0,1.0,30,3826,149,1950,151,1948,1403.4364145381492,200.5004568862689,0.038944066910611606,0.039466806063774174,0.5096706743335075,0.45138525875588087,-0.35389440669106115,0.36681558142659415,-0.0394835447851855,-0.03686984901937264,0.05240471952071848,0.03140275514738557,-0.06673917326119091,0.027255628476005413,0.007541311763226033,0.03958192352629537,False,False,False,False,-0.02732041838875288,-0.03340198158696919
"(7.0, 10.0]",EXPANDING,1,2.0,0.75,15,3844,320,1860,328,1852,804.4718561261717,201.40036603368605,0.08324661810613944,0.08532778355879292,0.4838709677419355,0.4328824141519251,-0.19640998959417275,0.20927987932522676,-0.039523545761580216,-0.03380034076678313,0.05239343549263425,0.07249686878361453,-0.05283878434361935,0.013315238582039132,0.010749749322524912,0.08446916697454467,False,False,False,False,-0.06350768971284075,-0.05151561773721049
"(14.0, inf]",STABLE,1,0.75,0.75,15,2242,864,911,885,890,3.17110555356456,56.74676184629103,0.3853702051739518,0.39473684210526316,0.4063336306868867,0.20829616413916147,-0.01572256913470116,0.0014144092567192506,-0.03961893679425802,-0.025568981397291024,0.025310776916276107,0.3875132649451716,-0.028971862347467042,-0.010647074446790979,-0.0021430597712197574,0.4164416624386341,False,False,False,False,-0.02505257243526119,-0.032335754614759606
"(10.0, 14.0]",EXPANDING,-1,2.0,0.5,30,2791,400,2036,408,2028,210.72520940645188,103.48692488951522,0.14331780723754928,0.14618416338230025,0.7294876388391257,0.12719455392332502,-0.07810820494446435,0.07550168735451518,-0.03968531547225487,-0.032519425110377406,0.037078797882305704,0.12827352085354024,-0.06547574988762904,0.025790434415374167,0.015044286384009037,0.1463095709585325,False,False,False,False,-0.04587854218984794,-0.042781928831051405
"(10.0, 14.0]",STABLE,1,2.0,0.5,60,3763,591,2868,596,2863,244.99004893046308,142.4723347408888,0.15705554079192133,0.15838426787137921,0.7621578527770396,0.08078660643103908,-0.06696784480467712,0.06510498244232343,-0.039724232211115,-0.036402414512470296,0.03786136984876131,0.16393843146836062,-0.031308690095281026,-0.008415542115833972,-0.006882890676439296,0.1810501896654744,False,False,False,False,-0.08003878922577859,-0.059881510718446794
"(7.0, 10.0]",EXPANDING,1,3.0,0.5,30,3826,212,2833,222,2823,828.272055227943,200.5004568862689,0.05541035023523262,0.05802404600104548,0.740460010454783,0.2041296393099843,-0.20399895452169367,0.21648511636903894,-0.0399185576733732,-0.03077062249302819,0.05240471952071848,0.045622870685824324,-0.053950255362323,0.014031697688949803,0.009787479549408298,0.05534594808703481,False,True,False,False,-0.02904820015010265,-0.03448337891173792
"(10.0, 14.0]",EXPANDING,1,1.5,1.0,15,2800,422,990,432,980,348.7200535133584,103.806775555842,0.15071428571428572,0.15428571428571428,0.3535714285714286,0.4957142857142857,-0.1275,0.12454287625477085,-0.040030972158029865,-0.031102400729458433,0.03707384841280071,0.14387447193723596,-0.016317719168165958,-0.023713252989863907,0.006839813777049758,0.1627451754831855,False,False,False,False,-0.04144156336708715,-0.04073626776255851
"(7.0, 10.0]",STABLE,1,1.0,1.0,15,6535,2098,2090,2135,2053,74.30153737270396,344.38265460412464,0.3210405508798776,0.32670237184391737,0.31981637337413926,0.35914307574598314,0.001224177505738332,0.011369783836680025,-0.04010422604918449,-0.028780584121104926,0.052698187391602855,0.317394827967288,-0.05629886882658245,0.01619464277739796,0.0036457229125895774,0.33358879431115,False,False,False,False,-0.07661579066210078,-0.05836000835564263
"(7.0, 10.0]",CONTRACTING,-1,1.5,0.75,30,3175,828,1815,832,1811,159.60106228802445,167.69485600288158,0.2607874015748031,0.2620472440944882,0.5716535433070866,0.1675590551181103,-0.03755905511811024,0.05026805111433841,-0.040108281484994374,-0.03727363581570303,0.052817277481222544,0.25344393423196565,-0.06218280257549809,0.022074521090503715,0.007343467342837473,0.2752454066779077,False,False,False,False,-0.10196432534822003,-0.0710363034166072
"(7.0, 10.0]",STABLE,1,1.5,0.5,15,6535,868,3996,895,3969,778.1064420500279,344.38265460412464,0.13282325937260903,0.1369548584544759,0.6114766641162969,0.25570007651109405,-0.10650344299923489,0.1190675504284664,-0.040134079962371345,-0.031870881798637604,0.052698187391602855,0.13011125027628379,-0.0573567861438823,0.017222706181510956,0.002712009096325241,0.141900865186332,False,False,False,False,-0.07249129400416257,-0.056312686983266955
"(7.0, 10.0]",CONTRACTING,-1,4.0,1.0,30,3175,77,1509,77,1509,1241.247908010066,167.69485600288158,0.02425196850393701,0.02425196850393701,0.4752755905511811,0.500472440944882,-0.37826771653543306,0.3909442229952964,-0.040140771021359205,-0.0401407710213592,0.052817277481222544,0.03140275514738557,-0.06673917326119091,0.02659840223983171,-0.0071507866434485645,0.040410429874049233,False,False,False,False,-0.10985647193832396,-0.07499862147984158
"(7.0, 10.0]",EXPANDING,1,2.0,1.0,60,3761,1062,2287,1073,2276,209.2095801560072,197.27354096545074,0.2823717096516884,0.28529646370646106,0.6080829566604626,0.10954533368784891,-0.04333953735708588,0.055626051623506305,-0.040165902900676294,-0.03139164073635829,0.05245241716709671,0.26433671552048105,-0.0498923073235895,0.009726404422913205,0.01803499413120735,0.2846225977751888,False,False,False,False,-0.005675929757724623,-0.022920916329200458
"(10.0, 14.0]",STABLE,1,1.5,0.5,30,3792,705,2621,714,2612,244.19841730466385,143.52642635421205,0.18591772151898733,0.18829113924050633,0.6911919831223629,0.12289029535864981,-0.06671940928270043,0.06439831679975312,-0.0401708884624336,-0.03542405301939563,0.0378497959794863,0.19204655674102813,-0.03187997505851094,-0.008290913403922663,-0.0061288352220408016,0.2101523211525313,False,False,False,False,-0.08266203250226681,-0.06141646048235021
"(14.0, inf]",EXPANDING,-1,3.0,0.75,15,2554,76,1135,76,1135,581.7100030161247,61.1663577254213,0.02975724353954581,0.02975724353954581,0.44440093970242756,0.5258418167580267,-0.24402897415818325,0.2277642924886941,-0.040213921186098914,-0.04021392118609891,0.02394923951660975,0.025468694729395117,-0.026266307324857872,-0.013947613861241041,0.004288548810150693,0.03462332269542143,False,False,False,False,0.012645577045664526,-0.013784172070217194
"(14.0, inf]",STABLE,-1,3.0,1.5,15,2242,53,308,53,308,269.303131452479,56.74676184629103,0.023639607493309546,0.023639607493309546,0.13737734165923282,0.8389830508474576,-0.13514719000892061,0.12011736460859902,-0.04034060231659769,-0.04034060231659768,0.025310776916276107,0.02794481782808631,-0.03232810586417583,-0.008012496452421858,-0.004305210334776766,0.03817289276697273,False,False,False,False,-0.012811545501181973,-0.02657607390888983
"(7.0, 10.0]",STABLE,1,2.0,0.5,60,6404,1145,4935,1157,4923,256.06699629841046,337.6828081939889,0.17879450343535291,0.1806683322923173,0.7706121174266084,0.05059337913803874,-0.027717051842598376,0.03998547724834642,-0.04046155713547445,-0.03577698499306346,0.0527299825412225,0.1728673431040962,-0.061206349649923816,0.020744792514449363,0.005927160331256703,0.18622264084957732,False,False,False,False,-0.07119693338347974,-0.05582924525947709
"(10.0, 14.0]",EXPANDING,1,0.75,1.0,15,2800,1234,895,1256,873,-40.26055287952356,103.806775555842,0.4407142857142857,0.44857142857142857,0.3196428571428571,0.23964285714285716,0.010892857142857143,-0.014378768885544128,-0.0405597601554877,-0.026809760155487694,0.03707384841280071,0.44067592033796016,-0.02003472845034953,-0.02052503170513817,3.836537632556647e-05,0.46700025290652725,False,False,False,False,-0.05117355446372145,-0.045866657309604576
"(14.0, inf]",CONTRACTING,-1,0.75,1.0,60,848,458,349,464,343,-7.10937092134289,21.794415002467627,0.5400943396226415,0.5471698113207547,0.4115566037735849,0.04834905660377359,-0.006485849056603774,-0.008383692124225106,-0.040570502268644476,-0.028188426796946362,0.025700961087815596,0.536115569823435,-0.05651497415320964,0.015944471884565166,0.003978769799206527,0.5839260544584268,False,False,False,False,-0.028309073340730444,-0.03443978780468746
"(10.0, 14.0]",EXPANDING,1,3.0,0.5,60,2771,228,2201,232,2197,406.74021981772523,102.7589053624695,0.0822807650667629,0.08372428726091663,0.7942980873330927,0.12342114760014433,-0.15030674846625766,0.14678463364046382,-0.04060580496021085,-0.035553477280672784,0.037083690134417,0.07598338626924017,-0.03130626769444485,-0.009299537265766003,0.006297378797522735,0.09043456789300745,False,False,False,False,-0.05957705642663878,-0.05009143069342482
"(10.0, 14.0]",EXPANDING,1,3.0,1.0,15,2800,43,995,45,993,855.8022894892334,103.806775555842,0.015357142857142857,0.01607142857142857,0.35535714285714287,0.6292857142857142,-0.3092857142857143,0.30564367481758337,-0.04071588788093163,-0.03785874502378877,0.03707384841280071,0.012552806276403138,-0.015579292248918183,-0.02513659563201345,0.0028043365807397195,0.018838997998700667,False,False,False,False,-0.03576914822649484,-0.03824251805371323
"(14.0, inf]",STABLE,-1,0.75,0.5,60,2218,858,1357,915,1300,0.21265132120963573,56.16247469205734,0.38683498647430115,0.4125338142470694,0.6118124436429215,0.0013525698827773214,-0.015779981965734897,9.587525753365002e-05,-0.04100533064510717,-0.008881795929146848,0.025321223936905925,0.3766720171214553,-0.05197328756298582,0.010967956917878649,0.01016296935284583,0.4056120165016799,False,False,False,False,-0.03834387491126786,-0.03967460277818752
"(7.0, 10.0]",CONTRACTING,-1,1.0,0.75,30,3175,1265,1674,1285,1654,27.777955238919937,167.69485600288158,0.3984251968503937,0.4047244094488189,0.527244094488189,0.07433070866141733,0.0029921259842519685,0.008748962279974784,-0.041076189216995795,-0.0300525671697517,0.052817277481222544,0.38749814842245595,-0.06068501605209398,0.019608826835098188,0.010927048427937736,0.41179510656176516,False,False,False,False,-0.10327461915561185,-0.07217540418630383
"(10.0, 14.0]",EXPANDING,1,2.0,1.0,15,2800,197,994,205,986,588.6541022715544,103.806775555842,0.07035714285714285,0.07321428571428572,0.355,0.5746428571428571,-0.21428571428571427,0.21023360795412657,-0.04112595474438843,-0.032554526172959855,0.03707384841280071,0.06445383222691611,-0.014054128248179166,-0.02707182649620927,0.005903310630226741,0.07780986605080997,False,False,False,False,-0.03539613748876883,-0.03826104611657863
"(10.0, 14.0]",EXPANDING,1,4.0,0.75,30,2791,41,1689,42,1688,1091.363472602732,103.48692488951522,0.0146900752418488,0.015048369759942674,0.6051594410605518,0.3801504836975994,-0.39510927982801863,0.3910295494814518,-0.04115852822887256,-0.03945662926792666,0.037078797882305704,0.014791464597478177,-0.021729444164780835,-0.019429084064091724,-0.00010138935562937698,0.02158515065752578,False,False,False,False,-0.046656292362540645,-0.043907410295706606
"(14.0, inf]",STABLE,-1,3.0,1.0,15,2242,49,688,51,686,505.37731544182435,56.74676184629103,0.021855486173059768,0.022747546833184657,0.3068688670829616,0.6712756467439787,-0.24130240856378235,0.22541361081258893,-0.04119957466746953,-0.03763133202696997,0.025310776916276107,0.026529890343119915,-0.030475808239391534,-0.010723766428077992,-0.004674404170060147,0.03651597489934091,False,False,False,False,-0.018362213307134737,-0.02978089398730213
"(10.0, 14.0]",EXPANDING,-1,1.5,1.0,15,2800,519,945,529,935,154.27039812799796,103.806775555842,0.18535714285714286,0.18892857142857142,0.3375,0.4771428571428571,-0.05946428571428571,0.055096570759999276,-0.04144156336708715,-0.03251299193851572,0.03707384841280071,0.16065178032589017,-0.064879877358333,0.02343831399124585,0.02470536253125269,0.18036859342703912,False,True,False,False,-0.040030972158029865,-0.04073626776255851
"(7.0, 10.0]",EXPANDING,-1,1.5,0.5,30,3826,827,2690,863,2654,146.0848447719157,200.5004568862689,0.21615263983272348,0.22556194458964976,0.7030841610036592,0.0807631991636173,-0.02731312075274438,0.03818213402297849,-0.04153570625048437,-0.022717096736631782,0.05240471952071848,0.20819137905495483,-0.055719152427665446,0.014183446177181078,0.007961260777768653,0.22675404423552328,False,False,False,False,-0.0604117667830745,-0.05097373651677943
"(10.0, 14.0]",EXPANDING,1,1.0,1.5,15,2800,935,529,945,519,-154.27039812799796,103.806775555842,0.3339285714285714,0.3375,0.18892857142857142,0.4771428571428572,0.05053571428571429,-0.055096570759999276,-0.0416347048870857,-0.03270613345851427,0.03707384841280071,0.32528666264333134,-0.015832884552530027,-0.02580182033455567,0.008641908785240071,0.3502265561722568,False,False,False,False,-0.04304529609614299,-0.04234000049161435
"(0.0, 7.0]",EXPANDING,1,3.0,1.5,15,3185,125,658,129,654,727.3621840230481,248.0024988095714,0.03924646781789639,0.04050235478806907,0.20659340659340658,0.7541601255886969,-0.1921507064364207,0.22837117237772311,-0.04164531076499945,-0.03599381939922237,0.07786577670630185,0.02802623732856291,-0.06393249702146583,0.022287186256466383,0.011220230489333481,0.036556917265948785,False,True,False,False,-0.10603625697046076,-0.0738407838677301
"(10.0, 14.0]",EXPANDING,1,1.0,0.75,15,2800,837,1293,867,1263,119.72917694257808,103.806775555842,0.29892857142857143,0.30964285714285716,0.4617857142857143,0.23928571428571427,-0.047410714285714285,0.042760420336635026,-0.04172414236187997,-0.022974142361879966,0.03707384841280071,0.29619794809897404,-0.024044855093422263,-0.017679287268457706,0.0027306233295973925,0.3205322042634738,False,False,False,False,-0.04733793667011373,-0.04453103951599685
"(7.0, 10.0]",STABLE,1,1.5,0.75,30,6501,1613,3736,1621,3728,453.78977372031204,342.64702555540435,0.2481156745116136,0.24934625442239655,0.5746808183356407,0.1772035071527458,-0.05883710198431011,0.06980307240736995,-0.04174084784419202,-0.03897204304493036,0.05270681826725186,0.2440379203081025,-0.06255092486808489,0.02081007702389287,0.004077754203511086,0.25905192240712205,False,False,False,False,-0.08249949827146699,-0.062120173057829506
"(0.0, 7.0]",STABLE,1,3.0,0.75,60,10983,1553,7883,1564,7872,1707.2600703525673,912.715133199325,0.14140034598925613,0.14240189383592824,0.7177456068469453,0.14085404716379857,-0.11410816716744059,0.15544569519735657,-0.04176500617743401,-0.03800920175241352,0.08310253420734999,0.14578442879499218,-0.046799153837659764,0.005034147660225752,-0.004384082805736045,0.1552927754993192,False,False,False,False,-0.03765404222985261,-0.03970952420364331
"(7.0, 10.0]",EXPANDING,-1,2.0,0.75,30,3826,668,2309,683,2294,436.2758139101942,200.5004568862689,0.174594877156299,0.17851542080501828,0.6035023523261892,0.22190277051751173,-0.10343700993204391,0.11402922475436335,-0.04181250469839903,-0.03103100966442099,0.05240471952071848,0.162938823877944,-0.061961559736240394,0.02014905503784136,0.011656053278355005,0.17986690594745136,False,False,False,False,-0.04759075084663561,-0.04470162777251732
"(10.0, 14.0]",EXPANDING,-1,0.75,1.5,15,2800,1322,410,1336,396,-389.7994259912332,103.806775555842,0.47214285714285714,0.47714285714285715,0.14642857142857144,0.38142857142857134,0.1344642857142857,-0.1392140807111547,-0.04182364340966971,-0.030573643409669705,0.03707384841280071,0.44284852142426073,-0.05700395784106974,0.015180314431400034,0.02929433571859641,0.4691845129001317,False,True,False,False,-0.04473853227090034,-0.043281087840285025
"(7.0, 10.0]",STABLE,1,0.75,1.0,15,6535,2928,1984,2975,1937,-140.9444715505819,344.38265460412464,0.4480489671002295,0.45524100994644223,0.3035960214231064,0.24835501147666417,0.0324407039020658,-0.02156763145379983,-0.041825114943336884,-0.02923903996246466,0.052698187391602855,0.44094894275399693,-0.05649403699966636,0.014668922056329477,0.007100024346232581,0.45817395971745933,False,False,False,False,-0.0725080213368562,-0.057166568140096546
"(10.0, 14.0]",EXPANDING,1,1.5,1.5,15,2800,438,540,444,534,139.42304746905688,103.806775555842,0.15642857142857142,0.15857142857142856,0.19285714285714287,0.6507142857142858,-0.054642857142857146,0.04979394552466317,-0.04192276003099468,-0.03549418860242325,0.03707384841280071,0.14821967410983705,-0.015177461963110353,-0.02674529806788433,0.008208897318734365,0.16731731706294398,False,False,False,False,-0.038653508223178173,-0.04028813412708643
"(7.0, 10.0]",EXPANDING,1,2.0,0.75,60,3761,908,2589,918,2579,165.3055257814815,197.27354096545074,0.24142515288487104,0.24408402020739164,0.688380749800585,0.07019409731454407,-0.033435256580696626,0.043952546073246876,-0.04193512767454646,-0.0346232425376148,0.05245241716709671,0.22585494175122134,-0.05706221653387808,0.015127088859331617,0.015570211133649703,0.2451218014481588,False,False,False,False,-0.009733219638095942,-0.0258341736563212
"(7.0, 10.0]",EXPANDING,1,4.0,0.5,15,3844,23,2457,27,2453,1175.8792695230002,201.40036603368605,0.005983350676378772,0.007023933402705515,0.6391779396462018,0.3548387096774194,-0.29565556711758584,0.3058999140278356,-0.04214908858238446,-0.03746646631391412,0.05239343549263425,0.003904811021881677,-0.05079097513988055,0.008641886557496085,0.002078539654497095,0.0070088083019768125,False,False,False,False,-0.05473974660303686,-0.04844441759271066
"(0.0, 7.0]",EXPANDING,1,4.0,1.0,15,3185,42,1189,45,1186,1134.6615882757853,248.0024988095714,0.013186813186813187,0.0141287284144427,0.37331240188383047,0.6135007849293563,-0.3205651491365777,0.3562516760677505,-0.04217924977512906,-0.03746967363698149,0.07786577670630185,0.008348240906380441,-0.0619965997686471,0.019817349993518037,0.004838572280432746,0.013210823216753338,False,False,False,False,-0.0827992750213382,-0.06248926239823363
"(7.0, 10.0]",EXPANDING,1,2.0,0.5,15,3844,276,2449,290,2435,711.5369098506496,201.40036603368605,0.07180020811654526,0.07544224765868887,0.6370967741935484,0.2911030176899063,-0.17494797086368366,0.18510325438362374,-0.04223815197269418,-0.03313305311733518,0.05239343549263425,0.06446621970087674,-0.05313111068534584,0.010892958712651661,0.007333988415668527,0.07582300302192327,False,False,False,False,-0.05444676740782584,-0.048342459690260006
"(7.0, 10.0]",EXPANDING,-1,3.0,1.0,30,3826,320,1944,331,1933,1022.6782043511189,200.5004568862689,0.0836382645060115,0.08651332984840565,0.5081024568740199,0.4082592786199686,-0.25718766335598536,0.2672969692501618,-0.04229541362654208,-0.0307951522569655,0.05240471952071848,0.073026218338024,-0.06469143471447357,0.02239602108793149,0.010612046167987499,0.08506634893582872,False,False,False,False,-0.028620836033445746,-0.035458124829993914
"(14.0, inf]",STABLE,-1,1.0,1.0,30,2239,908,931,915,924,-15.08051123813417,56.67423231965815,0.4055381866904868,0.4086645824028584,0.41581062974542204,0.17865118356409115,-0.01027244305493524,-0.0067353779536106165,-0.04232011771227884,-0.03606732628753565,0.025312296703732983,0.4005314437555359,-0.04421760823779194,0.0018974905255131,0.005006742934950903,0.4296327283688087,False,False,False,False,-0.014557267119930318,-0.028438692416104576
"(7.0, 10.0]",EXPANDING,1,3.0,0.5,15,3844,72,2455,80,2447,1050.1331570816455,201.40036603368605,0.018730489073881373,0.02081165452653486,0.6386576482830385,0.3426118626430801,-0.2631373569198751,0.27318760590053215,-0.042343186511977236,-0.035059107427690035,0.05239343549263425,0.015692919767184853,-0.05117412020002196,0.008830933688044725,0.0030375693066965193,0.021594996450885938,False,False,False,False,-0.057210248951588355,-0.0497767177317828
"(10.0, 14.0]",CONTRACTING,-1,4.0,0.5,30,1665,43,1220,43,1220,430.9510010270434,63.50327803363372,0.025825825825825825,0.025825825825825825,0.7327327327327328,0.24144144144144142,-0.26306306306306304,0.2588294300462723,-0.0423737399438981,-0.0423737399438981,0.03814010692710734,0.026794374393792435,-0.06399876023502198,0.021625020291123877,-0.0009685485679666109,0.03852025470603918,False,False,False,False,0.044775134362207085,0.001200697209154493
"(14.0, inf]",STABLE,-1,0.75,1.0,30,2239,1133,842,1144,831,-45.97280734088019,56.67423231965815,0.506029477445288,0.5109423849933006,0.3760607414024118,0.11790978115230016,0.0034613666815542653,-0.020532741108030453,-0.042383671130209175,-0.03378608292118729,0.025312296703732983,0.49902568644818424,-0.048431512641926,0.006047841511716827,0.007003790997103798,0.5286148237374232,False,False,False,False,-0.03445821342003405,-0.03842094227512161
"(7.0, 10.0]",STABLE,1,2.0,0.75,60,6404,1458,4337,1462,4333,402.75363878889584,337.6828081939889,0.22767020612117428,0.2282948157401624,0.6772329793878826,0.0950968144909431,-0.0525843222985634,0.06289094921750403,-0.04242335562228186,-0.0407056791700645,0.0527299825412225,0.22585494175122134,-0.05706221653387808,0.014638860911596219,0.0018152643699529403,0.24059148849064876,False,False,False,False,-0.08184293045598647,-0.06213314303913416
"(7.0, 10.0]",STABLE,1,1.5,0.5,30,6501,1337,4539,1366,4510,329.96180217141466,342.64702555540435,0.2056606675896016,0.2101215197661898,0.6982002768804799,0.09613905552991853,-0.04060913705583756,0.050755545634735375,-0.042560409688354055,-0.03363870533517762,0.05270681826725186,0.1993778699451933,-0.0627249263782211,0.02016451668986704,0.006282797644408311,0.21336627964595034,False,False,False,False,-0.07576314824242768,-0.05916177896539086
"(10.0, 14.0]",EXPANDING,1,4.0,1.5,15,2800,17,544,18,543,732.6348039295066,103.806775555842,0.006071428571428571,0.0064285714285714285,0.19428571428571428,0.7996428571428571,-0.2671428571428571,0.26165528711768093,-0.042561418437976936,-0.04059713272369122,0.03707384841280071,0.004586602293301147,-0.014193805739814094,-0.02836761269816284,0.0014848262781274246,0.00855407972646607,False,False,False,False,-0.028296427635301546,-0.03542892303663924
"(10.0, 14.0]",EXPANDING,1,2.0,1.5,15,2800,206,543,211,538,387.12771768408834,103.806775555842,0.07357142857142857,0.07535714285714286,0.19392857142857142,0.7324999999999999,-0.14375,0.1382598991728887,-0.04256394923991202,-0.03631394923991202,0.03707384841280071,0.06662643331321666,-0.011950750886682448,-0.030613198353229572,0.006944995258211906,0.08018265396592526,False,False,False,False,-0.031178209764329747,-0.03687107950212088
"(7.0, 10.0]",STABLE,1,1.5,0.75,15,6535,968,2991,975,2984,856.5708529449008,344.38265460412464,0.1481254781943382,0.14919663351185922,0.4576893649579189,0.3941851568477429,-0.1210788064269319,0.13107434628078055,-0.04270264753775422,-0.04029254807333188,0.052698187391602855,0.14816179179252928,-0.05645089240593124,0.013748244868177023,-3.6313598191090035e-05,0.16059764765727,False,False,False,False,-0.08292649489937755,-0.06281457121856589
"(14.0, inf]",EXPANDING,-1,3.0,0.5,15,2554,72,1581,72,1581,526.454687734294,61.1663577254213,0.028191072826938137,0.028191072826938137,0.6190289741581833,0.35277995301487863,-0.2249412685982772,0.20612947836111747,-0.042761029753769504,-0.0427610297537695,0.02394923951660975,0.023346303501945526,-0.02745745695282349,-0.015303572800946016,0.0048447693249926115,0.032139718229779526,False,False,False,False,0.00890035622573951,-0.016930336764014998
"(7.0, 10.0]",EXPANDING,-1,2.0,1.0,30,3826,747,1908,760,1895,450.7510910581235,200.5004568862689,0.1952430737062206,0.1986408782017773,0.4986931521170936,0.3060637741766858,-0.10820700470465237,0.1178126218134144,-0.042799102411956454,-0.0326056889252863,0.05240471952071848,0.18138053621685676,-0.05826250039356708,0.015463397981610623,0.013862537489363835,0.19902300796620578,False,False,False,False,-0.04328562519024005,-0.04304236380109825
"(7.0, 10.0]",EXPANDING,1,4.0,0.5,30,3826,80,2841,84,2837,1137.0455680275222,200.5004568862689,0.020909566126502875,0.02195504443282802,0.7425509670674334,0.23653946680606375,-0.28763721902770517,0.29718911866898123,-0.042852819879442415,-0.03814816750097927,0.05240471952071848,0.01829358613538735,-0.053067910106766716,0.010215090227324301,0.002615979991115524,0.02464968219644411,False,False,False,False,-0.030150079534317382,-0.0365014497068799
"(10.0, 14.0]",EXPANDING,-1,1.0,1.5,15,2800,980,432,990,422,-348.7200535133584,103.806775555842,0.35,0.3535714285714286,0.15428571428571428,0.4957142857142858,0.11857142857142858,-0.12454287625477085,-0.04304529609614299,-0.03411672466757156,0.03707384841280071,0.3168376584188292,-0.0628862919883217,0.019840995892178706,0.03316234158117076,0.3416132270420217,False,True,False,False,-0.0416347048870857,-0.04234000049161435
"(14.0, inf]",CONTRACTING,-1,0.75,0.75,30,855,384,397,399,382,-5.150963787446749,21.95308796592333,0.44912280701754387,0.4666666666666667,0.464327485380117,0.0865497076023391,-0.011403508771929825,-0.00602451904964532,-0.04310415409750887,-0.016788364623824655,0.02567612627593372,0.4508414526129318,-0.04741860529257913,0.004314451195070262,-0.0017186455953879243,0.49858511370139735,False,False,False,False,-0.03456388792804278,-0.038834021012775825
"(7.0, 10.0]",EXPANDING,-1,1.0,1.0,60,3761,1859,1821,1892,1788,-2.890742816664586,197.27354096545074,0.4942834352565807,0.5030576974208987,0.4841797394310024,0.021536825312416907,0.010103695825578303,-0.0007686101613040644,-0.04311733150282247,-0.025568807174186473,0.05245241716709671,0.48883878241262685,-0.05005283720556305,0.006935505702740576,0.0054446528439538455,0.5116742996371076,False,False,False,False,-0.07933602716000696,-0.061226679331414714
"(0.0, 7.0]",CONTRACTING,1,4.0,0.75,60,6403,503,4685,503,4685,1778.4613119116843,553.8240083541089,0.07855692644073091,0.07855692644073091,0.7316882711229111,0.189754802436358,-0.2345384975792597,0.2777543826193479,-0.04327857198850922,-0.04327857198850922,0.08649445702859736,0.08303990610328639,-0.03125939854429914,-0.01201917344421008,-0.004482979662555481,0.09285130679319131,False,False,False,False,-0.08071847100450785,-0.06199852149650854
"(7.0, 10.0]",EXPANDING,1,2.0,1.0,30,3826,731,1936,741,1926,508.8896549084105,200.5004568862689,0.19106116048092003,0.1936748562467329,0.5060115002613695,0.3029273392577104,-0.12388917929952953,0.13300827363000797,-0.04328562519024005,-0.03544453789280147,0.05240471952071848,0.16901199822248555,-0.05196074254080282,0.008675117350562776,0.02204916225843448,0.1861833104062542,False,True,False,False,-0.042799102411956454,-0.04304236380109825
"(10.0, 14.0]",EXPANDING,1,4.0,0.5,30,2791,36,2046,37,2045,861.6542722562175,103.48692488951522,0.012898602651379433,0.013256897169473307,0.7330705840200645,0.25403081332855604,-0.3149408814045145,0.30872600224156843,-0.043293677045251784,-0.041681351713829355,0.037078797882305704,0.012972841901066925,-0.028102487235746945,-0.015191189809504839,-7.423924968749142e-05,0.019366317388601343,False,False,False,False,-0.03793617441512936,-0.04061492573019057
"(10.0, 14.0]",EXPANDING,1,4.0,0.75,15,2800,17,1347,18,1346,924.4880191549598,103.806775555842,0.006071428571428571,0.0064285714285714285,0.4810714285714286,0.5128571428571428,-0.33651785714285715,0.3301742925553428,-0.04341741300031506,-0.041720984428886485,0.03707384841280071,0.004224502112251056,-0.022302559683400818,-0.021114853316914244,0.001846926459177515,0.008047963253566038,False,False,False,False,-0.02854399400237874,-0.0359807035013469
"(7.0, 10.0]",EXPANDING,-1,0.75,1.5,60,3761,2451,1168,2473,1146,-52.81066191330559,197.27354096545074,0.6516883807498006,0.6575378888593459,0.3105557032704068,0.037755915979792554,0.02293273065674023,-0.014041654324197178,-0.04356134083455366,-0.03039994758807666,0.05245241716709671,0.6523863209319805,-0.03797481503183894,-0.005586525802714716,-0.0006979401821798348,0.6740383698946818,False,False,False,False,-0.09824205985415253,-0.0709017003443531
"(10.0, 14.0]",EXPANDING,1,1.5,0.75,15,2800,396,1336,410,1322,389.7994259912332,103.806775555842,0.14142857142857143,0.14642857142857144,0.47714285714285715,0.3814285714285714,-0.1457142857142857,0.1392140807111547,-0.043574053415931714,-0.03232405341593171,0.03707384841280071,0.13627036813518406,-0.023708804069793296,-0.019865249346138418,0.00515820329338737,0.15472987328099594,False,False,False,False,-0.038248450268986794,-0.04091125184245925
"(7.0, 10.0]",CONTRACTING,-1,1.0,0.75,60,3140,1345,1759,1365,1739,3.2397317687585505,165.86538771846006,0.428343949044586,0.43471337579617836,0.5601910828025478,0.01146496815286624,0.00820063694267516,0.0010317617097957167,-0.04359097323238901,-0.03244447641710239,0.05282337188485989,0.42074408117249157,-0.05704237390876667,0.013451400676377664,0.007599867872094435,0.44547640572414027,False,False,False,False,-0.10106852295002301,-0.07232974809120601
"(10.0, 14.0]",EXPANDING,1,3.0,0.5,30,2791,107,2044,110,2041,682.6588828978888,103.48692488951522,0.038337513436044426,0.039412396990326046,0.7323539949838768,0.22930849158007882,-0.2511644571838051,0.24459293547040087,-0.043650319595709926,-0.03988822715572426,0.037078797882305704,0.03734238603297769,-0.028303005149747425,-0.0153473144459625,0.0009951274030667381,0.04777427663945019,False,False,False,False,-0.04682009033290105,-0.045235204964305484
"(0.0, 7.0]",STABLE,-1,3.0,0.75,30,11530,907,6998,910,6995,2981.517620909905,957.4135127677637,0.07866435385949697,0.07892454466608846,0.6069384215091067,0.3143972246313963,-0.2192107545533391,0.2585878248837732,-0.043659661045781326,-0.0426839455210632,0.08303673137621541,0.07579381830120538,-0.06894143027986914,0.025281769234087814,0.002870535558291587,0.08278458703498853,False,False,False,False,-0.05023474319626175,-0.04694720212102153
"(0.0, 7.0]",STABLE,1,4.0,0.75,30,11530,379,7057,381,7055,4230.333552747343,957.4135127677637,0.03287077189939289,0.033044232437120555,0.6120555073720728,0.35507372072853427,-0.32755854293148307,0.36689796641347294,-0.04369730789422558,-0.04287337034001916,0.08303673137621541,0.033112893391491954,-0.04560578648697441,0.0019084785927488274,-0.00024212149209906775,0.03787513884577883,False,False,False,False,-0.046934701071069555,-0.04531600448264757
"(10.0, 14.0]",STABLE,1,2.0,0.5,30,3792,402,2674,406,2670,510.6425388341251,143.52642635421205,0.1060126582278481,0.1070675105485232,0.705168776371308,0.18881856540084385,-0.1405590717299578,0.13466311678115114,-0.04374575092829297,-0.04110862012660521,0.0378497959794863,0.11287584869059165,-0.029803309908359867,-0.013942441019933104,-0.006863190462743557,0.12750621480994734,False,False,False,False,-0.08032067111016622,-0.062033211019229595
"(7.0, 10.0]",EXPANDING,1,2.0,0.5,60,3761,699,2932,717,2914,100.02144256194437,197.27354096545074,0.18585482584419039,0.19064078702472748,0.7795798989630417,0.034565275192767975,-0.01808029779314012,0.026594374517932562,-0.04393834044230427,-0.03197343749096154,0.05245241716709671,0.1728673431040962,-0.061206349649923816,0.017268009207619547,0.012987482740094175,0.19033959258018615,False,False,False,False,-0.020774459797510168,-0.03235640011990722
"(10.0, 14.0]",EXPANDING,1,2.0,0.5,60,2771,469,2145,478,2136,115.41966750136186,102.7589053624695,0.16925297726452543,0.17250090220137135,0.7740887766149405,0.05665824612053405,-0.04853843377841934,0.04165271292001511,-0.043969410992821235,-0.03584959865070648,0.037083690134417,0.16393843146836062,-0.031308690095281026,-0.012660720897540209,0.005314545796164805,0.1839169520915038,False,False,False,False,-0.047320489331011406,-0.04564495016191632
"(7.0, 10.0]",EXPANDING,1,1.5,1.0,15,3844,656,1349,669,1336,397.2413289023152,201.40036603368605,0.17065556711758584,0.17403746097814776,0.35093652445369405,0.47840790842872016,-0.0949531737773153,0.10334061625970739,-0.044005993010242155,-0.035551258358837365,0.05239343549263425,0.15663449495321594,-0.051256803937829463,0.007250810927587309,0.014021072164369902,0.17326177716395402,False,False,False,False,-0.06293653635667255,-0.05347126468345735
"(10.0, 14.0]",EXPANDING,1,0.75,0.75,60,2771,1366,1393,1422,1337,0.7695138512476034,102.7589053624695,0.49296282930350055,0.5131721400216528,0.5027066041140382,0.004330566582461226,-0.007307831107903284,0.0002777025807461579,-0.04411381866157412,-0.013799852584345688,0.037083690134417,0.5061079892499389,-0.025326843284995224,-0.018786975376578897,-0.01314515994643839,0.5327001394839326,False,False,False,False,-0.06036752768448831,-0.052240673173031216
"(7.0, 10.0]",EXPANDING,-1,1.0,0.75,60,3761,1614,2116,1660,2070,4.301423987398944,197.27354096545074,0.42914118585482586,0.4413719755384206,0.5626163254453602,0.008242488699813921,0.007178941770805637,0.0011436915680401339,-0.04412978382825094,-0.02272590188196006,0.05245241716709671,0.42074408117249157,-0.05704237390876667,0.012912590080515735,0.008397104682334289,0.44333922077462984,False,False,False,False,-0.07807777445619557,-0.06110377914222326
"(10.0, 14.0]",EXPANDING,1,3.0,1.5,15,2800,44,544,45,543,664.0376996574412,103.806775555842,0.015714285714285715,0.01607142857142857,0.19428571428571428,0.79,-0.24428571428571427,0.237156321306229,-0.044203241392286007,-0.042596098535143144,0.03707384841280071,0.012794206397103198,-0.015363473840811348,-0.02883976755147466,0.002920079317182517,0.01913600115606027,False,False,False,False,-0.03234713423123471,-0.038275187811760356
"(14.0, inf]",CONTRACTING,-1,0.75,0.5,60,848,325,519,351,493,0.019886671184221882,21.794415002467627,0.38325471698113206,0.41391509433962265,0.6120283018867925,0.004716981132075526,-0.01857311320754717,2.34512631889409e-05,-0.04425062303217383,-0.0059251513340606195,0.025700961087815596,0.3766720171214553,-0.05197328756298582,0.007722664530811989,0.006582699859676744,0.423565819284364,False,False,False,False,-0.04941645964804887,-0.04683354134011135
"(10.0, 14.0]",EXPANDING,1,0.75,0.75,30,2791,1319,1360,1376,1303,10.532110004107146,103.48692488951522,0.4725904693658187,0.49301325689716946,0.4872805446076675,0.04012898602651377,-0.0110175564313866,0.0037735972784332305,-0.04432275703525907,-0.013688575738232917,0.037078797882305704,0.48181377303588746,-0.02709689082851912,-0.01722586620673995,-0.009223303670068739,0.508315534932418,False,False,False,False,-0.060469020026378495,-0.05239588853081878
"(14.0, inf]",CONTRACTING,1,1.5,0.75,15,858,101,383,106,378,119.71018415356569,22.028981079620134,0.11771561771561771,0.12354312354312354,0.44638694638694637,0.43589743589743596,-0.15821678321678323,0.13952235915333996,-0.044369227186543646,-0.03125733907465553,0.02567480312310039,0.12928899893880438,-0.012691290669617144,-0.031677936516926505,-0.011573381223186671,0.16233461689723244,False,False,False,False,0.018521864601971152,-0.012923681292286247
"(10.0, 14.0]",EXPANDING,-1,1.0,0.5,15,2800,750,1688,800,1638,73.49409394737705,103.806775555842,0.26785714285714285,0.2857142857142857,0.6028571428571429,0.12928571428571434,-0.03357142857142857,0.026247890695491806,-0.04439738628873748,-0.01761167200302319,0.03707384841280071,0.24900422450211226,-0.06325987026096049,0.018862483972223003,0.018852918355030585,0.2721000358994134,False,False,False,False,-0.05666286580158078,-0.050530126045159135
"(7.0, 10.0]",EXPANDING,-1,2.0,1.5,30,3826,817,1232,832,1217,243.78351732411724,200.5004568862689,0.21353894406691062,0.2174594877156299,0.3220073183481443,0.46445373758494507,-0.05593308938839519,0.0637175947005011,-0.044620214208612556,-0.030898311438095048,0.05240471952071848,0.19730410309583765,-0.05979401500491856,0.015173800796306001,0.016234840971072972,0.21550884307157234,False,False,False,False,-0.048756353620807824,-0.046688283914710194
"(10.0, 14.0]",EXPANDING,1,0.75,1.5,15,2800,1291,497,1302,486,-244.21111480267896,103.806775555842,0.4610714285714286,0.465,0.1775,0.36142857142857143,0.07955357142857143,-0.08721825528667106,-0.04473853227090034,-0.035899246556614625,0.03707384841280071,0.4568497284248642,-0.017651911875136712,-0.02708662039576363,0.004221700146564367,0.4832486589561082,False,False,False,False,-0.04182364340966971,-0.043281087840285025
"(10.0, 14.0]",STABLE,-1,0.75,1.5,30,3792,2121,856,2127,850,-333.5779057513845,143.52642635421205,0.5593354430379747,0.5609177215189873,0.22573839662447256,0.21492616033755277,0.08089398734177215,-0.08796885700194738,-0.044924665639661535,-0.041364539057383055,0.0378497959794863,0.5568622696411252,-0.05847967226680486,0.013555006627143325,0.002473173396849493,0.5794200784713233,False,False,False,False,0.006790768801243847,-0.019066948419208845
"(10.0, 14.0]",EXPANDING,1,3.0,0.75,15,2800,41,1347,43,1345,865.2002499989721,103.806775555842,0.014642857142857143,0.015357142857142857,0.4810714285714286,0.5042857142857142,-0.316875,0.30900008928534717,-0.04494875912745352,-0.04227018769888209,0.03707384841280071,0.011828605914302957,-0.023104261677676173,-0.021844497449777345,0.0028142512285541862,0.017944546249008556,False,False,False,False,-0.033147900975704934,-0.039048330051579226
"(7.0, 10.0]",EXPANDING,-1,4.0,1.5,30,3826,161,1261,163,1259,1275.0605922510606,200.5004568862689,0.04208050182958704,0.04260324098274961,0.3295870360690016,0.6283324621014115,-0.3260585467851542,0.3332620471121434,-0.0452012191937293,-0.04232615385133515,0.05240471952071848,0.03406902681084284,-0.06916417034002263,0.023962951146293335,0.008011475018744198,0.04256393713639414,False,False,False,False,-0.029247331587049723,-0.037224275390389513
"(10.0, 14.0]",EXPANDING,1,2.0,0.75,15,2800,185,1346,195,1336,616.6739609042686,103.806775555842,0.06607142857142857,0.06964285714285715,0.4807142857142857,0.45321428571428574,-0.22839285714285715,0.22024070032295306,-0.045226005232704786,-0.03540457666127621,0.03707384841280071,0.06107423053711527,-0.021710731722448737,-0.02351527351025605,0.0049971980343133035,0.07411038720357584,False,False,False,False,-0.03223205497285269,-0.03872903010277874
"(14.0, inf]",STABLE,1,0.75,0.5,15,2242,741,1260,790,1211,29.523272677385265,56.74676184629103,0.3305084745762712,0.35236396074933096,0.5619982158786797,0.1074933095450491,-0.033117752007136486,0.013168275056817691,-0.04526025386659489,-0.01794089615027019,0.025310776916276107,0.33091616554651576,-0.03442667745147837,-0.010833576415116522,-0.00040769097024456746,0.3589196639449586,False,False,False,False,-0.03244744714137343,-0.03885385050398416
"(10.0, 14.0]",EXPANDING,-1,4.0,0.5,60,2771,172,2277,173,2276,427.202715633988,102.7589053624695,0.06207145434861061,0.06243233489714904,0.8217250090220137,0.11620353662937566,-0.16257668711656442,0.15416915035510215,-0.04549122689587928,-0.04386726442745633,0.037083690134417,0.05179574883948204,-0.07098095605469207,0.025489729158812785,0.010275705509128569,0.06395913596279428,False,False,False,False,-0.038035280715847095,-0.04176325380586319
"(0.0, 7.0]",EXPANDING,1,2.0,0.5,60,3062,625,2380,647,2358,39.92719135213803,239.44254018301092,0.20411495754408884,0.21129980404964077,0.7772697583278902,0.018615284128020937,0.019595035924232528,0.013039579148314185,-0.04556347120537978,-0.027601354941499956,0.07819808627792649,0.19283059467918623,-0.06285502365084546,0.01729155244546568,0.011284362864902614,0.21303195293667254,False,False,False,False,-0.09200369240288946,-0.06878358180413462
"(0.0, 7.0]",STABLE,-1,3.0,1.0,60,10983,1828,6993,1831,6990,1921.0196609248212,912.715133199325,0.16643904215605937,0.16671219156878814,0.6367112810707457,0.19684967677319498,-0.1373941546025676,0.1749084640740072,-0.04558822473591039,-0.04449562708499533,0.08310253420734999,0.16358568075117372,-0.06765348060934741,0.022065255873437016,0.0028533614048856515,0.17354491483396237,False,False,False,False,-0.04915877028939797,-0.047373497512654184
"(7.0, 10.0]",EXPANDING,-1,1.5,1.5,30,3826,1243,1192,1258,1177,-50.486717043962294,200.5004568862689,0.3248823836905384,0.3288029273392577,0.31155253528489285,0.3635650810245688,0.019994772608468374,-0.013195691856759617,-0.04560563876900972,-0.03384400782285185,0.05240471952071848,0.30788031402755145,-0.057394141683554334,0.011788502914544613,0.01700206966298695,0.3288998615351237,False,False,False,False,-0.07096543121858509,-0.058285534993797405
"(7.0, 10.0]",EXPANDING,-1,3.0,1.5,30,3826,348,1257,360,1245,867.2323600199628,200.5004568862689,0.09095661265028751,0.09409304756926294,0.3285415577626764,0.5805018295870361,-0.2199424986931521,0.22666815473600702,-0.04567906347786359,-0.03156510634247414,0.05240471952071848,0.07976596059842986,-0.06672018834249258,0.021041124864628988,0.011190652051857652,0.09228898240818369,False,False,False,False,-0.031636961335442595,-0.03865801240665309
"(0.0, 7.0]",EXPANDING,1,3.0,1.0,15,3185,119,1189,124,1184,934.4588748103246,248.0024988095714,0.03736263736263736,0.03893249607535322,0.37331240188383047,0.5893249607535322,-0.2612244897959184,0.29339368125912857,-0.04569658524309162,-0.0394171503922282,0.07786577670630185,0.026833631484794274,-0.06405928546697895,0.018362700223887328,0.010529005877843087,0.03519373397648358,False,True,False,False,-0.08646874520335868,-0.06608266522322515
"(7.0, 10.0]",STABLE,1,0.75,1.0,30,6501,3468,2504,3522,2450,-51.846740837685665,342.64702555540435,0.5334563913244116,0.5417628057221966,0.3851715120750654,0.08137209660052303,0.014920781418243347,-0.007975194714303286,-0.0457612315633118,-0.03122500636718813,0.05270681826725186,0.5289586727892164,-0.06016261221698538,0.014401380653673579,0.004497718535195205,0.5462892126701971,False,False,False,False,-0.06839704982287459,-0.057079140693093194
"(14.0, inf]",STABLE,-1,4.0,1.0,15,2242,10,688,10,688,601.9232396383096,56.74676184629103,0.0044603033006244425,0.0044603033006244425,0.3068688670829616,0.6886708296164139,-0.28902765388046386,0.26847602124813097,-0.04586240954860902,-0.04586240954860902,0.025310776916276107,0.004952246197382384,-0.037994046736287465,-0.007868362812321554,-0.0004919428967579418,0.009590256425042406,False,False,False,False,-0.018729643607667105,-0.032296026578138064
"(10.0, 14.0]",EXPANDING,1,2.0,0.5,30,2791,335,2027,345,2017,318.9399136376496,103.48692488951522,0.12002866356144751,0.12361160874238625,0.7262629881762809,0.15370834826227164,-0.12307416696524544,0.1142744226577032,-0.04587854218984794,-0.03692117923750111,0.037078797882305704,0.11287584869059165,-0.029803309908359867,-0.01607523228148807,0.007152814870855853,0.12997274738365744,False,False,False,False,-0.03968531547225487,-0.042781928831051405
"(7.0, 10.0]",EXPANDING,-1,1.5,0.75,30,3826,1017,2250,1038,2229,186.58128848955766,200.5004568862689,0.2658128593831678,0.2713016204913748,0.5880815473078934,0.1461055933089388,-0.042341871406168324,0.04876667237050645,-0.04597991855638035,-0.03363020606291459,0.05240471952071848,0.25344393423196565,-0.06218280257549809,0.016202884019117736,0.012368925151202137,0.2732907504425006,False,False,False,False,-0.0652035030719266,-0.055591710814153476
"(14.0, inf]",CONTRACTING,1,1.0,0.75,15,858,216,375,221,370,47.695532442213874,22.028981079620134,0.2517482517482518,0.25757575757575757,0.4370629370629371,0.31118881118881114,-0.07604895104895106,0.05558919865059892,-0.04613455552145252,-0.03593642032331732,0.02567480312310039,0.27626459143968873,-0.019753820408803857,-0.026380735112648664,-0.02451633969143696,0.3195826508471301,False,False,False,False,-0.004731883121629434,-0.025433219321540978
"(14.0, inf]",EXPANDING,-1,3.0,0.5,30,2551,140,1841,140,1841,443.711503210075,61.10121343036764,0.05488043904351235,0.05488043904351235,0.7216777734221874,0.22344178753430022,-0.19619756958055665,0.1739363007487554,-0.0462131361114436,-0.0462131361114436,0.023951867279642353,0.0533215234720992,-0.04039359894609836,-0.005819537165345237,0.001558915571413147,0.06618261282057916,False,False,False,False,0.028598248390556844,-0.008807443860443378
"(7.0, 10.0]",CONTRACTING,-1,1.5,0.75,60,3140,1001,2018,1005,2014,32.30271175525587,165.86538771846006,0.31878980891719744,0.3200636942675159,0.6426751592356688,0.038535031847133805,-0.003821656050955414,0.010287487820145182,-0.04635754011567012,-0.043491298077453555,0.05282337188485989,0.31484404359263435,-0.05277378304454427,0.006416242928874147,0.003945765324563089,0.3381948612513132,False,False,False,False,-0.10562273332968555,-0.07599013672267783
"(7.0, 10.0]",CONTRACTING,-1,4.0,0.75,60,3140,207,2239,207,2239,871.4585165484684,165.86538771846006,0.06592356687898089,0.06592356687898089,0.7130573248407643,0.22101910828025473,-0.2710987261146497,0.2775345594103403,-0.04638753858916931,-0.04638753858916931,0.05282337188485989,0.06989853438556934,-0.05597366042625419,0.009586121837084884,-0.003974967506588448,0.08295950024652052,False,False,False,False,-0.11170204359393582,-0.07904479109155256
"(0.0, 7.0]",STABLE,-1,2.0,0.75,60,10983,2798,7478,2817,7459,415.4808387076056,912.715133199325,0.2547573522716926,0.2564872985523081,0.6808704361285624,0.06437221159974504,-0.001138122553036511,0.03782944903101207,-0.04641120772937444,-0.04165385545768181,0.08310253420734999,0.24833724569640062,-0.0691350234450864,0.022723815715711963,0.0064201065752919895,0.25993970401238503,False,False,False,False,-0.049947811188740664,-0.04817950945905755
"(7.0, 10.0]",EXPANDING,1,2.0,0.5,30,3826,537,2796,553,2780,346.3011988353594,200.5004568862689,0.14035546262415055,0.14453737584945112,0.7307893361212755,0.12885520125457395,-0.08468374281233665,0.0905125977091896,-0.04657586462386552,-0.03612108156061408,0.05240471952071848,0.1255369574877796,-0.05948163335986959,0.012905768736004068,0.014818505136370952,0.1407676418399497,False,False,False,False,-0.036199127506123356,-0.041387496064994436
"(0.0, 7.0]",CONTRACTING,1,4.0,1.0,30,6638,205,3372,205,3372,2816.998315990866,574.381314253559,0.030882796022898465,0.030882796022898465,0.5079843326303103,0.46113287134679126,-0.3844531485387165,0.42437455799802143,-0.04660786355268046,-0.04660786355268046,0.08652927301198539,0.03588011819333052,-0.04354798640338092,-0.0030598771492995405,-0.004997322170432056,0.04243673022241499,False,False,False,False,-0.10147863667432991,-0.07404325011350518
"(10.0, 14.0]",EXPANDING,-1,4.0,0.75,30,2791,107,1722,108,1721,836.7692129056643,103.48692488951522,0.038337513436044426,0.0386958079541383,0.6169831601576495,0.34467932640630605,-0.3093873163740595,0.29980982189382455,-0.046656292362540645,-0.044954393401594746,0.037078797882305704,0.03128031037827352,-0.07494274257347801,0.028286450210937363,0.007057203057770904,0.04089335978316271,False,False,False,False,-0.04115852822887256,-0.043907410295706606
"(10.0, 14.0]",STABLE,1,3.0,0.5,30,3792,139,2691,139,2691,895.0807618398239,143.52642635421205,0.03665611814345992,0.03665611814345992,0.7096518987341772,0.25369198312236285,-0.24485759493670886,0.23604450470459493,-0.04666288621160024,-0.046662886211600245,0.0378497959794863,0.03734238603297769,-0.028303005149747425,-0.018359881061852813,-0.0006862678895177693,0.04624743021258551,False,False,False,False,-0.0905322644566392,-0.06859757533411973
"(10.0, 14.0]",EXPANDING,-1,3.0,0.5,30,2791,174,2069,177,2066,485.3120527703884,103.48692488951522,0.06234324614833393,0.06341812970261555,0.7413113579362236,0.19634539591544242,-0.18362594052311,0.17388464807251466,-0.04682009033290105,-0.04305799789291538,0.037078797882305704,0.05467992240543162,-0.0680914773805479,0.021271387047646848,0.007663323742902316,0.06710047227308368,False,False,False,False,-0.043650319595709926,-0.045235204964305484
"(14.0, inf]",EXPANDING,-1,2.0,0.75,15,2554,209,1133,211,1131,373.2326914941987,61.1663577254213,0.08183241973375098,0.08261550509005482,0.4436178543461237,0.4745497259201253,-0.16904855129209084,0.14613652760148735,-0.04686126320721323,-0.044707778477377676,0.02394923951660975,0.08277325787053413,-0.027759727038256708,-0.019101536168956525,-0.0009408381367831536,0.09842018574223238,False,False,False,False,0.01376085486643995,-0.01655020417038664
"(0.0, 7.0]",STABLE,-1,4.0,0.75,30,11530,392,7027,395,7024,4118.506409418332,957.4135127677637,0.03399826539462272,0.034258456201214225,0.6094535993061578,0.35654813529921947,-0.3210971379011275,0.35719916820627334,-0.046934701071069555,-0.04569879473975993,0.08303673137621541,0.033206697622062756,-0.07383991663348922,0.02690521556241967,0.0007915677725599674,0.03797530645934164,False,False,False,False,-0.04369730789422558,-0.04531600448264757
"(14.0, inf]",EXPANDING,-1,3.0,1.0,15,2554,78,804,78,804,511.08205733135617,61.1663577254213,0.030540328895849646,0.030540328895849646,0.31480031323414254,0.6546593578700077,-0.2231793265465936,0.20011043748291157,-0.04701812858029175,-0.04701812858029175,0.02394923951660975,0.026529890343119915,-0.030475808239391534,-0.016542320340900217,0.004010438552729732,0.03585898415087018,False,False,False,False,0.011909578048823087,-0.01755427526573433
"(0.0, 7.0]",EXPANDING,1,4.0,0.5,15,3185,38,2077,41,2074,984.2932406529732,248.0024988095714,0.011930926216640502,0.012872841444270016,0.6521193092621664,0.3359497645211931,-0.2783359497645212,0.30904026394127887,-0.04716146252954418,-0.042922844005211375,0.07786577670630185,0.006926287784963993,-0.06810647680164039,0.02094501427209621,0.005004638431676509,0.011388967355954405,False,True,False,False,-0.09397803193575409,-0.07056974723264914
"(14.0, inf]",STABLE,-1,4.0,1.5,15,2242,11,308,11,308,368.7502367142795,56.74676184629103,0.004906333630686887,0.004906333630686887,0.13737734165923282,0.8577163247100803,-0.1864406779661017,0.16447378979227453,-0.04727766509010328,-0.04727766509010328,0.025310776916276107,0.005482844004244782,-0.040698468187897574,-0.006579196902205708,-0.0005765103735578953,0.010337265214380227,False,False,False,False,-0.012286915141589404,-0.029782290115846342
"(10.0, 14.0]",EXPANDING,-1,2.0,0.5,60,2771,500,2175,507,2168,59.1338294262369,102.7589053624695,0.18044027426921688,0.1829664381089859,0.7849151930710935,0.0346445326596897,-0.03157704799711296,0.02134024880051855,-0.047320489331011406,-0.04100507973158882,0.037083690134417,0.16821402394331786,-0.06776151337342314,0.02044102404241173,0.012226250325899024,0.188393097067743,False,False,False,False,-0.043969410992821235,-0.04564495016191632
"(10.0, 14.0]",EXPANDING,-1,1.0,0.75,15,2800,873,1256,895,1234,40.26055287952356,103.806775555842,0.3117857142857143,0.3196428571428571,0.44857142857142857,0.2396428571428571,-0.024642857142857143,0.014378768885544128,-0.04733793667011373,-0.03358793667011373,0.03707384841280071,0.28823174411587205,-0.06559656091977724,0.018258624249663506,0.02355397016984223,0.312380008717174,False,False,False,False,-0.04172414236187997,-0.04453103951599685
"(14.0, inf]",STABLE,-1,1.5,0.5,60,2218,497,1648,509,1636,29.644007263129154,56.16247469205734,0.22407574391343552,0.22948602344454463,0.7430117222723174,0.03291253381424708,-0.03539224526600541,0.013365197142979781,-0.04734827205993155,-0.03652771299771334,0.025321223936905925,0.22204387372926698,-0.0469930409555712,-0.0003552311043603512,0.0020318701841685327,0.24704805418656325,False,False,False,False,-0.000896622169757292,-0.02412244711484442
"(14.0, inf]",CONTRACTING,1,1.0,0.5,60,848,261,571,272,560,5.999885807255202,21.794415002467627,0.30778301886792453,0.32075471698113206,0.6733490566037735,0.018867924528301994,-0.028891509433962265,0.00707533703685755,-0.04751713348492031,-0.028059586315108992,0.025700961087815596,0.33297663634742286,-0.01355996995587844,-0.033957163529041864,-0.02519361747949833,0.3787153354703544,False,False,False,False,-0.01909605822863519,-0.03330659585677775
"(7.0, 10.0]",EXPANDING,1,2.0,0.75,30,3826,655,2347,665,2337,468.66824414704104,200.5004568862689,0.1711970726607423,0.17381076842655516,0.613434396236278,0.2153685311029796,-0.11768165185572399,0.12249562052980685,-0.04759075084663561,-0.04040308749065025,0.05240471952071848,0.15249592652940305,-0.05858269907159682,0.01099194822496121,0.018701146131339247,0.16898615597583116,False,True,False,False,-0.04181250469839903,-0.04470162777251732
"(0.0, 7.0]",STABLE,1,4.0,1.5,60,10983,1152,5665,1159,5658,4279.0070804975385,912.715133199325,0.10488937448784486,0.1055267231175453,0.5157971410361468,0.3793134844760083,-0.35413821360284076,0.38960275703337327,-0.04763799077681749,-0.04413257331346503,0.08310253420734999,0.11057316118935838,-0.029521128901152906,-0.018116861875664584,-0.005683786701513524,0.11903878615785363,False,False,False,False,-0.07971951984088878,-0.06367875530885314
"(7.0, 10.0]",STABLE,1,1.5,0.5,60,6404,1560,4732,1590,4702,58.52878369584621,337.6828081939889,0.24359775140537165,0.24828232354778262,0.7389131792629606,0.017489069331667717,-0.004059962523422861,0.009139410321025328,-0.047650534743620035,-0.03828139045879804,0.0527299825412225,0.23307027433295754,-0.06867939039146385,0.02102885564784382,0.01052747707241411,0.2479666918160802,False,False,False,False,-0.07123065712599733,-0.05944059593480868
"(10.0, 14.0]",EXPANDING,-1,1.0,1.0,15,2800,944,916,960,900,-57.683495110161516,103.806775555842,0.33714285714285713,0.34285714285714286,0.3271428571428571,0.3357142857142857,0.01,-0.020601248253629113,-0.04767509666642983,-0.036246525237858394,0.03707384841280071,0.30669885334942665,-0.06561859300713223,0.0179434963407024,0.030444003793430485,0.3312648270310033,False,True,False,False,-0.037901171587743025,-0.04278813412708643
"(14.0, inf]",EXPANDING,-1,1.5,0.5,15,2554,335,1567,346,1556,220.10408444253034,61.1663577254213,0.13116679718089272,0.13547376664056382,0.6135473766640563,0.2552858261550509,-0.11002349256068912,0.08618014269480435,-0.047792589382494505,-0.0391786504631523,0.02394923951660975,0.13618677042801555,-0.02822301383522177,-0.019569575547272736,-0.005019973247122833,0.1555240067524024,False,False,False,False,0.007987774281806229,-0.01990240755034414
"(0.0, 7.0]",STABLE,-1,4.0,0.75,60,10983,865,7949,869,7945,2888.972350238127,912.715133199325,0.07875808067012656,0.07912227988709825,0.723754893926978,0.19748702540289542,-0.2277838477647273,0.2630403669523925,-0.04784601501968478,-0.046116068739069274,0.08310253420734999,0.07819835680751173,-0.06869889578063218,0.0208528807609474,0.0005597238626148249,0.08546470188651847,False,False,False,False,-0.027415793894424927,-0.03763090445705485
"(7.0, 10.0]",STABLE,1,1.0,0.75,15,6535,1967,2894,2023,2838,234.95726483223063,344.38265460412464,0.3009946442234124,0.3095638867635807,0.4428462127008416,0.256159143075746,-0.031140015302218823,0.0359536748021776,-0.047884527891644074,-0.03288835344634951,0.052698187391602855,0.29742871877993077,-0.06399108215194721,0.016106554260303135,0.00356592544348161,0.31334101146698884,False,False,False,False,-0.07615733482074105,-0.06202093135619256
"(14.0, inf]",EXPANDING,-1,1.5,0.75,15,2554,385,1126,392,1119,205.77346436252694,61.1663577254213,0.15074393108848866,0.1534847298355521,0.4408770555990603,0.4083790133124511,-0.10454189506656225,0.08056909332910217,-0.04792204125406984,-0.041755244073177114,0.02394923951660975,0.15405022992571632,-0.028636866440669973,-0.019285174813399867,-0.0033062988372276614,0.17436944532844245,False,False,False,False,0.007901229767133014,-0.020010405743468414
"(7.0, 10.0]",EXPANDING,-1,1.0,0.5,60,3761,1261,2493,1356,2398,2.1440029942011387,197.27354096545074,0.3352831693698484,0.3605424089337942,0.6628556235043871,0.0018612071257645413,0.003855357617654879,0.0005700619500667745,-0.04802699759937506,-0.01013813825345642,0.05245241716709671,0.3293498684704998,-0.056585282350876,0.008558284751500944,0.005933300899348626,0.35091962892398726,False,False,False,False,-0.07352737173858928,-0.06077718466898217
"(0.0, 7.0]",STABLE,1,3.0,0.5,60,10983,1198,8827,1212,8813,1204.6570959107619,912.715133199325,0.10907766548301921,0.11035236274242011,0.8036966220522626,0.08722571246471822,-0.07461531457707365,0.10968379276252042,-0.04803405602190323,-0.043572615614000096,0.08310253420734999,0.11277386541471049,-0.04818905322816423,0.00015499720626100527,-0.003696199931691277,0.12131155559902539,False,False,False,False,-0.05955023803934707,-0.053792147030625154
"(10.0, 14.0]",EXPANDING,1,1.5,0.5,30,2791,544,1980,565,1959,143.3420210802721,103.48692488951522,0.194912217843067,0.20243640272303834,0.7094231458258689,0.09566463633106415,-0.06234324614833393,0.051358660365557904,-0.048063383665081734,-0.03301501390513906,0.037078797882305704,0.19204655674102813,-0.03187997505851094,-0.016183408606570797,0.002865661102038869,0.2131849658614457,False,False,False,False,-0.04897717480749863,-0.04852027923629018
"(7.0, 10.0]",EXPANDING,-1,1.5,1.0,30,3826,1127,1857,1143,1841,182.17627931950025,200.5004568862689,0.29456351280710924,0.29874542603240983,0.485363303711448,0.22007318348144278,-0.043518034500784106,0.04761533698889186,-0.048307417032610725,-0.03785263396935929,0.05240471952071848,0.2818101022070804,-0.05875217604915679,0.010444759016546068,0.012753410600028825,0.302314205496809,False,False,False,False,-0.06504006066764506,-0.05667373885012789
"(7.0, 10.0]",EXPANDING,1,1.5,1.5,15,3844,680,743,692,731,109.9855029107135,201.40036603368605,0.1768990634755463,0.18002081165452655,0.19328824141519252,0.6298126951092612,-0.024583766909469302,0.028612253618812047,-0.048364948783291506,-0.03899970424635082,0.05239343549263425,0.1621601709275768,-0.04653562583724493,-0.0018293229460465757,0.014738892547969479,0.17901641468186383,False,False,False,False,-0.06578716673891769,-0.057076057761104596
"(7.0, 10.0]",STABLE,1,1.0,1.0,30,6501,2781,2779,2824,2736,25.510869159977197,342.64702555540435,0.42778034148592525,0.4343947085063836,0.4274726965082295,0.14474696200584525,0.00030764497769573913,0.003924145386860052,-0.048475027902696075,-0.035246293861779285,0.05270681826725186,0.4270478447637387,-0.0628227705353381,0.014347742632642019,0.0007324967221865597,0.4442586008197512,False,False,False,False,-0.07016734267272443,-0.05932118528771025
"(7.0, 10.0]",STABLE,1,1.0,0.5,15,6535,1728,3880,1830,3778,239.2703524607263,344.38265460412464,0.2644223412394797,0.28003060443764344,0.5937260902830911,0.1418515684774292,-0.0324407039020658,0.036613672909062936,-0.04852521838460571,-0.02511282358736012,0.052698187391602855,0.2582332572017977,-0.06544297907829055,0.016917760693684843,0.0061890840376820355,0.27348516459869865,False,False,False,False,-0.06983259920375576,-0.05917890879418074
"(14.0, inf]",CONTRACTING,1,2.0,0.75,60,848,155,546,155,546,80.08588814890624,21.794415002467627,0.18278301886792453,0.18278301886792453,0.6438679245283019,0.17334905660377364,-0.11733490566037735,0.09444090583597434,-0.04859496091221863,-0.04859496091221862,0.025700961087815596,0.21366149456037095,0.041308293202312045,-0.08990325411453068,-0.030878475692446422,0.25382723814531694,False,False,False,False,-0.0024450784911620783,-0.025520019701690353
"(0.0, 7.0]",CONTRACTING,1,4.0,1.5,30,6638,227,2249,227,2249,2716.938653290155,574.381314253559,0.03419704730340464,0.03419704730340464,0.3388068695390178,0.6269960831575776,-0.3714221150949081,0.4093007913965283,-0.04865059671036519,-0.04865059671036519,0.08652927301198539,0.039210168378593875,-0.047119992543452095,-0.0015306041669130924,-0.005013121075189232,0.04604433556455381,False,False,False,False,-0.12438469371479359,-0.08651764521257939
"(14.0, inf]",CONTRACTING,1,0.75,1.0,30,855,418,327,423,322,-6.182369430236891,21.95308796592333,0.4888888888888889,0.49473684210526314,0.3824561403508772,0.12865497076023386,-0.015789473684210527,-0.007230841438873556,-0.0486964413990178,-0.038462523270362835,0.02567612627593372,0.5096545615589017,-0.022910960853244698,-0.0257854805457731,-0.02076567267001278,0.5574590622199025,False,False,False,False,-0.030042004280264024,-0.03936922283964091
"(14.0, inf]",STABLE,-1,0.75,1.0,60,2218,1202,940,1213,929,-13.382373033435107,56.16247469205734,0.5419296663660956,0.5468890892696122,0.4238052299368801,0.03426510369702429,-0.017357980162308388,-0.006033531575038371,-0.04871273567425268,-0.04003374559309849,0.025321223936905925,0.536115569823435,-0.05651497415320964,0.00780223847895696,0.0058140965426606295,0.5657272447875256,False,False,False,False,-0.024680403382325935,-0.036696569528289306
"(7.0, 10.0]",EXPANDING,1,2.0,1.5,30,3826,789,1287,802,1274,366.45864793305816,200.5004568862689,0.20622059592263461,0.20961840041819133,0.336382645060115,0.45739675901725035,-0.09213277574490329,0.09578114164481395,-0.048756353620807824,-0.036864037886359315,0.05240471952071848,0.1827136720485854,-0.04440814860510199,-0.004348205015705833,0.023506923874049207,0.2004050748969725,False,True,False,False,-0.044620214208612556,-0.046688283914710194
"(0.0, 7.0]",EXPANDING,1,3.0,1.0,60,3062,566,2031,575,2022,422.8888719685052,239.44254018301092,0.18484650555192683,0.18778576094056174,0.6632919660352711,0.1518615284128021,-0.10875244937949052,0.1381087106363505,-0.04884182502106653,-0.037084803466527004,0.07819808627792649,0.16916079812206572,-0.044988307479117334,-0.0038535175419491946,0.015685707429861112,0.18838666089408818,False,False,False,False,-0.11398977583663777,-0.08141580042885216
"(7.0, 10.0]",STABLE,1,1.5,1.0,60,6404,2303,3578,2309,3572,148.09972066269154,337.6828081939889,0.3596189881324172,0.3605559025608994,0.5587133041848844,0.08166770768269838,-0.01928482198625859,0.02312612752384315,-0.048888677003637936,-0.046546390932432444,0.0527299825412225,0.3535512965050733,-0.0703273379198275,0.02143866091618956,0.006067691627343941,0.37033878495565903,False,False,False,False,-0.07431822011556687,-0.0616034485596024
"(7.0, 10.0]",EXPANDING,-1,1.0,1.5,30,3826,1877,1096,1891,1082,-219.6571847718589,200.5004568862689,0.4905906952430737,0.4942498693152117,0.2864610559330894,0.22294824882383696,0.06089911134343962,-0.05741170537685805,-0.04891731355413691,-0.039769378373791894,0.05240471952071848,0.4757073026218338,-0.05029489067555665,0.0013775771214197402,0.014883392621239888,0.4983350666487642,False,False,False,False,-0.06695680507207767,-0.05793705931310729
"(10.0, 14.0]",STABLE,1,4.0,0.5,30,3792,48,2696,48,2696,1114.019165553994,143.52642635421205,0.012658227848101266,0.012658227848101266,0.7109704641350211,0.2763713080168777,-0.3048523206751055,0.2937814255152938,-0.04892069113929799,-0.04892069113929799,0.0378497959794863,0.012972841901066925,-0.028102487235746945,-0.020818203903551047,-0.00031461405296565916,0.018411811077106943,False,False,False,False,-0.09267659140802871,-0.07079864127366335
"(10.0, 14.0]",EXPANDING,-1,4.0,1.0,30,2791,116,1409,117,1408,911.9334908789667,103.48692488951522,0.041562164098889284,0.04192045861698316,0.5048369759942672,0.4536008599068435,-0.33858831959871016,0.3267407706481429,-0.04892634683287298,-0.04713487424240362,0.037078797882305704,0.033583899127061105,-0.0816219289297858,0.03269558209691282,0.00797826497182818,0.04351776911514055,False,False,False,False,-0.02626431708975362,-0.0375953319613133
"(10.0, 14.0]",EXPANDING,-1,1.5,0.5,30,2791,584,1990,598,1976,85.79163000178654,103.48692488951522,0.20924399856682194,0.21426012182013615,0.7130060910068076,0.07774991042637047,-0.042637047653170904,0.03073867072797798,-0.04897717480749863,-0.03894492830087018,0.037078797882305704,0.19398642095053345,-0.06935275378374271,0.020375578976244084,0.015257577616288487,0.2152032079690532,False,False,False,False,-0.048063383665081734,-0.04852027923629018
"(0.0, 7.0]",EXPANDING,1,3.0,0.75,60,3062,486,2266,498,2254,330.88413251068795,239.44254018301092,0.15871979098628347,0.16263879817112997,0.7400391900718485,0.1012410189418681,-0.07887001959503592,0.10806144105509077,-0.049006664817871644,-0.03431038787469724,0.07819808627792649,0.14578442879499218,-0.046799153837659764,-0.0022075109802118797,0.012935362191291294,0.1639142130184137,False,False,False,False,-0.11077990418092289,-0.07989328449939727
"(0.0, 7.0]",CONTRACTING,1,3.0,1.0,30,6638,550,3366,556,3360,1964.5593154401645,574.381314253559,0.08285628201265441,0.08376016872551974,0.507080445917445,0.41006327206990056,-0.25851159987948175,0.29595651031035924,-0.049084362581107946,-0.04546881572964666,0.08652927301198539,0.08376717789972328,-0.051032837695114686,0.0019484751140067397,-0.0009108958870688716,0.0934381886643724,False,False,False,False,-0.09354876003616774,-0.07131656130863784
"(0.0, 7.0]",STABLE,1,3.0,1.0,60,10983,1791,7085,1801,7075,2084.804359110867,912.715133199325,0.1630701993990713,0.1639806974415005,0.6450878630610944,0.19184193753983425,-0.15587726486388054,0.18982102878183257,-0.04915877028939797,-0.04551677811968113,0.08310253420734999,0.16916079812206572,-0.044988307479117334,-0.004170462810280634,-0.006090598722994417,0.17925235847805113,False,False,False,False,-0.04558822473591039,-0.047373497512654184
"(14.0, inf]",CONTRACTING,1,0.75,0.75,15,858,321,361,336,346,9.842374782688054,22.028981079620134,0.3741258741258741,0.3916083916083916,0.42074592074592077,0.20512820512820507,-0.03496503496503497,0.011471299280522209,-0.04916853880761315,-0.022944762583836924,0.02567480312310039,0.3875132649451716,-0.028971862347467042,-0.020196676460146105,-0.013387390819297462,0.4343535235951257,False,False,False,False,-0.028404843662363857,-0.0387866912349885
"(10.0, 14.0]",CONTRACTING,-1,4.0,1.5,60,1652,136,703,136,703,492.0616649269162,63.02996017781892,0.08232445520581114,0.08232445520581114,0.425544794188862,0.4921307506053269,-0.3090193704600484,0.29785815068215266,-0.04931494869909366,-0.04931494869909366,0.038153728921197894,0.08441241143415587,-0.09685145791564882,0.04753650921655516,-0.002087956228344734,0.10414310785345791,False,False,False,False,0.0358478626046526,-0.006733543047220531
"(10.0, 14.0]",EXPANDING,1,1.5,0.5,60,2771,641,2061,661,2041,34.90361965052526,102.7589053624695,0.23132443161313604,0.23854204258390474,0.743774810537712,0.024900757849152022,-0.024900757849151932,0.01259603740545841,-0.04938841057811052,-0.03495318863657317,0.037083690134417,0.23650134375763499,-0.030891204094636637,-0.01849720648347388,-0.005176912144498946,0.2593300374873159,False,False,False,False,-0.05314423262628227,-0.051266321602196394
"(14.0, inf]",CONTRACTING,1,0.75,0.5,60,848,319,523,343,499,2.1392572209221816,21.794415002467627,0.3761792452830189,0.4044811320754717,0.6167452830188679,0.007075471698113289,-0.026238207547169812,0.002522708986936535,-0.04941645964804887,-0.014039101157482834,0.025700961087815596,0.39539860888175493,-0.027600990636077724,-0.021815469011971143,-0.01921936359873605,0.4426620309800266,False,False,False,False,-0.04425062303217383,-0.04683354134011135
"(10.0, 14.0]",STABLE,-1,0.75,1.5,15,3807,1678,516,1684,510,-529.7802478230356,144.0679971017326,0.44076700814289466,0.4423430522721303,0.1355397951142632,0.4236931967428421,0.1272655634357762,-0.13915950822774772,-0.04973686496579148,-0.04619076567501133,0.03784292017381996,0.44284852142426073,-0.05700395784106974,0.007267092875278262,-0.0020815132813660764,0.4654310588063174,False,False,False,False,-0.010693687364250479,-0.03021527616502098
"(10.0, 14.0]",EXPANDING,-1,4.0,1.5,30,2791,122,864,122,864,772.6413817093337,103.48692488951522,0.04371193120745252,0.04371193120745252,0.3095664636331064,0.6467216051594411,-0.2895019706198495,0.27683317151893,-0.049747596983225194,-0.049747596983225194,0.037078797882305704,0.03540252182347236,-0.0807210330638898,0.0309734360806646,0.008309409383980164,0.045581081127113544,False,False,False,False,-0.025210322929724013,-0.0374789599564746
"(14.0, inf]",EXPANDING,-1,1.0,0.75,15,2554,716,1087,731,1072,33.218145251043275,61.1663577254213,0.2803445575567737,0.2862176977290525,0.4256068911511355,0.29404855129209084,-0.03886061080657792,0.013006321554832919,-0.049803528768354755,-0.03952553346686689,0.02394923951660975,0.2884683409975239,-0.0325021667801755,-0.017301361988179255,-0.00812378344075021,0.3137664422398824,False,False,False,False,-0.002871545714188899,-0.026337537241271827
"(0.0, 7.0]",STABLE,1,2.0,0.75,60,10983,2767,7501,2781,7487,455.88832291338633,912.715133199325,0.2519348083401621,0.25320950559956296,0.6829645816261495,0.0651006100336885,-0.008353819539287991,0.04150854255789733,-0.049947811188740664,-0.0464423937253882,0.08310253420734999,0.2511737089201878,-0.060948532708760335,0.011000721520019671,0.0007610994199742649,0.26281939370938917,False,False,False,False,-0.04641120772937444,-0.04817950945905755
"(7.0, 10.0]",EXPANDING,1,1.0,1.0,15,3844,1288,1301,1317,1272,22.28596748597356,201.40036603368605,0.3350676378772112,0.34261186264308013,0.33844953173777315,0.3264828303850156,-0.0033818938605619147,0.005797598201345879,-0.04997773115185028,-0.03488928162011251,0.05239343549263425,0.317394827967288,-0.05629886882658245,0.00632113767473217,0.017672809909923204,0.33853279262623986,False,False,False,False,-0.06989758936515598,-0.05993766025850313
"(10.0, 14.0]",EXPANDING,-1,0.75,1.5,30,2791,1612,697,1628,681,-199.5833425315311,103.48692488951522,0.5775707631673236,0.5833034754568255,0.2497312791114296,0.17269795772124683,0.05858115370834826,-0.07150961753189936,-0.050007261705856794,-0.037108659054477355,0.037078797882305704,0.5568622696411252,-0.05847967226680486,0.008472410560948065,0.020708493526198413,0.5831461566278301,False,False,False,False,-0.026665941288811005,-0.0383366014973339
"(7.0, 10.0]",STABLE,1,0.75,1.0,60,6404,3632,2697,3690,2639,-10.081796265601533,337.6828081939889,0.5671455340412243,0.5762023735165521,0.4211430356027483,0.011711430356027452,0.004216114928169894,-0.0015742967310433374,-0.050088164344095944,-0.03423869526227208,0.0527299825412225,0.5592634347989478,-0.06461440728295068,0.014526242938854732,0.007882099242276452,0.5766194410938988,False,False,False,False,-0.06277108838534928,-0.05642962636472261
"(0.0, 7.0]",STABLE,1,3.0,0.75,30,11530,839,7042,847,7034,3142.7069237148658,957.4135127677637,0.07276669557675629,0.07346053772766696,0.6107545533391153,0.3164787510841284,-0.23976582827406764,0.27256781645402134,-0.05023474319626175,-0.04763283513034674,0.08303673137621541,0.07677876272219877,-0.05293888428120769,0.0027041410849459394,-0.0040120671454424855,0.0838103519845673,False,False,False,False,-0.043659661045781326,-0.04694720212102153
"(14.0, inf]",CONTRACTING,1,1.5,1.0,60,848,265,457,267,455,38.662975300415,21.794415002467627,0.3125,0.31485849056603776,0.5389150943396226,0.1485849056603774,-0.07016509433962265,0.04559313125048939,-0.050272924176948855,-0.04437669776185452,0.025700961087815596,0.342964151952916,0.02152464098685649,-0.07179756516380534,-0.03046415195291602,0.3890041459552711,False,False,False,False,-0.025214053037842105,-0.03774348860739548
"(7.0, 10.0]",EXPANDING,1,1.5,0.75,15,3844,616,1844,635,1825,467.0761707302946,201.40036603368605,0.16024973985431842,0.16519250780437045,0.4797086368366285,0.36004162330905304,-0.11940686784599376,0.12150784878519631,-0.0502924545534317,-0.03917122666581463,0.05239343549263425,0.14816179179252928,-0.05645089240593124,0.006158437852499546,0.012087948061789144,0.16442392839788314,False,False,False,False,-0.060420955943167126,-0.055356705248299415
"(7.0, 10.0]",EXPANDING,1,1.0,1.5,15,3844,1347,709,1360,696,-275.47232027863674,201.40036603368605,0.3504162330905307,0.3537981269510926,0.1844432882414152,0.4651404786680541,0.07375130072840791,-0.07166293451577439,-0.050305069280000725,-0.04185033462859594,0.05239343549263425,0.3323509909378914,-0.04768138599958365,-0.002623683280417073,0.018065242152639327,0.35373252301760916,False,False,False,False,-0.06923561262643113,-0.05977034095321593
"(14.0, inf]",EXPANDING,-1,3.0,0.75,30,2551,167,1485,167,1485,545.0684440600106,61.10121343036764,0.06546452371618973,0.06546452371618973,0.582124656997256,0.35241081928655427,-0.24019992159937278,0.21366853941983951,-0.05048324945917562,-0.05048324945917562,0.023951867279642353,0.06395039858281665,-0.04018981916204716,-0.01029343029712846,0.0015141251333730815,0.07791101251858981,False,False,False,False,0.030850006060999906,-0.009816621699087858
"(10.0, 14.0]",STABLE,1,4.0,0.75,60,3763,124,2567,124,2567,1381.665263448852,142.4723347408888,0.032952431570555406,0.032952431570555406,0.6821684825936752,0.2848790858357694,-0.3798166356630348,0.36717121005815895,-0.050506795453637184,-0.05050679545363718,0.03786136984876131,0.041900806254580994,-0.023120234494113587,-0.027386560959523597,-0.008948374684025588,0.05133009927652118,False,False,False,False,-0.11798009333250022,-0.0842434443930687
"(14.0, inf]",EXPANDING,-1,2.0,0.5,15,2554,178,1576,182,1572,364.1376757802824,61.1663577254213,0.0696945967110415,0.07126076742364917,0.6170712607674237,0.3132341425215348,-0.16914643696162882,0.14257544079102677,-0.05052023568721179,-0.0466048089056926,0.02394923951660975,0.07269189954014857,-0.029331278233578575,-0.021188957453633216,-0.002997302829107068,0.08746594393350127,False,False,False,False,0.012361389966239424,-0.019079422860486184
"(7.0, 10.0]",EXPANDING,-1,0.75,1.0,60,3761,2135,1591,2186,1540,-3.123031235699163,197.27354096545074,0.5676681733581495,0.5812283967030045,0.42302579101302845,0.009306035628822096,0.0027253390055836215,-0.0008303725699811654,-0.05055745073149426,-0.026827059877997845,0.05245241716709671,0.5688087185268696,-0.04900475276924273,-0.0015526979622515272,-0.0011405451687201973,0.5913824744005753,False,False,False,False,-0.08217893245223336,-0.0663681915918638
"(14.0, inf]",EXPANDING,-1,3.0,1.5,15,2554,82,384,82,384,261.9449439390816,61.1663577254213,0.03210649960845732,0.03210649960845732,0.15035238841033674,0.8175411119812059,-0.12920908379013313,0.10256262487826218,-0.0505956984284807,-0.05059569842848069,0.02394923951660975,0.02794481782808631,-0.03232810586417583,-0.018267592564304866,0.004161681780371011,0.03750069710630418,False,False,False,False,0.012374549100315005,-0.019110574664082846
"(0.0, 7.0]",STABLE,1,4.0,1.0,30,11530,407,5923,410,5920,4668.979842574925,957.4135127677637,0.03529921942758023,0.03555941023417172,0.5137033824804856,0.4509973980919342,-0.3725065047701648,0.40494187706634216,-0.05060135908003805,-0.049300405047080546,0.08303673137621541,0.03588011819333052,-0.04354798640338092,-0.007053372676657128,-0.0005808987657502929,0.04082603611033854,False,False,False,False,-0.06371031905919587,-0.057155839069616965
"(0.0, 7.0]",EXPANDING,1,3.0,0.5,15,3185,102,2077,107,2072,819.1132763012214,248.0024988095714,0.032025117739403454,0.033594976452119306,0.6521193092621664,0.31585557299843015,-0.22998430141287285,0.2571784227005405,-0.05067165541863422,-0.045177149924128725,0.07786577670630185,0.022521902665015366,-0.07001289554281052,0.019341240124176304,0.009503215074388088,0.03022807591081759,False,True,False,False,-0.09855261372168568,-0.07461213457015994
"(14.0, inf]",EXPANDING,-1,1.0,0.5,15,2554,617,1518,650,1485,73.33475866869958,61.1663577254213,0.24158183241973374,0.2545027407987471,0.5943617854346124,0.16405638214565388,-0.05559906029757244,0.028713687810767257,-0.05083461200341493,-0.031453249434894956,0.02394923951660975,0.2511496285815352,-0.03527855653167661,-0.015556055471738321,-0.009567796161801478,0.27540813464756675,False,False,False,False,-0.004141773478204781,-0.027488192740809856
"(10.0, 14.0]",EXPANDING,-1,2.0,0.75,30,2791,485,1693,491,1687,261.20311962907914,103.48692488951522,0.17377284127552847,0.1759226083840917,0.6065926191329273,0.21963453959154422,-0.10739878179863849,0.09358764587211721,-0.050889933808826976,-0.04497807426027807,0.037078797882305704,0.15446168768186228,-0.07842194632945312,0.027532012520626148,0.019311153593666197,0.1739073421713455,False,False,False,False,-0.037785129133762904,-0.04433753147129494
"(14.0, inf]",CONTRACTING,-1,0.75,0.75,60,848,402,426,417,411,-3.372303782610553,21.794415002467627,0.4740566037735849,0.49174528301886794,0.5023584905660378,0.023584905660377298,-0.02122641509433962,-0.00397677332855018,-0.0509041495107054,-0.02437113064278087,0.025700961087815596,0.47529873372570003,-0.05184376534466598,0.0009396158339605859,-0.0012421299521151452,0.5233452940680069,False,False,False,False,-0.02703079153285032,-0.03896747052177786
"(10.0, 14.0]",EXPANDING,1,4.0,0.5,15,2800,16,1797,17,1796,795.0990691518041,103.806775555842,0.005714285714285714,0.006071428571428571,0.6417857142857143,0.35250000000000004,-0.2980357142857143,0.28396395326850143,-0.05114560943001354,-0.04953846657287068,0.03707384841280071,0.004103802051901026,-0.02737342660499245,-0.02377218282502109,0.0016104836623846881,0.007877860636535231,False,False,False,False,-0.022794471088752814,-0.03697004025938318
"(10.0, 14.0]",EXPANDING,-1,0.75,1.0,15,2800,1263,867,1293,837,-119.72917694257808,103.806775555842,0.45107142857142857,0.4617857142857143,0.30964285714285716,0.23928571428571427,0.028660714285714286,-0.042760420336635026,-0.05117355446372145,-0.03242355446372145,0.03707384841280071,0.4257091128545564,-0.06327623512160492,0.012102680657883468,0.02536231571687214,0.45193921043440427,False,False,False,False,-0.0405597601554877,-0.045866657309604576
"(14.0, inf]",CONTRACTING,1,3.0,0.75,30,855,20,477,20,477,275.86685306689014,21.95308796592333,0.023391812865497075,0.023391812865497075,0.5578947368421052,0.4187134502923977,-0.3482456140350877,0.3226512901367136,-0.05127045017430782,-0.05127045017430782,0.02567612627593372,0.03808680248007086,0.008258292115135887,-0.05952874228944371,-0.014694989614573786,0.05762390095865844,False,False,False,False,0.05886999501368011,0.0037997724196861433
"(14.0, inf]",EXPANDING,-1,4.0,0.75,15,2554,12,1135,12,1135,733.2765905993421,61.1663577254213,0.004698512137823023,0.004698512137823023,0.44440093970242756,0.5509005481597494,-0.3145066562255286,0.28710908010937436,-0.051346815632764,-0.051346815632764,0.02394923951660975,0.004775380261761585,-0.03307388639981269,-0.01827292923295131,-7.686812393856157e-05,0.009023845146654219,False,False,False,False,0.012759892885843184,-0.019293461373460406
"(10.0, 14.0]",EXPANDING,-1,0.75,0.75,15,2800,1166,1192,1221,1137,-20.534905693170824,103.806775555842,0.4164285714285714,0.43607142857142855,0.4257142857142857,0.15785714285714292,-0.0069642857142857145,-0.007333894890418151,-0.05137202901750458,-0.02190774330321886,0.03707384841280071,0.3969824984912492,-0.06660978409568867,0.01523775507818409,0.0194460729373222,0.42296267660740333,False,False,False,False,-0.05223995352238256,-0.05180599126994357
"(14.0, inf]",CONTRACTING,1,1.5,1.5,60,848,300,339,300,339,36.655471429498874,21.794415002467627,0.35377358490566035,0.35377358490566035,0.39976415094339623,0.2464622641509434,-0.06898584905660378,0.043225791780069425,-0.05146101836434995,-0.05146101836434994,0.025700961087815596,0.3920099875156055,0.0500354396745052,-0.10149645803885515,-0.03823640260994515,0.43921192695175515,False,False,False,False,5.90961887187488e-05,-0.0257009610878156
"(10.0, 14.0]",STABLE,1,4.0,1.0,60,3763,142,2212,142,2212,1592.4685304310262,142.4723347408888,0.03773584905660377,0.03773584905660377,0.5878288599521658,0.3744352909912304,-0.4368854637257507,0.42319121191363973,-0.05155562166087233,-0.051555621660872325,0.03786136984876131,0.04800879550451991,-0.010637642471307909,-0.04091797918956443,-0.01027294644791614,0.05804753860436418,False,False,False,False,-0.13063005829195462,-0.09109283997641347
"(14.0, inf]",CONTRACTING,1,1.5,0.5,60,848,175,621,184,612,26.07258659397244,21.794415002467627,0.20636792452830188,0.2169811320754717,0.7323113207547169,0.061320754716981174,-0.05660377358490566,0.03074597475704297,-0.051558759915678286,-0.030332344821338664,0.025700961087815596,0.23738184412341715,0.003835945980294806,-0.05539470589597309,-0.031013919595115264,0.2789810604441098,False,False,False,False,0.0033900812297019208,-0.024084339342988183
"(14.0, inf]",EXPANDING,-1,1.0,0.5,30,2551,733,1670,768,1635,31.55760011772175,61.10121343036764,0.28733829870638966,0.3010584084672677,0.6546452371618973,0.05801646413171302,-0.039984319874559,0.012370678211572618,-0.051565508942628735,-0.0309853443013116,0.023951867279642353,0.2992028343666962,-0.037530301120016374,-0.014035207822612361,-0.011864535660306541,0.3247754759223918,False,False,False,False,0.005025451007060503,-0.023270028967784115
"(14.0, inf]",EXPANDING,-1,1.0,1.0,15,2554,762,769,770,761,-63.69601451209469,61.1663577254213,0.2983555207517619,0.3014878621769773,0.30109631949882537,0.40054815974941277,-0.00274079874706343,-0.024939708109669025,-0.0516297463733422,-0.0453650635229115,0.02394923951660975,0.30544747081712065,-0.03379392327621335,-0.017835823097128854,-0.007091950065358732,0.3311482232005528,False,False,False,False,-0.0025334155103079905,-0.027081580941825095
"(0.0, 7.0]",EXPANDING,1,2.0,1.0,30,3153,708,1660,725,1643,326.79748047725377,245.83373862940914,0.22454804947668885,0.22993973993022518,0.5264827148747225,0.24896923564858864,-0.07738661592134476,0.10364652092523113,-0.051708296274074014,-0.03553322491346508,0.0779682012779604,0.2009286618826509,-0.0611936817181022,0.009485385444028188,0.02361938759403795,0.22113521132197755,False,True,False,False,-0.07399468296251074,-0.06285148961829237
"(14.0, inf]",STABLE,-1,2.0,0.75,30,2239,325,1291,328,1288,258.9187735395812,56.67423231965815,0.14515408664582402,0.14649397052255472,0.5765966949531041,0.27824921840107186,-0.14213934792318,0.11564036334952264,-0.051811281277390334,-0.04812660061638095,0.025312296703732983,0.15199291408325952,-0.0384485224348483,-0.013362758842542032,-0.006838827437435496,0.17360054951204956,False,False,False,False,0.017762069787149188,-0.017024605745120575
"(7.0, 10.0]",STABLE,-1,0.75,1.5,60,6404,4136,1988,4145,1979,-114.66251014416443,337.6828081939889,0.6458463460337289,0.6472517176764522,0.31043098063710184,0.04372267332916924,0.018738288569643973,-0.017904826693342354,-0.051896520664920884,-0.048734434468793456,0.0527299825412225,0.6523863209319805,-0.03797481503183894,-0.01392170563308194,-0.006539974898251533,0.6689986810282863,False,False,False,False,-0.036162055553240834,-0.044029288109080855
"(7.0, 10.0]",EXPANDING,-1,1.0,0.5,30,3826,1226,2499,1321,2404,25.339173574029164,200.5004568862689,0.32043910088865657,0.3452692106638787,0.6531625718766335,0.026398327234709917,-0.006142185049660219,0.006622889067963713,-0.05192401550241498,-0.014678850839581738,0.05240471952071848,0.3158050659161606,-0.057239534305468326,0.005315518803053344,0.004634034972495982,0.3369655180712043,False,False,False,False,-0.06628854606113106,-0.05910628078177302
"(7.0, 10.0]",EXPANDING,-1,0.75,1.5,30,3826,2270,989,2291,968,-217.2818541330777,200.5004568862689,0.5933089388395191,0.5987976999477261,0.2584945112388918,0.14819654992158915,0.05723993727130162,-0.056790866213559256,-0.05195564846297611,-0.03960593596951035,0.05240471952071848,0.5861353873500222,-0.04824263733670771,-0.0037130111262684007,0.007173551489496832,0.6083832795699234,False,False,False,False,-0.07117923297852237,-0.06156744072074924
"(7.0, 10.0]",EXPANDING,1,1.5,0.5,15,3844,528,2433,561,2400,426.0443657704668,201.40036603368605,0.13735691987513007,0.1459417273673257,0.6329344432882414,0.22970863683662845,-0.1104318418314256,0.11083360191739511,-0.05199167540666474,-0.034822060422273475,0.05239343549263425,0.13011125027628379,-0.0573567861438823,0.005365110737217564,0.007245669598846288,0.14553334354726027,False,False,False,False,-0.05391213602000742,-0.05295190571333608
"(14.0, inf]",CONTRACTING,1,2.0,0.75,15,858,39,384,39,384,187.41301974663395,22.028981079620134,0.045454545454545456,0.045454545454545456,0.44755244755244755,0.5069930069930071,-0.24475524475524477,0.21843009294479482,-0.051999954933550335,-0.051999954933550335,0.02567480312310039,0.0615493455960382,-0.007787863458142255,-0.04421209147540808,-0.016094800141492747,0.0856723027186778,False,False,False,False,0.030201041803917535,-0.0108994565648164
"(0.0, 7.0]",CONTRACTING,1,4.0,0.5,60,6403,387,5225,388,5224,1285.3050500677844,553.8240083541089,0.0604404185538029,0.06059659534593159,0.8160237388724035,0.12353584257379358,-0.16625019522099016,0.20073481962639145,-0.052009832623196084,-0.05130703705861698,0.08649445702859736,0.06484741784037559,-0.03698010623378807,-0.015029726389408013,-0.004406999286572691,0.07362601784835275,False,False,False,False,-0.07049955563989577,-0.061254694131545925
"(7.0, 10.0]",STABLE,1,0.75,0.75,15,6535,2721,2754,2811,2664,29.098107612876465,344.38265460412464,0.4163733741392502,0.4301453710788064,0.4214231063504208,0.16220351951032908,-0.003787299158377965,0.004452656099904586,-0.052032830450076235,-0.03137483504074188,0.052698187391602855,0.40919472482133645,-0.06698982605537993,0.01495699560530369,0.007178649317913732,0.42626431991435837,False,False,False,False,-0.07402153974246384,-0.06302718509627003
"(0.0, 7.0]",EXPANDING,1,2.0,0.5,30,3153,519,2325,541,2303,205.9388237109517,245.83373862940914,0.16460513796384396,0.1715826197272439,0.7373929590865842,0.09800190294957178,-0.03948620361560418,0.06531519940087273,-0.05213920549269186,-0.034695501084192025,0.0779682012779604,0.14624079545987523,-0.06785845085159499,0.01571924535890313,0.018364342503968734,0.16412588597316868,False,True,False,False,-0.08676681697533371,-0.06945301123401279
"(10.0, 14.0]",EXPANDING,1,0.75,0.75,15,2800,1137,1221,1192,1166,20.534905693170824,103.806775555842,0.4060714285714286,0.4257142857142857,0.43607142857142855,0.1578571428571428,-0.0225,0.007333894890418151,-0.05223995352238256,-0.022775667808096842,0.03707384841280071,0.4124321062160531,-0.030035385781378335,-0.022204567741004225,-0.006360677644624502,0.43855808560189913,False,False,False,False,-0.05137202901750458,-0.05180599126994357
"(0.0, 7.0]",STABLE,-1,1.5,0.75,60,10983,3660,7013,3702,6971,105.85150488605527,912.715133199325,0.3332422835290904,0.3370663753072931,0.6385322771556041,0.02822543931530541,0.02096421742693253,0.009637758798693915,-0.052500557981723546,-0.043896351480767516,0.08310253420734999,0.3251662754303599,-0.07065882656369557,0.018158268581972024,0.008076008098730492,0.3377249906083629,False,False,False,False,-0.06741516470011541,-0.059957861340919474
"(10.0, 14.0]",CONTRACTING,-1,3.0,0.5,30,1665,97,1219,97,1219,294.3579915375774,63.50327803363372,0.058258258258258255,0.058258258258258255,0.7321321321321321,0.20960960960960962,-0.1912912912912913,0.1767915865090555,-0.05263981170934314,-0.05263981170934314,0.03814010692710734,0.05467992240543162,-0.0680914773805479,0.015451665671204755,0.0035783358528266376,0.0708940167371741,False,False,False,False,0.03923754956810667,-0.006701131070618236
"(10.0, 14.0]",STABLE,1,4.0,0.5,60,3763,102,2952,102,2952,1012.3152279414182,142.4723347408888,0.02710603242094074,0.02710603242094074,0.7844804677119319,0.1884134998671273,-0.28381610417220304,0.2690181312626676,-0.05265934275829672,-0.05265934275829672,0.03786136984876131,0.034326899584656734,-0.0325617669166883,-0.02009757584160842,-0.0072208671637159945,0.042924939133313925,False,False,False,False,-0.10547495642526247,-0.0790671495917796
"(7.0, 10.0]",CONTRACTING,-1,4.0,0.75,30,3175,71,1897,71,1897,1139.134427784073,167.69485600288158,0.02236220472440945,0.02236220472440945,0.5974803149606299,0.38015748031496066,-0.35866141732283463,0.3587824969398655,-0.052696197864191656,-0.052696197864191656,0.052817277481222544,0.028662420382165606,-0.06988100157691991,0.017184803712728257,-0.0063002156577561565,0.037296544465172284,False,False,False,False,-0.11728483884156543,-0.08499051835287855
"(14.0, inf]",EXPANDING,-1,4.0,0.5,30,2551,57,1843,57,1843,619.8482172869064,61.10121343036764,0.022344178753430026,0.022344178753430026,0.7224617796942375,0.2551940415523325,-0.2718541748333987,0.24298244503602762,-0.0528235970770134,-0.05282359707701341,0.023951867279642353,0.021434898139946857,-0.04631669195843812,-0.006506905118575282,0.0009092806134831689,0.029892670778862165,False,False,False,False,0.032899782012980536,-0.009961907532016433
"(10.0, 14.0]",EXPANDING,-1,1.5,0.5,60,2771,649,2081,662,2068,22.49623675504134,102.7589053624695,0.2342114760014435,0.23890292313244316,0.7509924215084807,0.014796102490075791,-0.024178996752075063,0.008118454260209795,-0.05314423262628227,-0.04376133836428299,0.037083690134417,0.22550696310774493,-0.07025790239639676,0.01711366977011449,0.008704512893698585,0.24797153223925228,False,False,False,False,-0.04938841057811052,-0.051266321602196394
"(10.0, 14.0]",CONTRACTING,-1,4.0,0.75,60,1652,107,1177,107,1177,429.7927216165099,63.02996017781892,0.06476997578692494,0.06476997578692494,0.7124697336561744,0.22276029055690072,-0.27527239709443097,0.2601650857242796,-0.0532610402913493,-0.0532610402913493,0.038153728921197894,0.06437820669435622,-0.083473693387857,0.030212653096507697,0.0003917690925687167,0.0818908046149106,False,False,False,False,0.02835346688464459,-0.012453786703352355
"(0.0, 7.0]",CONTRACTING,1,3.0,1.5,30,6638,590,2245,593,2242,1818.1829746691608,574.381314253559,0.08888219343175656,0.08933413678818922,0.33820427839710754,0.5729135281711359,-0.24065983730039167,0.2739052387268998,-0.05328387158547729,-0.051250126481530316,0.08652927301198539,0.09122461423010178,-0.05467196680330135,0.0013880952178240633,-0.002342420798345221,0.1012674769616999,False,False,False,False,-0.11189179874054223,-0.08258783516300976
"(14.0, inf]",CONTRACTING,1,4.0,0.75,30,855,7,478,7,478,306.85376359147443,21.95308796592333,0.008187134502923977,0.008187134502923977,0.5590643274853802,0.4327485380116959,-0.3865497076023392,0.3588932907502625,-0.053332543128010404,-0.053332543128010404,0.02567612627593372,0.012223206377325066,0.009053299764384414,-0.06238584289239482,-0.0040360718744010884,0.02399300602630336,False,False,False,False,0.05809003390871041,0.002378745390350004
"(7.0, 10.0]",EXPANDING,-1,0.75,0.75,60,3761,1873,1878,1955,1796,0.18292574230171266,197.27354096545074,0.49800584950810955,0.5198085615527785,0.49933528316936987,0.002658867322520575,-0.0009970752459452273,4.8637527865384916e-05,-0.053400854885176555,-0.020696786818173094,0.05245241716709671,0.4950018789928598,-0.05813456747690775,0.004733712591731193,0.0030039705152497542,0.5178380820155742,False,False,False,False,-0.08420804751602032,-0.06880445120059844
"(14.0, inf]",EXPANDING,-1,2.0,1.0,15,2554,219,802,220,801,288.73280274302175,61.1663577254213,0.08574784651527016,0.08613938919342208,0.3140172278778387,0.6002349256068912,-0.14252153484729835,0.11305121485631235,-0.053419559507595755,-0.052244931473139994,0.02394923951660975,0.08666430845419172,-0.03095481978186546,-0.022464739725730296,-0.0009164619389215589,0.1026294363785252,False,False,False,False,0.012238251075306494,-0.02059065421614463
"(7.0, 10.0]",STABLE,1,1.0,1.0,60,6404,3111,3119,3154,3076,3.0644827836985358,337.6828081939889,0.48579013116802,0.4925046845721424,0.4870393504059963,0.02717051842598378,-0.0012492192379762648,0.00047852635598040846,-0.05350067542321836,-0.040071568614973505,0.0527299825412225,0.4793686583990981,-0.0685223956960378,0.015021720272819436,0.00642147276892191,0.49686256236931303,False,False,False,False,-0.06538839646747148,-0.05944453594534492
"(7.0, 10.0]",STABLE,1,1.0,0.75,30,6501,2507,3456,2569,3394,78.5021953431034,342.64702555540435,0.38563297954160897,0.3951699738501769,0.5316105214582372,0.08275649900015392,-0.013074911552068913,0.012075403067697799,-0.05370632675162298,-0.03701658671162913,0.05270681826725186,0.3819434157902533,-0.06940495793735074,0.015698631185727764,0.003689563751355651,0.3988652380092656,False,False,False,False,-0.0741886301673156,-0.06394747845946928
"(10.0, 14.0]",EXPANDING,1,1.0,0.5,60,2771,887,1873,942,1818,3.0077040446765486,102.7589053624695,0.3201010465535908,0.33994947672320464,0.6759292674124865,0.003969686033922781,-0.01786358715265247,0.0010854218854841387,-0.05386185540158533,-0.024089210147164544,0.037083690134417,0.33459565111165407,-0.031083454437738422,-0.022778400963846906,-0.014494604558063284,0.3598376306248468,False,False,False,False,-0.059437807615538685,-0.05664983150856201
"(14.0, inf]",EXPANDING,-1,4.0,0.5,15,2554,12,1581,12,1581,666.0134525513076,61.1663577254213,0.004698512137823023,0.004698512137823023,0.6190289741581833,0.3762725137039937,-0.29072043852779955,0.2607726908971447,-0.053896987147264555,-0.053896987147264555,0.02394923951660975,0.0044216483905199855,-0.034758533249328434,-0.01913845389793612,0.0002768637473030376,0.008525965360387716,False,False,False,False,0.009897333491678095,-0.02199982682779323
"(0.0, 7.0]",STABLE,-1,2.0,0.75,30,11530,2073,6887,2090,6870,1355.1078173470466,957.4135127677637,0.1797918473547268,0.18126626192541198,0.5973113616652211,0.222896790980052,-0.08839982653946227,0.11752886533799191,-0.05390769257768578,-0.04985305250830156,0.08303673137621541,0.17550771539796445,-0.0726299071906958,0.01872221461301002,0.00428413195676236,0.18549777167009845,False,False,False,False,-0.05616768677839783,-0.055037689678041804
"(7.0, 10.0]",EXPANDING,-1,1.5,0.5,15,3844,562,2423,595,2390,362.66211517277753,201.40036603368605,0.1462018730489074,0.154786680541103,0.6303329864724245,0.22346514047866806,-0.0958636836628512,0.09434498313547802,-0.05391213602000742,-0.03674252103561616,0.05239343549263425,0.1416046563029544,-0.056099215733873276,0.002187079713865857,0.004597216745952981,0.1575718416222332,False,False,False,False,-0.05199167540666474,-0.05295190571333608
"(14.0, inf]",STABLE,-1,2.0,0.5,30,2239,270,1605,277,1598,198.41014346189377,56.67423231965815,0.1205895489057615,0.1237159446181331,0.7168378740509156,0.16257257704332295,-0.1172398392139348,0.08861551740147108,-0.05393661851619669,-0.046120629235267704,0.025312296703732983,0.1241806908768822,-0.03996435302299528,-0.013972265493201408,-0.0035911419711207038,0.14408704988855192,False,False,False,False,-0.0005974505241113569,-0.027267034520154023
"(7.0, 10.0]",EXPANDING,1,2.0,1.5,60,3761,1240,1790,1253,1777,199.35914641301528,197.27354096545074,0.3296995479925552,0.33315607551183196,0.47593725073118853,0.19436320127625628,-0.054506780111672426,0.05300695198431674,-0.053952245294452396,-0.041854398976983634,0.05245241716709671,0.30853062758361516,-0.04153916976107106,-0.012413075533381335,0.02116892040894003,0.32974387285440265,False,False,False,False,-0.023212190812464225,-0.03858221805345831
"(14.0, inf]",EXPANDING,-1,1.5,1.0,15,2554,404,797,410,791,114.27983817686746,61.1663577254213,0.1581832419733751,0.16053249804228661,0.3120595144870791,0.5297572435395459,-0.07478465152701644,0.04474543389853855,-0.05398845714508765,-0.048115316972808866,0.02394923951660975,0.1611248673505483,-0.03220187471977914,-0.02178658242530851,-0.002941625377173185,0.18180617125863632,False,False,False,False,0.005853241984027649,-0.02406760758053
"(7.0, 10.0]",EXPANDING,-1,1.0,0.75,30,3826,1517,2066,1563,2020,26.348555632576186,200.5004568862689,0.3964976476738108,0.40852064819654993,0.5399895452169368,0.06351280710925244,-0.008494511238891793,0.0068867108292148945,-0.054012519930395374,-0.03297226901560185,0.05240471952071848,0.38749814842245595,-0.06068501605209398,0.0066724961216986095,0.008999499251354848,0.4096263534226822,False,False,False,False,-0.06797281652868299,-0.06099266822953918
"(14.0, inf]",EXPANDING,-1,2.0,0.5,30,2551,296,1821,301,1816,241.29397210959308,61.10121343036764,0.11603292826342611,0.11799294394355155,0.7138377107016857,0.17012936103488818,-0.12485299882399059,0.09458799377091065,-0.054216872332722287,-0.049316833132408686,0.023951867279642353,0.1241806908768822,-0.03996435302299528,-0.014252519309727006,-0.008147762613456094,0.14280836540582278,False,False,False,False,0.02417440599449756,-0.015021233169112363
"(7.0, 10.0]",STABLE,1,0.75,0.75,30,6501,3114,3137,3214,3037,7.269240393358209,342.64702555540435,0.4790032302722658,0.4943854791570528,0.4825411475157668,0.03845562221196741,-0.00265343793262575,0.001118172649339826,-0.05424208355053779,-0.031168710223357352,0.05270681826725186,0.4717078951266479,-0.06930802983034158,0.015065946279803788,0.0072953351456179205,0.4890605288821944,False,False,False,False,-0.07424492631114638,-0.06424350493084208
"(10.0, 14.0]",EXPANDING,1,1.5,0.5,15,2800,341,1782,361,1762,331.35984372080924,103.806775555842,0.12178571428571429,0.12892857142857142,0.6364285714285715,0.24178571428571427,-0.1355357142857143,0.11834280132886044,-0.054266761369654554,-0.03998104708394027,0.03707384841280071,0.12106216053108027,-0.030108207620561062,-0.02415855374909349,0.0007235537546340237,0.13864089950695682,False,False,False,False,-0.03716870783266102,-0.045717734601157786
"(0.0, 7.0]",CONTRACTING,1,3.0,0.75,60,6403,942,4636,954,4624,856.6383812007227,553.8240083541089,0.1471185381852257,0.14899265969076994,0.7240356083086054,0.12884585350616895,-0.10167109167577698,0.1337870343902425,-0.054378514314131834,-0.0473505586683408,0.08649445702859736,0.14578442879499218,-0.046799153837659764,-0.00757936047647207,0.0013341093902335122,0.15826695142479985,False,False,False,False,-0.08782229693866266,-0.07110040562639725
"(10.0, 14.0]",EXPANDING,1,3.0,0.5,15,2800,34,1797,37,1794,747.994706596162,103.806775555842,0.012142857142857143,0.013214285714285715,0.6417857142857143,0.3460714285714286,-0.2844642857142857,0.26714096664148645,-0.054397167485599994,-0.05064716748559999,0.03707384841280071,0.010500905250452625,-0.028741944655960274,-0.02565522282963972,0.0016419518924045175,0.016289945478810658,False,False,False,False,-0.027350764420428747,-0.040873965953014374
"(7.0, 10.0]",EXPANDING,-1,2.0,0.5,15,3844,302,2442,316,2428,609.1069921180035,201.40036603368605,0.0785639958376691,0.08220603537981269,0.6352757544224766,0.2861602497398542,-0.1605098855359001,0.1584565536207085,-0.05444676740782584,-0.04534166855246684,0.05239343549263425,0.07249686878361453,-0.05715061024314284,0.002703842835316994,0.006067127054054572,0.08446916697454467,False,False,False,False,-0.04223815197269418,-0.048342459690260006
"(0.0, 7.0]",STABLE,1,4.0,0.5,30,11530,314,8480,317,8477,3313.008140986179,957.4135127677637,0.02723330442324371,0.027493495229835213,0.7354726799653079,0.23729401561144847,-0.2588031222896791,0.2873380868158004,-0.054501766850094065,-0.05333090822043231,0.08303673137621541,0.02748463955724403,-0.052417519496311134,-0.002084247353782931,-0.0002513351340003196,0.03184507525026469,False,False,False,False,-0.06063508934576427,-0.05756842809792917
"(14.0, inf]",CONTRACTING,1,0.75,0.5,30,855,305,516,329,492,4.539811818387146,21.95308796592333,0.3567251461988304,0.3847953216374269,0.6035087719298246,0.039766081871345116,-0.034210526315789476,0.005309721425014206,-0.05457693116670898,-0.019489211868463377,0.02567612627593372,0.37821080602302926,-0.029646468443506636,-0.024930462723202346,-0.021485659824198866,0.42494440995050425,False,False,False,False,-0.03894609945013056,-0.04676151530841977
"(10.0, 14.0]",EXPANDING,-1,4.0,0.75,60,2771,215,2023,216,2022,608.6395810609795,102.7589053624695,0.07758931793576326,0.0779501984843017,0.7300613496932515,0.19234933237098517,-0.2371887405268856,0.21964618587548881,-0.05462624478581379,-0.052912062180256236,0.037083690134417,0.06437820669435622,-0.083473693387857,0.028847448602043205,0.013211111241407045,0.07779866937440376,False,False,False,False,-0.016616779346882056,-0.03562151206634792
"(7.0, 10.0]",STABLE,1,1.0,0.5,30,6501,2051,4237,2159,4129,54.87961684638309,342.64702555540435,0.31548992462698044,0.33210275342255036,0.6517458852484234,0.03276419012459619,-0.010383017997231195,0.008441719250328116,-0.05464811701415494,-0.02972887382080007,0.05270681826725186,0.30750999851873795,-0.07046050883910493,0.015812391824949992,0.007979926108242497,0.3236110132596329,False,False,False,False,-0.0707665156684786,-0.06270731634131677
"(0.0, 7.0]",EXPANDING,1,2.0,1.5,30,3153,777,1138,789,1126,226.415324644383,245.83373862940914,0.24643196955280686,0.25023786869647957,0.36092610212496035,0.39264192832223277,-0.048525214081826834,0.07180949084820266,-0.05468392451158457,-0.04136327750873015,0.0779682012779604,0.21861075934524646,-0.06649360579209078,0.011809681280506211,0.0278212102075604,0.23943318304769406,False,True,False,False,-0.11135166097992817,-0.08301779274575637
"(7.0, 10.0]",EXPANDING,-1,4.0,0.5,15,3844,47,2457,49,2455,1031.4807800916124,201.40036603368605,0.01222684703433923,0.012747138397502602,0.6391779396462018,0.348595213319459,-0.270681581685744,0.2683352705753414,-0.05473974660303686,-0.052398435468801685,0.05239343549263425,0.008988432918293671,-0.05934224964911005,0.004602503046073188,0.003238414116045559,0.013540887079349521,False,False,False,False,-0.04214908858238446,-0.04844441759271066
"(10.0, 14.0]",STABLE,-1,0.75,1.5,60,3763,2365,1154,2372,1147,-106.33063618761616,142.4723347408888,0.628487908583577,0.630348126494818,0.30667020993887856,0.0648418814775445,0.011360616529364868,-0.028256879135693906,-0.05475763245509035,-0.05057214215479803,0.03786136984876131,0.6259467383337405,-0.06117077681103438,0.006413144355944034,0.0025411702498364663,0.6479596747072267,False,False,False,False,0.0020382595689139122,-0.02635968644308822
"(14.0, inf]",EXPANDING,-1,1.5,0.5,30,2551,467,1784,478,1773,112.90736130582475,61.10121343036764,0.1830654645237162,0.18737749901999215,0.6993335946687573,0.11760094080752648,-0.07506860054880439,0.044260039712201,-0.05476042811624575,-0.04613635912369381,0.023951867279642353,0.19238263950398582,-0.036610897018737015,-0.018149531097508734,-0.009317174980269627,0.2145187570102606,False,False,False,False,0.021068802220818677,-0.016845812947713534
"(10.0, 14.0]",CONTRACTING,-1,3.0,0.5,60,1652,156,1334,156,1334,171.53524398916113,63.02996017781892,0.09443099273607748,0.09443099273607748,0.8075060532687651,0.09806295399515741,-0.12046004842615012,0.10383489345590867,-0.05477888389143934,-0.05477888389143934,0.038153728921197894,0.08929880283410702,-0.07564915741147249,0.02087027352003315,0.005132189901970466,0.10951685670138428,False,False,False,False,0.0011493448227072847,-0.026814769534366026
"(14.0, inf]",EXPANDING,-1,2.0,0.75,30,2551,374,1467,376,1465,273.56508217355645,61.10121343036764,0.146609172873383,0.14739317914543315,0.5750686005488044,0.2783222265778127,-0.1380831046648373,0.10723837011899508,-0.05479660182548459,-0.052640584577346605,0.023951867279642353,0.15199291408325952,-0.0384485224348483,-0.01634807939063629,-0.00538374120987653,0.17221615626922904,False,False,False,False,0.026686111831439027,-0.014055244997022782
"(14.0, inf]",EXPANDING,-1,1.0,0.5,60,2541,780,1728,815,1693,5.547389774061518,60.8751728936191,0.3069657615112161,0.32073986619441164,0.680047225501771,0.012987012987012991,-0.03305785123966942,0.0021831522133260598,-0.054831870570467366,-0.03417071354567398,0.023957171544124006,0.31746031746031744,-0.041226844276577176,-0.01360502629389019,-0.01049455594910137,0.34348781636400855,False,False,False,False,0.0069440156691968746,-0.023943927450635245
"(10.0, 14.0]",EXPANDING,1,1.0,0.5,30,2791,852,1854,908,1798,25.27970070406012,103.48692488951522,0.30526692941597994,0.32533142242923685,0.6642780365460409,0.030455034037979112,-0.026872088857040486,0.009057578181318566,-0.05489330855802763,-0.02479656903814228,0.037078797882305704,0.3143792434529583,-0.0346558109171786,-0.020237497640849034,-0.009112314036978375,0.3391452959015125,False,False,False,False,-0.05808707036497394,-0.056490189461500785
"(14.0, inf]",EXPANDING,-1,0.75,0.75,15,2554,975,1040,1009,1006,-30.62171060250117,61.1663577254213,0.3817541111981206,0.3950665622552858,0.4072043852779953,0.21104150352388407,-0.01908770555990603,-0.011989706578896309,-0.05502665165541209,-0.03505797506966424,0.02394923951660975,0.39105058365758755,-0.0391010420215929,-0.015925609633819192,-0.009296472459466965,0.41819051553677045,False,False,False,False,-0.012840503963555256,-0.033933577809483674
"(10.0, 14.0]",STABLE,-1,1.0,1.5,15,3807,1196,546,1199,543,-442.76376858917945,144.0679971017326,0.31415812976096663,0.31494615182558444,0.1434200157604413,0.5424218544785921,0.0990281061203047,-0.11630253968720237,-0.05511735374071764,-0.053147298579173115,0.03784292017381996,0.3168376584188292,-0.0628862919883217,0.007768938247604058,-0.0026795286578625843,0.33806897615632897,False,False,False,False,-0.014686920229762103,-0.03490213698523987
"(14.0, inf]",CONTRACTING,1,1.5,1.0,30,855,190,388,192,386,77.76258084288793,21.95308796592333,0.2222222222222222,0.22456140350877193,0.45380116959064326,0.32397660818713453,-0.12046783625730995,0.09095038695074611,-0.055193575582497545,-0.049345622366123276,0.02567612627593372,0.24570416297608502,0.0007925534419705222,-0.05598612902446807,-0.023481940753862812,0.287588775962838,False,False,False,False,0.01798612017530532,-0.018603727703596112
"(14.0, inf]",CONTRACTING,1,1.0,0.5,30,855,237,555,248,544,15.244691014275357,21.95308796592333,0.2771929824561403,0.29005847953216374,0.6491228070175439,0.0736842105263158,-0.04736842105263158,0.017830047969912697,-0.055214499358652594,-0.035916253744617516,0.02567612627593372,0.30310008857395926,-0.016736031424829427,-0.03847846793382317,-0.025907106117818934,0.3476133965602761,False,False,False,False,-0.010100746550133193,-0.032657622954392895
"(10.0, 14.0]",EXPANDING,1,2.0,0.5,15,2800,159,1795,169,1785,528.1892804895696,103.806775555842,0.05678571428571429,0.06035714285714286,0.6410714285714286,0.30214285714285705,-0.2069642857142857,0.18863902874627483,-0.05539910538081158,-0.04647053395224015,0.03707384841280071,0.05407362703681352,-0.028501353339595914,-0.026897752041215667,0.00271208724890077,0.06641103304890848,False,False,False,False,-0.02805768443464232,-0.04172839490772695
"(7.0, 10.0]",EXPANDING,1,0.75,1.5,15,3844,1816,666,1835,647,-374.8922113881516,201.40036603368605,0.4724245577523413,0.4773673257023933,0.1732570239334027,0.3543184183142559,0.09443288241415193,-0.09752658985123612,-0.05548714292971844,-0.04436591504210137,0.05239343549263425,0.46268326825314965,-0.047411573074215264,-0.008075569855503173,0.009741289499191674,0.48522965071445023,False,False,False,False,-0.06561564431945387,-0.060551393624586156
"(10.0, 14.0]",EXPANDING,-1,2.0,1.0,30,2791,540,1389,548,1381,256.6583618719787,103.48692488951522,0.1934790397706915,0.1963453959154425,0.4976710856323898,0.3088498745969187,-0.1107130060910068,0.09195928408168351,-0.055832519891629,-0.04723345145737604,0.037078797882305704,0.16913191076624637,-0.08512996916493137,0.029297449273302377,0.024347129004445134,0.18927991603522365,False,True,False,False,-0.0193816249409853,-0.03760707241630715
"(14.0, inf]",CONTRACTING,1,1.0,1.0,30,855,325,360,328,357,9.1126092611739,21.95308796592333,0.38011695906432746,0.38362573099415204,0.42105263157894735,0.19883040935672525,-0.04093567251461988,0.01065802252768877,-0.05595377626286483,-0.04893623240321571,0.02567612627593372,0.4063773250664305,-0.012019250474678968,-0.043934525788185866,-0.02626036600210302,0.45362862410276794,False,False,False,False,-0.002416020148651733,-0.029184898205758283
"(7.0, 10.0]",EXPANDING,-1,1.0,1.0,30,3826,1694,1703,1725,1672,-4.66342380935717,200.5004568862689,0.4427600627286984,0.4508625196027182,0.44511238891793,0.11212754835337163,-0.0023523261892315736,-0.001218877106470771,-0.055975922816420824,-0.039771009068381095,0.05240471952071848,0.4333432084135684,-0.0552104598667586,-0.0007654629496622253,0.009416854315130008,0.4558216938114339,False,False,False,False,-0.06503842997305587,-0.06050717639473835
"(14.0, inf]",STABLE,-1,1.0,1.0,60,2218,1011,1068,1018,1061,-11.156904213279114,56.16247469205734,0.4558160504959423,0.45897204688908927,0.48151487826871053,0.06266907123534715,-0.02569882777276826,-0.005030164207970746,-0.05605021591764493,-0.04973822313135097,0.025321223936905925,0.45318352059925093,-0.05917687669652118,0.0031266607788762446,0.0026325298966913824,0.4828304015137381,False,False,False,False,-0.0009042247424608768,-0.028477220330052906
"(14.0, inf]",EXPANDING,-1,1.0,0.75,30,2551,899,1337,917,1319,21.6937633425822,61.10121343036764,0.35241081928655427,0.35946687573500585,0.5241081928655429,0.12348098784790285,-0.0406703253626029,0.008504023262478323,-0.05611816937976693,-0.04377007059497665,0.023951867279642353,0.3647475642161205,-0.03775459582202515,-0.018363573557741777,-0.012336744929566212,0.39156028404177884,False,False,False,False,0.0003373221022237928,-0.027890423638771568
"(0.0, 7.0]",STABLE,1,2.0,0.75,30,11530,2070,6923,2083,6910,1362.0500842128367,957.4135127677637,0.1795316565481353,0.18065915004336514,0.6004336513443191,0.22003469210754556,-0.09126192541196877,0.11813097000978635,-0.05616768677839783,-0.053067079666515776,0.08303673137621541,0.18015102481121897,-0.06355477452258565,0.007387087744187823,-0.000619368263083675,0.19024221044241205,False,False,False,False,-0.05390769257768578,-0.055037689678041804
"(0.0, 7.0]",STABLE,-1,2.0,1.0,60,10983,3217,6652,3232,6637,513.6849770510242,912.715133199325,0.29290722024947646,0.2942729673131203,0.6056632978239097,0.10142948192661383,-0.01984885732495675,0.04677091660302506,-0.05618047492928169,-0.05208323373835024,0.08310253420734999,0.2888791079812207,-0.07149749909256264,0.015317024163280957,0.004028112268255779,0.3010394074828352,False,False,False,False,-0.05758236067498525,-0.05688141780213347
"(10.0, 14.0]",EXPANDING,-1,0.75,1.5,60,2771,1760,877,1775,862,-57.64774701681848,102.7589053624695,0.6351497654276435,0.6405629736557199,0.31649224106820645,0.0483579935041501,0.001623962468422952,-0.020803950565434312,-0.05626367823142836,-0.044083959718256224,0.037083690134417,0.6259467383337405,-0.06117077681103438,0.0049070985796060215,0.009203027093902971,0.6515808915725775,False,False,False,False,-0.0225960340433801,-0.039429856137404226
"(10.0, 14.0]",EXPANDING,-1,1.5,0.75,30,2791,722,1650,733,1639,100.6877172475563,103.48692488951522,0.2586886420637764,0.26262988176280905,0.5911859548548907,0.15012540308133293,-0.0553565030455034,0.036075857129185346,-0.056359443798623766,-0.04749165447580041,0.037078797882305704,0.2361784675072745,-0.08111730061397346,0.024757856815349692,0.022510174556501894,0.2589141436649125,False,False,False,False,-0.03704893671013405,-0.04670419025437891
"(10.0, 14.0]",EXPANDING,-1,2.0,0.75,60,2771,645,1923,651,1917,98.76359759671982,102.7589053624695,0.2327679538072898,0.2349332370985204,0.6939732948394082,0.07325875135330207,-0.05494406351497654,0.03564186127633339,-0.05638589237306015,-0.050431363322176,0.037083690134417,0.21524554116784755,-0.07984822813926563,0.023462335766205482,0.017522412639442236,0.23735039157479662,False,False,False,False,-0.025429567540422728,-0.04090772995674144
"(0.0, 7.0]",EXPANDING,1,2.0,1.5,15,3185,382,655,388,649,286.49978823282726,248.0024988095714,0.11993720565149137,0.1218210361067504,0.20565149136577707,0.6744113029827316,-0.06860282574568288,0.08995283774971029,-0.05651576470227446,-0.04992235810886786,0.07786577670630185,0.0985734599330306,-0.06997062063919582,0.013454855936921362,0.021363745718460767,0.11365910390919177,False,True,False,False,-0.1037555353711147,-0.08013565003669458
"(10.0, 14.0]",EXPANDING,-1,2.0,1.5,30,2791,578,855,585,848,72.2164148984881,103.48692488951522,0.2070942314582587,0.2096022930849158,0.30634181297026153,0.4865639555714798,-0.04532425653887495,0.025874745574520994,-0.056528308846659665,-0.04775009315335977,0.037078797882305704,0.18258971871968963,-0.0821579031599808,0.02562959431332113,0.024504512738569073,0.20333416432816448,False,True,False,False,-0.013469613077200245,-0.034998960961929955
"(7.0, 10.0]",STABLE,1,0.75,0.5,15,6535,2345,3705,2548,3502,68.63429285993912,344.38265460412464,0.3588370313695486,0.38990053557765875,0.566947207345065,0.07421576128538643,-0.014345830145371078,0.01050256968017431,-0.05654144785679962,-0.0177120675966619,0.052698187391602855,0.34819126206439255,-0.07232870686016582,0.0157872590033662,0.010645769305156039,0.36475305318504436,False,False,False,False,-0.07004359523076462,-0.06329252154378212
"(10.0, 14.0]",EXPANDING,1,1.0,0.5,15,2800,698,1730,752,1676,112.15075131141582,103.806775555842,0.24928571428571428,0.26857142857142857,0.6178571428571429,0.13285714285714278,-0.05964285714285714,0.04005383975407708,-0.05666286580158078,-0.027734294373009345,0.03707384841280071,0.25528062764031384,-0.03406925489031567,-0.022593610911265112,-0.0059949133545995625,0.27856082451632913,False,False,False,False,-0.04439738628873748,-0.050530126045159135
"(14.0, inf]",EXPANDING,-1,0.75,1.0,15,2554,1043,743,1060,726,-122.83242997138285,61.1663577254213,0.4083790133124511,0.41503523884103366,0.2909162098668755,0.3007047768206734,0.015368050117462803,-0.04809413859490323,-0.05667532799405018,-0.0450269333190306,0.02394923951660975,0.4156349487088787,-0.03996216850217331,-0.01671315949187687,-0.007255935396427604,0.4430207707545557,False,False,False,False,-0.008372945566352614,-0.0325241367802014
"(14.0, inf]",EXPANDING,-1,1.0,1.5,15,2554,793,368,796,365,-324.6155377526279,61.1663577254213,0.3104933437744714,0.3116679718089272,0.14408770555990602,0.5454189506656225,0.09436178543461238,-0.12710083702138916,-0.05668829110338654,-0.05375172101724715,0.02394923951660975,0.3142907675981606,-0.03809340769252174,-0.0185948834108648,-0.0037974238236891944,0.34018491152148106,False,False,False,False,0.0002168379395893669,-0.028235726581898584
"(7.0, 10.0]",STABLE,1,1.5,0.75,60,6404,1979,4145,1988,4136,114.66251014416443,337.6828081939889,0.30902560899437853,0.31043098063710184,0.6472517176764522,0.04372267332916924,-0.021900374765771394,0.017904826693342354,-0.056725530613651536,-0.05356344441752412,0.0527299825412225,0.302217211574596,-0.07329113564503437,0.01656560503138283,0.006808397419782508,0.3183635961202731,False,False,False,False,-0.07527073901077819,-0.06599813481221486
"(14.0, inf]",CONTRACTING,1,0.75,1.0,15,858,341,266,346,261,-16.46902536126208,22.028981079620134,0.3974358974358974,0.40326340326340326,0.31002331002331,0.2925407925407926,-0.011946386946386946,-0.019194668253219208,-0.056815858322706546,-0.046617723124571346,0.02567480312310039,0.41245136186770426,-0.027213822130801667,-0.02960203619190488,-0.015015464431806846,0.4597100548821753,False,False,False,False,-0.01541318592288346,-0.036114522122795006
"(14.0, inf]",EXPANDING,-1,3.0,1.0,30,2551,181,1181,181,1181,553.9598672190236,61.10121343036764,0.07095256762054096,0.07095256762054096,0.46295570364562916,0.4660917287338299,-0.2500980007840063,0.21715400518189873,-0.0568958628817499,-0.05689586288174991,0.023951867279642353,0.06873339238263951,-0.05048498133136271,-0.006410881550387187,0.0022191752379014523,0.08315212394173371,False,False,False,False,0.03656667036735174,-0.01016459625719908
"(7.0, 10.0]",EXPANDING,-1,0.75,0.5,60,3761,1490,2270,1657,2103,0.35478730419752613,197.27354096545074,0.39617123105557034,0.44057431534166447,0.6035628822121776,0.00026588673225214077,-0.004653017814411061,9.433323695759801e-05,-0.05701110174455018,-0.0015072463869325245,0.05245241716709671,0.3949642991356633,-0.05871448203443455,0.0017033802898843708,0.0012069319199070616,0.417354716277828,False,False,False,False,-0.0831623347422097,-0.07008671824337995
"(0.0, 7.0]",EXPANDING,1,4.0,0.75,15,3185,40,1641,43,1638,1137.1713716264794,248.0024988095714,0.012558869701726845,0.013500784929356358,0.5152276295133438,0.4722135007849294,-0.33618524332810046,0.35703967711977375,-0.05701134291462857,-0.052537245583388376,0.07786577670630185,0.007889546351084813,-0.0658647105687057,0.008853367654077134,0.004669323350642032,0.01262726358581255,False,False,False,False,-0.08482300023165326,-0.07091717157314091
"(7.0, 10.0]",STABLE,1,1.0,0.5,60,6404,2103,4276,2213,4166,6.880276611054327,337.6828081939889,0.3283885071830106,0.34556527170518425,0.6677076826983136,0.003903810118675799,-0.005465334166146159,0.0010743717381409006,-0.057120944969227753,-0.031355798185967294,0.0527299825412225,0.31732431416760615,-0.07466757431582739,0.01754662934659964,0.011064193015404455,0.3336827445799873,False,False,False,False,-0.07071589238324658,-0.06391841867623717
"(14.0, inf]",EXPANDING,-1,4.0,0.75,30,2551,69,1485,69,1485,753.0656850201539,61.10121343036764,0.027048216385731086,0.027048216385731086,0.582124656997256,0.3908271266170129,-0.3284006272050176,0.2952041101607816,-0.05714838432387839,-0.05714838432387839,0.023951867279642353,0.02674933569530558,-0.04480599200276276,-0.012342392321115635,0.00029888069042550633,0.03611977188097594,False,False,False,False,0.03374351171414896,-0.011702436304864717
"(10.0, 14.0]",EXPANDING,-1,3.0,0.75,30,2791,204,1720,207,1717,621.8190847804509,103.48692488951522,0.07309208169115013,0.07416696524543175,0.6162665711214619,0.310641347187388,-0.24292368326764602,0.2227943693229849,-0.05720811182696679,-0.05317729849841071,0.037078797882305704,0.06474296799224054,-0.08052070181375368,0.023312589986786883,0.008349113698909588,0.0781479966757862,False,False,False,False,-0.039060848259886594,-0.04813448004342669
"(14.0, inf]",STABLE,-1,0.75,1.5,30,2239,1211,521,1218,514,-198.1647768724167,56.67423231965815,0.5408664582402859,0.5439928539526574,0.23269316659222866,0.22644037516748544,0.056610093791871374,-0.08850592982242818,-0.0572081327342898,-0.05017374238145371,0.025312296703732983,0.5346324180690877,-0.06117143077081362,0.003963298036523823,0.0062340401711982185,0.5641130161246752,False,False,False,False,-0.02010288535082519,-0.03865550904255749
"(7.0, 10.0]",EXPANDING,-1,3.0,0.5,15,3844,102,2455,110,2447,902.9841690637804,201.40036603368605,0.026534859521331947,0.02861602497398543,0.6386576482830385,0.33480749219562955,-0.23972424557752342,0.23490743211856932,-0.057210248951588355,-0.049926169867301154,0.05239343549263425,0.02188167685846902,-0.059717974575154584,0.0025077256235662287,0.0046531826628629265,0.028775804638725793,False,False,False,False,-0.042343186511977236,-0.0497767177317828
"(0.0, 7.0]",STABLE,1,4.0,1.5,30,11530,439,4005,444,4000,4548.476039319081,957.4135127677637,0.0380745880312229,0.03850823937554206,0.34735472679965307,0.614570685169124,-0.36873373807458804,0.3944905498108483,-0.05727991963995514,-0.05489483724619972,0.08303673137621541,0.039210168378593875,-0.047119992543452095,-0.010159927096503048,-0.0011355803473709764,0.044366872385997874,False,False,False,False,-0.08216056887469687,-0.06972024425732601
"(14.0, inf]",CONTRACTING,1,1.5,0.5,30,855,136,586,145,577,61.819928861224625,21.95308796592333,0.15906432748538013,0.1695906432748538,0.6853801169590643,0.15555555555555556,-0.10409356725146199,0.07230401036400541,-0.0574656831633903,-0.03641305158444293,0.02567612627593372,0.18724534986713906,-0.004696757078000828,-0.05276892608538947,-0.02818102238175893,0.22542123842604014,False,False,False,False,0.019187386097865553,-0.01913914853276237
"(14.0, inf]",STABLE,-1,1.5,1.0,30,2239,561,1011,564,1008,97.3928569849475,56.67423231965815,0.2505582849486378,0.2518981688253685,0.45154086645824026,0.2979008485931219,-0.0757034390352836,0.04349837292762282,-0.05751736281139377,-0.05416765311956706,0.025312296703732983,0.25349867139061116,-0.05272472105965121,-0.004792641751742557,-0.002940386441973364,0.27949913108637264,False,False,False,False,0.000771566683400788,-0.02837289806399649
"(7.0, 10.0]",STABLE,1,0.75,0.75,60,6404,3171,3214,3277,3108,1.4853187623336097,337.6828081939889,0.495159275452842,0.5117114303560275,0.5018738288569644,0.002966895690193594,-0.005035915053091818,0.00023193609655428008,-0.05753396149776003,-0.032705729142981775,0.0527299825412225,0.48447951897782787,-0.07359361544348304,0.016059653945723014,0.010679756475014124,0.5019780136368065,False,False,False,False,-0.07275423593946322,-0.06514409871861163
"(0.0, 7.0]",STABLE,1,2.0,1.0,60,10983,3213,6712,3226,6699,566.2880659059621,912.715133199325,0.2925430210325048,0.29372666848766277,0.611126286078485,0.0963306928890102,-0.02604024401347537,0.05156041754584012,-0.05758236067498525,-0.054031418309511324,0.08310253420734999,0.2937695618153365,-0.059307857988679914,0.001725497313694667,-0.0012265407828316865,0.3059888531863106,False,False,False,False,-0.05618047492928169,-0.05688141780213347
"(10.0, 14.0]",EXPANDING,-1,3.0,1.5,30,2791,242,864,244,862,512.5425281147227,103.48692488951522,0.08670727337871731,0.08742386241490505,0.3095664636331064,0.6037262629881763,-0.2042278753135077,0.18364117811348002,-0.0576654950823334,-0.05444084441948854,0.037078797882305704,0.07492725509214355,-0.08465064109513648,0.02698514601280308,0.011780018286573754,0.08923620125128892,False,False,False,False,-0.021409952381428763,-0.03953772373188108
"(0.0, 7.0]",STABLE,1,3.0,1.0,30,11530,913,5909,920,5902,3461.986588539556,957.4135127677637,0.07918473547267997,0.0797918473547268,0.512489158716392,0.408326105810928,-0.27493495229835213,0.30025902762702134,-0.05771265604754619,-0.05528420851935885,0.08303673137621541,0.08376717789972328,-0.051032837695114686,-0.006679818352431505,-0.0045824424270433095,0.09107909326057256,False,False,False,False,-0.06007551740077977,-0.05889408672416298
"(14.0, inf]",EXPANDING,-1,0.75,0.5,15,2554,826,1450,909,1367,19.2377155143959,61.1663577254213,0.32341425215348474,0.355912294440094,0.5677368833202819,0.10884886452623332,-0.04130775254502741,0.007532386654031285,-0.05772460540760587,-0.01710205254934432,0.02394923951660975,0.3349840820657941,-0.04422678421630538,-0.01349782119130049,-0.01156982991230937,0.3612888342763364,False,False,False,False,-0.015974079567519124,-0.0368493424875625
"(10.0, 14.0]",STABLE,-1,1.0,1.5,30,3792,1686,939,1689,936,-352.96482237709444,143.52642635421205,0.44462025316455694,0.4454113924050633,0.247626582278481,0.3077531645569621,0.07318037974683544,-0.09308144050028862,-0.057750856732939476,-0.05577300863167366,0.0378497959794863,0.44192531522793405,-0.07353006572721606,0.01577920899427658,0.0026949379366228987,0.4645482178797863,False,False,False,False,0.012566589094259896,-0.02259213381933979
"(14.0, inf]",EXPANDING,-1,4.0,1.0,15,2554,13,804,13,804,665.3996515198194,61.1663577254213,0.005090054815974941,0.005090054815974941,0.31480031323414254,0.6801096319498825,-0.29444009397024273,0.2605323615974234,-0.05785697188942911,-0.05785697188942911,0.02394923951660975,0.004952246197382384,-0.037994046736287465,-0.019862925153141642,0.00013780861859255707,0.009270729512953152,False,False,False,False,0.0116529661761139,-0.023102002856657602
"(14.0, inf]",EXPANDING,-1,1.5,1.5,15,2554,421,381,423,379,-146.93162510354756,61.1663577254213,0.16483946750195771,0.16562255285826155,0.14917776037588096,0.6859827721221613,0.023492560689115115,-0.05753000199825668,-0.05798668082575132,-0.055637424756839804,0.02394923951660975,0.16607711354793067,-0.03544717810450002,-0.022539502721251298,-0.0012376460459729566,0.1870035238746914,False,False,False,False,0.007738945723620306,-0.025123867551065507
"(14.0, inf]",CONTRACTING,1,4.0,0.75,15,858,1,385,1,385,256.9747008877926,22.028981079620134,0.0011655011655011655,0.0011655011655011655,0.44871794871794873,0.5501165501165501,-0.3318764568764569,0.29950431338903566,-0.058046946610521594,-0.058046946610521594,0.02567480312310039,0.002829854969932791,-0.010346637974812493,-0.0477003086357091,-0.0016643538044316254,0.009114911948267277,False,False,False,False,0.029620954848031913,-0.01421299588124484
"(14.0, inf]",CONTRACTING,1,3.0,0.75,15,858,7,385,7,385,239.96654144446393,22.028981079620134,0.008158508158508158,0.008158508158508158,0.44871794871794873,0.543123543123543,-0.3120629370629371,0.27968128373480644,-0.05805645645123102,-0.05805645645123102,0.02567480312310039,0.010258224266006368,-0.01025402095418136,-0.047802435497049656,-0.0020997161074982097,0.021132940002859493,False,False,False,False,0.03427335373828307,-0.011891551356473972
"(10.0, 14.0]",EXPANDING,-1,1.0,0.5,30,2791,846,1853,898,1801,21.865911500872947,103.48692488951522,0.3031171623074167,0.3217484772482981,0.663919742027947,0.03296309566463629,-0.02884270870655679,0.007834436223888552,-0.05808707036497394,-0.030140097953651836,0.037078797882305704,0.29340446168768186,-0.07261658712465419,0.014529516759680249,0.009712700619734838,0.3177138573999161,False,False,False,False,-0.05489330855802763,-0.056490189461500785
"(10.0, 14.0]",EXPANDING,-1,3.0,1.0,30,2791,228,1408,231,1405,664.6845734124734,103.48692488951522,0.08169115012540308,0.0827660336796847,0.5044786814761734,0.41383016839842357,-0.25940523109996416,0.2381528389152538,-0.05833119006701608,-0.0540316558498896,0.037078797882305704,0.06983511154219205,-0.08722999971444202,0.028898809647425944,0.011856038583211034,0.0837025082742539,False,False,False,False,-0.02289222970574606,-0.04061170988638107
"(0.0, 7.0]",STABLE,-1,4.0,1.0,60,10983,981,7103,987,7097,3450.8037789410355,912.715133199325,0.08931985796230538,0.08986615678776291,0.6467267595374669,0.2639533825002277,-0.2894473276882455,0.3141950085533129,-0.058354853342282575,-0.05562335921499494,0.08310253420734999,0.0895442097026604,-0.07469126632348805,0.016336412981205473,-0.00022435174035502492,0.09726378700547081,False,False,False,False,-0.03146022535123395,-0.044907539346758264
"(7.0, 10.0]",STABLE,1,0.75,0.5,30,6501,2529,3898,2744,3683,15.512850032410153,342.64702555540435,0.3890170742962621,0.4220889093985541,0.5996000615289956,0.011382864174742324,-0.008037225042301184,0.002386225201109084,-0.05835781810844396,-0.01701802423057902,0.05270681826725186,0.3774996296844912,-0.0741782935444482,0.01582047543600424,0.0115174446117709,0.3943847971956394,False,False,False,False,-0.07093243315615871,-0.06464512563230133
"(0.0, 7.0]",CONTRACTING,1,3.0,1.5,15,6812,172,1274,173,1273,1586.5620931720402,589.411051536283,0.02524955960070464,0.025396359365825016,0.18702290076335878,0.7877275396359366,-0.20478567234292425,0.23290694262654732,-0.05840413364125702,-0.05774353469821532,0.08652540392488006,0.02802623732856291,-0.06393249702146583,0.005528363380208817,-0.0027766777278582684,0.033788101923264285,False,False,False,False,-0.10768228668794497,-0.08304321016460099
"(14.0, inf]",CONTRACTING,1,1.5,0.5,15,858,82,526,91,517,111.73402656333765,22.028981079620134,0.09557109557109557,0.10606060606060606,0.6130536130536131,0.2913752913752914,-0.16317016317016317,0.13022613818570822,-0.058618828107555344,-0.03763980712853436,0.02567480312310039,0.11390166253979483,-0.016748870822551238,-0.0418699572850041,-0.018330566968699266,0.14528402418774902,False,False,False,False,0.015418763097235033,-0.021600032505160155
"(10.0, 14.0]",STABLE,-1,0.75,1.0,15,3807,1608,1124,1632,1100,-161.25451382258996,144.0679971017326,0.4223798266351458,0.42868400315208827,0.29524560021013924,0.28237457315471504,0.021539269766220122,-0.04235737163713947,-0.05866102204473931,-0.04762871314008998,0.03784292017381996,0.4257091128545564,-0.06327623512160492,0.004615213076865611,-0.003329286219410643,0.44819906956956235,False,False,False,False,-0.021271069761212274,-0.03996604590297579
"(7.0, 10.0]",EXPANDING,1,1.0,0.75,15,3844,1201,1785,1249,1737,113.16245458397631,201.40036603368605,0.3124349635796046,0.3249219562955255,0.46436004162330907,0.22320499479708628,-0.035835067637877215,0.029438723877205076,-0.05878977925330638,-0.03693754200044478,0.05239343549263425,0.29742871877993077,-0.06399108215194721,0.005201302898640826,0.015006244799673829,0.31820228238739023,False,False,False,False,-0.06513578498982125,-0.06196278212156382
"(0.0, 7.0]",CONTRACTING,1,4.0,1.5,15,6812,46,1275,46,1275,1916.7387176866905,589.411051536283,0.006752789195537287,0.006752789195537287,0.18716970052847914,0.8060775102759836,-0.25374339401056956,0.2813767935535365,-0.05889200438191317,-0.058892004381913166,0.08652540392488006,0.008852804917205633,-0.062053053864951836,0.0031610494830386637,-0.002100015721668346,0.012196506132817439,False,False,False,False,-0.1091451674282646,-0.08401858590508889
"(7.0, 10.0]",STABLE,-1,1.0,1.5,60,6404,3572,2309,3578,2303,-148.09972066269154,337.6828081939889,0.5577763897564022,0.5587133041848844,0.3605559025608994,0.08166770768269838,0.01694253591505309,-0.02312612752384315,-0.058913574150012554,-0.05657128807880706,0.0527299825412225,0.5675310033821871,-0.03934146882619274,-0.019572105323819818,-0.009754613625784891,0.5848469676985927,False,False,False,False,-0.035435936097421544,-0.04717475512371705
"(10.0, 14.0]",EXPANDING,-1,0.75,0.5,60,2771,1060,1711,1186,1585,0.0,102.7589053624695,0.3825333814507398,0.42800433056658244,0.6174666185492602,0.0,-0.021833273186575245,0.0,-0.05891696332099224,-0.002078276926188921,0.037083690134417,0.3712435866112876,-0.0734482725936286,0.014531309272636357,0.011289794839452194,0.397055122569071,False,False,False,False,-0.06848636752261572,-0.06370166542180399
"(10.0, 14.0]",EXPANDING,-1,0.75,1.0,30,2791,1462,1117,1495,1084,-41.006042099943315,103.48692488951522,0.5238265854532426,0.5356503045503404,0.4002149767108563,0.07595843783590112,-0.0073450376209244,-0.014692240093136265,-0.05911607559636636,-0.03842456717644519,0.037078797882305704,0.5106692531522793,-0.06837908176917139,0.009263006172805024,0.013157332300963276,0.5371581408901206,False,False,False,False,-0.01930107535843179,-0.039208575477399074
"(14.0, inf]",CONTRACTING,1,1.0,0.5,15,858,181,512,192,501,46.24041820203327,22.028981079620134,0.21095571095571095,0.22377622377622378,0.5967365967365967,0.1923076923076923,-0.08741258741258741,0.05389326130773108,-0.05919412922795672,-0.03996335999718749,0.02567480312310039,0.24106827025114963,-0.024497619136997675,-0.034696510090959046,-0.030112559295438684,0.28262622465537646,False,False,False,False,-0.013237417806223528,-0.03621577351709013
"(14.0, inf]",STABLE,-1,1.0,1.5,30,2239,972,567,979,560,-197.40177012379252,56.67423231965815,0.4341223760607414,0.437248771773113,0.25323805270209915,0.3126395712371595,0.054265297007592674,-0.08816514967565543,-0.059212149371795746,-0.051396160090866755,0.025312296703732983,0.43029229406554476,-0.05605509860262566,-0.0031570507691700833,0.0038300819951966325,0.45966480249893527,False,False,False,False,0.0035430597121010932,-0.027834544829847326
"(7.0, 10.0]",EXPANDING,1,0.75,1.0,15,3844,1721,1228,1764,1185,-89.01840853281317,201.40036603368605,0.4477107180020812,0.4588969823100936,0.3194588969823101,0.2328303850156087,0.01632414151925078,-0.023157754561085632,-0.0592270485344691,-0.03965108599544725,0.05239343549263425,0.44094894275399693,-0.05649403699966636,-0.0027330115348027373,0.006761775248084245,0.46341355522822125,False,False,False,False,-0.06784932898482372,-0.06353818875964641
"(14.0, inf]",CONTRACTING,1,1.5,1.0,15,858,105,283,107,281,96.70895153757694,22.028981079620134,0.12237762237762238,0.1247086247086247,0.3298368298368298,0.5477855477855478,-0.14627039627039626,0.11271439573144165,-0.059230803662055014,-0.05340329783454918,0.02567480312310039,0.13459497700742837,-0.015830221826874248,-0.043400581835180765,-0.012217354629805985,0.16817806853208303,False,False,False,False,0.029868947565984384,-0.014680928048035315
"(14.0, inf]",EXPANDING,-1,2.0,1.5,15,2554,228,384,228,384,29.87653887509966,61.1663577254213,0.08927173061863743,0.08927173061863743,0.15035238841033674,0.7603758809710258,-0.04698512137823023,0.011697940045066428,-0.05923642084977355,-0.059236420849773555,0.02394923951660975,0.08949416342412451,-0.03508420746938094,-0.024152213380392605,-0.00022243280548708833,0.10568475054347846,False,False,False,False,0.012812247799627483,-0.023212086525073033
"(0.0, 7.0]",STABLE,-1,3.0,0.5,30,11530,728,8422,733,8417,2300.4088197978613,957.4135127677637,0.06313963573287078,0.06357328707718994,0.7304423243712056,0.20641803989592367,-0.17580225498699045,0.19951507543780236,-0.059323910925403504,-0.05780613122028642,0.08303673137621541,0.06111345621687538,-0.07562874962221973,0.016304838696816225,0.002026179515995395,0.0674515142766373,False,False,False,False,-0.060344498106497904,-0.0598342045159507
"(0.0, 7.0]",CONTRACTING,1,2.0,1.5,60,6403,2163,2964,2172,2955,293.83726513044644,553.8240083541089,0.33781040137435575,0.339215992503514,0.4629080118694362,0.1992815867562081,-0.01874121505544276,0.04589056147594041,-0.05934511060809971,-0.05442554165604598,0.08649445702859736,0.34438575899843504,-0.06492260252486584,0.005577491916766132,-0.006575357624079292,0.36107625358578843,False,False,False,False,-0.11643571539743061,-0.08789041300276516
"(0.0, 7.0]",STABLE,1,2.0,0.5,60,10983,2110,8491,2137,8464,286.4143223144964,912.715133199325,0.19211508695256305,0.1945734316671219,0.7731038878266412,0.034781025220795736,-0.0023217700081944823,0.026077967979103743,-0.059346336236440735,-0.05320047445004357,0.08310253420734999,0.19283059467918623,-0.06285502365084546,0.0035086874144047223,-0.0007155077266231824,0.20344176712701129,False,False,False,False,-0.06016596392872422,-0.059756150082582477
"(10.0, 14.0]",EXPANDING,-1,0.75,0.5,15,2800,976,1621,1102,1495,15.988359787988266,103.806775555842,0.3485714285714286,0.39357142857142857,0.5789285714285715,0.07250000000000001,-0.028035714285714285,0.005710128495710095,-0.059399434202804906,-0.0031494342028049044,0.03707384841280071,0.33578756789378394,-0.06968067029617743,0.010281236093372524,0.012783860677644643,0.3609189045680623,False,False,False,False,-0.07019716223019459,-0.06479829821649975
"(10.0, 14.0]",STABLE,-1,1.0,1.0,15,3807,1155,1181,1165,1171,-56.06664596548993,144.0679971017326,0.3033884948778566,0.3060152350932493,0.3102180194378776,0.38639348568426585,-0.006829524560021014,-0.014727251369973715,-0.05939969610381469,-0.054146215673029297,0.03784292017381996,0.30669885334942665,-0.06561859300713223,0.00621889690331754,-0.003310358471570074,0.32774937496362144,False,False,False,False,-0.02153962467461063,-0.04046966038921266
"(10.0, 14.0]",EXPANDING,-1,1.0,0.5,60,2771,878,1884,929,1833,2.0567404598118015,102.7589053624695,0.31685312161674484,0.33525802959220496,0.6798989534464093,0.003247924936845892,-0.02309635510645976,0.0007422376253380734,-0.059437807615538685,-0.03183044565234851,0.037083690134417,0.3069875397019301,-0.07425037775969809,0.014812570144159404,0.009865581914814736,0.33168865454452495,False,False,False,False,-0.05386185540158533,-0.05664983150856201
"(0.0, 7.0]",EXPANDING,1,2.0,1.0,15,3185,364,1182,373,1173,512.5919630030116,248.0024988095714,0.11428571428571428,0.11711145996860282,0.3711145996860283,0.5145996860282573,-0.1425431711145997,0.16093939183768027,-0.05946955598322127,-0.05099231893455565,0.07786577670630185,0.09517912022384294,-0.06929621768838089,0.009826661705159619,0.019106594061871346,0.11003758366517909,False,True,False,False,-0.08377312897736441,-0.07162134248029284
"(7.0, 10.0]",STABLE,1,0.75,0.5,60,6404,2524,3874,2740,3658,0.7809509308271512,337.6828081939889,0.39412866958151155,0.4278575890068707,0.6049344159900062,0.0009369144284822051,-0.006870705808869456,0.00012194736583809356,-0.05947874098425386,-0.017317591702554924,0.0527299825412225,0.38015783540022546,-0.07719209214183183,0.017713351157577967,0.013970834181286085,0.3971929563667136,False,False,False,False,-0.07040696527861415,-0.064942853131434
"(0.0, 7.0]",STABLE,-1,3.0,0.5,60,10983,1199,8852,1207,8844,1087.674868813176,912.715133199325,0.10916871528726213,0.1098971137212055,0.8059728671583356,0.08485841755440227,-0.07548028771738141,0.09903258388538433,-0.05955023803934707,-0.05700084352054528,0.08310253420734999,0.10700312989045384,-0.07228111801843826,0.012730879979091184,0.002165585396808292,0.11534960399743094,False,False,False,False,-0.04803405602190323,-0.053792147030625154
"(10.0, 14.0]",EXPANDING,-1,3.0,0.5,60,2771,276,2262,279,2259,240.67088200425343,102.7589053624695,0.09960303139660773,0.10068567304222302,0.8163118007939372,0.08408516780945507,-0.10934680620714543,0.08685343991492364,-0.05957705642663878,-0.05578781066698524,0.037083690134417,0.08929880283410702,-0.07564915741147249,0.016072100984833707,0.010304228562500711,0.1048141428720792,False,False,False,False,-0.04060580496021085,-0.05009143069342482
"(14.0, inf]",EXPANDING,-1,0.75,0.75,30,2551,1127,1232,1165,1194,-12.489516988855563,61.10121343036764,0.4417875343002744,0.45668365346922773,0.48294786358290864,0.07526460211681696,-0.030870246961975698,-0.004895929827069997,-0.059718044068688046,-0.03737386531525802,0.023951867279642353,0.4508414526129318,-0.04741860529257913,-0.012299438776108916,-0.009053918312657394,0.47847411176110105,False,False,False,False,-0.010529869244026688,-0.03512395665635737
"(14.0, inf]",EXPANDING,-1,1.0,1.0,30,2551,996,1054,1005,1045,-33.68674428707829,61.10121343036764,0.39043512348098786,0.3939631517052136,0.41317130537044294,0.1963935711485692,-0.022736181889455115,-0.013205309403009914,-0.059893358572107376,-0.0528373021236558,0.023951867279642353,0.4005314437555359,-0.04421760823779194,-0.01567575033431544,-0.010096320274548043,0.42779067096774553,False,False,False,False,0.004933567564371086,-0.027479895503868146
"(14.0, inf]",EXPANDING,-1,0.75,1.0,30,2551,1256,971,1273,954,-62.71172211314054,61.10121343036764,0.4923559388475108,0.49901999215993725,0.38063504508036067,0.1270090160721286,-0.011368090944727557,-0.02458319173388496,-0.059903149958254874,-0.0482410566615085,0.023951867279642353,0.49902568644818424,-0.048431512641926,-0.011471637316328873,-0.006669747600673459,0.5267481065749586,False,False,False,False,-0.004133663964308054,-0.03201840696128146
"(7.0, 10.0]",EXPANDING,1,1.0,0.5,15,3844,1034,2360,1125,2269,116.72448910113835,201.40036603368605,0.26899063475546303,0.29266389177939645,0.6139438085327783,0.11706555671175867,-0.03798126951092612,0.030365371774489683,-0.060009333229070684,-0.024499447693170577,0.05239343549263425,0.2582332572017977,-0.06544297907829055,0.005433645849219869,0.010757377553665348,0.2781513891226795,False,False,False,False,-0.06077026079474802,-0.06038979701190935
"(0.0, 7.0]",STABLE,-1,3.0,1.0,30,11530,967,5854,969,5852,3217.742797136773,957.4135127677637,0.08386816999132697,0.08404163052905464,0.5077189939288812,0.40841283607979184,-0.2561144839549003,0.2790756979303359,-0.06007551740077977,-0.059381675249869106,0.08303673137621541,0.0820317996341635,-0.07499915554915484,0.014923638148375072,0.0018363703571634693,0.08927557237675757,False,False,False,False,-0.05771265604754619,-0.05889408672416298
"(7.0, 10.0]",EXPANDING,-1,0.75,1.0,30,3826,2053,1548,2104,1497,-21.43646084752773,200.5004568862689,0.53659174072138,0.5499215891270256,0.40460010454783063,0.05880815473078932,-0.002156299006795609,-0.005602838695119637,-0.060163857222633725,-0.03683662251275395,0.05240471952071848,0.5344393423196564,-0.05377565803725373,-0.006388199185379993,0.002152398401723654,0.5570038694445844,False,False,False,False,-0.0718371700258351,-0.06600051362423441
"(0.0, 7.0]",STABLE,-1,2.0,0.5,60,10983,2110,8491,2138,8463,277.4123513701469,912.715133199325,0.19211508695256305,0.19466448147136484,0.7731038878266412,0.034781025220795736,-0.0023217700081944823,0.02525834028682026,-0.06016596392872422,-0.05379247763171975,0.08310253420734999,0.1875978090766823,-0.07517825988152832,0.015012295952804101,0.004517277875880743,0.19809968490518823,False,False,False,False,-0.059346336236440735,-0.059756150082582477
"(7.0, 10.0]",STABLE,1,1.0,0.75,60,6404,2681,3654,2745,3590,11.803241825787923,337.6828081939889,0.41864459712679575,0.4286383510306059,0.570580886945659,0.010774515927545192,-0.00929106808244847,0.0018431045949075459,-0.06017794602876342,-0.042688876697095715,0.0527299825412225,0.41082299887260426,-0.0748880299256689,0.01471008389690548,0.007821598254191486,0.4280764002849329,False,False,False,False,-0.07122126982017292,-0.06569960792446816
"(7.0, 10.0]",EXPANDING,-1,0.75,0.5,30,3826,1483,2301,1650,2134,8.470164313517934,200.5004568862689,0.387611082070047,0.4312598013591218,0.601411395713539,0.010977522216414015,-0.009997386304234187,0.002213843260198101,-0.06018826256475456,-0.005627363453411124,0.05240471952071848,0.38868315805065917,-0.0603169699742105,0.00012870740945594011,-0.0010720759806121527,0.4108229576160373,False,False,False,False,-0.07732935861617582,-0.0687588105904652
"(10.0, 14.0]",EXPANDING,-1,0.75,0.5,30,2791,1051,1710,1178,1583,2.1284293078632692,103.48692488951522,0.3765675385166607,0.4220709423145826,0.6126836259405231,0.010748835542816249,-0.023916159082766033,0.000762604553157746,-0.060232352411913985,-0.0033530976645116256,0.037078797882305704,0.36578564500484967,-0.0716329426774943,0.011400590265580317,0.010781893511811025,0.3914299480953834,False,False,False,False,-0.0678135231514445,-0.06402293778167924
"(0.0, 7.0]",EXPANDING,1,3.0,0.75,15,3185,114,1641,119,1636,944.6141566607553,248.0024988095714,0.03579277864992151,0.03736263736263736,0.5152276295133438,0.44897959183673475,-0.27904238618524335,0.2965821527977254,-0.06032601009381982,-0.05443903992113536,0.07786577670630185,0.025411678363377828,-0.06802646308550622,0.007700452991686403,0.010381100286543682,0.03356289078751615,False,True,False,False,-0.08788336892712736,-0.0741046895104736
"(0.0, 7.0]",STABLE,1,3.0,0.5,30,11530,697,8468,708,8457,2404.641449599843,957.4135127677637,0.060450997398091934,0.0614050303555941,0.7344319167389419,0.20511708586296618,-0.18586296617519515,0.20855519944491266,-0.060344498106497904,-0.05700538275524031,0.08303673137621541,0.06336475775057455,-0.058403315180546,-0.001941182925951905,-0.002913760352482621,0.06980880554386173,False,False,False,False,-0.059323910925403504,-0.0598342045159507
"(10.0, 14.0]",EXPANDING,-1,4.0,1.0,60,2771,253,1790,254,1789,713.4945904195907,102.7589053624695,0.09130277878022375,0.09166365932876218,0.6459761818837965,0.2627210393359798,-0.28076506676290147,0.25748631916982706,-0.06036243772749143,-0.058558034984799265,0.037083690134417,0.0741509894942585,-0.09276691770787662,0.03240447998038519,0.017151789285965252,0.08844641313313535,False,True,False,False,0.018618654388940042,-0.020871891669275694
"(10.0, 14.0]",EXPANDING,-1,0.75,0.75,60,2771,1337,1422,1393,1366,-0.7695138512476034,102.7589053624695,0.482497293395886,0.5027066041140382,0.5131721400216528,0.004330566582461226,-0.023006134969325152,-0.0002777025807461579,-0.06036752768448831,-0.030053561607259874,0.037083690134417,0.4749572440752504,-0.07270912062440553,0.012341592939917219,0.007540049320635567,0.5015444946883444,False,False,False,False,-0.04411381866157412,-0.052240673173031216
"(7.0, 10.0]",EXPANDING,1,1.5,0.5,30,3826,792,2738,828,2702,150.36503717422585,200.5004568862689,0.20700470465237847,0.21641400940930475,0.7156299006795609,0.0773653946680607,-0.04730789336121276,0.03930084609885673,-0.0604117667830745,-0.041593157269221914,0.05240471952071848,0.1993778699451933,-0.0627249263782211,0.002313159595146594,0.0076268347071851705,0.21765238887288268,False,False,False,False,-0.04153570625048437,-0.05097373651677943
"(7.0, 10.0]",EXPANDING,-1,1.5,0.75,15,3844,647,1835,666,1816,374.8922113881516,201.40036603368605,0.16831425598335067,0.1732570239334027,0.4773673257023933,0.354318418314256,-0.10555411030176899,0.09752658985123612,-0.060420955943167126,-0.04929972805555006,0.05239343549263425,0.1601709275768069,-0.0635041198813963,0.0030831639382291748,0.008143328406543776,0.17694555397444675,False,False,False,False,-0.0502924545534317,-0.055356705248299415
"(0.0, 7.0]",CONTRACTING,1,4.0,0.75,30,6638,188,4143,188,4143,2528.359584761641,574.381314253559,0.028321783669780054,0.028321783669780054,0.6241337752335041,0.3475444410967159,-0.3548131967460078,0.3808917723352879,-0.06045069742270531,-0.06045069742270531,0.08652927301198539,0.033112893391491954,-0.04560578648697441,-0.014844910935730905,-0.0047911097217119,0.039427637592661664,False,False,False,False,-0.1082103785471374,-0.08433053798492135
"(10.0, 14.0]",EXPANDING,-1,0.75,0.75,30,2791,1303,1376,1360,1319,-10.532110004107146,103.48692488951522,0.4668577570763167,0.4872805446076675,0.49301325689716946,0.040128986026513824,-0.019616624865639556,-0.0037735972784332305,-0.060469020026378495,-0.029834838729352334,0.037078797882305704,0.45635305528612996,-0.070749042555904,0.010280022529525507,0.010504701790186755,0.48279266297995177,False,False,False,False,-0.04432275703525907,-0.05239588853081878
"(10.0, 14.0]",EXPANDING,-1,1.5,0.75,60,2771,842,1818,853,1807,35.60470497173675,102.7589053624695,0.3038614218693612,0.307831107903284,0.6560808372428726,0.04005774088776626,-0.036268495128112595,0.01284904546074946,-0.06050313980178013,-0.0515713462254539,0.037083690134417,0.29049596872709504,-0.08279793488088451,0.022294795079104375,0.01336545314226617,0.31482513219714847,False,False,False,False,-0.03008342055057778,-0.04529328017617896
"(0.0, 7.0]",STABLE,-1,4.0,0.5,30,11530,326,8452,330,8448,3180.2909326111017,957.4135127677637,0.028274067649609713,0.028620988725065046,0.7330442324371206,0.2386816999132697,-0.25342584562012144,0.2758274876505726,-0.06063508934576427,-0.05907394450621527,0.08303673137621541,0.02753154167252943,-0.07871783400384805,0.01808274465808378,0.0007425259770802821,0.031895503877329506,False,False,False,False,-0.054501766850094065,-0.05756842809792917
"(14.0, inf]",EXPANDING,-1,2.0,1.0,30,2551,415,1166,416,1165,242.17024105716945,61.10121343036764,0.1626813014504116,0.16307330458643668,0.45707565660525284,0.38024304194433556,-0.13171305370442962,0.094931493946362,-0.060733427037709994,-0.05955741762963473,0.023951867279642353,0.16527900797165634,-0.04811010655227862,-0.012623320485431376,-0.002597706521244747,0.18617881450901025,False,False,False,False,0.03147037072250071,-0.014631528157604642
"(7.0, 10.0]",EXPANDING,-1,1.0,0.5,15,3844,1022,2340,1113,2249,115.79948353867466,201.40036603368605,0.26586888657648283,0.28954214360041625,0.6087408949011447,0.12539021852237242,-0.03850156087408949,0.03012473557197572,-0.06077026079474802,-0.025260375258847913,0.05239343549263425,0.2639062845354748,-0.0578478822755171,-0.0029223785192309185,0.0019626020410080103,0.28396038540618457,False,False,False,False,-0.060009333229070684,-0.06038979701190935
"(10.0, 14.0]",CONTRACTING,-1,4.0,1.0,60,1652,121,1013,121,1013,491.4651961166448,63.02996017781892,0.07324455205811138,0.07324455205811138,0.6131961259079903,0.31355932203389825,-0.3202179176755448,0.29749709208029346,-0.060874554516449235,-0.06087455451644923,0.038153728921197894,0.0741509894942585,-0.09276691770787662,0.03189236319142739,-0.0009064374361471145,0.09279380283569302,False,False,False,False,0.033493808552048074,-0.01369037298220058
"(0.0, 7.0]",CONTRACTING,1,2.0,1.0,30,6638,1281,3312,1294,3299,920.0330862102721,574.381314253559,0.192979813196746,0.19493823440795421,0.49894546550165714,0.3080747213015969,-0.1129858391081651,0.13860094700365655,-0.06091416511649396,-0.05503890148286937,0.08652927301198539,0.2009286618826509,-0.0611936817181022,0.0002795166016082429,-0.007948848685904897,0.21481032236806985,False,False,False,False,-0.09336061309845112,-0.07713738910747253
"(14.0, inf]",EXPANDING,-1,0.75,0.5,30,2551,912,1565,1000,1477,4.193149397355998,61.10121343036764,0.3575068600548804,0.3920031360250882,0.613484907879263,0.029008232065856565,-0.038612308898471184,0.0016437277135852599,-0.06092044846452828,-0.01780010350176858,0.023951867279642353,0.36864481842338354,-0.048673353811255836,-0.012247094653272443,-0.01113795836850312,0.3955137295152561,False,False,False,False,-0.013004261929443574,-0.03696235519698593
"(0.0, 7.0]",STABLE,-1,3.0,0.75,15,11804,370,5520,372,5518,3289.513807461146,979.5002559918729,0.03134530667570315,0.03151474076584209,0.46763808878346325,0.5010166045408336,-0.25669264656048796,0.2786778894833231,-0.06099512440958378,-0.06035974657156277,0.08298036733241891,0.0297692766386863,-0.0781842593777661,0.01718913496818232,0.0015760300370168505,0.03424388480214401,False,False,False,False,-0.06613378731374928,-0.06356445586166654
"(14.0, inf]",CONTRACTING,1,0.75,0.5,15,858,263,491,287,467,17.901835153311016,22.028981079620134,0.30652680652680653,0.3344988344988345,0.5722610722610723,0.12121212121212122,-0.05623543123543123,0.020864609735793724,-0.0610456246227379,-0.026080589657702935,0.02567480312310039,0.33091616554651576,-0.03442667745147837,-0.02661894717125953,-0.024389359019709234,0.3763209569421378,False,False,False,False,-0.034827994472034954,-0.047936809547386425
"(10.0, 14.0]",EXPANDING,-1,1.5,1.5,30,2791,865,834,874,825,-113.43875486955223,103.48692488951522,0.3099247581512003,0.3131494088140451,0.2988176280902902,0.3912576137585094,0.016660695091365103,-0.04064448400915522,-0.06106258680009583,-0.05138863481156125,0.037078797882305704,0.28261396702230845,-0.080599659342534,0.019537072542438173,0.027310791128891843,0.3066645911627425,False,True,False,False,-0.02276896095305016,-0.041915773876573
"(10.0, 14.0]",STABLE,-1,1.5,1.5,15,3807,599,559,600,558,-148.74000135635083,144.0679971017326,0.15734173890202258,0.15760441292356187,0.1468347780404518,0.6958234830575256,0.015760441292356184,-0.039070134320029114,-0.06115261320149289,-0.060364591136875076,0.03784292017381996,0.16584188292094146,-0.06263849849935196,0.00148588529785907,-0.008500144018918881,0.18293020731824258,False,False,False,False,-0.015321249210764847,-0.03823693120612887
"(0.0, 7.0]",CONTRACTING,1,2.0,1.0,60,6403,1853,3880,1876,3857,336.06900803204337,553.8240083541089,0.28939559581446195,0.29298766203342186,0.6059659534593159,0.10463845072622213,-0.027174761830392004,0.05248617960831538,-0.061183039250673976,-0.0504068405937944,0.08649445702859736,0.2937695618153365,-0.059307857988679914,-0.001875181261994062,-0.00437396600087453,0.309789690983124,False,False,False,False,-0.09829575145565941,-0.0797393953531667
"(7.0, 10.0]",EXPANDING,-1,0.75,0.75,30,3826,1832,1884,1914,1802,5.378619048960995,200.5004568862689,0.47882906429691585,0.5002613695765813,0.4924202822791427,0.028750653423941452,-0.010193413486670152,0.001405807383418974,-0.06119232562396966,-0.029043867704471482,0.05240471952071848,0.4774107539623759,-0.061315927871414426,0.0001236022474447665,0.0014183103345399295,0.5000410889995764,False,False,False,False,-0.07576557133696547,-0.06847894848046757
"(14.0, inf]",CONTRACTING,1,1.0,1.0,15,858,227,278,229,276,20.481094005620754,22.028981079620134,0.26456876456876455,0.2668997668997669,0.32400932400932403,0.4114219114219114,-0.05944055944055944,0.023870738934289922,-0.0612446236293699,-0.056582618967365245,0.02567480312310039,0.29006013441811107,-0.021721499663769833,-0.039523123965600065,-0.025491369849346524,0.3339752753643186,False,False,False,False,0.005233012721164465,-0.02800580545410272
"(0.0, 7.0]",STABLE,-1,1.5,0.75,30,11530,3137,6680,3179,6638,555.6076447389345,957.4135127677637,0.27207285342584564,0.2757155247181266,0.5793581960104076,0.14856895056374675,-0.026409366869037294,0.04818800041100906,-0.061258097834243644,-0.05306208742661138,0.08303673137621541,0.2692181417381924,-0.07349949999332445,0.012241402159080803,0.002854711687653222,0.28083674116481216,False,False,False,False,-0.06958786185215629,-0.06542297984319997
"(14.0, inf]",EXPANDING,-1,4.0,1.5,15,2554,15,384,15,384,420.54344894535666,61.1663577254213,0.005873140172278779,0.005873140172278779,0.15035238841033674,0.8437744714173845,-0.20203602192638997,0.16466070827930956,-0.06132455316369015,-0.06132455316369015,0.02394923951660975,0.005482844004244782,-0.040698468187897574,-0.020626084975792575,0.0003902961680339965,0.010004003612276878,False,False,False,False,0.012117937227605817,-0.024603307968042165
"(0.0, 7.0]",CONTRACTING,1,3.0,0.5,60,6403,714,5184,724,5174,610.7768566673716,553.8240083541089,0.11151022957988443,0.11307199750117132,0.8096204903951273,0.07886928002498828,-0.07027955645791036,0.09538917018075459,-0.061384843305753126,-0.05591865558124899,0.08649445702859736,0.11277386541471049,-0.04818905322816423,-0.013195790077588893,-0.0012636358348260546,0.12398798148757373,False,False,False,False,-0.07531766747499513,-0.06835125539037412
"(0.0, 7.0]",STABLE,1,3.0,1.5,60,10983,2091,5586,2097,5580,2344.0845898466005,912.715133199325,0.19038514067194756,0.19093143949740507,0.5086042065009561,0.3010106528270964,-0.19175088773559137,0.21342844303438044,-0.06142497890856092,-0.05896663419400205,0.08310253420734999,0.19825899843505476,-0.04736536553754153,-0.014059613371019387,-0.0078738577631072,0.20898040449219477,False,False,False,False,-0.06875877899221508,-0.065091878950388
"(10.0, 14.0]",STABLE,-1,1.0,1.5,60,3763,2016,1323,2019,1320,-120.31847707806111,142.4723347408888,0.5357427584374169,0.5365399946850917,0.3515811852245549,0.11267605633802819,0.00837098060058464,-0.031974083730550384,-0.06146447297872706,-0.059471382359540234,0.03786136984876131,0.5329831419496701,-0.07643298088598906,0.014968507907262,0.0027596164877468077,0.5557408825382476,False,False,False,False,0.0042896456586427115,-0.028587413660042173
"(0.0, 7.0]",EXPANDING,1,2.0,1.5,60,3062,1117,1511,1130,1498,83.64485115606988,239.44254018301092,0.36479425212279554,0.3690398432397126,0.49346832135858915,0.14173742651861526,-0.010613977792292619,0.027317064388004533,-0.06149499968221458,-0.04663543077300491,0.07819808627792649,0.34438575899843504,-0.06492260252486584,0.003427602842651263,0.020408493124360494,0.3685533112415416,False,False,False,False,-0.12995723745948098,-0.09572611857084778
"(0.0, 7.0]",EXPANDING,1,2.0,1.0,60,3062,941,1918,959,1900,86.89752764591239,239.44254018301092,0.30731548007838017,0.3131939908556499,0.6263879817112998,0.06629653821032,-0.011757021554539516,0.02837933626581071,-0.0615757715666553,-0.043940239234846024,0.07819808627792649,0.2937695618153365,-0.059307857988679914,-0.002267913577975386,0.013545918263043688,0.31697977769805913,False,False,False,False,-0.07039941499863912,-0.06598759328264721
"(14.0, inf]",EXPANDING,-1,0.75,1.5,15,2554,1081,355,1088,348,-375.346098550679,61.1663577254213,0.42325763508222397,0.42599843382928737,0.13899765074393108,0.437744714173845,0.10894675019577134,-0.14696401666040682,-0.06196650598124523,-0.05579970880035251,0.02394923951660975,0.4280155642023346,-0.043575812496754435,-0.018390693484490794,-0.004757929120110638,0.4554985975955293,False,False,False,False,-0.006143234960042379,-0.0340548704706438
"(0.0, 7.0]",CONTRACTING,1,3.0,1.0,15,6812,167,2396,170,2393,2061.920654020149,589.411051536283,0.02451556077510276,0.024955960070463887,0.35173223722842045,0.6237522019964767,-0.27818555490311214,0.30268946770700955,-0.06202149112098269,-0.06025989393953817,0.08652540392488006,0.026833631484794274,-0.06405928546697895,0.002037794345996262,-0.002318070709691516,0.032478720716991455,False,False,False,False,-0.09847539927139964,-0.08024844519619116
"(0.0, 7.0]",EXPANDING,-1,1.5,1.0,60,3062,1186,1756,1199,1743,26.389813143804304,239.44254018301092,0.387328543435663,0.39157413455258,0.573481384715872,0.03919007184846501,0.007511430437622469,0.008618488943110484,-0.062068166897193536,-0.05145418910490092,0.07819808627792649,0.3781298904538341,-0.07256646926593233,0.01049830236873879,0.00919865298182887,0.4027651935023918,False,False,False,False,-0.06302927599337389,-0.06254872144528371
"(14.0, inf]",EXPANDING,-1,1.0,0.75,60,2541,996,1464,1015,1445,5.139545472881789,60.8751728936191,0.3919716646989374,0.39944903581267216,0.5761511216056671,0.031877213695395534,-0.04014167650531287,0.0020226467819290787,-0.06207620126750779,-0.048990801818471985,0.023957171544124006,0.40092741216336725,-0.04751242695110557,-0.014563774316402218,-0.008955747464429842,0.4282444464988338,False,False,False,False,0.009024195450808861,-0.026526002908349465
"(10.0, 14.0]",STABLE,-1,2.0,1.5,15,3807,309,562,310,561,132.54047619012925,144.0679971017326,0.08116627265563436,0.08142894667717362,0.14762280010506962,0.771210927239296,-0.0591016548463357,0.03481493989759108,-0.06212963512256458,-0.06121027604717713,0.03784292017381996,0.08738684369342185,-0.062111795214402875,-1.783990816170422e-05,-0.0062205710377874895,0.10045789163172567,False,False,False,False,-0.008717106259356629,-0.035423370690960604
"(10.0, 14.0]",EXPANDING,-1,1.5,1.0,30,2791,806,1356,817,1345,77.05019443013026,103.48692488951522,0.2887853815836618,0.2927266212826944,0.48584736653529204,0.22536725188104612,-0.05266929415979935,0.027606662282382753,-0.06214142975972231,-0.052288330512140796,0.037078797882305704,0.2609117361784675,-0.08650164829644207,0.024360218536719755,0.02787364540519427,0.2843900552240925,False,True,False,False,-0.022555292292224565,-0.04234836102597344
"(7.0, 10.0]",CONTRACTING,1,0.75,1.5,60,3140,2014,1005,2018,1001,-32.30271175525587,165.86538771846006,0.6414012738853503,0.6426751592356688,0.3200636942675159,0.038535031847133805,0.0009554140127388535,-0.010287487820145182,-0.06215544569226622,-0.05928920365404965,0.05282337188485989,0.6433671552048102,-0.059845042491404564,-0.0023104032008616562,-0.001965881319459961,0.6671987121010724,False,False,False,False,-0.002890252478250798,-0.03252284908525851
"(0.0, 7.0]",EXPANDING,1,2.0,0.75,30,3153,630,1993,649,1974,284.41685788459904,245.83373862940914,0.19980970504281637,0.20583571202029813,0.6320964161116397,0.16809387884554394,-0.07445290199809705,0.09020515632242278,-0.062215946953634665,-0.045644427765559825,0.0779682012779604,0.18015102481121897,-0.06355477452258565,0.0013388275689509843,0.019658680231597392,0.1995557805835176,False,True,False,False,-0.07564792912708679,-0.06893193804036073
"(0.0, 7.0]",CONTRACTING,1,4.0,1.0,15,6812,43,2397,43,2397,2390.2401759392815,589.411051536283,0.00631238990017616,0.00631238990017616,0.3518790369935408,0.641808573106283,-0.32662947739283615,0.35088669640917225,-0.06226818490854397,-0.062268184908543966,0.08652540392488006,0.008348240906380441,-0.0619965997686471,-0.0002715851398968766,-0.002035851006204281,0.01160082561915075,False,False,False,False,-0.0992847493728006,-0.08077646714067228
"(10.0, 14.0]",EXPANDING,-1,0.75,1.0,60,2771,1530,1208,1562,1176,-9.317293543302567,102.7589053624695,0.5521472392638037,0.5636954168170336,0.435943702634428,0.011909058101768288,-0.021833273186575245,-0.0033624300048006378,-0.062279393325792874,-0.04207008260764059,0.037083690134417,0.5455655998045443,-0.07187267217768706,0.009593278851894184,0.006581639459259381,0.5720154353922862,False,False,False,False,-0.016370139117190638,-0.03932476622149175
"(14.0, inf]",EXPANDING,-1,3.0,0.5,60,2541,214,2017,214,2017,268.9786994297911,60.8751728936191,0.08421881149153876,0.08421881149153876,0.7937819756001574,0.12199921290830384,-0.14423455332546242,0.10585545038559273,-0.062336274483993696,-0.0623362744839937,0.023957171544124006,0.0841804886748707,-0.06995160889326732,0.007615334409273623,3.832281666805992e-05,0.09998481097013287,False,False,False,False,0.0438166345667191,-0.009259819958637297
"(10.0, 14.0]",CONTRACTING,-1,4.0,0.75,30,1665,49,997,49,997,510.95238702992106,63.50327803363372,0.02942942942942943,0.02942942942942943,0.5987987987987988,0.3717717717717718,-0.3313813813813814,0.30687831052848114,-0.06264317778000761,-0.06264317778000761,0.03814010692710734,0.03128031037827352,-0.07494274257347801,0.0122995647934704,-0.0018508809488440928,0.04386571819967022,False,False,False,False,0.047926427809576955,-0.007358374985215327
"(7.0, 10.0]",STABLE,-1,0.75,1.0,60,6404,3590,2745,3654,2681,-11.803241825787923,337.6828081939889,0.5605871330418488,0.570580886945659,0.4286383510306059,0.010774515927545303,-0.008198001249219237,-0.0018431045949075459,-0.06277108838534928,-0.04528201905368157,0.0527299825412225,0.5688087185268696,-0.04900475276924273,-0.013766335616106552,-0.008221585485020833,0.5861180564377875,False,False,False,False,-0.050088164344095944,-0.05642962636472261
"(14.0, inf]",EXPANDING,-1,1.5,0.75,30,2551,571,1438,578,1431,122.67422242562948,61.10121343036764,0.22383379067032536,0.22657781262250098,0.5637005096040768,0.2124656997255978,-0.08702469619756958,0.04808867990028596,-0.06288788357692598,-0.05671383418453083,0.023951867279642353,0.23312666076173605,-0.0409654119126373,-0.021922471664288685,-0.009292870091410693,0.25681427464277956,False,False,False,False,0.018515085134124774,-0.022186399221400605
"(7.0, 10.0]",EXPANDING,-1,1.5,1.0,15,3844,696,1360,709,1347,275.47232027863674,201.40036603368605,0.18106139438085328,0.1844432882414152,0.3537981269510926,0.4651404786680542,-0.08220603537981269,0.07166293451577439,-0.06293653635667255,-0.05448180170526777,0.05239343549263425,0.16930671185441687,-0.062202847440813884,-0.0007336889158586699,0.01175468252643641,0.18644889983561366,False,False,False,False,-0.044005993010242155,-0.05347126468345735
"(0.0, 7.0]",STABLE,1,4.0,0.75,15,11804,92,5559,93,5558,4037.4715834073627,979.5002559918729,0.007793968146391054,0.007878685191460523,0.47094205354117247,0.5212639783124364,-0.3220306675703151,0.34204266209821776,-0.06296837280451628,-0.0625659668404363,0.08298036733241891,0.007889546351084813,-0.0658647105687057,0.002896337764189419,-9.557820469375915e-05,0.010266426398811604,False,False,False,False,-0.06440007952816298,-0.06368422616633963
"(0.0, 7.0]",STABLE,-1,1.5,1.0,60,10983,4195,6201,4222,6174,129.54955501441214,912.715133199325,0.3819539287990531,0.38441227351361196,0.5645998361103524,0.05344623509059454,0.00833105708822726,0.011795461623819734,-0.062976015495303,-0.05683015370890584,0.08310253420734999,0.3781298904538341,-0.07256646926593233,0.009590453770629323,0.003824038345218994,0.3911178714014607,False,False,False,False,-0.07881698838217588,-0.07089650193873945
"(0.0, 7.0]",CONTRACTING,1,2.0,1.5,15,6812,651,1272,653,1270,766.2206181954429,589.411051536283,0.09556664709336465,0.0958602466236054,0.18672930123311804,0.7177040516735173,-0.08896065766294774,0.11248100678148017,-0.06300505480634765,-0.06197745645050501,0.08652540392488006,0.0985734599330306,-0.06997062063919582,0.006965565832848172,-0.0030068128396659455,0.10882783071130907,False,False,False,False,-0.10848425520870442,-0.08574465500752604
"(0.0, 7.0]",EXPANDING,1,1.5,1.0,60,3062,1192,1760,1213,1739,18.446897091300066,239.44254018301092,0.3892880470280862,0.3961463096015676,0.5747877204441542,0.03592423252775967,0.009144350097975179,0.006024460186577422,-0.06302927599337389,-0.04588361955967043,0.07819808627792649,0.37940140845070425,-0.07337642638409009,0.010347150390716195,0.009886638577381979,0.4040518203839763,False,False,False,False,-0.062068166897193536,-0.06254872144528371
"(10.0, 14.0]",EXPANDING,-1,1.0,1.5,30,2791,1295,771,1308,758,-211.53510410191646,103.48692488951522,0.46399140093156577,0.46864922966678607,0.2762450734503762,0.25976352561805804,0.049623790756001436,-0.07579186818413346,-0.06324687531043773,-0.05160230347238684,0.037078797882305704,0.44192531522793405,-0.07353006572721606,0.010283190416778332,0.02206608570363172,0.4682988779292299,False,False,False,False,-0.021869265252470613,-0.04255807028145417
"(0.0, 7.0]",STABLE,1,3.0,1.5,30,11530,996,3990,1000,3986,3224.7615220913276,957.4135127677637,0.08638334778837814,0.08673026886383348,0.3460537727666956,0.5675628794449262,-0.25993061578490895,0.27968443383272573,-0.06328291332839862,-0.06172176848884961,0.08303673137621541,0.09122461423010178,-0.05467196680330135,-0.008610946525097272,-0.004841266441723641,0.09881914937406346,False,False,False,False,-0.07685143141119141,-0.07006717236979501
"(14.0, inf]",EXPANDING,-1,1.5,0.5,60,2541,537,1893,549,1881,40.52887080187238,60.8751728936191,0.21133412042502953,0.21605667060212513,0.7449822904368358,0.04368358913813464,-0.05548996458087367,0.0159499688319057,-0.06349716729309197,-0.05405206693890072,0.023957171544124006,0.22204387372926698,-0.0469930409555712,-0.016504126337520776,-0.010709753304237457,0.2453885319279822,False,False,False,False,0.026453634589740215,-0.018521766351675878
"(7.0, 10.0]",EXPANDING,-1,2.0,0.75,15,3844,343,1848,356,1835,657.2768067775262,201.40036603368605,0.08922996878251821,0.09261186264308012,0.48074921956295524,0.43002081165452655,-0.18210197710718,0.1709877228869735,-0.06350768971284075,-0.05420748159629549,0.05239343549263425,0.0806748692256686,-0.06728004888732343,0.003772359174482681,0.008555099556849605,0.09323088881731734,False,False,False,False,-0.039523545761580216,-0.05151561773721049
"(14.0, inf]",EXPANDING,-1,2.0,0.75,60,2541,519,1704,521,1702,139.1632278886698,60.8751728936191,0.20425029515938606,0.2050373868555687,0.6706021251475797,0.12514757969303425,-0.09445100354191263,0.05476711054256978,-0.06364106454346685,-0.06147656237896469,0.023957171544124006,0.20171214553237024,-0.0718902620988539,0.008249197555387042,0.0025381496270158177,0.2242785868448118,False,False,False,False,0.05314707479661076,-0.0052469948734280465
"(0.0, 7.0]",STABLE,-1,4.0,1.0,30,11530,417,5880,420,5877,4434.833534015235,957.4135127677637,0.03616652211621856,0.03642671292281006,0.5099739809193409,0.4538594969644406,-0.3653078924544666,0.38463430477148614,-0.06371031905919587,-0.06240936502623837,0.08303673137621541,0.035645607616903524,-0.07982529571903138,0.01611497665983551,0.000520914499315038,0.04057627409622279,False,False,False,False,-0.05060135908003805,-0.057155839069616965
"(0.0, 7.0]",STABLE,1,2.0,1.0,30,11530,2295,5805,2306,5794,1435.087511051549,957.4135127677637,0.19904596704249783,0.2,0.5034692107545533,0.2974848222029489,-0.10537727666955768,0.12446552567663044,-0.06394848236914265,-0.06108638349663614,0.08303673137621541,0.2009286618826509,-0.0611936817181022,-0.0027548006510404455,-0.0018826948401530763,0.21144301066154442,False,False,False,False,-0.06635324702908414,-0.0651508646991134
"(10.0, 14.0]",STABLE,-1,0.75,1.0,30,3792,1944,1492,1970,1466,-65.06227616359382,143.52642635421205,0.5126582278481012,0.5195147679324894,0.39345991561181437,0.09388185654008441,-0.008966244725738396,-0.017157773249892885,-0.06397381395511759,-0.05197486880743826,0.0378497959794863,0.5106692531522793,-0.06837908176917139,0.004405267814053801,0.0019889746958219323,0.5333981802506231,False,False,False,False,-0.01549875748152061,-0.039736285718319095
"(10.0, 14.0]",STABLE,-1,1.0,0.75,15,3807,1095,1683,1116,1662,67.41096547920253,144.0679971017326,0.2876280535855004,0.29314420803782504,0.44208037825059104,0.2702915681639085,-0.04393223010244287,0.017707109398267015,-0.06406804087799582,-0.054414770586427644,0.03784292017381996,0.28823174411587205,-0.06559656091977724,0.001528520041781417,-0.0006036905303716256,0.3089221301266814,False,False,False,False,-0.028057127207549947,-0.046062584042772886
"(14.0, inf]",EXPANDING,-1,2.0,0.5,60,2541,390,1968,395,1963,101.9371481382477,60.8751728936191,0.15348288075560804,0.15545060999606455,0.7744982290436836,0.0720188902007084,-0.08028335301062574,0.04011694141607544,-0.0641235831386743,-0.05920426003753303,0.023957171544124006,0.15587658284287498,-0.05952970825117632,-0.004593874887497983,-0.0023937020872669412,0.17634355690028164,False,False,False,False,0.039872662366824047,-0.01212546038592513
"(14.0, inf]",EXPANDING,-1,0.75,0.5,60,2541,929,1600,1016,1513,1.1853012300887362,60.8751728936191,0.36560409287682016,0.3998425816607635,0.6296733569460842,0.0047225501770956635,-0.040633608815427,0.00046647037783893594,-0.06412430998171206,-0.021326199001782904,0.023957171544124006,0.3766720171214553,-0.05197328756298582,-0.012151022418726246,-0.011067924244635152,0.40370397792453633,False,False,False,False,-0.010943283023120897,-0.03753379650241648
"(0.0, 7.0]",EXPANDING,1,1.5,1.5,60,3062,1420,1387,1434,1373,-6.510279540869265,239.44254018301092,0.4637491835401698,0.4683213585891574,0.45297191378184193,0.08327890267798826,0.016165904637491835,-0.002126152691335488,-0.06415833433177014,-0.05044180918480737,0.07819808627792649,0.44732981220657275,-0.07499660107518084,0.010838266743410707,0.016419371333597055,0.47253440484178877,False,False,False,False,-0.10595436337104562,-0.08505634885140788
"(0.0, 7.0]",CONTRACTING,1,3.0,0.75,30,6638,500,4137,506,4131,1750.804963300172,574.381314253559,0.07532389273877674,0.07622777945164207,0.6232298885206388,0.3014462187405845,-0.24145073817414883,0.2637548905242802,-0.06422512066185404,-0.060835545488609075,0.08652927301198539,0.07677876272219877,-0.05293888428120769,-0.011286236380646353,-0.0014548699834220358,0.08608090198734066,False,False,False,False,-0.10148980857821373,-0.08285746462003388
"(0.0, 7.0]",STABLE,-1,4.0,0.75,15,11804,123,5528,124,5527,3873.321717241437,979.5002559918729,0.010420196543544561,0.010504913588614028,0.468315825144019,0.5212639783124364,-0.309556082683836,0.3281363704880919,-0.06440007952816298,-0.06399767356408301,0.08298036733241891,0.010137149672033392,-0.07977099734340329,0.015370917815240304,0.0002830468715111691,0.01281553987582214,False,False,False,False,-0.06296837280451628,-0.06368422616633963
"(0.0, 7.0]",EXPANDING,-1,1.5,1.0,30,3153,992,1590,1005,1577,144.6268881054262,245.83373862940914,0.3146209958769426,0.31874405328258804,0.5042816365366318,0.18109736758642558,-0.03235014272121789,0.045869612466040655,-0.06444873153313763,-0.05414108801902409,0.0779682012779604,0.299939027250129,-0.07590510555973988,0.011456374026602253,0.01468196862681359,0.3229420986801307,False,False,False,False,-0.06631229501901699,-0.0653805132760773
"(14.0, inf]",EXPANDING,-1,4.0,1.0,30,2551,74,1181,74,1181,781.5683050672698,61.10121343036764,0.029008232065856527,0.029008232065856527,0.46295570364562916,0.5080360642885142,-0.34692277538220306,0.3063772266041826,-0.06449741605766283,-0.06449741605766282,0.023951867279642353,0.028520814880425155,-0.05560528337374666,-0.008892132683916178,0.00048741718543137205,0.038173115169750374,False,False,False,False,0.03941300948915215,-0.012542203284255343
"(0.0, 7.0]",CONTRACTING,1,1.5,1.5,60,6403,2852,2750,2867,2735,-12.829911540090194,553.8240083541089,0.445416211151023,0.4477588630329533,0.42948617835389663,0.12509761049508045,0.02389504919568952,-0.002003734427626143,-0.06460314226053397,-0.057575186614742944,0.08649445702859736,0.44732981220657275,-0.07499660107518084,0.010393458814646872,-0.001913601055549774,0.4647543949551064,False,False,False,False,-0.11541372744245178,-0.09000843485149287
"(14.0, inf]",EXPANDING,-1,0.75,0.75,60,2541,1185,1321,1222,1284,-1.814889742742829,60.8751728936191,0.46635182998819363,0.4809130263675718,0.5198740653286108,0.01377410468319551,-0.04014167650531287,-0.0007142423229999327,-0.06481309037243681,-0.04297129580336951,0.023957171544124006,0.47529873372570003,-0.05184376534466598,-0.012969325027770824,-0.008946903737506395,0.5030637463533281,False,False,False,False,-0.004943047284878502,-0.034878068828657655
"(10.0, 14.0]",STABLE,-1,2.0,1.0,15,3807,298,1216,300,1214,516.7424830964367,144.0679971017326,0.0782768584187024,0.07880220646178093,0.319411610191752,0.6023115313895456,-0.16285789335434725,0.13573482613512916,-0.06496598739303806,-0.06338994326380244,0.03784292017381996,0.08449004224502112,-0.06366044296301142,-0.001305544430026645,-0.006213183826318719,0.0973685248328788,False,False,False,False,-0.017909611209998164,-0.04143779930151811
"(7.0, 10.0]",EXPANDING,1,1.0,1.0,30,3826,1672,1725,1703,1694,4.66342380935717,200.5004568862689,0.4370099320439101,0.44511238891793,0.4508625196027182,0.11212754835337174,-0.013852587558808156,0.001218877106470771,-0.06503842997305587,-0.04883351622501613,0.05240471952071848,0.4270478447637387,-0.0628227705353381,-0.0022156594377177735,0.009962087280171394,0.4494900106149998,False,False,False,False,-0.055975922816420824,-0.06050717639473835
"(7.0, 10.0]",EXPANDING,1,1.5,1.0,30,3826,1082,1891,1096,1877,219.6571847718589,200.5004568862689,0.2828018818609514,0.2864610559330894,0.4942498693152117,0.22294824882383685,-0.07004704652378463,0.05741170537685805,-0.06504006066764506,-0.05589212548730005,0.05240471952071848,0.2704043845356244,-0.05851748355708367,-0.006522577110561388,0.012397497325327023,0.2906567881653097,False,False,False,False,-0.048307417032610725,-0.05667373885012789
"(7.0, 10.0]",STABLE,-1,0.75,1.5,15,6535,2984,975,2991,968,-856.5708529449008,344.38265460412464,0.45661820964039784,0.4576893649579189,0.14919663351185922,0.3941851568477429,0.11866870696250956,-0.13107434628078055,-0.06510382670987383,-0.06269372724545148,0.052698187391602855,0.46680910631400574,-0.05347017887429536,-0.011633647835578471,-0.010190896673607897,0.48410784004476065,False,False,False,False,-0.026601478965695043,-0.04585265283778443
"(7.0, 10.0]",EXPANDING,-1,1.0,0.75,15,3844,1185,1764,1228,1721,89.01840853281317,201.40036603368605,0.3082726326742976,0.3194588969823101,0.4588969823100936,0.23283038501560877,-0.03590010405827263,0.023157754561085632,-0.06513578498982125,-0.0455598224507994,0.05239343549263425,0.3037648272305312,-0.06245230503868299,-0.002683479951138268,0.004507805443766388,0.324659013925129,False,False,False,False,-0.05878977925330638,-0.06196278212156382
"(7.0, 10.0]",EXPANDING,1,1.5,0.75,30,3826,968,2291,989,2270,217.2818541330777,200.5004568862689,0.25300575013068477,0.2584945112388918,0.5987976999477261,0.14819654992158904,-0.06958964976476738,0.056790866213559256,-0.0652035030719266,-0.052853790578460846,0.05240471952071848,0.2440379203081025,-0.06255092486808489,-0.00265257820384171,0.008967829822582263,0.26364289864411644,False,False,False,False,-0.04597991855638035,-0.055591710814153476
"(7.0, 10.0]",EXPANDING,-1,4.0,0.75,15,3844,50,1860,52,1858,1145.323298946371,201.40036603368605,0.013007284079084287,0.013527575442247659,0.4838709677419355,0.5031217481789803,-0.31087408949011447,0.2979509102357885,-0.06531661474696018,-0.06284523077193417,0.05239343549263425,0.00957783835555883,-0.07090358257661812,0.005586967829657938,0.0034294457235254563,0.014266542615050663,False,False,False,False,-0.035784439365140176,-0.050550527056050176
"(0.0, 7.0]",STABLE,-1,2.0,0.75,15,11804,1096,5499,1110,5485,2140.3395275978746,979.5002559918729,0.0928498813961369,0.09403592002710945,0.4658590308370044,0.44129108776685866,-0.1636945103354795,0.18132324022347293,-0.06535163744442547,-0.062090031209250954,0.08298036733241891,0.09192238888124397,-0.08064779279217414,0.015296155347748669,0.000927492514892922,0.09945267058094404,False,False,False,False,-0.06853687175898349,-0.06694425460170447
"(0.0, 7.0]",EXPANDING,1,1.5,0.5,60,3062,774,2265,803,2236,10.80147502424707,239.44254018301092,0.2527759634225996,0.26224689745264534,0.739712606139778,0.007511430437622368,0.009307642064010451,0.0035275881855803626,-0.06536285602833568,-0.04642098796824423,0.07819808627792649,0.24745696400625977,-0.07617497751091333,0.010812121482577652,0.005318999416339842,0.26949017154988664,False,False,False,False,-0.0891452819788766,-0.07725406900360614
"(7.0, 10.0]",STABLE,-1,1.0,1.0,60,6404,3076,3154,3119,3111,-3.0644827836985358,337.6828081939889,0.4803247970018738,0.4870393504059963,0.4925046845721424,0.02717051842598378,-0.012179887570268583,-0.00047852635598040846,-0.06538839646747148,-0.051959289659226644,0.0527299825412225,0.48883878241262685,-0.05005283720556305,-0.015335559261908431,-0.008513985410753044,0.5063397452574397,False,False,False,False,-0.05350067542321836,-0.05944453594534492
"(10.0, 14.0]",STABLE,-1,4.0,1.5,15,3807,37,565,37,565,594.414862344163,144.0679971017326,0.009718938796952981,0.009718938796952981,0.14841082216968743,0.8418702390333597,-0.1837404780667192,0.15613734235465274,-0.06544605588588642,-0.06544605588588642,0.03784292017381996,0.010863005431502716,-0.06278645487798952,-0.002659601007896903,-0.0011440666345497348,0.015859898085456212,False,False,False,False,-0.014840231183118488,-0.040143143534502455
"(14.0, inf]",CONTRACTING,1,2.0,1.0,30,855,104,397,104,397,154.91758773693817,21.95308796592333,0.1216374269005848,0.1216374269005848,0.464327485380117,0.41403508771929826,-0.22105263157894736,0.18119016109583413,-0.06553859675904697,-0.06553859675904697,0.02567612627593372,0.14402125775022143,0.01129662679612099,-0.07683522355516796,-0.022383830849636632,0.17857984805732274,False,False,False,False,0.05278200888370541,-0.006378293937670778
"(14.0, inf]",CONTRACTING,1,2.0,1.0,15,858,42,284,42,284,165.791948665931,22.028981079620134,0.04895104895104895,0.04895104895104895,0.331002331002331,0.62004662004662,-0.2331002331002331,0.19323070940085196,-0.06554432682248153,-0.06554432682248153,0.02567480312310039,0.06455606650159179,-0.010381052297709987,-0.055163274524771544,-0.01560501755054284,0.08918829066771741,False,False,False,False,0.04442558380091977,-0.010559371510780877
"(0.0, 7.0]",CONTRACTING,1,2.0,1.5,30,6638,1383,2210,1389,2204,688.1785873484401,574.381314253559,0.20834588731545647,0.2092497740283218,0.33293160590539317,0.4587225067791504,-0.08270563422717686,0.10367258019711362,-0.06556232704204865,-0.062398723547020016,0.08652927301198539,0.21861075934524646,-0.06649360579209078,0.0009312787500421332,-0.010264872029789984,0.23291971551033003,False,False,False,False,-0.11330841496348129,-0.08943537100276497
"(10.0, 14.0]",STABLE,-1,1.5,1.0,15,3807,576,1211,583,1204,241.34510821297172,144.0679971017326,0.15130023640661938,0.15313895455739426,0.3180982400840557,0.5306015235093249,-0.09114788547412661,0.06339509015313152,-0.06559571549481505,-0.06099892011787782,0.03784292017381996,0.16065178032589017,-0.064879877358333,-0.0007158381364820443,-0.009351543919270788,0.17752858136801544,False,False,False,False,-0.022538541768466813,-0.04406712863164093
"(7.0, 10.0]",EXPANDING,-1,0.75,1.5,15,3844,1825,635,1844,616,-467.0761707302946,201.40036603368605,0.47476586888657646,0.4797086368366285,0.16519250780437045,0.3600416233090531,0.10828563995837669,-0.12150784878519631,-0.06561564431945387,-0.054494416431836806,0.05239343549263425,0.46680910631400574,-0.05347017887429536,-0.012145465445158508,0.00795676257257072,0.4893661348601454,False,False,False,False,-0.05548714292971844,-0.060551393624586156
"(14.0, inf]",EXPANDING,-1,3.0,0.75,60,2541,277,1756,277,1756,379.7355366934705,60.8751728936191,0.10901219992129083,0.10901219992129083,0.6910665092483275,0.19992129083038168,-0.1912632821723731,0.14944334383843783,-0.06577710987805925,-0.06577710987805926,0.023957171544124006,0.10861423220973783,-0.0809289542478274,0.015151844369768144,0.00039796771155299615,0.126257894970468,False,False,False,False,0.05846732411284997,-0.003654892882604642
"(7.0, 10.0]",EXPANDING,-1,1.5,1.5,15,3844,731,692,743,680,-109.9855029107135,201.40036603368605,0.1901664932362123,0.19328824141519252,0.18002081165452655,0.6298126951092612,0.015218522372528616,-0.028612253618812047,-0.06578716673891769,-0.05642192220197699,0.05239343549263425,0.17696898253886392,-0.061617229131186196,-0.004169937607731489,0.013197510697348369,0.19440560516152347,False,False,False,False,-0.048364948783291506,-0.057076057761104596
"(0.0, 7.0]",EXPANDING,1,2.0,0.75,60,3062,800,2150,819,2131,50.02826356241926,239.44254018301092,0.2612671456564337,0.267472240365774,0.7021554539516656,0.036577400391900716,-0.004082299150881777,0.01633842702887631,-0.06594195839993196,-0.04887794794924613,0.07819808627792649,0.2511737089201878,-0.060948532708760335,-0.004993425691171623,0.010093436736245909,0.27331309205089643,False,False,False,False,-0.07576846072393197,-0.07085520956193196
"(0.0, 7.0]",CONTRACTING,1,4.0,0.5,30,6638,156,4915,157,4914,1970.0186452075616,574.381314253559,0.023501054534498342,0.023651702319975897,0.7404338656221754,0.23606507984332625,-0.27621271467309433,0.2967789462500093,-0.06596304143507042,-0.06528512640042143,0.08652927301198539,0.02748463955724403,-0.052417519496311134,-0.01354552193875929,-0.003983585022745689,0.03327021413852096,False,False,False,False,-0.09857772012798209,-0.08227038078152626
"(0.0, 7.0]",EXPANDING,1,2.0,0.5,15,3185,295,2069,312,2052,482.370939262701,248.0024988095714,0.09262166405023547,0.09795918367346938,0.649607535321821,0.25777080062794344,-0.13956043956043956,0.1514508443524964,-0.06597537191424503,-0.052631572856160255,0.07786577670630185,0.07875785514425944,-0.07464735671816143,0.0086719848039164,0.013863808905976036,0.09243178601003602,False,True,False,False,-0.09558725465366207,-0.08078131328395355
"(0.0, 7.0]",STABLE,1,3.0,0.75,15,11804,283,5558,289,5552,3518.3570305403764,979.5002559918729,0.023974923754659438,0.024483226025076247,0.470857336496103,0.5051677397492376,-0.28121823110809896,0.2980648111267686,-0.06613378731374928,-0.06422765379968624,0.08298036733241891,0.025411678363377828,-0.06802646308550622,0.0018926757717569465,-0.00143675460871839,0.029562720850785963,False,False,False,False,-0.06099512440958378,-0.06356445586166654
"(7.0, 10.0]",EXPANDING,-1,0.75,0.75,15,3844,1607,1667,1686,1588,-8.360421093581296,201.40036603368605,0.418054110301769,0.4386056191467222,0.43366285119667014,0.14828303850156088,-0.011706555671175858,-0.002174927443699609,-0.06627491860750971,-0.03544765534007996,0.05239343549263425,0.41685699550578353,-0.06138700297921196,-0.004887915628297754,0.0011971147959854433,0.4391799622945952,False,False,False,False,-0.06933921564518854,-0.06780706712634912
"(7.0, 10.0]",EXPANDING,1,1.0,0.5,30,3826,1199,2543,1296,2446,19.380479656381443,200.5004568862689,0.31338212232096185,0.3387349712493466,0.6646628332462101,0.02195504443282803,-0.01894929430214323,0.0050654677617306436,-0.06628854606113106,-0.02825927266855396,0.05240471952071848,0.30750999851873795,-0.07046050883910493,0.004171962777973867,0.005872123802223905,0.3285227860777596,False,False,False,False,-0.05192401550241498,-0.05910628078177302
"(14.0, inf]",STABLE,-1,3.0,0.75,30,2239,118,1305,120,1303,533.0016267835626,56.67423231965815,0.052702099151406875,0.053595355069227336,0.5828494863778473,0.36444841447074583,-0.2790308173291648,0.23805342866617357,-0.06628968536672422,-0.06293997567489751,0.025312296703732983,0.06395039858281665,-0.04018981916204716,-0.02609986620467706,-0.011248299431409772,0.07887899699253162,False,False,False,False,0.005250526318608544,-0.030519579524057837
"(0.0, 7.0]",EXPANDING,1,1.5,1.0,30,3153,1024,1610,1044,1590,110.7510724344486,245.83373862940914,0.32477006026006977,0.33111322549952427,0.5106248017760863,0.1646051379638439,-0.023469711385981605,0.03512561764492503,-0.06631229501901699,-0.050454381920380764,0.0779682012779604,0.3025655457061113,-0.07386215804093477,0.007549863021917777,0.022204514553958443,0.3256234173326085,False,False,False,False,-0.06444873153313763,-0.0653805132760773
"(0.0, 7.0]",STABLE,-1,2.0,1.0,30,11530,2261,5760,2273,5748,1430.3605745224236,957.4135127677637,0.19609713790112748,0.1971379011274935,0.49956634865568084,0.3043365134431917,-0.10737207285342584,0.12405555720055712,-0.06635324702908414,-0.06323095734998613,0.08303673137621541,0.1940340509356972,-0.07589165251975305,0.009538405490668908,0.002063086965430283,0.204413104060687,False,False,False,False,-0.06394848236914265,-0.0651508646991134
"(7.0, 10.0]",STABLE,-1,0.75,1.5,30,6501,3728,1621,3736,1613,-453.78977372031204,342.64702555540435,0.5734502384248578,0.5746808183356407,0.24934625442239655,0.1772035071527457,0.05606829718504845,-0.06980307240736995,-0.06644159348957336,-0.0636727886903117,0.05270681826725186,0.5861353873500222,-0.04824263733670771,-0.018198956152865653,-0.01268514892516448,0.6032146215054647,False,False,False,False,-0.028797848461467747,-0.04761972097552056
"(7.0, 10.0]",EXPANDING,-1,2.0,1.0,15,3844,365,1372,375,1362,587.550013048347,201.40036603368605,0.0949531737773153,0.09755463059313216,0.35691987513007284,0.5481269510926119,-0.16701352757544224,0.15284859860779057,-0.06655836446028593,-0.058753994012835355,0.05239343549263425,0.08524276136447359,-0.06606319824934094,-0.0004951662109449889,0.009710412412841707,0.09810816042454859,False,False,False,False,-0.03050772241983027,-0.0485330434400581
"(14.0, inf]",STABLE,-1,3.0,0.5,30,2239,98,1619,101,1616,422.91861592771687,56.67423231965815,0.04376953997320232,0.04510942384993301,0.7230906654756588,0.23313979455113887,-0.23023671281822242,0.18888727821693474,-0.06666173130502068,-0.061972137736463276,0.025312296703732983,0.0533215234720992,-0.04039359894609836,-0.026268132358922315,-0.009551983498896882,0.06707713030130973,False,False,False,False,-0.01251052638185926,-0.03958612884343997
"(14.0, inf]",CONTRACTING,1,2.0,0.5,15,858,33,528,33,528,162.826612102399,22.028981079620134,0.038461538461538464,0.038461538461538464,0.6153846153846154,0.34615384615384615,-0.23076923076923078,0.1897746061799522,-0.06666942771237895,-0.06666942771237895,0.02567480312310039,0.054474708171206226,-0.012898712745607332,-0.05377071496677162,-0.016013169709667763,0.07733564713032495,False,False,False,False,0.03113907849028405,-0.01776517461104745
"(0.0, 7.0]",STABLE,1,2.0,0.5,30,11530,1670,8341,1697,8314,1017.738502550268,957.4135127677637,0.1448395490026019,0.1471812662619254,0.723417172593235,0.1317432784041631,-0.0720294882914137,0.08826873395926002,-0.0667974857083691,-0.06094319256006034,0.08303673137621541,0.14624079545987523,-0.06785845085159499,0.0010609651432258865,-0.0014012464572733252,0.15553098314244634,False,False,False,False,-0.06751565114085589,-0.0671565684246125
"(0.0, 7.0]",CONTRACTING,1,2.0,1.0,15,6812,625,2393,631,2387,1277.234005122236,589.411051536283,0.09174985320023488,0.09263065179095713,0.3512918379330593,0.5569583088667058,-0.16779213153258954,0.18749765195570114,-0.06681988350176848,-0.06417748772960172,0.08652540392488006,0.09517912022384294,-0.06929621768838089,0.002476334186612403,-0.0034292670236080597,0.1052776178743119,False,False,False,False,-0.09982383906745243,-0.08332186128461046
"(7.0, 10.0]",EXPANDING,1,1.5,0.5,60,3761,883,2823,922,2784,32.79308101429038,197.27354096545074,0.23477798457856952,0.2451475671363999,0.7505982451475671,0.014623770273863301,-0.023132145705929273,0.008719245151366758,-0.06686531772165923,-0.0461261526059985,0.05245241716709671,0.23307027433295754,-0.06867939039146385,0.0018140726698046283,0.0017077102456119764,0.25254468858300716,False,False,False,False,-0.027554438578495516,-0.04720987815007737
"(0.0, 7.0]",EXPANDING,1,1.5,1.5,15,3185,685,650,693,642,-17.48936044738894,248.0024988095714,0.2150706436420722,0.2175824175824176,0.20408163265306123,0.5808477237048666,0.016483516483516484,-0.00549116497563232,-0.06687342519841769,-0.059338103377381574,0.07786577670630185,0.19200954084675015,-0.07523654549802765,0.008363120299609964,0.023061102795322058,0.21178162568649878,False,True,False,False,-0.09639345003522212,-0.0816334376168199
"(7.0, 10.0]",EXPANDING,-1,0.75,0.5,15,3844,1364,2220,1529,2055,31.264961461056295,201.40036603368605,0.3548387096774194,0.3977627471383975,0.5775234131113424,0.06763787721123826,-0.02263267429760666,0.008133444708911627,-0.06689266508132928,-0.013237618255106595,0.05239343549263425,0.35806380313858394,-0.06103972502743524,-0.005852940053894043,-0.003225093461164563,0.37980798061167753,False,False,False,False,-0.07321341625511614,-0.07005304066822271
"(7.0, 10.0]",EXPANDING,1,1.0,1.5,30,3826,1841,1143,1857,1127,-182.17627931950025,200.5004568862689,0.4811813904861474,0.485363303711448,0.29874542603240983,0.22007318348144278,0.03306325143753267,-0.04761533698889186,-0.06695680507207767,-0.05650202200882623,0.05240471952071848,0.47030069619315656,-0.052096933481957826,-0.014859871590119846,0.010880694292990822,0.49291855218931396,False,False,False,False,-0.04891731355413691,-0.05793705931310729
"(10.0, 14.0]",STABLE,-1,1.0,0.5,15,3807,947,2327,1000,2274,105.0084846983364,144.0679971017326,0.24875229839768848,0.2626740215392698,0.6112424481218808,0.1400052534804308,-0.056868925663251906,0.027583000971456897,-0.06712884486561496,-0.04624626015324303,0.03784292017381996,0.24900422450211226,-0.06325987026096049,-0.0038689746046544765,-0.0002519261044237886,0.2687879723580657,False,False,False,False,-0.034518061677906955,-0.05082345327176096
"(14.0, inf]",CONTRACTING,1,2.0,1.0,60,848,174,480,174,480,96.85204688613646,21.794415002467627,0.20518867924528303,0.20518867924528303,0.5660377358490566,0.22877358490566035,-0.15566037735849056,0.11421231944119865,-0.0671490190051075,-0.0671490190051075,0.025700961087815596,0.23738184412341715,0.04345953032317402,-0.11060854932828151,-0.03219316487813412,0.2789810604441098,False,False,False,False,-0.005129624218696039,-0.03613932161190177
"(0.0, 7.0]",STABLE,1,4.0,1.0,15,11804,97,4187,98,4186,3985.4241705663853,979.5002559918729,0.008217553371738394,0.008302270416807861,0.3547102677058624,0.6370721789223992,-0.3218400542189088,0.3376333590788195,-0.06718706247250826,-0.06676347724716092,0.08298036733241891,0.008348240906380441,-0.0619965997686471,-0.005190462703861164,-0.00013068753464204677,0.010789931407238903,False,False,False,False,-0.07658652866806707,-0.07188679557028767
"(0.0, 7.0]",STABLE,-1,4.0,0.5,60,10983,654,8958,660,8952,2037.5824376552107,912.715133199325,0.059546571974870253,0.060092870800327776,0.8156241464080852,0.12482928161704454,-0.1696257853045616,0.18552148207732047,-0.06720683743459112,-0.06474849272003225,0.08310253420734999,0.0594679186228482,-0.07588823907971734,0.008681401645126222,7.865335202205531e-05,0.0658831569787604,False,False,False,False,-0.0374437510698855,-0.05232529425223831
"(7.0, 10.0]",EXPANDING,-1,3.0,0.75,15,3844,116,1858,125,1849,987.8153685209575,201.40036603368605,0.030176899063475548,0.032518210197710715,0.4833506763787721,0.48647242455775236,-0.2719823100936524,0.2569759023207486,-0.06739984326553813,-0.05861992651215624,0.05239343549263425,0.02416562292787151,-0.07093743757993078,0.003537594314392642,0.006011276135604038,0.03138698345821916,False,False,False,False,-0.03790701867734833,-0.05265343097144323
"(0.0, 7.0]",STABLE,1,1.5,0.75,60,10983,3577,7088,3608,7057,122.79437929795742,912.715133199325,0.325685149776928,0.3285076937084585,0.6453610124738232,0.028953837749248867,0.004506965310024583,0.01118040419721,-0.06741516470011541,-0.061064440854171675,0.08310253420734999,0.3232100938967136,-0.07604817869342566,0.008633013993310248,0.0024750558802143496,0.33574958717503656,False,False,False,False,-0.052500557981723546,-0.059957861340919474
"(0.0, 7.0]",EXPANDING,-1,1.5,0.75,30,3153,875,1895,892,1878,141.80235451059383,245.83373862940914,0.27751347922613384,0.28290516967967017,0.6010149064383127,0.12147161433555353,-0.034490960989533775,0.04497378830022005,-0.06748537396727412,-0.05535407044681742,0.0779682012779604,0.2692181417381924,-0.07349949999332445,0.006014126026050323,0.008295337487941423,0.2915119210721979,False,False,False,False,-0.0863891217590107,-0.0769372478631424
"(0.0, 7.0]",STABLE,-1,2.0,0.5,30,11530,1647,8307,1674,8280,1038.4580551136953,957.4135127677637,0.14284475281873374,0.14518647007805724,0.7204683434518647,0.1366869037294015,-0.07454466608846487,0.0900657463238244,-0.06751565114085589,-0.06166135799254713,0.08303673137621541,0.13986210778106092,-0.07951510549911535,0.011999454358259456,0.0029826450376728153,0.148983913467335,False,False,False,False,-0.0667974857083691,-0.0671565684246125
"(10.0, 14.0]",STABLE,-1,3.0,1.5,15,3807,89,564,89,564,465.83602076858585,144.0679971017326,0.02337798791699501,0.02337798791699501,0.14814814814814814,0.8284738639348569,-0.1520882584712372,0.12236302095313524,-0.06756815769192193,-0.06756815769192191,0.03784292017381996,0.025588412794206396,-0.06445259810539589,-0.00311555958652604,-0.002210424877211386,0.0330424977834972,False,False,False,False,-0.016070232423716045,-0.04181919505781899
"(10.0, 14.0]",EXPANDING,-1,1.0,1.0,30,2791,1178,1243,1196,1225,-20.152328652417232,103.48692488951522,0.4220709423145826,0.4285202436402723,0.44536008599068433,0.13256897169473314,-0.023289143676101756,-0.007220468882987185,-0.06758841044139464,-0.05468980779001521,0.037078797882305704,0.40615906886517944,-0.0789517941515623,0.011363383710167652,0.015911873449403147,0.43227115930710613,False,False,False,False,-0.0194677879745962,-0.04352809920799542
"(10.0, 14.0]",STABLE,-1,4.0,1.0,15,3807,35,1219,35,1219,964.9424579969095,144.0679971017326,0.009193590753874442,0.009193590753874442,0.3201996322563698,0.6706067769897557,-0.2834252692408721,0.2534653159960361,-0.06780287341865592,-0.06780287341865592,0.03784292017381996,0.010500905250452625,-0.06382076577500838,-0.003982107643647537,-0.0013073144965781835,0.01541960052401962,False,False,False,False,-0.021799082215758842,-0.04480097781720738
"(10.0, 14.0]",EXPANDING,1,0.75,0.5,30,2791,1028,1728,1139,1617,7.219381773833655,103.48692488951522,0.3683267646005016,0.4080974561089215,0.6191329272662128,0.01254030813328555,-0.033321390182730205,0.0025866649135914206,-0.0678135231514445,-0.018100158765919586,0.037078797882305704,0.38785160038797284,-0.04079234391447124,-0.02702117923697326,-0.019524835787471218,0.4137747709887432,False,False,False,False,-0.060232352411913985,-0.06402293778167924
"(7.0, 10.0]",EXPANDING,-1,0.75,1.0,15,3844,1737,1249,1785,1201,-113.16245458397631,201.40036603368605,0.45187304890738816,0.46436004162330907,0.3249219562955255,0.2232049947970864,0.01398283038501561,-0.029438723877205076,-0.06784932898482372,-0.04599709173196211,0.05239343549263425,0.44595888897075076,-0.05740497623503545,-0.01044435274978827,0.005914159936637409,0.46844619437170804,False,False,False,False,-0.0592270485344691,-0.06353818875964641
"(10.0, 14.0]",STABLE,-1,0.75,1.0,60,3763,2062,1648,2089,1621,-11.77033354384935,142.4723347408888,0.5479670475684294,0.555142173797502,0.43794844538931704,0.014084507042253558,-0.02697315971299495,-0.0031279121827928118,-0.06796244174454907,-0.05540597084367211,0.03786136984876131,0.5455655998045443,-0.07187267217768706,0.0039102304331379845,0.0024014477638850673,0.5682701768221599,False,False,False,False,-0.016934642828643685,-0.04244854228659638
"(7.0, 10.0]",EXPANDING,1,1.0,0.75,30,3826,1497,2104,1548,2053,21.43646084752773,200.5004568862689,0.391270256142185,0.40460010454783063,0.5499215891270256,0.058808154730789375,-0.021170935703084162,0.005602838695119637,-0.06797281652868299,-0.04464558181880323,0.05240471952071848,0.3819434157902533,-0.06940495793735074,0.0014321414086677503,0.009326840351931709,0.40401543440982324,False,False,False,False,-0.054012519930395374,-0.06099266822953918
"(10.0, 14.0]",EXPANDING,-1,2.0,1.0,60,2771,756,1696,763,1689,98.2750826831664,102.7589053624695,0.2728256946950559,0.27535185853482497,0.6120534103211837,0.11512089498376044,-0.06640202093107181,0.035465565746361026,-0.06802014531912778,-0.06044165379982068,0.037083690134417,0.24932812118250672,-0.0862933763184547,0.018273230999326914,0.02349757351254919,0.2725551885175828,False,True,False,False,0.009216083145351318,-0.029402031086888235
"(7.0, 10.0]",CONTRACTING,1,0.75,1.5,30,3175,1811,832,1815,828,-159.60106228802445,167.69485600288158,0.5703937007874016,0.5716535433070866,0.2620472440944882,0.1675590551181102,0.034724409448818896,-0.05026805111433841,-0.06836091914674206,-0.06552627347745071,0.052817277481222544,0.5825062953636498,-0.050110537439989215,-0.01825038170675284,-0.012112594576248248,0.6069550617642041,False,False,False,False,-0.006504875283516391,-0.03743289721512923
"(7.0, 10.0]",STABLE,-1,0.75,1.0,30,6501,3394,2569,3456,2507,-78.5021953431034,342.64702555540435,0.5220735271496693,0.5316105214582372,0.3951699738501769,0.08275649900015386,-0.0036148284879249344,-0.012075403067697799,-0.06839704982287459,-0.051707309782880746,0.05270681826725186,0.5344393423196564,-0.05377565803725373,-0.014621391785620858,-0.012365815169987138,0.5517557969738451,False,False,False,False,-0.0457612315633118,-0.057079140693093194
"(10.0, 14.0]",STABLE,-1,1.0,1.0,60,3763,1754,1866,1767,1853,-2.913529933056485,142.4723347408888,0.4661174594738241,0.46957214988041457,0.49588094605368055,0.03800159447249535,-0.0297634865798565,-0.0007742572237726508,-0.06839911365239046,-0.061489732839209485,0.03786136984876131,0.46151966772538483,-0.08024595941129663,0.011846845758906169,0.004597791748439273,0.4843042048137177,False,False,False,False,-0.014233006858313135,-0.0413160602553518
"(10.0, 14.0]",EXPANDING,1,0.75,0.5,60,2771,1038,1730,1148,1620,-0.516819042698634,102.7589053624695,0.3745940093828943,0.414290869722122,0.6243233489714904,0.0010826416456152232,-0.03121616744857452,-0.00018650993962419127,-0.06848636752261572,-0.01886529209858107,0.037083690134417,0.3987295382360127,-0.03849861779293684,-0.02998774972967888,-0.024135528853118426,0.4248635648610409,False,False,False,False,-0.05891696332099224,-0.06370166542180399
"(0.0, 7.0]",STABLE,1,2.0,0.75,15,11804,1040,5538,1052,5526,2243.991021748832,979.5002559918729,0.0881057268722467,0.0891223314130803,0.46916299559471364,0.44273127753303965,-0.17566079295154186,0.1901042885249773,-0.06853687175898349,-0.06574120927169104,0.08298036733241891,0.09031695793770927,-0.0730743450596775,0.0045374733006940116,-0.002211231065462574,0.09778873749943166,False,False,False,False,-0.06535163744442547,-0.06694425460170447
"(0.0, 7.0]",STABLE,-1,1.5,0.5,60,10983,2754,8087,2836,8005,72.27742428822523,912.715133199325,0.2507511608850041,0.25821724483292363,0.7363197669125011,0.012929072202494729,0.007966857871255577,0.006580845332625442,-0.06855483100346897,-0.05362266310762995,0.08310253420734999,0.24677230046948356,-0.0774351929277008,0.008880361924231833,0.003978860415520535,0.25835062477944754,False,False,False,False,-0.07191181232137629,-0.07023332166242263
"(0.0, 7.0]",EXPANDING,1,1.5,1.5,30,3153,1151,1105,1164,1092,-39.51477332235609,245.83373862940914,0.3650491595306058,0.3691722169362512,0.35045987947986046,0.28449096098953375,0.021883920076117985,-0.012532436829164634,-0.06861671803100705,-0.05624754581407081,0.0779682012779604,0.33413066929318513,-0.07634123851648575,0.0077245204854786975,0.03091849023742066,0.35777942858882256,False,True,False,False,-0.09968885674185,-0.08415278738642853
"(14.0, inf]",EXPANDING,-1,0.75,1.0,60,2541,1346,1109,1363,1092,-14.055653534124422,60.8751728936191,0.5297127115308934,0.5364029909484455,0.4364423455332546,0.033844942935851996,-0.03915781188508461,-0.005531544090564511,-0.06864652751977313,-0.05693853853905688,0.023957171544124006,0.536115569823435,-0.05651497415320964,-0.012131553366563484,-0.006402858292541613,0.5637854882563047,False,False,False,False,0.0010764587302239694,-0.03378503439477458
"(10.0, 14.0]",EXPANDING,-1,1.0,0.75,30,2791,1039,1521,1061,1499,13.632376435867906,103.48692488951522,0.3722680042995342,0.3801504836975994,0.5449659620207811,0.08276603367968471,-0.03645646721605159,0.004884405745563564,-0.06865085935279373,-0.054856520406179624,0.037078797882305704,0.3636032977691562,-0.07792728615542395,0.009276426802630217,0.008664706530378041,0.3892169154494581,False,False,False,False,-0.03573302858816622,-0.05219194397047998
"(0.0, 7.0]",STABLE,-1,3.0,1.5,60,10983,2121,5528,2127,5522,2086.5374635278267,912.715133199325,0.1931166347992352,0.1936629336246927,0.5033233178548666,0.30356004734589814,-0.17563507238459436,0.18997882759972928,-0.06875877899221508,-0.06630043427765622,0.08310253420734999,0.1898474178403756,-0.0951812894518071,0.026422510459592013,0.0032692169588595943,0.20039665226445125,False,False,False,False,-0.06142497890856092,-0.065091878950388
"(0.0, 7.0]",CONTRACTING,1,3.0,0.5,30,6638,399,4907,405,4901,1373.3319267804638,574.381314253559,0.06010846640554384,0.06101235311840916,0.7392286833383549,0.2006628502561013,-0.18928894245254596,0.2068894134950985,-0.06892880196943284,-0.06576519847440421,0.08652927301198539,0.06336475775057455,-0.058403315180546,-0.010525486788886838,-0.0032562913450307138,0.07189365658881462,False,False,False,False,-0.09350798100747604,-0.08121839148845444
"(0.0, 7.0]",STABLE,-1,3.0,0.5,15,11804,316,7386,319,7383,2910.307094470518,979.5002559918729,0.02677058624195188,0.027024737377160286,0.6257200948830904,0.34750931887495773,-0.2325482887156896,0.24655261728825129,-0.06897603875985722,-0.06808650978662781,0.08298036733241891,0.02577863400761433,-0.08166516482142633,0.012689126061569106,0.0009919522343375502,0.029958037048387454,False,False,False,False,-0.07138671254796526,-0.07018137565391125
"(0.0, 7.0]",CONTRACTING,1,1.5,1.0,60,6403,2433,3623,2455,3601,85.56546814538375,553.8240083541089,0.37997813524910196,0.38341402467593316,0.5658285178822428,0.05419334686865529,0.004138684991410276,0.013363340331935616,-0.06899243170525146,-0.06040270813817353,0.08649445702859736,0.37940140845070425,-0.07337642638409009,0.004383994678838626,0.0005767267983977087,0.3964315811256565,False,False,False,False,-0.09403730412707552,-0.0815148679161635
"(14.0, inf]",CONTRACTING,1,1.5,1.5,30,855,204,249,204,249,30.410368327667275,21.95308796592333,0.23859649122807017,0.23859649122807017,0.2912280701754386,0.47017543859649125,-0.07894736842105263,0.03556768225458161,-0.06905581244240475,-0.06905581244240475,0.02567612627593372,0.26660761736049604,0.013788417857080135,-0.08284423029948489,-0.028011126132425873,0.3095536035795416,False,False,False,False,0.017703559890537308,-0.02567612627593372
"(0.0, 7.0]",STABLE,1,2.0,1.5,60,10983,3762,5261,3775,5248,520.9621890214717,912.715133199325,0.34252936356186836,0.34371301101702634,0.47901302012200675,0.1784576163161249,-0.033460803059273424,0.04743350532836854,-0.06912983193825488,-0.06498706584520197,0.08310253420734999,0.34438575899843504,-0.06492260252486584,-0.004207229413389038,-0.0018563954365666824,0.35712027254984524,False,False,False,False,-0.08161328511542351,-0.07537155852683919
"(0.0, 7.0]",STABLE,1,4.0,0.5,15,11804,80,7444,83,7441,3565.438854269075,979.5002559918729,0.006777363605557438,0.007031514740765842,0.6306336834971196,0.36258895289732296,-0.28820738732633006,0.3020534441095455,-0.06913431054920349,-0.06799063044076567,0.08298036733241891,0.006926287784963993,-0.06810647680164039,-0.0010278337475631005,-0.00014892417940655465,0.009160445042427502,False,False,False,False,-0.07175909000948,-0.07044670027934175
"(14.0, inf]",STABLE,-1,1.5,0.75,60,2218,624,1437,632,1429,44.5439148702913,56.16247469205734,0.2813345356176736,0.284941388638413,0.6478809738503156,0.07078449053201086,-0.06390892696122633,0.020082919238183634,-0.06914723165994863,-0.061031812363284955,0.025321223936905925,0.28125557339040486,-0.06334107278184456,-0.005806158878104067,7.89622272687196e-05,0.3082187433551082,False,False,False,False,0.02316722907192234,-0.022990001294013143
"(14.0, inf]",CONTRACTING,1,2.0,0.5,30,855,75,599,75,599,112.26120764917464,21.95308796592333,0.08771929824561403,0.08771929824561403,0.7005847953216374,0.2116959064327485,-0.17485380116959065,0.1312996580692101,-0.06923026937631427,-0.06923026937631427,0.02567612627593372,0.10983170947741364,0.0002018312934861381,-0.0694321006698004,-0.022112411231799606,0.14080159091687658,False,False,False,False,0.03914918989910017,-0.015040539738607049
"(7.0, 10.0]",EXPANDING,-1,1.0,1.5,15,3844,1336,669,1349,656,-397.2413289023152,201.40036603368605,0.34755463059313213,0.35093652445369405,0.17403746097814776,0.47840790842872016,0.08649843912591051,-0.10334061625970739,-0.06923561262643113,-0.06078087797502635,0.05239343549263425,0.3384660723495174,-0.05715391590940517,-0.012081696717025962,0.009088558243614708,0.3599401795214795,False,False,False,False,-0.050305069280000725,-0.05977034095321593
"(10.0, 14.0]",STABLE,-1,0.75,0.75,15,3807,1500,1615,1554,1561,-33.65366627192271,144.0679971017326,0.39401103230890466,0.4081954294720252,0.4242185447859207,0.18177042290517464,-0.02265563435776202,-0.008839943859186423,-0.0693384983907684,-0.04806190264608755,0.03784292017381996,0.3969824984912492,-0.06660978409568867,-0.0027287142950797316,-0.002971466182344562,0.4192551625499188,False,False,False,False,-0.027623937701552376,-0.04848121804616039
"(7.0, 10.0]",EXPANDING,1,0.75,0.75,15,3844,1588,1686,1667,1607,8.360421093581296,201.40036603368605,0.413111342351717,0.43366285119667014,0.4386056191467222,0.14828303850156083,-0.0191207075962539,0.002174927443699609,-0.06933921564518854,-0.038511952377758785,0.05239343549263425,0.40919472482133645,-0.06698982605537993,-0.002349389589808612,0.003916617530380528,0.4314612346157754,False,False,False,False,-0.06627491860750971,-0.06780706712634912
"(0.0, 7.0]",STABLE,1,1.5,0.75,30,11530,3086,6722,3115,6693,567.5654656124017,957.4135127677637,0.2676496097137901,0.2701647875108413,0.5830008673026886,0.14934952298352122,-0.03577623590633131,0.04922510543039043,-0.06958786185215629,-0.06392871180879114,0.08303673137621541,0.2687960227006238,-0.07694514314543056,0.007357281293274273,-0.0011464129868337114,0.2804089715215965,False,False,False,False,-0.061258097834243644,-0.06542297984319997
"(10.0, 14.0]",STABLE,-1,2.0,0.5,15,3807,250,2408,259,2399,582.957529210266,144.0679971017326,0.06566850538481744,0.06803257157867088,0.6325190438665615,0.30181245074862106,-0.18492251116364591,0.1531277985842569,-0.06963763275320899,-0.06372746726857542,0.03784292017381996,0.07193723596861798,-0.05722070333965877,-0.012416929413550215,-0.006268730583800536,0.0839271219967897,False,False,False,False,-0.028686267573158446,-0.04916195016318371
"(0.0, 7.0]",STABLE,-1,1.5,0.75,15,11804,2053,5441,2090,5404,1158.746233419797,979.5002559918729,0.17392409352761776,0.17705862419518809,0.4609454422229753,0.365130464249407,-0.08482294137580482,0.0981655568807012,-0.06963775182752253,-0.06258505782548932,0.08298036733241891,0.17251502224668594,-0.08174981385311879,0.012112062025596254,0.0014090712809318173,0.182321955777271,False,False,False,False,-0.07266643723379192,-0.07115209453065723
"(7.0, 10.0]",STABLE,-1,1.0,1.5,30,6501,3007,1782,3012,1777,-444.50890642148823,342.64702555540435,0.4625442239655438,0.4633133364097831,0.27411167512690354,0.2633441009075527,0.05137671127518843,-0.06837546630079806,-0.06970557329286149,-0.06778279218226313,0.05270681826725186,0.4757073026218338,-0.05029489067555665,-0.019410682617304845,-0.013163078656290017,0.49306580315948284,False,False,False,False,-0.027682615839654263,-0.04869409456625788
"(7.0, 10.0]",STABLE,-1,1.0,1.5,15,6535,2157,1024,2161,1020,-732.4978945262516,344.38265460412464,0.33006885998469776,0.3306809487375669,0.1566947207345065,0.5132364192807958,0.09502677888293802,-0.11208843068496581,-0.06975983919363064,-0.06822961731145773,0.052698187391602855,0.3384660723495174,-0.05715391590940517,-0.012605923284225475,-0.008397212364819662,0.35492016058425296,False,False,False,False,-0.022770260647366477,-0.04626504992049856
"(10.0, 14.0]",STABLE,-1,1.0,1.0,30,3792,1552,1628,1564,1616,-45.033940485192645,143.52642635421205,0.4092827004219409,0.41244725738396626,0.4293248945147679,0.16139240506329117,-0.020042194092827006,-0.011876039157487512,-0.06976802922980083,-0.06343891530575019,0.0378497959794863,0.40615906886517944,-0.0789517941515623,0.00918376492176147,0.003123631556761486,0.42855395974708804,False,False,False,False,-0.012260676653222417,-0.04101435294151162
"(0.0, 7.0]",EXPANDING,1,1.5,1.0,15,3185,654,1172,668,1158,216.77935676408563,248.0024988095714,0.2053375196232339,0.2097331240188383,0.36797488226059655,0.4266875981161696,-0.05996860282574568,0.06806259239060773,-0.06977178714143979,-0.05878277615242881,0.07786577670630185,0.18439521122884273,-0.07498805838339379,0.005216271241953993,0.02094230839439118,0.20387138859329348,False,True,False,False,-0.0759115770832905,-0.07284168211236514
"(14.0, inf]",EXPANDING,-1,3.0,1.5,30,2551,197,717,197,717,367.56901832040666,61.10121343036764,0.07722461779694237,0.07722461779694237,0.28106624852998824,0.6417091336730694,-0.18992551940415522,0.1440882078872625,-0.06978917879653508,-0.06978917879653508,0.023951867279642353,0.07351638618246235,-0.06223375119722044,-0.007555427599314643,0.003708231614480015,0.08837359476274308,False,False,False,False,0.048795142648956555,-0.010497018073789263
"(7.0, 10.0]",EXPANDING,-1,2.0,1.5,15,3844,385,700,396,689,213.093903101101,201.40036603368605,0.10015608740894902,0.10301768990634755,0.18210197710718,0.717741935483871,-0.07284079084287201,0.05543545866313762,-0.06979876767236864,-0.059783158931473734,0.05239343549263425,0.08907389670669712,-0.06633283106267762,-0.0034659366096910227,0.011082190702251901,0.1021903843791284,False,False,False,False,-0.035587734570005254,-0.052693251121186946
"(7.0, 10.0]",STABLE,-1,1.0,0.5,15,6535,1673,3973,1778,3868,201.52661880758072,344.38265460412464,0.25600612088752867,0.2720734506503443,0.6079571537872992,0.1360367253251722,-0.047972456006120885,0.030838044193967976,-0.06983259920375576,-0.04573160455953235,0.052698187391602855,0.2639062845354748,-0.0578478822755171,-0.011984716928238659,-0.007900163647946157,0.2792630974025979,False,False,False,False,-0.04852521838460571,-0.05917890879418074
"(7.0, 10.0]",EXPANDING,-1,1.0,1.0,15,3844,1272,1317,1301,1288,-22.28596748597356,201.40036603368605,0.3309053069719043,0.33844953173777315,0.34261186264308013,0.3264828303850155,-0.011706555671175858,-0.005797598201345879,-0.06989758936515598,-0.054809139833418216,0.05239343549263425,0.3236572607382303,-0.059884635224586466,-0.010012954140569519,0.007248046233673977,0.344900208735918,False,False,False,False,-0.04997773115185028,-0.05993766025850313
"(10.0, 14.0]",STABLE,-1,4.0,0.5,15,3807,29,2416,29,2416,969.8637308750593,144.0679971017326,0.0076175466246388235,0.0076175466246388235,0.6346204360388757,0.3577620173364854,-0.2868400315208826,0.25475800653403186,-0.06992494516067067,-0.06992494516067067,0.03784292017381996,0.009535304767652384,-0.05541128985282804,-0.014513655307842634,-0.0019177581430135605,0.014238351670914551,False,False,False,False,-0.0314706484573088,-0.05069779680898974
"(14.0, inf]",STABLE,-1,4.0,0.75,30,2239,53,1309,53,1309,669.6129568823288,56.67423231965815,0.023671281822242072,0.023671281822242072,0.5846359982134882,0.3916927199642697,-0.34379187137114786,0.2990678681921969,-0.07003629988268394,-0.07003629988268394,0.025312296703732983,0.02674933569530558,-0.04480599200276276,-0.025230307879921178,-0.0030780538730635076,0.036780427557974726,False,False,False,False,0.004745646789461713,-0.03264532654661111
"(7.0, 10.0]",STABLE,-1,0.75,0.5,15,6535,2293,3761,2500,3554,47.397759771077894,344.38265460412464,0.3508798775822494,0.38255547054322875,0.5755164498852333,0.0736036725325172,-0.02459831675592961,0.007252908916767849,-0.07004359523076462,-0.03044910402954044,0.052698187391602855,0.35806380313858394,-0.06103972502743524,-0.009003870203329378,-0.007183925556334514,0.3747271765866316,False,False,False,False,-0.05654144785679962,-0.06329252154378212
"(0.0, 7.0]",EXPANDING,-1,0.75,1.0,15,3185,1527,1060,1573,1014,-60.5676501935947,248.0024988095714,0.4794348508634223,0.49387755102040815,0.3328100470957614,0.1877551020408163,0.026766091051805337,-0.019016530673028165,-0.07011621632752467,-0.0448414910527994,0.07786577670630185,0.44942892527865697,-0.09058149582556957,0.0204652794980449,0.030005925584765336,0.4741508979467311,False,True,False,False,-0.09570573753317052,-0.0829109769303476
"(0.0, 7.0]",STABLE,1,4.0,1.5,15,11804,103,2283,104,2282,3163.9040376699613,979.5002559918729,0.008725855642155202,0.00881057268722467,0.19340901389359538,0.7978651304642495,-0.25521009827177227,0.26803660095475784,-0.07015386464943338,-0.06968792090155129,0.08298036733241891,0.008852804917205633,-0.062053053864951836,-0.008100810784481542,-0.00012694927505043155,0.011363704984644675,False,False,False,False,-0.08789388577073065,-0.07902387521008201
"(7.0, 10.0]",STABLE,-1,1.0,1.0,30,6501,2736,2824,2779,2781,-25.510869159977197,342.64702555540435,0.42085832948777113,0.4274726965082295,0.4343947085063836,0.14474696200584525,-0.01353637901861252,-0.003924145386860052,-0.07016734267272443,-0.05693860863180765,0.05270681826725186,0.4333432084135684,-0.0552104598667586,-0.014956882805965827,-0.01248487892579725,0.45058252111301295,False,False,False,False,-0.048475027902696075,-0.05932118528771025
"(0.0, 7.0]",STABLE,1,3.0,1.0,15,11804,299,4185,304,4180,3438.9777950416455,979.5002559918729,0.025330396475770924,0.025753981701118266,0.35454083361572347,0.6201287699085056,-0.2785496441884107,0.2913400368554427,-0.07018997466538693,-0.06849563376399756,0.08298036733241891,0.026833631484794274,-0.06405928546697895,-0.006130689198407979,-0.0015032350090233501,0.0310933704109593,False,False,False,False,-0.07325925162885512,-0.07172461314712103
"(10.0, 14.0]",EXPANDING,1,0.75,0.5,15,2800,931,1655,1041,1545,36.50472131129712,103.806775555842,0.3325,0.3717857142857143,0.5910714285714286,0.0764285714285714,-0.046160714285714284,0.0130374004683204,-0.07019716223019459,-0.02109001937305174,0.03707384841280071,0.3505129752564876,-0.041342938974855775,-0.028854223255338818,-0.018012975256487596,0.37588949891501117,False,False,False,False,-0.059399434202804906,-0.06479829821649975
"(0.0, 7.0]",STABLE,1,2.0,1.5,30,11530,2501,3921,2511,3911,1026.8244845647414,957.4135127677637,0.21691240242844753,0.21777970511708586,0.3400693842150911,0.44301821335646135,-0.07627927146574154,0.08905676362226725,-0.0702592392196897,-0.06722367980945554,0.08303673137621541,0.21861075934524646,-0.06649360579209078,-0.003765633427598919,-0.0016983569167989265,0.22945047327937737,False,False,False,False,-0.08350681433660363,-0.07688302677814667
"(0.0, 7.0]",EXPANDING,-1,2.0,1.0,60,3062,910,1911,918,1903,114.87953145717789,239.44254018301092,0.29719137818419333,0.2998040496407577,0.6241018941868061,0.07870672762900066,-0.029719137818419335,0.03751780909770669,-0.07039941499863912,-0.06256140062894612,0.07819808627792649,0.2888791079812207,-0.07149749909256264,0.001098084093923521,0.00831227020297265,0.3119793812559486,False,False,False,False,-0.0615757715666553,-0.06598759328264721
"(7.0, 10.0]",STABLE,-1,0.75,0.5,60,6404,2470,3931,2680,3721,-0.20339745025613448,337.6828081939889,0.38569643972517176,0.4184884447220487,0.6138351030605871,0.00046845721424115805,-0.01764522173641474,-3.176100097691044e-05,-0.07040696527861415,-0.029416959032517963,0.0527299825412225,0.3949642991356633,-0.05871448203443455,-0.011692483244179597,-0.009267859410491519,0.412113609934442,False,False,False,False,-0.05947874098425386,-0.064942853131434
"(0.0, 7.0]",CONTRACTING,1,1.5,1.0,30,6638,1994,3221,2015,3200,336.9716458247383,574.381314253559,0.30039168424224166,0.30355528773727025,0.48523651702319975,0.21437179873455864,-0.0346489906598373,0.0507640322122233,-0.0704142314595994,-0.06250522272202783,0.08652927301198539,0.3025655457061113,-0.07386215804093477,0.0034479265813353727,-0.002173861463869664,0.3184286514293271,False,False,False,False,-0.08703850016093326,-0.07872636581026632
"(7.0, 10.0]",EXPANDING,-1,4.0,1.0,15,3844,52,1381,54,1379,1103.7222009170716,201.40036603368605,0.013527575442247659,0.01404786680541103,0.35926118626430803,0.6272112382934443,-0.30515088449531735,0.2871285642344099,-0.07041575575354174,-0.06781429893772488,0.05239343549263425,0.010314595152140279,-0.06965909979254203,-0.0007566559609997053,0.00321298029010738,0.01516763811921927,False,False,False,False,-0.02521259527486389,-0.04781417551420281
"(0.0, 7.0]",CONTRACTING,-1,4.0,0.5,60,6403,391,5238,391,5238,1157.4153535918563,553.8240083541089,0.06106512572231766,0.06106512572231766,0.8180540371700765,0.12088083710760578,-0.1647665156957676,0.1807614170844692,-0.07049955563989577,-0.07049955563989577,0.08649445702859736,0.0594679186228482,-0.07588823907971734,0.005388683439821573,0.0015972070994694637,0.06790679459997949,False,False,False,False,-0.052009832623196084,-0.061254694131545925
"(10.0, 14.0]",STABLE,-1,3.0,1.0,15,3807,85,1219,86,1218,839.4756160276006,144.0679971017326,0.02232729183083793,0.0225899658523772,0.3201996322563698,0.6574730759127922,-0.25321775676385605,0.22050843604612572,-0.0705522408915503,-0.06950154480539322,0.03784292017381996,0.024622812311406155,-0.06577174192631793,-0.00478049896523236,-0.0022955204805682264,0.031944285301756456,False,False,False,False,-0.022963692304123526,-0.04675796659783691
"(10.0, 14.0]",STABLE,-1,2.0,0.75,15,3807,281,1743,287,1737,620.1978060085528,144.0679971017326,0.07381140005253481,0.07538744418177042,0.4578408195429472,0.46834778040451797,-0.19575781455214078,0.16290985185409845,-0.07069088287186232,-0.06635676151646436,0.03784292017381996,0.07978273989136994,-0.06269923228981221,-0.007991650582050105,-0.005971339838835132,0.09233875566330213,False,False,False,False,-0.025204759208947356,-0.047947821040404834
"(7.0, 10.0]",STABLE,-1,1.0,0.5,60,6404,2049,4335,2158,4226,3.318233371677759,337.6828081939889,0.3199562773266708,0.3369768894440974,0.6769206745783886,0.0031230480949405726,-0.018504059962523422,0.0005181501204993377,-0.07071589238324658,-0.045184974207106675,0.0527299825412225,0.3293498684704998,-0.056585282350876,-0.014130610032370573,-0.009393591143828983,0.34586288783110036,False,False,False,False,-0.057120944969227753,-0.06391841867623717
"(7.0, 10.0]",STABLE,-1,1.0,0.5,30,6501,1990,4310,2096,4204,47.593907194625075,342.64702555540435,0.3061067528072604,0.3224119366251346,0.6629749269343178,0.030918320258421783,-0.025380710659898477,0.0073210132586717545,-0.0707665156684786,-0.04630873994166732,0.05270681826725186,0.3158050659161606,-0.057239534305468326,-0.013526981363010268,-0.00969831310890018,0.33202027780050297,False,False,False,False,-0.05464811701415494,-0.06270731634131677
"(0.0, 7.0]",CONTRACTING,1,1.5,1.5,15,6812,1287,1268,1296,1259,78.74164752447193,589.411051536283,0.18893129770992367,0.19025249559600704,0.18614210217263652,0.6249266001174398,0.00418379330593071,0.0115592553617839,-0.07078235525716546,-0.06681876159891531,0.08652540392488006,0.19200954084675015,-0.07523654549802765,0.004454190240862188,-0.003078243136826475,0.20548327219789606,False,False,False,False,-0.10623204625084481,-0.08850720075400514
"(0.0, 7.0]",EXPANDING,-1,0.75,1.0,60,3062,1755,1289,1808,1236,-4.696361899273439,239.44254018301092,0.5731548007838014,0.5904637491835402,0.4209666884389288,0.005878510777269752,0.008899412148922273,-0.0015337563354909992,-0.07083243046449521,-0.04054177076495243,0.07819808627792649,0.5660700312989045,-0.08524252543988739,0.014410094975392182,0.007084769484896891,0.5911020451796348,False,False,False,False,-0.09855223126695106,-0.08469233086572314
"(7.0, 10.0]",STABLE,-1,0.75,0.5,30,6501,2473,3962,2682,3753,7.76527760721655,342.64702555540435,0.38040301492078143,0.4125519150899862,0.6094447008152591,0.010152284263959421,-0.01942008921704353,0.001194474328136679,-0.07093243315615871,-0.030746307944652794,0.05270681826725186,0.38868315805065917,-0.0603169699742105,-0.010615463181948212,-0.008280143129877737,0.40565772212392104,False,False,False,False,-0.05835781810844396,-0.06464512563230133
"(7.0, 10.0]",EXPANDING,1,1.5,1.5,30,3826,1177,1258,1192,1243,50.486717043962294,200.5004568862689,0.30763199163617355,0.31155253528489285,0.3288029273392577,0.3635650810245687,-0.03175640355462624,0.013195691856759617,-0.07096543121858509,-0.059203800272427234,0.05240471952071848,0.29514146052436674,-0.051677453405255445,-0.019287977813329645,0.012490531111806813,0.3159192865622226,False,False,False,False,-0.04560563876900972,-0.058285534993797405
"(10.0, 14.0]",EXPANDING,-1,1.0,0.75,60,2771,1116,1619,1137,1598,4.102750131265747,102.7589053624695,0.4027426921688921,0.4103211836881992,0.5842656080837243,0.012991699747383567,-0.03545651389390112,0.001480602717887314,-0.07105960131043079,-0.057797241151643364,0.037083690134417,0.3976301001710237,-0.07891634856957636,0.007856747259145563,0.005112591997868399,0.4237528926927834,False,False,False,False,-0.03209729766119341,-0.0515784494858121
"(14.0, inf]",EXPANDING,-1,1.0,1.0,60,2541,1136,1247,1146,1237,-8.91665458019785,60.8751728936191,0.4470680834317198,0.4510035419126328,0.4907516725698544,0.06218024399842581,-0.043683589138134596,-0.003509112388901161,-0.07114987307115976,-0.0632789561093337,0.023957171544124006,0.45318352059925093,-0.05917687669652118,-0.011972996374638584,-0.006115437167531157,0.480880914984302,False,False,False,False,0.015364613021085691,-0.027892630025037037
"(0.0, 7.0]",EXPANDING,-1,0.75,1.0,30,3153,1736,1263,1789,1210,-17.501882722100547,245.83373862940914,0.5505867427846496,0.5673961306692039,0.4005708848715509,0.04884237234379951,0.012369172216936251,-0.005550866705391864,-0.07114989576641602,-0.041733466968445834,0.0779682012779604,0.5354814502134047,-0.08732590549650196,0.01617600973008594,0.015105292571244933,0.5603293260878862,False,False,False,False,-0.09835915220800884,-0.08475452398721242
"(7.0, 10.0]",EXPANDING,1,0.75,1.5,30,3826,2229,1038,2250,1017,-186.58128848955766,200.5004568862689,0.5825927861996864,0.5880815473078934,0.2713016204913748,0.14610559330893885,0.02999215891270256,-0.04876667237050645,-0.07117923297852237,-0.0588295204850566,0.05240471952071848,0.5825062953636498,-0.050110537439989215,-0.021068695538533154,8.649083603651242e-05,0.604784545806696,False,False,False,False,-0.05195564846297611,-0.06156744072074924
"(7.0, 10.0]",STABLE,-1,2.0,0.5,60,6404,1110,5032,1118,5024,177.73764680618467,337.6828081939889,0.17332916926920675,0.17457838850718302,0.7857589006870705,0.04091193004372273,-0.0462211118051218,0.027754160962864566,-0.07119693338347974,-0.06807388528853907,0.0527299825412225,0.1831642239759489,-0.04676719196588685,-0.02442974141759289,-0.009835054706742147,0.19681920914602286,False,False,False,False,-0.04046155713547445,-0.05582924525947709
"(7.0, 10.0]",STABLE,-1,1.0,0.75,60,6404,2639,3690,2697,3632,10.081796265601533,337.6828081939889,0.41208619612742037,0.4211430356027483,0.5762023735165521,0.011711430356027508,-0.020065584009993753,0.0015742967310433374,-0.07122126982017292,-0.055371800738349054,0.0527299825412225,0.42074408117249157,-0.05704237390876667,-0.014178895911406246,-0.0086578850450712,0.4380531795467628,False,False,False,False,-0.06017794602876342,-0.06569960792446816
"(7.0, 10.0]",STABLE,-1,1.5,0.5,60,6404,1491,4804,1531,4764,47.021679959102045,337.6828081939889,0.23282323547782635,0.2390693316677077,0.750156152404747,0.01702061211742667,-0.02584322298563398,0.0073425484008591575,-0.07123065712599733,-0.058738464746234675,0.0527299825412225,0.24314167606163098,-0.05033744549287189,-0.020893211633125436,-0.010318440583804628,0.25825120414158814,False,False,False,False,-0.047650534743620035,-0.05944059593480868
"(7.0, 10.0]",EXPANDING,-1,3.0,1.0,15,3844,123,1379,131,1371,937.4493400187373,201.40036603368605,0.03199791883454735,0.034079084287200835,0.35874089490114464,0.609261186264308,-0.2627471383975026,0.2438733975074759,-0.07126717638266096,-0.06294251457204703,0.05239343549263425,0.025933839239666984,-0.06933592722096665,-0.0019312491616943067,0.006064079594880364,0.033397192842253634,False,False,False,False,-0.027673642618618294,-0.04947040950063963
"(10.0, 14.0]",STABLE,-1,1.0,0.75,60,3763,1512,2196,1539,2169,9.002726223297369,142.4723347408888,0.4018070688280627,0.4089821950571353,0.5835769332979006,0.014615997874036668,-0.03587563114536274,0.0023924332243681554,-0.0713445677697559,-0.05878809686887894,0.03786136984876131,0.3976301001710237,-0.07891634856957636,0.00757178079982046,0.004176968657039037,0.42003869332901667,False,False,False,False,-0.02031676885385051,-0.0458306683118032
"(0.0, 7.0]",STABLE,1,3.0,0.5,15,11804,252,7442,260,7434,3101.851501075691,979.5002559918729,0.02134869535750593,0.022026431718061675,0.6304642494069806,0.3481870552355134,-0.25118603863097255,0.26277969341542623,-0.07138671254796526,-0.06901463528602014,0.08298036733241891,0.022521902665015366,-0.07001289554281052,-0.0013738170051547371,-0.001173207307509437,0.026441408973537247,False,False,False,False,-0.06897603875985722,-0.07018137565391125
"(14.0, inf]",EXPANDING,-1,1.0,1.5,30,2551,1071,641,1075,637,-230.5381469291923,61.10121343036764,0.4198353586828695,0.4214033712269698,0.2512740101920815,0.328890631125049,0.042924343394747155,-0.09037167656965593,-0.07139920045455113,-0.06747916909430024,0.023951867279642353,0.43029229406554476,-0.05605509860262566,-0.015344101851925467,-0.010456935382675281,0.45780747696376706,False,False,False,False,0.0184340967997535,-0.026482551827398816
"(10.0, 14.0]",EXPANDING,-1,3.0,0.75,60,2771,354,2009,357,2006,349.3909383952953,102.7589053624695,0.12775171418260556,0.12883435582822086,0.7250090220137134,0.14723926380368102,-0.16050162396246842,0.1260883935024523,-0.07149692059443313,-0.06743701442337575,0.037083690134417,0.11275348155387246,-0.08897813529779855,0.017481214703365416,0.014998232628733094,0.12990520416107462,False,False,False,False,-0.014853374838775784,-0.04317514771660446
"(14.0, inf]",CONTRACTING,1,3.0,1.0,15,858,8,285,8,285,221.52347389895857,22.028981079620134,0.009324009324009324,0.009324009324009324,0.3321678321678322,0.6585081585081585,-0.3041958041958042,0.2581858670151032,-0.07168474030380136,-0.07168474030380136,0.02567480312310039,0.011142553944110364,-0.012779718266459747,-0.05890502203734161,-0.00181854462010104,0.02241990870653108,False,False,False,False,0.04678732752099315,-0.012448706391404104
"(14.0, inf]",CONTRACTING,1,2.0,0.5,60,848,110,644,110,644,62.948482881441706,21.794415002467627,0.12971698113207547,0.12971698113207547,0.7594339622641509,0.11084905660377353,-0.12028301886792453,0.07423170151113409,-0.07175227844460605,-0.07175227844460604,0.025700961087815596,0.16693418940609953,0.02003273725683186,-0.0917850157014379,-0.037217208274024055,0.20367295136982988,False,False,False,False,0.01049677456344965,-0.0306277519405782
"(0.0, 7.0]",STABLE,-1,4.0,0.5,15,11804,108,7395,110,7393,3397.955957519971,979.5002559918729,0.009149440867502542,0.009318874957641478,0.6264825482887156,0.3643680108437818,-0.27664351067434767,0.2878647879972866,-0.07175909000948,-0.07099663660385479,0.08298036733241891,0.009036282739323885,-0.0824551642489255,0.010696074239445505,0.00011315812817865728,0.011571844243288519,False,False,False,False,-0.06913431054920349,-0.07044670027934175
"(10.0, 14.0]",STABLE,-1,1.5,0.5,15,3807,478,2394,496,2376,350.8747563301906,144.0679971017326,0.12555818229577095,0.13028631468347782,0.6288416075650118,0.24560021013921718,-0.12608353033884948,0.09216568330186252,-0.07176076721080693,-0.06230450243539322,0.03784292017381996,0.1327700663850332,-0.06046119663731442,-0.011299570573492512,-0.007211884089262238,0.14839801156512072,False,False,False,False,-0.030908281126970447,-0.05133452416888869
"(7.0, 10.0]",EXPANDING,1,0.75,1.0,30,3826,2020,1563,2066,1517,-26.348555632576186,200.5004568862689,0.5279665446941976,0.5399895452169368,0.40852064819654993,0.0635128071092525,-0.012545739675901725,-0.0068867108292148945,-0.0718371700258351,-0.05079691911104158,0.05240471952071848,0.5289586727892164,-0.06016261221698538,-0.011674557808849725,-0.0009921280950188072,0.5515423465459462,False,False,False,False,-0.060163857222633725,-0.06600051362423441
"(0.0, 7.0]",STABLE,1,1.5,0.5,60,10983,2733,8104,2792,8045,75.40769847364908,912.715133199325,0.24883911499590275,0.25421105344623507,0.7378676135846308,0.013293271419466457,0.004324865701538742,0.006865856184434952,-0.07191181232137629,-0.06116793542071163,0.08310253420734999,0.24745696400625977,-0.07617497751091333,0.004263165189537038,0.0013821509896429773,0.25904587199914825,False,False,False,False,-0.06855483100346897,-0.07023332166242263
"(14.0, inf]",CONTRACTING,1,4.0,1.0,15,858,1,285,1,285,241.22403189962617,22.028981079620134,0.0011655011655011655,0.0011655011655011655,0.3321678321678322,0.6666666666666666,-0.3275058275058275,0.2811468903259046,-0.07203374030302327,-0.07203374030302327,0.02567480312310039,0.002829854969932791,-0.013094293338271806,-0.058939446964751466,-0.0016643538044316254,0.009114911948267277,False,False,False,False,0.041692177350365955,-0.015170781476328658
"(10.0, 14.0]",STABLE,-1,1.5,0.75,15,3807,543,1733,555,1721,354.892870693969,144.0679971017326,0.1426319936958235,0.1457840819542947,0.4552140793275545,0.40215392697662206,-0.12746256895193064,0.09322113756080089,-0.07208435156494973,-0.06499215298338945,0.03784292017381996,0.15147857573928786,-0.06441872571466416,-0.007665625850285573,-0.008846582043464363,0.1679662544453143,False,False,False,False,-0.02949507467262859,-0.05078971311878916
"(10.0, 14.0]",STABLE,-1,0.75,0.75,30,3792,1731,1889,1789,1831,-11.47199493129372,143.52642635421205,0.4564873417721519,0.4717827004219409,0.4981540084388186,0.04535864978902954,-0.03125,-0.003025315119012057,-0.07212511109849835,-0.04918207312381481,0.0378497959794863,0.45635305528612996,-0.070749042555904,-0.0013760685425943525,0.00013428648602192839,0.4790341069086749,False,False,False,False,-0.026517518835157787,-0.04932131496682807
"(14.0, inf]",CONTRACTING,1,0.75,1.5,30,855,451,226,452,225,-38.96843306264269,21.95308796592333,0.5274853801169591,0.5286549707602339,0.26432748538011697,0.20818713450292392,-0.0008771929824561404,-0.045577114693149345,-0.0721304339515392,-0.06949885500417077,0.02567612627593372,0.5542958370239149,-0.014917150962809695,-0.057213282988729505,-0.026810456906955826,0.6017028793162735,False,False,False,False,-0.037472875405006344,-0.054801654678272776
"(10.0, 14.0]",STABLE,-1,1.0,0.75,30,3792,1394,2051,1420,2025,13.994862015714109,143.52642635421205,0.36761603375527424,0.3744725738396624,0.5408755274261603,0.09150843881856541,-0.03804061181434599,0.003690628168700978,-0.0721997796251313,-0.06020083447745199,0.0378497959794863,0.3636032977691562,-0.07792728615542395,0.00572750653029265,0.004012735986118066,0.385566146254067,False,False,False,False,-0.023724723151534344,-0.04796225138833282
"(14.0, inf]",EXPANDING,-1,1.5,1.0,30,2551,631,1141,637,1135,71.37340563346118,61.10121343036764,0.24735397883183066,0.24970599764798118,0.44727557820462566,0.3053704429635437,-0.07624460995687965,0.027978598837107477,-0.07221787839941453,-0.0663378313590382,0.023951867279642353,0.25349867139061116,-0.05272472105965121,-0.01949315733976332,-0.006144692558780501,0.27784368290348166,False,False,False,False,0.01957543453501554,-0.026321221932199493
"(14.0, inf]",STABLE,-1,2.0,1.0,30,2239,347,1038,348,1037,238.89503560967546,56.67423231965815,0.15497990174184903,0.15542652970075926,0.46359982134881644,0.3814202769093345,-0.15364001786511836,0.10669720214813554,-0.0722551124207158,-0.07091522854398512,0.025312296703732983,0.16527900797165634,-0.04811010655227862,-0.024145005868437187,-0.010299106229807314,0.1876079284154105,False,False,False,False,0.01765254255470694,-0.027301284933004433
"(10.0, 14.0]",STABLE,-1,3.0,0.5,15,3807,71,2416,73,2414,863.449212317629,144.0679971017326,0.018649855529288155,0.019175203572366694,0.6346204360388757,0.34672970843183615,-0.26136065143157344,0.2268056769943864,-0.072397894611007,-0.0705591764602321,0.03784292017381996,0.022208811104405552,-0.05743742752926304,-0.014960467081743957,-0.003558955575117397,0.029185892378243924,False,False,False,False,-0.031949458090848114,-0.05217367635092755
"(10.0, 14.0]",STABLE,-1,4.0,0.75,15,3807,33,1749,33,1749,1048.0604007741963,144.0679971017326,0.008668242710795903,0.008668242710795903,0.4594168636721828,0.5319148936170213,-0.3098896769109535,0.27529824028741695,-0.07243435679735653,-0.07243435679735652,0.03784292017381996,0.010018105009052505,-0.062366698206718446,-0.010067658590638087,-0.001349862298256602,0.014830324705459254,False,False,False,False,-0.029518063571557795,-0.050976210184457166
"(7.0, 10.0]",STABLE,-1,1.5,0.5,15,6535,884,4115,918,4081,602.1520482869222,344.38265460412464,0.1352716143840857,0.1404743687834736,0.6296863045141545,0.23504208110175973,-0.11193573068094874,0.09214262406838901,-0.07249129400416257,-0.062085785205386754,0.052698187391602855,0.1416046563029544,-0.056099215733873276,-0.016392078270289295,-0.006333041918868715,0.1538135829306638,False,False,False,False,-0.040134079962371345,-0.056312686983266955
"(14.0, inf]",CONTRACTING,1,0.75,1.5,15,858,357,155,358,154,-75.42074090811138,22.028981079620134,0.4160839160839161,0.4172494172494173,0.18065268065268064,0.4032634032634033,0.04108391608391608,-0.08790296143136525,-0.07249384847054956,-0.06987147084817193,0.02567480312310039,0.43084541917226743,-0.027232288370554806,-0.045261560099994755,-0.014761503088351335,0.478332648640173,False,False,False,False,-0.02009226717154525,-0.0462930578210474
"(7.0, 10.0]",STABLE,-1,0.75,1.0,15,6535,2838,2023,2894,1967,-234.95726483223063,344.38265460412464,0.4342769701606733,0.4428462127008416,0.3095638867635807,0.25615914307574605,0.016143840856924253,-0.0359536748021776,-0.0725080213368562,-0.057511846891561635,0.052698187391602855,0.44595888897075076,-0.05740497623503545,-0.015103045101820749,-0.011681918810077463,0.46320186024440485,False,False,False,False,-0.041825114943336884,-0.057166568140096546
"(0.0, 7.0]",STABLE,-1,1.0,0.75,60,10983,4740,6171,4846,6065,4.096418508470293,912.715133199325,0.43157607211144494,0.44122735136119456,0.5618683419830648,0.006555585905490213,0.010174815624146408,0.0003729781032932981,-0.0725547404799103,-0.05566500179284846,0.08310253420734999,0.42561619718309857,-0.08269074776478347,0.01013600728487317,0.005959874928346376,0.4388483617667506,False,False,False,False,-0.08931571516126344,-0.08093522782058687
"(14.0, inf]",STABLE,-1,4.0,0.5,30,2239,40,1624,40,1624,546.18427686848,56.67423231965815,0.01786511835640911,0.01786511835640911,0.7253238052702099,0.25681107637338096,-0.2912014292094685,0.24394116876662794,-0.07257255714657355,-0.07257255714657355,0.025312296703732983,0.021434898139946857,-0.04631669195843812,-0.026255865188135434,-0.003569779783537747,0.030492013535198148,False,False,False,False,-0.013984006031308518,-0.04327828158894104
"(14.0, inf]",EXPANDING,-1,0.75,1.5,30,2551,1348,599,1355,592,-236.58319560751994,61.10121343036764,0.5284202273618189,0.5311642493139945,0.23480987847902784,0.23676989415915323,0.04410035280282242,-0.0927413546089847,-0.07259286908580462,-0.06641881969340949,0.023951867279642353,0.5346324180690877,-0.06117143077081362,-0.011421438314990998,-0.00621219070726875,0.5622553713440922,False,False,False,False,0.00881009962524613,-0.03189138473027924
"(0.0, 7.0]",STABLE,-1,1.5,1.0,30,11530,3448,5583,3475,5556,531.0091717208077,957.4135127677637,0.2990459670424978,0.30138768430182133,0.4842150910667823,0.21673894189071985,-0.03564614050303556,0.04605456823250717,-0.0726283036467438,-0.06677401049843504,0.08303673137621541,0.299939027250129,-0.07590510555973988,0.0032768019129960774,-0.0008930602076311911,0.3119342866081463,False,False,False,False,-0.07791177250364172,-0.07527003807519275
"(0.0, 7.0]",STABLE,1,1.5,0.75,15,11804,2011,5486,2037,5460,1219.7456308841931,979.5002559918729,0.1703659776347001,0.17256862080650626,0.4647577092511013,0.3648763131141986,-0.09301931548627584,0.10333324558490284,-0.07266643723379192,-0.06771049009722803,0.08298036733241891,0.17251502224668594,-0.07946879985737222,0.006802362623580305,-0.0021490446119858397,0.182321955777271,False,False,False,False,-0.06963775182752253,-0.07115209453065723
"(7.0, 10.0]",STABLE,-1,0.75,0.75,60,6404,3108,3277,3214,3171,-1.4853187623336097,337.6828081939889,0.4853216739537789,0.5018738288569644,0.5117114303560275,0.002966895690193594,-0.019792317301686447,-0.00023193609655428008,-0.07275423593946322,-0.04792600358468496,0.0527299825412225,0.4950018789928598,-0.05813456747690775,-0.014619668462555468,-0.009680205039080902,0.5125040595058772,False,False,False,False,-0.05753396149776003,-0.06514409871861163
"(0.0, 7.0]",STABLE,1,3.0,1.5,15,11804,314,2281,316,2279,2595.697161577662,979.5002559918729,0.026601152151812944,0.02677058624195188,0.19323957980345646,0.7801592680447307,-0.21005591324974585,0.2198997934240649,-0.07313648715809988,-0.07237403375247466,0.08298036733241891,0.02802623732856291,-0.06393249702146583,-0.009203990136634047,-0.001425085176749965,0.032374745518189293,False,False,False,False,-0.08390842678977431,-0.07852245697393709
"(10.0, 14.0]",CONTRACTING,-1,1.5,0.5,30,1665,318,1190,321,1187,59.63148696164823,63.50327803363372,0.19099099099099098,0.1927927927927928,0.7147147147147147,0.09429429429429426,-0.07087087087087086,0.03581470688387281,-0.0731962709141054,-0.0695926673105018,0.03814010692710734,0.19398642095053345,-0.06935275378374271,-0.0038435171303626836,-0.002995429959542467,0.22154519754420615,False,False,False,False,0.01413025740311903,-0.029533006755493182
"(7.0, 10.0]",CONTRACTING,1,0.75,1.0,60,3140,1739,1365,1759,1345,-3.2397317687585505,165.86538771846006,0.5538216560509555,0.5601910828025478,0.43471337579617836,0.011464968152866184,-0.019347133757961783,-0.0010317617097957167,-0.0732022673526174,-0.06205577053733076,0.05282337188485989,0.5592634347989478,-0.06461440728295068,-0.00858786006966672,-0.005441778747992343,0.5840315536065517,False,False,False,False,-0.01906866667956938,-0.04613546701609339
"(7.0, 10.0]",EXPANDING,1,0.75,0.5,15,3844,1342,2246,1504,2084,36.467993949019636,201.40036603368605,0.34911550468262226,0.39125910509885536,0.5842872008324662,0.06659729448491158,-0.03030697190426639,0.009486991141784504,-0.07321341625511614,-0.02053391573482477,0.05239343549263425,0.34819126206439255,-0.07232870686016582,-0.0008847093949503199,0.0009242426182297092,0.3698044050499364,False,False,False,False,-0.06689266508132928,-0.07005304066822271
"(0.0, 7.0]",STABLE,-1,3.0,1.0,15,11804,388,4156,389,4155,3106.748049764867,979.5002559918729,0.03287021348695358,0.032954930532023044,0.3520840393087089,0.6150457472043375,-0.2534733988478482,0.26319451455141196,-0.07325925162885512,-0.07292038344857724,0.08298036733241891,0.031145360304573183,-0.08306818859393961,0.009808936965084489,0.001724853182380394,0.03571668109713874,False,False,False,False,-0.07018997466538693,-0.07172461314712103
"(0.0, 7.0]",CONTRACTING,1,1.5,1.5,30,6638,2176,2158,2190,2144,60.99670365041385,574.381314253559,0.3278095811991564,0.3299186501958421,0.3250979210605604,0.3470924977402832,0.004067490207893944,0.009189018326365449,-0.073272764477726,-0.06694555748766876,0.08652927301198539,0.33413066929318513,-0.07634123851648575,0.003068474038759747,-0.0063210880940287595,0.3504060840222715,False,False,False,False,-0.10611298853630204,-0.08969287650701402
"(0.0, 7.0]",STABLE,-1,2.0,0.5,15,11804,927,7356,948,7335,1937.8101753390222,979.5002559918729,0.07853270077939681,0.08031175872585564,0.6231785835310064,0.2982887156895968,-0.1545238902067096,0.16416555196026958,-0.07333870557885892,-0.06889106071271185,0.08298036733241891,0.07825329113343425,-0.08481380055715601,0.011475094978297087,0.0002794096459625556,0.08526160754513382,False,False,False,False,-0.07401982964508352,-0.07367926761197122
"(0.0, 7.0]",STABLE,1,2.0,1.0,15,11804,1086,4171,1095,4162,2112.360996388088,979.5002559918729,0.09200271094544223,0.09276516435106744,0.3533547949847509,0.5546424940698069,-0.1693493730938665,0.17895298173399593,-0.07337675869228946,-0.07108939847541382,0.08298036733241891,0.09517912022384294,-0.06929621768838089,-0.004080541003908575,-0.0031764092784007103,0.10282597743802695,False,False,False,False,-0.07745203009497115,-0.0754143943936303
"(0.0, 7.0]",EXPANDING,1,1.5,0.5,30,3153,718,2269,747,2240,71.8497238597174,245.83373862940914,0.2277196320964161,0.2369172216936251,0.7196320964161116,0.05264827148747231,-0.01823660006343165,0.022787733542568158,-0.07341706779882388,-0.055021888604405884,0.0779682012779604,0.21607804511983492,-0.07880342704129152,0.0053863592424676365,0.011641586976581186,0.2368157624269107,False,False,False,False,-0.08111740863966062,-0.07726723821924225
"(10.0, 14.0]",CONTRACTING,-1,3.0,0.75,60,1652,187,1171,187,1171,258.86589280213803,63.02996017781892,0.11319612590799032,0.11319612590799032,0.7088377723970944,0.17796610169491522,-0.19203995157384987,0.15669848232574943,-0.07349519816929835,-0.07349519816929836,0.038153728921197894,0.11275348155387246,-0.08897813529779855,0.015482937128500199,0.0004426443541178521,0.1350834240100139,False,False,False,False,-0.0008075328992412672,-0.03715136553426981
"(7.0, 10.0]",EXPANDING,1,1.0,0.5,60,3761,1198,2559,1296,2461,2.2370958566164605,197.27354096545074,0.3185323052379686,0.3445892049986706,0.6804041478330232,0.00106354692900823,-0.02166976867854294,0.000594814107050375,-0.07352737173858928,-0.03444202209753637,0.05245241716709671,0.31732431416760615,-0.07466757431582739,0.0011402025772381114,0.0012079910703624575,0.33869411935763016,False,False,False,False,-0.04802699759937506,-0.06077718466898217
"(10.0, 14.0]",CONTRACTING,-1,0.75,0.5,15,1678,542,971,567,946,19.4771065543407,63.97784355817555,0.3230035756853397,0.33790226460071515,0.5786650774731824,0.09833134684147782,-0.04707985697258641,0.011607334060989691,-0.0735999624575893,-0.05497660131337,0.038127439545992584,0.33578756789378394,-0.06968067029617743,-0.003919292161411875,-0.012783992208444228,0.36829393829082196,False,False,False,False,-0.009298729054086548,-0.041449345755837926
"(14.0, inf]",EXPANDING,-1,4.0,0.5,60,2541,113,2030,113,2030,436.8372468073171,60.8751728936191,0.0444706808343172,0.0444706808343172,0.7988980716253443,0.15663124754033853,-0.22156631247540337,0.1719154847726553,-0.07360799924687209,-0.07360799924687209,0.023957171544124006,0.04530051721062957,-0.07686761810569799,0.003259618858825905,-0.0008298363763123706,0.057265788271039175,False,False,False,False,0.04986443970958955,-0.011871779768641268
"(10.0, 14.0]",CONTRACTING,-1,1.5,0.5,15,1678,203,1037,206,1034,154.3224521210184,63.97784355817555,0.12097735399284863,0.12276519666269368,0.6179976162097736,0.26102502979737785,-0.12753277711561384,0.09196808827235899,-0.07369212838924742,-0.0701164430495573,0.038127439545992584,0.1327700663850332,-0.06046119663731442,-0.013230931751933003,-0.01179271239218456,0.1564699562311837,False,False,False,False,0.012019224045924282,-0.03083645217166157
"(10.0, 14.0]",CONTRACTING,-1,3.0,0.5,15,1678,31,1044,31,1044,369.3096816395352,63.97784355817555,0.018474374255065554,0.018474374255065554,0.6221692491060786,0.3593563766388558,-0.2556615017878427,0.22008920240735114,-0.07369973892648411,-0.07369973892648413,0.038127439545992584,0.022208811104405552,-0.05743742752926304,-0.01626231139722107,-0.0037344368493399983,0.03292582433585991,False,False,False,False,0.021344841738324166,-0.02617744859407997
"(0.0, 7.0]",CONTRACTING,1,1.5,1.0,15,6812,1235,2381,1251,2365,615.1199356796624,589.411051536283,0.18129770992366412,0.18364650616559014,0.3495302407516148,0.46917204932472106,-0.07758367586611861,0.09029946207863511,-0.07380961771236356,-0.06793762710754853,0.08652540392488006,0.18439521122884273,-0.07498805838339379,0.0011784406710302203,-0.003097501305178607,0.19766538723355112,False,False,False,False,-0.09855246078180302,-0.08618103924708329
"(14.0, inf]",STABLE,-1,1.5,1.5,30,2239,598,611,600,609,-89.08941471151986,56.67423231965815,0.2670835194283162,0.2679767753461367,0.27288968289414917,0.4600267976775346,-0.008709245198749441,-0.03978982345311294,-0.07381136535559536,-0.071131597602134,0.025312296703732983,0.2712134632418069,-0.06541943068824015,-0.008391934667355216,-0.0041299438134906885,0.2977619710944279,False,False,False,False,0.020507004194668027,-0.026652180580463668
"(10.0, 14.0]",EXPANDING,-1,1.5,1.0,60,2771,977,1596,989,1584,28.299519645784066,102.7589053624695,0.3525802959220498,0.356910862504511,0.5759653554673403,0.07145434861060984,-0.04709491158426561,0.010212746173144736,-0.07396585554553786,-0.06313943908938485,0.037083690134417,0.33740532616662594,-0.08756293753291865,0.013597081987380785,0.015174969755423873,0.3626968305838899,False,False,False,False,-0.0014700984901550437,-0.03771797701784645
"(0.0, 7.0]",EXPANDING,-1,2.0,1.0,30,3153,627,1652,635,1644,410.52850324861276,245.83373862940914,0.1988582302568982,0.20139549635267998,0.5239454487789407,0.27719632096416114,-0.1262289882651443,0.13020250658059396,-0.07399468296251074,-0.06638288467516537,0.0779682012779604,0.1940340509356972,-0.07589165251975305,0.0018969695572423062,0.004824179321200994,0.21398433807191056,False,False,False,False,-0.051708296274074014,-0.06285148961829237
"(0.0, 7.0]",STABLE,1,2.0,0.5,15,11804,910,7418,936,7392,1994.770186861307,979.5002559918729,0.07709251101321586,0.07929515418502203,0.6284310403253135,0.2944764486614706,-0.160030498136225,0.1689910358235604,-0.07401982964508352,-0.0685132217155681,0.08298036733241891,0.07875785514425944,-0.07464735671816143,0.0006275270730779076,-0.001665344131043578,0.08578646143428376,False,False,False,False,-0.07333870557885892,-0.07367926761197122
"(7.0, 10.0]",STABLE,-1,0.75,0.75,15,6535,2664,2811,2754,2721,-29.098107612876465,344.38265460412464,0.4076511094108646,0.4214231063504208,0.4301453710788064,0.16220351951032902,-0.01687069625095639,-0.004452656099904586,-0.07402153974246384,-0.053363544333129474,0.052698187391602855,0.41685699550578353,-0.06138700297921196,-0.01263453676325188,-0.009205886094918958,0.43397073189043356,False,False,False,False,-0.052032830450076235,-0.06302718509627003
"(10.0, 14.0]",CONTRACTING,-1,2.0,0.5,60,1652,270,1306,270,1306,53.64525149581451,63.02996017781892,0.16343825665859565,0.16343825665859565,0.7905569007263923,0.04600484261501203,-0.06840193704600485,0.03247291252773275,-0.07408275343946998,-0.07408275343946999,0.038153728921197894,0.16821402394331786,-0.06776151337342314,-0.00632124006604684,-0.004775767284722204,0.19444686613367387,False,False,False,False,0.009097207355667622,-0.03249277304190118
"(10.0, 14.0]",STABLE,-1,1.0,0.5,30,3792,1112,2554,1170,2496,27.3961579891181,143.52642635421205,0.29324894514767935,0.30854430379746833,0.6735232067510548,0.03322784810126578,-0.043512658227848104,0.007224725208100765,-0.07413772899923363,-0.0511946910245501,0.0378497959794863,0.29340446168768186,-0.07261658712465419,-0.0015211418745794403,-0.00015551654000250936,0.31424114135855125,False,False,False,False,-0.03627660162789402,-0.05520716531356382
"(7.0, 10.0]",STABLE,-1,2.0,0.5,15,6535,441,4145,448,4138,1050.3105592082106,344.38265460412464,0.06748278500382555,0.0685539403213466,0.6342769701606733,0.29824024483550116,-0.18217291507268554,0.1607208200777675,-0.07415028238652088,-0.07147239409271829,0.052698187391602855,0.07249686878361453,-0.05715061024314284,-0.016999672143378046,-0.005014083779788972,0.08163447009174586,False,False,False,False,-0.03527275992385551,-0.054711521155188195
"(7.0, 10.0]",STABLE,-1,1.0,0.75,30,6501,2450,3522,2504,3468,51.846740837685665,342.64702555540435,0.37686509767728044,0.3851715120750654,0.5417628057221966,0.08137209660052291,-0.02945700661436702,0.007975194714303286,-0.0741886301673156,-0.059652404971191925,0.05270681826725186,0.38749814842245595,-0.06068501605209398,-0.013503614115221614,-0.01063305074517551,0.40446368697053015,False,False,False,False,-0.05370632675162298,-0.06394747845946928
"(7.0, 10.0]",STABLE,-1,0.75,0.75,30,6501,3037,3214,3137,3114,-7.269240393358209,342.64702555540435,0.46715889863097987,0.4825411475157668,0.4943854791570528,0.03845562221196741,-0.020419935394554684,-0.001118172649339826,-0.07424492631114638,-0.05117155298396594,0.05270681826725186,0.4774107539623759,-0.061315927871414426,-0.01292899843973195,-0.010251855331396054,0.4947714144999116,False,False,False,False,-0.05424208355053779,-0.06424350493084208
"(0.0, 7.0]",STABLE,-1,1.0,0.75,30,11530,4604,6111,4710,6005,80.10748101624691,957.4135127677637,0.39930615784908935,0.4084995663486557,0.5300086730268864,0.07068516912402434,0.0017996530789245447,0.006947743366543531,-0.07428933493074734,-0.058200870056506225,0.08303673137621541,0.3957131466629145,-0.08474361516778961,0.010454280237042271,0.0035930111861748326,0.4084916853130278,False,False,False,False,-0.08817387179600183,-0.0812316033633746
"(7.0, 10.0]",STABLE,-1,1.5,1.0,60,6404,2269,3637,2280,3626,95.24892657389869,337.6828081939889,0.3543098063710181,0.3560274828232355,0.5679262960649594,0.07776389756402247,-0.03646158650843223,0.014873348934087864,-0.07431822011556687,-0.07002402898502345,0.0527299825412225,0.36708004509582864,-0.04772858476073325,-0.026589635354833614,-0.012770238724810534,0.3840003656133477,False,False,False,False,-0.048888677003637936,-0.0616034485596024
"(10.0, 14.0]",STABLE,-1,0.75,0.75,60,3763,1785,1970,1844,1911,1.154173035383654,142.4723347408888,0.47435556736646295,0.4900345469040659,0.5235184693064044,0.0021259633271325518,-0.03687217645495615,0.0003067161932988716,-0.0744268301104186,-0.050908360804014126,0.03786136984876131,0.4749572440752504,-0.07270912062440553,-0.0017177094860130748,-0.0006016767087874686,0.49777242463212107,False,False,False,False,-0.024814378893508494,-0.04962060450196355
"(14.0, inf]",EXPANDING,-1,1.5,0.75,60,2541,693,1636,701,1628,59.19488559982169,60.8751728936191,0.2727272727272727,0.27587563951200317,0.6438410074773712,0.08343171979535613,-0.07378984651711924,0.023295901456049463,-0.07445111660519378,-0.06736729133955034,0.023957171544124006,0.28125557339040486,-0.06334107278184456,-0.011110043823349222,-0.008528300663132149,0.3064343630988668,False,False,False,False,0.03373439150365842,-0.02035836255076768
"(0.0, 7.0]",EXPANDING,-1,1.5,0.75,60,3062,996,2008,1013,1991,23.37122669317533,239.44254018301092,0.32527759634225994,0.3308295231874592,0.6557805355976486,0.01894186806009146,-0.003919007184846506,0.007632667110769213,-0.07448442635200378,-0.06199259095030554,0.07819808627792649,0.3251662754303599,-0.07065882656369557,-0.0038255997883082093,0.0001113209119000258,0.34900788547770306,False,False,False,False,-0.08404879774789105,-0.07926661204994742
"(7.0, 10.0]",EXPANDING,1,1.5,0.75,60,3761,1146,2473,1168,2451,52.81066191330559,197.27354096545074,0.30470619516086145,0.3105557032704068,0.6575378888593459,0.037755915979792665,-0.03609412390321723,0.014041654324197178,-0.07450488674611676,-0.06134349349963976,0.05245241716709671,0.302217211574596,-0.07329113564503437,-0.0012137511010823915,0.0024889835862654253,0.32331253933325355,False,False,False,False,-0.0198241677265179,-0.04716452723631733
"(0.0, 7.0]",STABLE,-1,1.5,0.5,30,11530,2486,8105,2570,8021,418.2224757559384,957.4135127677637,0.21561144839549,0.22289679098005205,0.7029488291413704,0.08143972246313957,-0.02805724197745013,0.03627254776721062,-0.07482142558645492,-0.0602507404173309,0.08303673137621541,0.21345152666385253,-0.08075270477303077,0.00593127918657585,0.002159921731637482,0.2241994100402646,False,False,False,False,-0.07577666161714797,-0.07529904360180145
"(10.0, 14.0]",CONTRACTING,-1,2.0,0.5,30,1665,204,1212,204,1212,136.79699329328295,63.50327803363372,0.12252252252252252,0.12252252252252252,0.7279279279279279,0.14954954954954958,-0.11891891891891893,0.08216035633230208,-0.07489866951372419,-0.07489866951372419,0.03814010692710734,0.12827352085354024,-0.06547574988762904,-0.00942291962609515,-0.00575099833101772,0.15173529401399127,False,False,False,False,0.028896816004684883,-0.023000926754519653
"(0.0, 7.0]",CONTRACTING,1,3.0,0.75,15,6812,157,3271,160,3268,2061.3976974094744,589.411051536283,0.023047563123899002,0.023487962419260128,0.4801820317087493,0.4967704051673517,-0.2909938344098649,0.30261269779939437,-0.07490654053535065,-0.07325504317774642,0.08652540392488006,0.025411678363377828,-0.06802646308550622,-0.006880077449844424,-0.0023641152394788256,0.030913773527855144,False,False,False,False,-0.10343512333104096,-0.0891708319331958
"(0.0, 7.0]",CONTRACTING,1,4.0,0.75,15,6812,40,3272,40,3272,2372.3542961955322,589.411051536283,0.005871990604815032,0.005871990604815032,0.4803288314738696,0.5137991779213154,-0.3367586611861421,0.3482610534638186,-0.07502301164720358,-0.07502301164720357,0.08652540392488006,0.007889546351084813,-0.0658647105687057,-0.009158301078497882,-0.002017555746269781,0.011056802297131685,False,False,False,False,-0.10404399861938987,-0.08953350513329672
"(10.0, 14.0]",STABLE,-1,1.0,0.5,60,3763,1152,2594,1210,2536,4.932774585641484,142.4723347408888,0.3061387191070954,0.3215519532288068,0.6893436088227478,0.004517672070156742,-0.0385330853042785,0.0013108622337606919,-0.07508359291927912,-0.05196374173671202,0.03786136984876131,0.3069875397019301,-0.07425037775969809,-0.0008332151595810272,-0.0008488205948347094,0.32816673495896737,False,False,False,False,-0.030558585543590273,-0.05282108923143469
"(10.0, 14.0]",STABLE,-1,3.0,0.75,15,3807,81,1749,83,1747,926.8748939499945,144.0679971017326,0.02127659574468085,0.02180194378775939,0.4594168636721828,0.5193065405831363,-0.28073286052009455,0.24346595585762926,-0.07510982483628528,-0.07313976967474076,0.03784292017381996,0.023536511768255886,-0.06450198572785984,-0.010607839108425443,-0.002259916023575035,0.03070537823464201,False,False,False,False,-0.030028531300699372,-0.05256917806849233
"(14.0, inf]",CONTRACTING,1,3.0,0.5,15,858,5,530,5,530,207.5739849628435,22.028981079620134,0.005827505827505828,0.005827505827505828,0.6177156177156177,0.37645687645687653,-0.2913752913752914,0.24192772140191549,-0.07512237309647628,-0.07512237309647626,0.02567480312310039,0.008135833038556774,-0.017129518085637795,-0.05799285501083848,-0.0023083272110509465,0.01796275503043135,False,False,False,False,0.0361357858144627,-0.019493293641006788
"(14.0, inf]",CONTRACTING,1,1.0,1.5,30,855,351,241,353,239,-31.83122071580938,21.95308796592333,0.4105263157894737,0.4128654970760234,0.2818713450292398,0.3076023391812866,-0.012280701754385965,-0.03722949791322735,-0.07518632594354703,-0.06933837272717276,0.02567612627593372,0.44180690876882195,-0.0016520845084441445,-0.07353424143510288,-0.031280592979348265,0.48948205239389503,False,False,False,False,-0.0020066301857441624,-0.0385964780646456
"(7.0, 10.0]",STABLE,-1,1.5,0.75,60,6404,1945,4197,1962,4180,85.89899556896539,337.6828081939889,0.30371642723297937,0.30637101811367895,0.655371642723298,0.04091193004372273,-0.03595409119300437,0.013413334723448687,-0.07527073901077819,-0.06929790952920417,0.0527299825412225,0.31484404359263435,-0.05277378304454427,-0.02249695596623392,-0.01112761635965498,0.33116904070120495,False,False,False,False,-0.056725530613651536,-0.06599813481221486
"(0.0, 7.0]",CONTRACTING,-1,3.0,0.5,60,6403,691,5184,695,5180,590.564983511715,553.8240083541089,0.10791816336092457,0.10854287052943933,0.8096204903951273,0.08246134624394819,-0.08105575511478995,0.09223254466839216,-0.07531766747499513,-0.07313119238519349,0.08649445702859736,0.10700312989045384,-0.07228111801843826,-0.003036549456556875,0.0009150334704707275,0.11796730826109161,False,False,False,False,-0.061384843305753126,-0.06835125539037412
"(10.0, 14.0]",STABLE,-1,0.75,0.5,15,3807,1264,2231,1379,2116,24.082796469591198,144.0679971017326,0.332019963225637,0.362227475702653,0.5860257420541108,0.08195429472025217,-0.043997898607827685,0.006325924998579248,-0.0755148937830684,-0.03775550318679837,0.03784292017381996,0.33578756789378394,-0.06968067029617743,-0.0058342234868909715,-0.003767604668146962,0.3573259496865944,False,False,False,False,-0.03424505589949515,-0.05487997484128178
"(7.0, 10.0]",CONTRACTING,1,0.75,1.0,30,3175,1654,1285,1674,1265,-27.777955238919937,167.69485600288158,0.5209448818897637,0.527244094488189,0.4047244094488189,0.07433070866141739,-0.014015748031496062,-0.008748962279974784,-0.07558198779269339,-0.06455836574544929,0.052817277481222544,0.5289586727892164,-0.06016261221698538,-0.015419375575708008,-0.008013790899452644,0.5537462539296509,False,False,False,False,-0.016139463365888354,-0.04586072557929087
"(0.0, 7.0]",EXPANDING,-1,2.0,0.75,30,3153,555,1967,564,1958,372.5658180917045,245.83373862940914,0.17602283539486205,0.17887725975261656,0.6238503013003489,0.20012686330478902,-0.11584205518553758,0.1181623273364112,-0.07564792912708679,-0.06779826214326186,0.0779682012779604,0.17550771539796445,-0.0726299071906958,-0.0030180219363909883,0.0005151199968976006,0.19472073853381633,False,False,False,False,-0.062215946953634665,-0.06893193804036073
"(7.0, 10.0]",EXPANDING,-1,4.0,1.5,15,3844,53,705,55,703,755.8993813772888,201.40036603368605,0.013787721123829344,0.014308012486992715,0.18340270551508844,0.8028095733610823,-0.2199531737773153,0.19664395977556942,-0.07570264949438013,-0.07284104699698159,0.05239343549263425,0.010461946511456568,-0.0708272090076439,-0.004875440486736229,0.003325774612372776,0.015347118217460999,False,False,False,False,-0.030510477240284366,-0.05310656336733225
"(0.0, 7.0]",EXPANDING,1,1.5,0.5,15,3185,526,2053,553,2026,244.24871427212412,248.0024988095714,0.165149136577708,0.17362637362637362,0.6445839874411303,0.19026687598116165,-0.07456828885400314,0.07668719443394792,-0.07574687112635707,-0.058792397029025834,0.07786577670630185,0.14967203339296362,-0.08072825253558753,0.004981381409230462,0.015477103184744379,0.16763217474076406,False,False,False,False,-0.09131635273110295,-0.08353161192873002
"(7.0, 10.0]",STABLE,-1,1.5,0.5,30,6501,1289,4665,1327,4627,249.11079883138203,342.64702555540435,0.19827718812490386,0.2041224427011229,0.7175819104753115,0.08414090139978458,-0.06137517305029996,0.03831884307512414,-0.07576314824242768,-0.06407263908998959,0.05270681826725186,0.20819137905495483,-0.055719152427665446,-0.020043995814762232,-0.00991419093005097,0.22240181260654465,False,False,False,False,-0.042560409688354055,-0.05916177896539086
"(7.0, 10.0]",EXPANDING,1,0.75,0.75,30,3826,1802,1914,1884,1832,-5.378619048960995,200.5004568862689,0.47098797699947725,0.4924202822791427,0.5002613695765813,0.028750653423941452,-0.02195504443282802,-0.001405807383418974,-0.07576557133696547,-0.043617113417467296,0.05240471952071848,0.4717078951266479,-0.06930802983034158,-0.006457541506623893,-0.000719918127170649,0.4943285859738764,False,False,False,False,-0.06119232562396966,-0.06847894848046757
"(0.0, 7.0]",EXPANDING,-1,2.0,0.75,60,3062,770,2163,780,2153,89.68951344633125,239.44254018301092,0.25146962769431747,0.25473546701502287,0.7064010450685826,0.042129327237099945,-0.02686152841280209,0.02929115396679662,-0.07576846072393197,-0.06678740259199205,0.07819808627792649,0.24833724569640062,-0.0691350234450864,-0.006633437278845564,0.00313238199791685,0.27039579552281484,False,False,False,False,-0.06594195839993196,-0.07085520956193196
"(0.0, 7.0]",STABLE,1,1.5,0.5,30,11530,2482,8119,2541,8060,420.2086043220476,957.4135127677637,0.2152645273200347,0.22038161318300087,0.704163052905464,0.08057241977450136,-0.029184735472679964,0.03644480523174741,-0.07577666161714797,-0.06554248989121561,0.08303673137621541,0.21607804511983492,-0.07880342704129152,0.0030267654241435543,-0.0008135177998002119,0.2268729898685855,False,False,False,False,-0.07482142558645492,-0.07529904360180145
"(10.0, 14.0]",CONTRACTING,-1,3.0,0.75,30,1665,108,996,108,996,360.28251181960815,63.50327803363372,0.06486486486486487,0.06486486486486487,0.5981981981981982,0.33693693693693694,-0.25405405405405407,0.21638589298474964,-0.07580826799641176,-0.07580826799641176,0.03814010692710734,0.06474296799224054,-0.08052070181375368,0.004712433817341918,0.00012189687262433024,0.08222872266881542,False,False,False,False,0.04174616429997838,-0.01703105184821669
"(0.0, 7.0]",EXPANDING,-1,1.5,1.0,15,3185,620,1194,632,1182,270.2241257992912,248.0024988095714,0.1946624803767661,0.19843014128728415,0.37488226059654634,0.43045525902668763,-0.08288854003139717,0.08484273965440854,-0.0759115770832905,-0.06649242480699535,0.07786577670630185,0.182789780285308,-0.08514208548468888,0.009230508401398385,0.011872700091458077,0.20220201177862085,False,False,False,False,-0.06977178714143979,-0.07284168211236514
"(10.0, 14.0]",EXPANDING,-1,1.0,1.0,60,2771,1296,1397,1313,1380,-6.849176685994628,102.7589053624695,0.4677011909058102,0.47383616023096353,0.504150126308192,0.028148682785997803,-0.03644893540238181,-0.0024717346394783936,-0.07600436017627721,-0.06373442152597045,0.037083690134417,0.46151966772538483,-0.08024595941129663,0.004241599235019419,0.006181523180425363,0.4880728324205835,False,False,False,False,-0.010432958742863546,-0.043218659459570374
"(7.0, 10.0]",EXPANDING,-1,3.0,1.5,15,3844,129,705,138,696,579.5280016873829,201.40036603368605,0.03355879292403746,0.03590010405827263,0.18340270551508844,0.7830385015608741,-0.1744276795005203,0.15076170699463656,-0.07605940799851799,-0.06552350789445971,0.05239343549263425,0.02703897443453916,-0.07019060936594412,-0.005868798632573863,0.006519818489498303,0.03464903453236909,False,False,False,False,-0.0329812616524674,-0.05452033482549269
"(0.0, 7.0]",CONTRACTING,1,4.0,0.5,15,6812,33,4302,34,4301,2089.8924106631175,589.411051536283,0.004844392248972402,0.0049911920140927775,0.6315325895478567,0.3636230182031709,-0.29638872577803876,0.30679571501220165,-0.07611841469071719,-0.07545781574767549,0.08652540392488006,0.006926287784963993,-0.06810647680164039,-0.008011937889076795,-0.002081895535991591,0.00990562234676761,False,False,False,False,-0.09560198261942845,-0.08586019865507283
"(0.0, 7.0]",CONTRACTING,-1,0.75,1.0,60,6403,3665,2678,3727,2616,-4.35048297593017,553.8240083541089,0.5723879431516476,0.5820709042636264,0.41824144932063095,0.009370607527721397,0.011049508043104795,-0.0006794444753912494,-0.0761243934608838,-0.059179211514920976,0.08649445702859736,0.5660700312989045,-0.08524252543988739,0.009118131979003588,0.006317911852743108,0.5833947787311613,False,False,False,False,-0.09847328897882211,-0.08729884121985296
"(7.0, 10.0]",STABLE,-1,1.0,0.75,15,6535,1937,2975,1984,2928,140.9444715505819,344.38265460412464,0.29640397857689366,0.3035960214231064,0.45524100994644223,0.24835501147666406,-0.045026778882938025,0.02156763145379983,-0.07615733482074105,-0.06357125983986882,0.052698187391602855,0.3037648272305312,-0.06245230503868299,-0.013705029782058065,-0.007360848653637564,0.3197703288003059,False,False,False,False,-0.047884527891644074,-0.06202093135619256
"(0.0, 7.0]",EXPANDING,1,2.0,0.75,15,3185,343,1635,356,1622,545.6023254025115,248.0024988095714,0.1076923076923077,0.11177394034536892,0.5133437990580848,0.37896389324960744,-0.1696232339089482,0.1713037128422328,-0.07618529777301723,-0.06496080797709887,0.07786577670630185,0.09031695793770927,-0.0730743450596775,-0.0031109527133397347,0.017375349754598424,0.10484006388607284,False,True,False,False,-0.0843766311539638,-0.0802809644634905
"(14.0, inf]",EXPANDING,-1,2.0,1.5,30,2551,450,712,450,712,34.24059827789497,61.10121343036764,0.1764014112112897,0.1764014112112897,0.2791062328498628,0.5444923559388475,-0.06585652685221481,0.013422421904310061,-0.0763859722275471,-0.0763859722275471,0.023951867279642353,0.17661647475642162,-0.06289464696526513,-0.013491325262281972,-0.00021506354513192716,0.19805559872395787,False,False,False,False,0.04285269948547477,-0.016766636371036165
"(7.0, 10.0]",STABLE,-1,4.0,0.5,15,6535,52,4152,53,4151,1712.3610273199565,344.38265460412464,0.007957153787299158,0.00811017597551645,0.6353481254781943,0.3566947207345066,-0.28584544758990055,0.26202923141850903,-0.07651440356299435,-0.07582580371601655,0.052698187391602855,0.008988432918293671,-0.05934224964911005,-0.017172153913884304,-0.0010312791309945134,0.012430197228321569,False,False,False,False,-0.03208603889726906,-0.05430022123013171
"(0.0, 7.0]",STABLE,-1,4.0,1.0,15,11804,128,4162,129,4161,3725.472871594009,979.5002559918729,0.010843781768891902,0.010928498813961369,0.3525923415791257,0.6365638766519823,-0.3092172145035581,0.31561105316790994,-0.07658652866806707,-0.07616294344271973,0.08298036733241891,0.010595844227329022,-0.08458652300666683,0.007999994338599756,0.00024793754156287977,0.013331368208432443,False,False,False,False,-0.06718706247250826,-0.07188679557028767
"(7.0, 10.0]",STABLE,-1,1.0,1.0,15,6535,2053,2135,2090,2098,-74.30153737270396,344.38265460412464,0.3141545524100995,0.31981637337413926,0.32670237184391737,0.35914307574598314,-0.012547819433817903,-0.011369783836680025,-0.07661579066210078,-0.06529214873402121,0.052698187391602855,0.3236572607382303,-0.059884635224586466,-0.016731155437514314,-0.009502708328130827,0.33993243284372915,False,False,False,False,-0.04010422604918449,-0.05836000835564263
"(7.0, 10.0]",CONTRACTING,1,1.0,1.5,60,3140,1735,1176,1738,1173,-45.863468403986474,165.86538771846006,0.552547770700637,0.5535031847133758,0.37452229299363055,0.07292993630573247,-0.009235668789808917,-0.014606200128658113,-0.07666524080332691,-0.07427670577147978,0.05282337188485989,0.5581360390830515,-0.06325551698716599,-0.013409723816160929,-0.005588268382414552,0.5829116674927161,False,False,False,False,-0.005579575740100058,-0.041122408271713484
"(0.0, 7.0]",CONTRACTING,1,3.0,0.5,15,6812,137,4302,140,4299,1807.0978932320024,589.411051536283,0.020111567821491486,0.020551967116852612,0.6315325895478567,0.3483558426306518,-0.2554315913094539,0.26528154627598394,-0.07667544895835006,-0.07513405142458611,0.08652540392488006,0.022521902665015366,-0.07001289554281052,-0.006662553415539535,-0.0024103348435238793,0.027719386236927535,False,False,False,False,-0.09575734322474924,-0.08621639609154966
"(14.0, inf]",CONTRACTING,1,4.0,0.5,15,858,0,530,0,530,221.11274492288973,22.028981079620134,0.0,0.0,0.6177156177156177,0.38228438228438233,-0.30885780885780884,0.2577071619147899,-0.07682545006611935,-0.07682545006611935,0.02567480312310039,0.0021223912274495934,-0.01755366998041656,-0.05927178008570279,-0.0021223912274495934,0.007715814083290489,False,False,False,False,0.03248549812030209,-0.02216997597290863
"(0.0, 7.0]",STABLE,-1,3.0,1.5,30,11530,1058,4005,1061,4002,2904.8165085967266,957.4135127677637,0.09176062445793581,0.09202081526452732,0.34735472679965307,0.5608846487424111,-0.24575021682567216,0.25193551679069615,-0.07685143141119141,-0.07568057278152966,0.08303673137621541,0.09000515923268139,-0.09564264954486974,0.01879121813367833,0.001755465225254424,0.0975545662946514,False,False,False,False,-0.06328291332839862,-0.07006717236979501
"(10.0, 14.0]",CONTRACTING,-1,4.0,0.5,15,1678,10,1044,10,1044,416.92409240267625,63.97784355817555,0.0059594755661501785,0.0059594755661501785,0.6221692491060786,0.3718712753277712,-0.2872467222884386,0.24846489416130885,-0.07690926767312235,-0.07690926767312235,0.038127439545992584,0.009535304767652384,-0.05541128985282804,-0.021497977820294313,-0.0035758292015022055,0.01682786673249851,False,False,False,False,0.021589764993235876,-0.027659751339943237
"(0.0, 7.0]",CONTRACTING,1,2.0,0.75,30,6638,1141,4078,1153,4066,839.6102759572474,574.381314253559,0.17188912322988853,0.17369689665561916,0.6143416691774631,0.2137692075926484,-0.11697800542332028,0.12648542873715687,-0.07702184969814879,-0.07205047277738952,0.08652927301198539,0.18015102481121897,-0.06355477452258565,-0.013467075175563142,-0.008261901581330444,0.19347676154311633,False,False,False,False,-0.10371627527182939,-0.09036906248498909
"(7.0, 10.0]",STABLE,-1,3.0,0.5,15,6535,131,4150,133,4148,1522.7971170448511,344.38265460412464,0.020045906656465187,0.02035195103289977,0.6350420811017597,0.34491201224177503,-0.25738332058148433,0.23302174706118609,-0.07705976091190107,-0.07598860559438003,0.052698187391602855,0.02188167685846902,-0.059717974575154584,-0.01734178633674649,-0.0018357702020038343,0.027119766605538328,False,False,False,False,-0.032587406047616334,-0.0548235834797587
"(0.0, 7.0]",STABLE,1,1.5,1.0,15,11804,2131,4133,2150,4114,1006.1998530776112,979.5002559918729,0.18053202304303625,0.18214164689935616,0.35013554727211116,0.46933242968485256,-0.07933751270755676,0.08524227830206804,-0.07707560173790763,-0.0730515420971079,0.08298036733241891,0.18439521122884273,-0.07498805838339379,-0.002087543354513846,-0.003863188185806471,0.19445708684061844,False,False,False,False,-0.07989366907792105,-0.07848463540791434
"(7.0, 10.0]",STABLE,-1,2.0,0.5,30,6501,826,4778,834,4770,578.3795923248939,342.64702555540435,0.12705737578834025,0.1282879556991232,0.7349638517151208,0.137978772496539,-0.11336717428087986,0.08896778839023134,-0.0771062041579004,-0.074029754380943,0.05270681826725186,0.13568360242926975,-0.053154666470925996,-0.023951537686974403,-0.00862622664092949,0.14771172762128895,False,False,False,False,-0.03763040654016047,-0.05736830534903044
"(0.0, 7.0]",CONTRACTING,1,2.0,0.5,60,6403,1208,5003,1232,4979,145.3806444573227,553.8240083541089,0.18866156489145713,0.1924098079025457,0.7813524910198345,0.02998594408870836,-0.013353115727002967,0.022705082688946228,-0.07714249006665409,-0.06777188253893271,0.08649445702859736,0.19283059467918623,-0.06285502365084546,-0.014287466415808636,-0.004169029787729095,0.20675338817541372,False,False,False,False,-0.09288255038117527,-0.08501252022391467
"(10.0, 14.0]",CONTRACTING,-1,0.75,0.5,30,1665,597,1034,623,1008,4.306346309256909,63.50327803363372,0.35855855855855856,0.3741741741741742,0.621021021021021,0.02042042042042047,-0.04159159159159159,0.0025863941797338794,-0.07714530433896505,-0.05762578481944554,0.03814010692710734,0.36578564500484967,-0.0716329426774943,-0.005512361661470747,-0.007227086446291109,0.3990211593734167,False,False,False,False,-0.011161756396243746,-0.044153530367604395
"(0.0, 7.0]",CONTRACTING,1,2.0,0.5,30,6638,929,4848,947,4830,628.1412087826553,574.381314253559,0.1399517927086472,0.14266345284724313,0.7303404639951793,0.12970774329617352,-0.08526664658029527,0.09462808207030059,-0.07716783752198007,-0.07038868717549016,0.08652927301198539,0.14624079545987523,-0.06785845085159499,-0.009309386670385084,-0.00628900275122804,0.15851376354321067,False,False,False,False,-0.09691327700652949,-0.08704055726425478
"(7.0, 10.0]",STABLE,-1,1.5,1.5,60,6404,2632,2693,2634,2691,-65.100121304614,337.6828081939889,0.41099312929419113,0.4113054341036852,0.42051842598376016,0.16848844472204877,-0.014287945034353529,-0.01016554049103904,-0.07718346806661507,-0.07624655363813287,0.0527299825412225,0.42577978203682826,-0.04417421873989698,-0.03300924932671809,-0.01478665274263713,0.44311440695301196,False,False,False,False,-0.02921341144431213,-0.053198439755463595
"(10.0, 14.0]",STABLE,-1,1.5,0.5,60,3763,835,2861,855,2841,29.523691527031367,142.4723347408888,0.22189742226946585,0.22721233058729737,0.7602976348657986,0.01780494286473555,-0.047302684028700505,0.007845785683505545,-0.07731826819395628,-0.06668845155829324,0.03786136984876131,0.22550696310774493,-0.07025790239639676,-0.007060365797559517,-0.0036095408382790795,0.24475844944853123,False,False,False,False,-0.030610239057911253,-0.05396425362593377
"(7.0, 10.0]",EXPANDING,1,0.75,0.5,30,3826,1439,2356,1607,2188,3.3883308207802467,200.5004568862689,0.37611082070047047,0.4200209095661265,0.6157867224255097,0.008102456874019892,-0.025810245687401985,0.0008856065919446541,-0.07732935861617582,-0.022441747534105765,0.05240471952071848,0.3774996296844912,-0.0741782935444482,-0.0031510650717276184,-0.0013888089840207174,0.39952450718584587,False,False,False,False,-0.06018826256475456,-0.0687588105904652
"(0.0, 7.0]",CONTRACTING,1,2.0,0.75,60,6403,1569,4438,1588,4419,248.53949843190802,553.8240083541089,0.2450413868499141,0.2480087459003592,0.6931126034671248,0.061846009682961056,-0.029751678900515385,0.038816101582368895,-0.07743003434674385,-0.06926979695801981,0.08649445702859736,0.2511737089201878,-0.060948532708760335,-0.016481501637983516,-0.006132322070273699,0.2664463073637233,False,False,False,False,-0.10494075248738519,-0.09118539341706453
"(0.0, 7.0]",STABLE,-1,2.0,1.0,15,11804,1145,4141,1154,4132,1916.2564927508336,979.5002559918729,0.09700101660454083,0.09776347001016604,0.3508132836326669,0.5521856997627923,-0.15681125042358524,0.162339587661033,-0.07745203009497115,-0.0751646698780955,0.08298036733241891,0.09678455116737765,-0.08536586261003765,0.007913832515066499,0.00021646543716317967,0.10448787146831495,False,False,False,False,-0.07337675869228946,-0.0754143943936303
"(10.0, 14.0]",EXPANDING,-1,4.0,1.5,60,2771,282,1342,282,1342,772.8028002082494,102.7589053624695,0.10176831468783833,0.10176831468783833,0.48430169613857815,0.41392998917358353,-0.3193792854565139,0.2788894984511907,-0.0775734771397402,-0.0775734771397402,0.037083690134417,0.08441241143415587,-0.09685145791564882,0.01927798077590863,0.017355903253682456,0.09955027014896888,False,True,False,False,0.015200707210170696,-0.03118638496478475
"(10.0, 14.0]",STABLE,-1,0.75,0.5,30,3792,1369,2369,1488,2250,7.003342456267901,143.52642635421205,0.36102320675105487,0.3924050632911392,0.6247362869198312,0.014240506329114,-0.041600738396624475,0.0018468730106191722,-0.0776036613654916,-0.03837634069038612,0.0378497959794863,0.36578564500484967,-0.0716329426774943,-0.005970718687997298,-0.0047624382537947985,0.38777504444665817,False,False,False,False,-0.033914394802513535,-0.05575902808400257
"(0.0, 7.0]",STABLE,1,2.0,1.5,15,11804,1116,2274,1121,2269,1242.2638993543494,979.5002559918729,0.09454422229752626,0.0949678075228736,0.1926465604879702,0.7128092172145035,-0.09988139613690275,0.10524092674977545,-0.07762083671954621,-0.07613828843083052,0.08298036733241891,0.0985734599330306,-0.06997062063919582,-0.007650216080350394,-0.004029237635504335,0.1063389394199531,False,False,False,False,-0.08642628376927282,-0.08202356024440952
"(10.0, 14.0]",CONTRACTING,-1,2.0,0.5,15,1678,102,1043,102,1043,251.07630069756763,63.97784355817555,0.060786650774731825,0.060786650774731825,0.6215733015494637,0.31764004767580456,-0.18921334922526817,0.14962830792465293,-0.07771248084660781,-0.07771248084660781,0.038127439545992584,0.07193723596861798,-0.05722070333965877,-0.02049177750694904,-0.011150585193886155,0.09018530989548819,False,False,False,False,0.016801193860986073,-0.03045564349281087
"(0.0, 7.0]",STABLE,-1,1.0,1.0,60,10983,5431,5364,5491,5304,-8.094012821929804,912.715133199325,0.4944914868433033,0.49995447509787855,0.4883911499590276,0.017117363197669155,0.006100336884275699,-0.0007369582829764002,-0.0777391556060507,-0.06681317909690018,0.08310253420734999,0.49281103286384975,-0.08063388940897037,0.0028947338029196718,0.0016804539794535445,0.5061761249203143,False,False,False,False,-0.09939188931779981,-0.08856552246192526
"(0.0, 7.0]",CONTRACTING,1,0.75,1.5,15,6812,3217,1155,3245,1127,-621.2181135223336,589.411051536283,0.47225484439224896,0.4763652378156195,0.16955372871403407,0.35819142689371697,0.09986054022313565,-0.09119467315360152,-0.07785953685534595,-0.06861115165276227,0.08652540392488006,0.4667675794688317,-0.0932915884988584,0.01543205164351244,0.005487264923417279,0.4837107532653194,False,False,False,False,-0.09423437885280105,-0.0860469578540735
"(0.0, 7.0]",STABLE,1,1.5,1.0,30,11530,3433,5642,3454,5621,551.5907758007747,957.4135127677637,0.2977450130095403,0.2995663486556808,0.4893321769297485,0.21292281006071123,-0.042714657415437986,0.047839616288011685,-0.07791177250364172,-0.07335843338829046,0.08303673137621541,0.3025655457061113,-0.07386215804093477,-0.004049614462706949,-0.004820532696571012,0.31458995329179906,False,False,False,False,-0.0726283036467438,-0.07527003807519275
"(10.0, 14.0]",EXPANDING,-1,1.5,1.5,60,2771,1151,1186,1159,1178,-60.761674126487854,102.7589053624695,0.41537351136773726,0.41826055575604476,0.42800433056658244,0.1566221580656803,-0.018946228798267774,-0.021927706288880498,-0.07795762522156527,-0.06929649205664287,0.037083690134417,0.39286586855607136,-0.08323131542199606,0.0052736902004307945,0.022507642811665896,0.4189383921353907,False,False,False,False,-0.004870888212191138,-0.041414256716878206
"(7.0, 10.0]",EXPANDING,1,1.0,0.75,60,3761,1540,2186,1591,2135,3.123031235699163,197.27354096545074,0.4094655676681734,0.42302579101302845,0.5812283967030045,0.009306035628822151,-0.026455729859080034,0.0008303725699811654,-0.07807777445619557,-0.05434738360269917,0.05245241716709671,0.41082299887260426,-0.0748880299256689,-0.0031897445305266725,-0.0013574312044308812,0.43334691564552075,False,False,False,False,-0.04412978382825094,-0.06110377914222326
"(0.0, 7.0]",EXPANDING,-1,1.5,0.75,15,3185,581,1571,597,1555,305.97176758375394,248.0024988095714,0.1824175824175824,0.18744113029827317,0.4932496075353218,0.32433281004709574,-0.09631083202511774,0.09606648903728539,-0.0781101196941342,-0.06680713696258005,0.07786577670630185,0.17251502224668594,-0.08174981385311879,0.0036396941589845883,0.009902560170896468,0.19150462722947004,False,False,False,False,-0.0898264258259363,-0.08396827276003525
"(0.0, 7.0]",STABLE,1,1.5,0.5,15,11804,1752,7360,1808,7304,1108.3982129024475,979.5002559918729,0.1484242629617079,0.1531684174855981,0.6235174517112844,0.22805828532700778,-0.0891223314130803,0.09390022135737441,-0.07820247738812482,-0.0687141683403444,0.08298036733241891,0.14967203339296362,-0.08072825253558753,0.0025257751474627166,-0.001247770431255707,0.15894000522993598,False,False,False,False,-0.07927305423334424,-0.07873776581073452
"(7.0, 10.0]",STABLE,-1,3.0,0.5,60,6404,600,5210,602,5208,641.1185423637688,337.6828081939889,0.09369144284821987,0.09400374765771392,0.8135540287320425,0.09275452841973764,-0.12570268582136165,0.10011220211801512,-0.07832046624456902,-0.0772273994113398,0.0527299825412225,0.10214205186020293,-0.0432285993182052,-0.035091866926363825,-0.008450609011983065,0.11288720467526558,False,False,False,False,-0.026729931771920932,-0.052525199008244976
"(0.0, 7.0]",STABLE,-1,1.0,0.75,15,11804,3708,5235,3807,5136,270.55338480715636,979.5002559918729,0.31413080311758723,0.3225177905794646,0.44349373093866484,0.24237546594374793,-0.018489495086411387,0.022920483294404978,-0.07854937912442532,-0.06387215106614,0.08298036733241891,0.31269207834503004,-0.08809378117841427,0.009544402053988946,0.0014387247725571872,0.32468250059789205,False,False,False,False,-0.08498315393938281,-0.08176626653190407
"(10.0, 14.0]",CONTRACTING,-1,3.0,1.5,60,1652,232,700,232,700,287.200080561121,63.02996017781892,0.14043583535108958,0.14043583535108958,0.423728813559322,0.4358353510895884,-0.21428571428571427,0.17384992770043645,-0.07858951550647572,-0.07858951550647572,0.038153728921197894,0.14854629855851453,-0.10332753606691218,0.02473802056043646,-0.00811046320742495,0.1735377968372896,False,False,False,False,-0.0006809422413875652,-0.039635228873931644
"(0.0, 7.0]",STABLE,1,1.5,1.0,60,10983,4133,6307,4155,6285,154.56814979788723,912.715133199325,0.376308840935992,0.37831193662933627,0.574251115360102,0.04944004370390598,-0.009787853956113994,0.014073399781288102,-0.07881698838217588,-0.07380924914881523,0.08310253420734999,0.37940140845070425,-0.07337642638409009,-0.005440561998085791,-0.0030925675147122633,0.39239761155149727,False,False,False,False,-0.062976015495303,-0.07089650193873945
"(0.0, 7.0]",STABLE,-1,1.5,0.5,15,11804,1726,7294,1803,7217,1101.7611238214774,979.5002559918729,0.14622161978990172,0.15274483226025076,0.6179261267366994,0.23585225347339878,-0.08963063368349712,0.09333794678257179,-0.07927305423334424,-0.06622662929264617,0.08298036733241891,0.1463694325948351,-0.08684591746651034,0.007572863233166097,-0.00014781280493336713,0.15555365244790184,False,False,False,False,-0.07820247738812482,-0.07873776581073452
"(7.0, 10.0]",EXPANDING,1,1.0,1.0,60,3761,1788,1892,1821,1859,2.890742816664586,197.27354096545074,0.4754054772666844,0.4841797394310024,0.5030576974208987,0.021536825312416852,-0.027652220154214306,0.0007686101613040644,-0.07933602716000696,-0.06178750283137095,0.05245241716709671,0.4793686583990981,-0.0685223956960378,-0.010813631463969159,-0.003963181132413673,0.5021963524722455,False,False,False,False,-0.04311733150282247,-0.061226679331414714
"(14.0, inf]",EXPANDING,-1,2.0,1.0,60,2541,595,1474,596,1473,143.13298381723456,60.8751728936191,0.23415977961432508,0.23455332546241636,0.5800865800865801,0.1857536402990948,-0.11176702085792994,0.05632939150619227,-0.07939480089586168,-0.07821416335158778,0.023957171544124006,0.23042625289816301,-0.09019421872133912,0.010799417825477442,0.003733526716162061,0.25406797718884105,False,False,False,False,0.0540400968271503,-0.012677352034355688
"(14.0, inf]",CONTRACTING,1,1.5,1.5,15,858,110,163,110,163,33.3338009480051,22.028981079620134,0.1282051282051282,0.1282051282051282,0.18997668997668998,0.6818181818181819,-0.09265734265734266,0.038850583855483796,-0.07948156192495924,-0.07948156192495925,0.02567480312310039,0.14007782101167315,-0.01617719425182557,-0.06330436767313367,-0.01187269280654496,0.17419849443664523,False,False,False,False,0.02813195567875847,-0.025674803123100387
"(0.0, 7.0]",CONTRACTING,1,2.0,0.75,15,6812,586,3266,592,3260,1325.4766625403547,589.411051536283,0.08602466236054022,0.08690546095126248,0.4794480328831474,0.4345273047563124,-0.18753669994128008,0.1945796627334637,-0.07948244113269647,-0.07706024500821027,0.08652540392488006,0.09031695793770927,-0.0730743450596775,-0.006408096073018968,-0.00429229557716905,0.10018538550463428,False,False,False,False,-0.1054098990080469,-0.09244617007037167
"(14.0, inf]",EXPANDING,-1,3.0,1.0,60,2541,316,1521,316,1521,431.46482520154575,60.8751728936191,0.12436048799685163,0.12436048799685163,0.5985832349468713,0.2770562770562771,-0.2255017709563164,0.16980119055550796,-0.07965775194493245,-0.07965775194493245,0.023957171544124006,0.1234171571250223,-0.09735877595080444,0.017701024005871993,0.0009433308718293371,0.14203431635699088,False,False,False,False,0.06222083184202325,-0.008718460051454602
"(0.0, 7.0]",STABLE,-1,4.0,1.5,60,10983,1163,5626,1173,5616,3824.1556467868436,912.715133199325,0.10589092233451698,0.10680142037694619,0.5122461986706729,0.3818628789948101,-0.34480560866794135,0.34818862303440257,-0.07971951984088878,-0.07471178060752812,0.08310253420734999,0.10367762128325508,-0.10578199530117623,0.02606247546028745,0.0022133010512618984,0.1119105127474677,False,False,False,False,-0.04763799077681749,-0.06367875530885314
"(0.0, 7.0]",EXPANDING,-1,1.0,1.0,60,3062,1510,1512,1542,1480,-2.722201014794337,239.44254018301092,0.4931417374265186,0.503592423252776,0.4937949052906597,0.013063357282821708,-0.0006531678641410843,-0.0008890271112979546,-0.07974028125336553,-0.05883890960085083,0.07819808627792649,0.49281103286384975,-0.08063388940897037,0.0008936081556048386,0.00033070456266887094,0.5181188159183198,False,False,False,False,-0.09755726295500215,-0.08864877210418384
"(10.0, 14.0]",STABLE,-1,0.75,0.5,60,3763,1379,2384,1498,2265,0.0,142.4723347408888,0.36646292851448314,0.39808663300558067,0.6335370714855169,0.0,-0.04192133935689609,0.0,-0.0797827092056574,-0.04025307859178549,0.03786136984876131,0.3712435866112876,-0.0734482725936286,-0.0063344366120288015,-0.0047806580968044465,0.39338234172003383,False,False,False,False,-0.02952465590139919,-0.054653682553528295
"(0.0, 7.0]",CONTRACTING,1,2.0,0.5,15,6812,512,4293,524,4281,1168.385656401082,589.411051536283,0.07516147974163241,0.07692307692307693,0.6302113916617733,0.29462712859659423,-0.16478273634762183,0.17151873992969496,-0.07978940034280695,-0.07538540738919566,0.08652540392488006,0.07875785514425944,-0.07464735671816143,-0.005142043624645515,-0.003596375402627028,0.08804384122344495,False,False,False,False,-0.0996609188522892,-0.08972515959754807
"(10.0, 14.0]",STABLE,-1,1.5,1.5,30,3792,1033,1011,1035,1009,-192.06326213227175,143.52642635421205,0.272415611814346,0.27294303797468356,0.2666139240506329,0.4609704641350212,0.00870253164556962,-0.05064959444416449,-0.07979685877808117,-0.07821458029706851,0.0378497959794863,0.28261396702230845,-0.080599659342534,0.000802800564452838,-0.010198355207962473,0.3032275266513831,False,False,False,False,0.0025149883380959116,-0.03864093521999263
"(10.0, 14.0]",CONTRACTING,-1,4.0,1.0,30,1665,51,808,51,808,534.523236466154,63.50327803363372,0.03063063063063063,0.03063063063063063,0.4852852852852853,0.48408408408408404,-0.36276276276276276,0.32103497685654897,-0.07986789283332114,-0.07986789283332116,0.03814010692710734,0.033583899127061105,-0.0816219289297858,0.0017540360964646562,-0.002953268496430475,0.046584135588751865,False,False,False,False,0.06749046596705642,-0.006188713433132362
"(0.0, 7.0]",STABLE,-1,1.5,1.0,15,11804,2163,4088,2184,4067,879.935386196093,979.5002559918729,0.18324296848525923,0.18502202643171806,0.34632328024398507,0.4704337512707557,-0.07145882751609624,0.07454552577059412,-0.07989366907792105,-0.07544602421177396,0.08298036733241891,0.182789780285308,-0.08514208548468888,0.0052484164067678335,0.0004531881999512155,0.19281814285893095,False,False,False,False,-0.07707560173790763,-0.07848463540791434
"(0.0, 7.0]",EXPANDING,-1,1.0,1.0,30,3153,1433,1438,1465,1406,-1.2291269446854605,245.83373862940914,0.45448778940691403,0.4646368537900412,0.45607358071677767,0.0894386298763083,-0.001585791309863622,-0.0003898277655202856,-0.0799438203533443,-0.059645691587089954,0.0779682012779604,0.44402232540687586,-0.08363205789749606,0.0036882375441517623,0.010465464000038172,0.4688446697608234,False,False,False,False,-0.09629071096883085,-0.08811726566108757
"(10.0, 14.0]",STABLE,-1,1.5,1.5,60,3763,1456,1513,1458,1511,-73.20131494166071,142.4723347408888,0.38692532553813447,0.38745681636991763,0.4020728142439543,0.21100186021791129,-0.022721233058729737,-0.019452913882981853,-0.0800355167904729,-0.07844104429512344,0.03786136984876131,0.39286586855607136,-0.08323131542199606,0.003195798631523167,-0.0059405430179368945,0.41523082987421284,False,False,False,False,0.002718304597600824,-0.03865860609643604
"(10.0, 14.0]",STABLE,-1,2.0,0.5,60,3763,607,2973,616,2964,113.78637088428401,142.4723347408888,0.16130746744618654,0.16369917618921073,0.7900611214456551,0.048631411108158384,-0.07241562583045442,0.030238206453437153,-0.08003878922577859,-0.07405951736821813,0.03786136984876131,0.16821402394331786,-0.06776151337342314,-0.012277275852355454,-0.0069065564971313165,0.18549832374195716,False,False,False,False,-0.039724232211115,-0.059881510718446794
"(0.0, 7.0]",STABLE,1,1.5,1.5,15,11804,2214,2257,2221,2250,98.92959085814334,979.5002559918729,0.1875635377838021,0.18815655709928839,0.19120637072178923,0.6212300914944087,-0.005464249406980684,0.008381022607433357,-0.08006359413196625,-0.07828453618550742,0.08298036733241891,0.19200954084675015,-0.07523654549802765,-0.0048270486339385965,-0.00444600306294804,0.20222653165635415,False,False,False,False,-0.08767619847933042,-0.08386989630564834
"(0.0, 7.0]",EXPANDING,-1,0.75,0.75,15,3185,1388,1402,1474,1316,3.041829168046019,248.0024988095714,0.4357927786499215,0.4627943485086342,0.4401883830455259,0.12401883830455263,-0.0032967032967032967,0.0009550484044100531,-0.0802074315985951,-0.03970507681052602,0.07786577670630185,0.41672400348607863,-0.09172607628762657,0.011518644689031465,0.019068775163842866,0.4412508064060382,False,False,False,False,-0.11602647660207768,-0.09811695410033638
"(0.0, 7.0]",STABLE,1,1.5,1.5,30,11530,3797,3799,3809,3787,35.47508891268161,957.4135127677637,0.32931483087597574,0.3303555941023417,0.3294882914137034,0.3411968777103209,-0.00026019080659150045,0.0030767639993652743,-0.08022015818344164,-0.07709786850434364,0.08303673137621541,0.33413066929318513,-0.07634123851648575,-0.003878919666955888,-0.004815838417209395,0.3464699764960687,False,False,False,False,-0.0889755942480872,-0.08459787621576442
"(14.0, inf]",EXPANDING,-1,4.0,1.5,30,2551,79,717,79,717,615.8462939965966,61.10121343036764,0.030968247745981968,0.030968247745981968,0.28106624852998824,0.6879655037240298,-0.2977263818110545,0.24141367855609433,-0.08026457053460252,-0.08026457053460252,0.023951867279642353,0.029937998228520814,-0.06878719391675357,-0.01147737661784895,0.0010302495174611542,0.03980892634930164,False,False,False,False,0.052260320414737084,-0.01400212505993272
"(7.0, 10.0]",CONTRACTING,1,0.75,1.5,15,3194,1386,527,1389,524,-336.68770926822185,168.69632960544712,0.4339386349405135,0.4348778960551033,0.16499686912961803,0.40106449592986854,0.07795867251095805,-0.10541255769199182,-0.08027051937184375,-0.07815718186401659,0.052816634190809994,0.46268326825314965,-0.047411573074215264,-0.032858946297628484,-0.02874463331263616,0.4874185444237986,False,False,False,False,-0.015050311066939487,-0.04766041521939162
"(10.0, 14.0]",STABLE,-1,2.0,0.5,30,3792,454,2800,463,2791,330.95044150446176,143.52642635421205,0.11972573839662447,0.12209915611814345,0.7383966244725738,0.1418776371308017,-0.12974683544303797,0.08727596031235806,-0.08032067111016622,-0.07438712680636875,0.0378497959794863,0.12827352085354024,-0.06547574988762904,-0.01484492122253718,-0.008547782456915773,0.14371116804353806,False,False,False,False,-0.04374575092829297,-0.062033211019229595
"(0.0, 7.0]",CONTRACTING,-1,4.0,1.0,60,6403,580,4185,580,4185,1903.4027387079875,553.8240083541089,0.09058253943464001,0.09058253943464001,0.6535998750585663,0.2558175855067937,-0.2912697173200062,0.297267333860376,-0.0804968404882276,-0.08049684048822761,0.08649445702859736,0.0895442097026604,-0.07469126632348805,-0.005805574164739549,0.0010383297319796064,0.09968884089195733,False,False,False,False,-0.02399322069981395,-0.052245030594020775
"(7.0, 10.0]",STABLE,-1,4.0,0.5,60,6404,333,5252,334,5251,1116.0520584598996,337.6828081939889,0.05199875078076202,0.052154903185509055,0.8201124297314178,0.12788881948782016,-0.20206121174266084,0.17427421275138968,-0.08051698153249363,-0.079814295711132,0.0527299825412225,0.05644494550920706,-0.04763231072805119,-0.03288467080444244,-0.004446194728445041,0.06468399297046765,False,False,False,False,-0.021923210413718655,-0.051220095973106144
"(0.0, 7.0]",CONTRACTING,-1,4.0,0.75,60,6403,506,4736,506,4736,1564.983638512245,553.8240083541089,0.07902545681711698,0.07902545681711698,0.7396532875214743,0.18132125566140878,-0.23863813837263784,0.24441412439672733,-0.08071847100450785,-0.08071847100450785,0.08649445702859736,0.07819835680751173,-0.06869889578063218,-0.012019575223875673,0.0008271000096052444,0.08775035612544241,False,False,False,False,-0.04327857198850922,-0.06199852149650854
"(0.0, 7.0]",CONTRACTING,1,1.0,1.5,15,6812,2348,1219,2365,1202,-480.0716886906409,589.411051536283,0.3446858485026424,0.3471814445096888,0.1789489136817381,0.4763652378156195,0.07626247798003523,-0.07047441114072826,-0.08073733708557308,-0.07449834706795712,0.08652540392488006,0.3484702536580891,-0.08727329053822082,0.006535953452647736,-0.0037844051554467018,0.36469375885194527,False,False,False,False,-0.1051131807422116,-0.09292525891389233
"(10.0, 14.0]",EXPANDING,-1,3.0,1.0,60,2771,421,1776,424,1773,391.8751907291909,102.7589053624695,0.1519307109346806,0.1530133525802959,0.6409238542042583,0.20714543486106107,-0.18513172140021653,0.14142013378895377,-0.08079527774567977,-0.07646471116321857,0.037083690134417,0.12912289274370878,-0.1000491557316095,0.01925387798592973,0.02280781819097183,0.1472743757034652,False,True,False,False,0.01916607402872239,-0.030814601858478688
"(14.0, inf]",STABLE,-1,0.75,1.5,60,2218,1329,691,1336,684,-83.54738877358109,56.16247469205734,0.5991884580703336,0.6023444544634806,0.31154192966636607,0.08926961226330032,-0.01792155094679892,-0.03766789394661005,-0.08091066883031489,-0.07380967694573419,0.025321223936905925,0.5971107544141252,-0.07644023318495581,-0.0044704356453590804,0.0020777036562084072,0.6261689306037692,False,False,False,False,0.010389364489473111,-0.03526065217042089
"(14.0, inf]",STABLE,-1,2.0,0.5,60,2218,325,1735,332,1728,93.91616045327785,56.16247469205734,0.14652840396753833,0.1496844003606853,0.7822362488728585,0.07123534715960322,-0.09806131650135257,0.04234272337839398,-0.08103981705986452,-0.07314982607699706,0.025321223936905925,0.15587658284287498,-0.05952970825117632,-0.021510108808688193,-0.009348178875336649,0.1778052919079881,False,False,False,False,0.032395425990073154,-0.02432219553489568
"(7.0, 10.0]",STABLE,-1,1.5,1.5,15,6535,1105,1061,1106,1060,-251.36045654746783,344.38265460412464,0.16908951798010713,0.1692425401683244,0.1623565416985463,0.6685539403213466,0.010099464422341239,-0.038463727092190945,-0.08106245006145257,-0.08060338349680068,0.052698187391602855,0.17696898253886392,-0.061617229131186196,-0.019445220930266377,-0.007879464558756794,0.1903087653392179,False,False,False,False,-0.02479299128640502,-0.0529277206739288
"(0.0, 7.0]",EXPANDING,-1,0.75,0.75,30,3153,1528,1542,1619,1451,0.6305908388246333,245.83373862940914,0.4846178242943229,0.5134792261338408,0.489058039961941,0.0263241357437361,-0.003330161750713606,0.00019999709445754307,-0.08109836593421646,-0.03780626317493959,0.0779682012779604,0.4778856526429342,-0.0902617791801026,0.00916341324588614,0.006732171651388674,0.5028150818365158,False,False,False,False,-0.11813013938098121,-0.09961425265759884
"(0.0, 7.0]",EXPANDING,-1,1.5,0.5,30,3153,672,2271,706,2237,117.57054918855923,245.83373862940914,0.2131303520456708,0.22391373295274342,0.7202664129400571,0.06660323501427212,-0.04043767840152236,0.03728847103982215,-0.08111740863966062,-0.05955064682551536,0.0779682012779604,0.21345152666385253,-0.08075270477303077,-0.0003647038666298452,-0.00032117461818173543,0.23410018769323018,False,False,False,False,-0.07341706779882388,-0.07726723821924225
"(14.0, inf]",CONTRACTING,1,3.0,0.5,30,855,14,602,14,602,211.5384763402625,21.95308796592333,0.016374269005847954,0.016374269005847954,0.704093567251462,0.2795321637426901,-0.30292397660818715,0.24741342262019006,-0.0811866802639308,-0.0811866802639308,0.02567612627593372,0.032063773250664306,-0.004335083888455864,-0.07685159637547494,-0.01568950424481635,0.05015454914629856,False,False,False,False,0.04575843340527314,-0.01771412342932883
"(0.0, 7.0]",STABLE,-1,2.0,1.5,60,10983,3735,5256,3752,5239,430.3564227766286,912.715133199325,0.3400710188473095,0.34161886551943915,0.4785577711007921,0.18137121005189838,-0.03769461895656925,0.03918386804849573,-0.08161328511542351,-0.07619582176296971,0.08310253420734999,0.33519170579029733,-0.09975673206246946,0.01814344694704595,0.004879313057012169,0.34784505273236976,False,False,False,False,-0.06912983193825488,-0.07537155852683919
"(0.0, 7.0]",STABLE,-1,1.0,1.0,30,11530,5110,5088,5168,5030,-7.848184676501733,957.4135127677637,0.44319167389418906,0.44822202948829143,0.44128360797918476,0.11552471812662624,0.0019080659150043364,-0.0006806751670860133,-0.08180934062829709,-0.0717486294400924,0.08303673137621541,0.44402232540687586,-0.08363205789749606,0.0018227172691989701,-0.0008306515126867975,0.45699588003999747,False,False,False,False,-0.09432483331233843,-0.08806708697031776
"(7.0, 10.0]",STABLE,-1,2.0,0.75,60,6404,1430,4443,1433,4440,285.81068155385145,337.6828081939889,0.22329793878825735,0.22376639600249845,0.693785134291068,0.08291692692067465,-0.07374297314178638,0.0446300252270224,-0.08184293045598647,-0.08055467311682346,0.0527299825412225,0.2353250657647501,-0.0509895361483911,-0.030853394307595365,-0.012027126976492747,0.250270196948893,False,False,False,False,-0.04242335562228186,-0.06213314303913416
"(0.0, 7.0]",EXPANDING,-1,0.75,0.75,60,3062,1520,1534,1611,1443,-0.697761588705674,239.44254018301092,0.496407576747224,0.5261267145656434,0.5009797517962117,0.0026126714565642972,-0.003429131286740692,-0.00022787772328728738,-0.08185509528795447,-0.03727638856032547,0.07819808627792649,0.49398474178403756,-0.09018651667996536,0.008331421392010888,0.00242283496318646,0.5192924055728063,False,False,False,False,-0.1191197839955275,-0.10048743964174098
"(0.0, 7.0]",CONTRACTING,-1,0.75,1.0,30,6638,3600,2605,3662,2543,-63.97641175822353,574.381314253559,0.5423320277191925,0.5516721904188009,0.3924374811690268,0.06523049111178064,0.01431153962036758,-0.009637904754176488,-0.0818556381457943,-0.06551035342147975,0.08652927301198539,0.5354814502134047,-0.08732590549650196,0.005470267350707658,0.00685057750578788,0.5526155890157286,False,False,False,False,-0.09310652479860786,-0.08748108147220107
"(7.0, 10.0]",STABLE,-1,1.5,1.0,30,6501,1753,3081,1764,3070,261.317660018188,342.64702555540435,0.26965082295031534,0.2713428703276419,0.4739270881402861,0.2564220889093985,-0.0694508537148131,0.0401965328438991,-0.08196113913816587,-0.07773102069484947,0.05270681826725186,0.2818101022070804,-0.05875217604915679,-0.023208963089009077,-0.012159279256765076,0.2975180407471655,False,False,False,False,-0.037630844352240594,-0.05979599174520323
"(0.0, 7.0]",EXPANDING,-1,1.0,1.0,15,3185,1106,1149,1136,1119,29.95223632206555,248.0024988095714,0.34725274725274724,0.3566718995290424,0.3607535321821036,0.29199372056514916,-0.013500784929356358,0.009404155831103782,-0.08196240580455443,-0.06312410125196416,0.07786577670630185,0.3356268061098115,-0.08869978100584272,0.006737375201288295,0.011625941142935747,0.35918081134911184,False,False,False,False,-0.09260745216063954,-0.08728492898259699
"(7.0, 10.0]",EXPANDING,1,1.5,1.0,60,3761,1334,2183,1351,2166,70.86230508644906,197.27354096545074,0.35469290082424887,0.3592129752725339,0.5804307365062483,0.06487636266950281,-0.048391385269875034,0.018841346739284514,-0.08200245569768723,-0.07070226957697466,0.05245241716709671,0.3535512965050733,-0.0703273379198275,-0.011675117777859734,0.0011416043191755931,0.3754756547801484,False,False,False,False,-0.016110879900822144,-0.04905666779925469
"(0.0, 7.0]",STABLE,-1,4.0,1.5,30,11530,451,4029,455,4025,4249.602153642509,957.4135127677637,0.0391153512575889,0.03946227233304423,0.3494362532523851,0.611448395490026,-0.36769297484822205,0.36856913734974056,-0.08216056887469687,-0.08025250295969254,0.08303673137621541,0.038506636649312885,-0.10290014623843788,0.020739577363741005,0.0006087146082760161,0.04361967612193689,False,False,False,False,-0.05727991963995514,-0.06972024425732601
"(7.0, 10.0]",EXPANDING,1,0.75,1.0,60,3761,2070,1660,2116,1614,-4.301423987398944,197.27354096545074,0.5503855357617655,0.5626163254453602,0.4413719755384206,0.008242488699813866,-0.028582823717096518,-0.0011436915680401339,-0.08217893245223336,-0.06077505050594248,0.05245241716709671,0.5592634347989478,-0.06461440728295068,-0.017564525169282683,-0.00887789903718228,0.5818994849947376,False,False,False,False,-0.05055745073149426,-0.0663681915918638
"(14.0, inf]",CONTRACTING,1,4.0,0.5,30,855,4,602,4,602,236.5857734780821,21.95308796592333,0.004678362573099415,0.004678362573099415,0.704093567251462,0.2912280701754386,-0.3333333333333333,0.2767085069919089,-0.08230095261735816,-0.08230095261735816,0.02567612627593372,0.010274579273693534,-0.0031444039108640817,-0.07915654870649408,-0.0055962167005941185,0.021177998372371942,False,False,False,False,0.04185406489971486,-0.02022344385882165
"(10.0, 14.0]",EXPANDING,-1,2.0,1.5,60,2771,875,1270,881,1264,29.5872415256364,102.7589053624695,0.31577047997112956,0.31793576326236017,0.4583182966438109,0.22591122338505948,-0.05593648502345724,0.01067745995151079,-0.08234271520636344,-0.07476422368705633,0.037083690134417,0.28719765453212803,-0.08938317692807289,0.007040461721709454,0.028572825439001526,0.3114478466595893,False,True,False,False,0.014494088632928427,-0.03392431328671751
"(14.0, inf]",EXPANDING,-1,4.0,0.75,60,2541,141,1768,141,1768,613.408066686856,60.8751728936191,0.05548996458087367,0.05548996458087367,0.695789059425423,0.24872097599370335,-0.29988193624557263,0.24140419783032507,-0.08243490995937153,-0.08243490995937153,0.023957171544124006,0.05778491171749599,-0.08794727066459483,0.005512360705223304,-0.002294947136622316,0.07114956727413291,False,False,False,False,0.06516129708523753,-0.008636806437066998
"(7.0, 10.0]",STABLE,-1,1.5,0.75,30,6501,1577,3842,1594,3825,322.3177872925975,342.64702555540435,0.24257806491309028,0.24519304722350407,0.5909860021535148,0.16643593293339487,-0.0793724042455007,0.04957972424128557,-0.08249949827146699,-0.07661578807303598,0.05270681826725186,0.25344393423196565,-0.06218280257549809,-0.020316695695968903,-0.01086586931887537,0.2686445012624192,False,False,False,False,-0.04174084784419202,-0.062120173057829506
"(10.0, 14.0]",STABLE,-1,1.5,0.5,30,3792,698,2746,718,2726,156.0719991056163,143.52642635421205,0.1840717299578059,0.18934599156118143,0.7241561181434599,0.09177215189873422,-0.0859704641350211,0.04115822761224058,-0.08266203250226681,-0.07211350929551576,0.0378497959794863,0.19398642095053345,-0.06935275378374271,-0.013309278718524095,-0.009914690992727543,0.2121596271641235,False,False,False,False,-0.0401708884624336,-0.06141646048235021
"(0.0, 7.0]",EXPANDING,-1,4.0,1.0,15,3185,41,1215,45,1211,1035.2868078666093,248.0024988095714,0.012872841444270016,0.0141287284144427,0.3814756671899529,0.6056514913657771,-0.3299843014128728,0.3250508030978365,-0.0827992750213382,-0.07651984017047476,0.07786577670630185,0.010595844227329022,-0.08458652300666683,0.00178724798532863,0.002276997216940994,0.016024327109066337,False,False,False,False,-0.04217924977512906,-0.06248926239823363
"(0.0, 7.0]",EXPANDING,-1,0.75,1.5,15,3185,1600,627,1624,603,-275.4053325539643,248.0024988095714,0.5023547880690737,0.5098901098901099,0.19686028257456828,0.300784929356358,0.0814756671899529,-0.0864694921676497,-0.08285960168399865,-0.0659051275866674,0.07786577670630185,0.4718590890326132,-0.09474695229507282,0.011887350611074168,0.030495699036460544,0.4966523871748782,False,True,False,False,-0.08892441645002366,-0.08589200906701117
"(10.0, 14.0]",CONTRACTING,-1,1.5,0.5,60,1652,362,1255,365,1252,10.610082982200645,63.02996017781892,0.21912832929782083,0.22094430992736078,0.7596852300242131,0.021186440677966156,-0.0511501210653753,0.006422568391162618,-0.08288128159541057,-0.07924932033633067,0.038153728921197894,0.22550696310774493,-0.07025790239639676,-0.01262337919901381,-0.006378633809924095,0.25468114325051516,False,False,False,False,-0.0005047103098251893,-0.04169299595261788
"(7.0, 10.0]",STABLE,-1,1.5,0.75,15,6535,1003,3090,1015,3078,615.4580104366925,344.38265460412464,0.15348125478194338,0.15531752104055088,0.4728385615914308,0.3736801836266258,-0.124407039020658,0.09417873151288332,-0.08292649489937755,-0.07879489581751066,0.052698187391602855,0.1601709275768069,-0.0635041198813963,-0.019422375017981247,-0.006689672794863516,0.17300115136554345,False,False,False,False,-0.04270264753775422,-0.06281457121856589
"(14.0, inf]",CONTRACTING,1,3.0,1.0,30,855,21,399,21,399,286.9871216880906,21.95308796592333,0.02456140350877193,0.02456140350877193,0.4666666666666667,0.5087719298245614,-0.3929824561403509,0.3356574522667726,-0.08300113014951195,-0.08300113014951196,0.02567612627593372,0.040212577502214346,0.004752725559830904,-0.08775385570934285,-0.015651173993442416,0.06022871944065005,False,False,False,False,0.06425519517436747,-0.009372967487572242
"(7.0, 10.0]",EXPANDING,1,0.75,0.5,60,3761,1412,2349,1580,2181,0.0,197.27354096545074,0.3754320659399096,0.4201010369582558,0.6245679340600904,1.1102230246251565e-16,-0.030709917575113002,0.0,-0.0831623347422097,-0.027326120969276984,0.05245241716709671,0.38015783540022546,-0.07719209214183183,-0.005970242600377873,-0.004725769460315887,0.40240142060858747,False,False,False,False,-0.05701110174455018,-0.07008671824337995
"(7.0, 10.0]",CONTRACTING,1,0.75,1.0,15,3194,1336,1017,1352,1001,-82.10133386981856,168.69632960544712,0.41828428303068255,0.4232936756418284,0.31840951784596117,0.2633061991233563,-0.00469630557294928,-0.025704863453293224,-0.0832178032170525,-0.07445136614754717,0.052816634190809994,0.44094894275399693,-0.05649403699966636,-0.026723766217386133,-0.022664659723314384,0.4655959347093063,False,False,False,False,-0.013933939381377108,-0.0485758712992148
"(0.0, 7.0]",CONTRACTING,-1,3.0,1.0,60,6403,1036,4124,1038,4122,1036.1778027404619,553.8240083541089,0.16179915664532252,0.1621115102295799,0.6440730907387162,0.19412775261596127,-0.15867562080274872,0.16182692530695952,-0.08334315252438654,-0.08209373818735702,0.08649445702859736,0.16358568075117372,-0.06765348060934741,-0.01568967191503913,-0.0017865241058512005,0.17665718103028932,False,False,False,False,-0.035991952058414434,-0.059667552291400486
"(10.0, 14.0]",CONTRACTING,-1,0.75,0.5,60,1652,600,1049,626,1023,-0.23635917026645925,63.02996017781892,0.36319612590799033,0.3789346246973366,0.6349878934624698,0.001815980629539915,-0.04509685230024213,-0.00014307455827267508,-0.0833936557797127,-0.06372053229302989,0.038153728921197894,0.3712435866112876,-0.0734482725936286,-0.009945383186084095,-0.00804746070329726,0.4047049102615043,False,False,False,False,-0.008639637222062764,-0.04601664650088773
"(14.0, inf]",CONTRACTING,1,4.0,0.75,60,848,32,565,32,565,246.82181308494472,21.794415002467627,0.03773584905660377,0.03773584905660377,0.6662735849056604,0.2959905660377359,-0.3487617924528302,0.29106345882658574,-0.08339929471406003,-0.08339929471406002,0.025700961087815596,0.037631532013554486,0.019876046224838552,-0.10327534093889859,0.00010431704304928596,0.05714877073116364,False,False,False,False,0.023842819132489763,-0.029778237790785134
"(7.0, 10.0]",CONTRACTING,1,4.0,1.5,60,3140,188,1471,188,1471,1358.3564982242897,165.86538771846006,0.05987261146496815,0.05987261146496815,0.46847133757961784,0.471656050955414,-0.4632165605095541,0.4325976108994553,-0.08344232149495871,-0.08344232149495871,0.05282337188485989,0.07951897782788425,-0.0037073861879567114,-0.079734935307002,-0.0196463663629161,0.09335141724821522,False,False,False,False,-0.0010594031555762906,-0.0422508623252675
"(0.0, 7.0]",STABLE,-1,2.0,1.5,30,11530,2485,3943,2496,3932,939.0799434667238,957.4135127677637,0.21552471812662619,0.21647875108412837,0.3419774501300954,0.4424978317432784,-0.08191673894189072,0.0814466559815025,-0.08350681433660363,-0.08016769898534605,0.08303673137621541,0.21312321185685473,-0.09690289455927685,0.013396080222673218,0.002401506269771453,0.22386516674680257,False,False,False,False,-0.0702592392196897,-0.07688302677814667
"(7.0, 10.0]",STABLE,-1,2.0,1.0,60,6404,1668,3878,1669,3877,343.32367501184683,337.6828081939889,0.26046221111805123,0.26061836352279827,0.6055590256089943,0.13397876327295444,-0.08463460337289194,0.053610817459688764,-0.08375376845442568,-0.08328531124018458,0.0527299825412225,0.2741074783915821,-0.0472250252667019,-0.03652874318772378,-0.013645267273530881,0.28980366645560063,False,False,False,False,-0.0302834505914467,-0.05701860952293619
"(0.0, 7.0]",EXPANDING,-1,2.0,1.0,15,3185,329,1210,336,1203,533.1850830166658,248.0024988095714,0.10329670329670329,0.1054945054945055,0.37990580847723704,0.5167974882260598,-0.17331240188383046,0.1674050496127679,-0.08377312897736441,-0.0771797223839578,0.07786577670630185,0.09678455116737765,-0.08536586261003765,0.0015927336326732322,0.006512152129325641,0.11175115427708263,False,False,False,False,-0.05946955598322127,-0.07162134248029284
"(0.0, 7.0]",STABLE,-1,3.0,1.5,15,11804,396,2260,398,2258,2191.045186165377,979.5002559918729,0.03354794984750932,0.033717383937648254,0.19146052185699763,0.7749915282954931,-0.18654693324296848,0.1856188737856131,-0.08390842678977431,-0.0831459733841491,0.08298036733241891,0.03201687995963488,-0.09456961998053734,0.01066119319076303,0.0015310698878744436,0.03664823665121221,False,False,False,False,-0.07313648715809988,-0.07852245697393709
"(10.0, 14.0]",STABLE,-1,2.0,1.5,30,3792,655,1041,657,1039,76.60731583842319,143.52642635421205,0.17273206751054854,0.17325949367088608,0.2745253164556962,0.5527426160337552,-0.06632383966244726,0.020202351223212865,-0.08397128441872069,-0.08212529285753926,0.0378497959794863,0.18258971871968963,-0.0821579031599808,-0.0018133812587398934,-0.009857651209141088,0.20035652022088069,False,False,False,False,0.0029543334267599147,-0.04050847549598039
"(10.0, 14.0]",CONTRACTING,-1,0.75,1.5,60,1652,999,506,999,506,-66.00439548951559,63.02996017781892,0.6047215496368039,0.6047215496368039,0.3062953995157385,0.08898305084745761,-0.005901937046004843,-0.03995423455781815,-0.0840099005250209,-0.08400990052502089,0.038153728921197894,0.6259467383337405,-0.06117077681103438,-0.02283912371398652,-0.02122518869693657,0.6590954297388026,False,False,False,False,0.03356848301994507,-0.025220708752537915
"(0.0, 7.0]",EXPANDING,1,1.5,0.75,60,3062,988,2016,1018,1986,12.085121478968539,239.44254018301092,0.32266492488569565,0.3324624428478119,0.6583932070542129,0.01894186806009146,-0.009797517962116264,0.003946806492151711,-0.08404879774789105,-0.06200438233312945,0.07819808627792649,0.3232100938967136,-0.07604817869342566,-0.008000619054465391,-0.0005451690110179763,0.34701601234994095,False,False,False,False,-0.07448442635200378,-0.07926661204994742
"(0.0, 7.0]",STABLE,1,1.5,1.5,60,10983,4875,4898,4890,4883,23.79137403210652,912.715133199325,0.4438677956842393,0.44523354274788307,0.44596194118182647,0.11017026313393424,-0.0031412182463807703,0.00216619994829341,-0.08407755250543736,-0.0799803113145059,0.08310253420734999,0.44732981220657275,-0.07499660107518084,-0.009080951430256515,-0.0034620165223334665,0.46063168446583763,False,False,False,False,-0.08622475710019407,-0.08515115480281571
"(14.0, inf]",CONTRACTING,1,1.0,1.5,15,858,236,162,237,161,-43.15653809123474,22.028981079620134,0.27505827505827507,0.2762237762237762,0.1888111888111888,0.5361305361305362,-0.008158508158508158,-0.05029899544432953,-0.08413230672593808,-0.08121855381218517,0.02567480312310039,0.301556420233463,-0.02172175479961685,-0.06241055192632122,-0.026498145175187948,0.34593182773806913,False,False,False,False,0.002053691588348402,-0.041039307568794835
"(7.0, 10.0]",CONTRACTING,1,1.0,1.5,30,3175,1439,928,1442,925,-146.5765180911515,167.69485600288158,0.4532283464566929,0.4541732283464567,0.2922834645669291,0.25448818897637804,0.014803149606299212,-0.04616583246965402,-0.08417996034457735,-0.08181775562016791,0.052817277481222544,0.47030069619315656,-0.052096933481957826,-0.032083026862619525,-0.017072349736463655,0.4951296807010914,False,False,False,False,-0.012210406383100938,-0.04819518336383914
"(14.0, inf]",CONTRACTING,1,4.0,1.0,30,855,8,400,8,400,317.9740322126749,21.95308796592333,0.00935672514619883,0.00935672514619883,0.4678362573099415,0.5228070175438597,-0.4304093567251462,0.3718994528803215,-0.0841860301207584,-0.0841860301207584,0.02567612627593372,0.012931798051372897,0.005565294922282276,-0.08975132504304068,-0.0035750729051740662,0.02499837591672838,False,False,False,False,0.06149180327919976,-0.01134711342077932
"(7.0, 10.0]",EXPANDING,1,0.75,0.75,60,3761,1796,1955,1878,1873,-0.18292574230171266,197.27354096545074,0.4775325711247009,0.49933528316936987,0.5198085615527785,0.0026588673225205195,-0.03170699282105823,-4.8637527865384916e-05,-0.08420804751602032,-0.05150397944901687,0.05245241716709671,0.48447951897782787,-0.07359361544348304,-0.010614432072537275,-0.006946947853126995,0.5073124543411205,False,False,False,False,-0.053400854885176555,-0.06880445120059844
"(0.0, 7.0]",EXPANDING,-1,2.0,0.75,15,3185,313,1592,320,1585,547.2629285841967,248.0024988095714,0.09827315541601256,0.10047095761381476,0.4998430141287284,0.40188383045525905,-0.1783359497645212,0.17182509531685927,-0.0843766311539638,-0.07833267511000774,0.07786577670630185,0.09192238888124397,-0.08064779279217414,-0.003728838361789652,0.006350766534768584,0.10655756173733681,False,False,False,False,-0.07618529777301723,-0.0802809644634905
"(10.0, 14.0]",EXPANDING,-1,1.0,1.5,60,2771,1502,1031,1515,1018,-86.68526244624988,102.7589053624695,0.5420425839047275,0.5467340310357272,0.3720678455431252,0.0858895705521473,-0.016059184409960302,-0.03128302506180075,-0.08442589960617805,-0.07269728177867896,0.037083690134417,0.5329831419496701,-0.07643298088598906,-0.007992918720188993,0.009059441955057368,0.5594964490282502,False,False,False,False,-0.011027941179449144,-0.0477269203928136
"(0.0, 7.0]",STABLE,-1,1.0,0.5,60,10983,3639,7322,3898,7063,5.165045453249112,912.715133199325,0.3313302376399891,0.3549121369389056,0.6666666666666666,0.0020030956933442257,-0.0020030956933442595,0.0004702763774241202,-0.08463535352327013,-0.04926250457489537,0.08310253420734999,0.32854068857589985,-0.08888735232394018,0.004251998800670051,0.002789549064089236,0.3411319774305146,False,False,False,False,-0.0920011742318978,-0.08831826387758396
"(10.0, 14.0]",STABLE,-1,1.5,1.0,60,3763,1263,2127,1270,2120,56.385728645638665,142.4723347408888,0.3356364602710603,0.33749667818230134,0.5652404996013819,0.0991230401275578,-0.06178580919479139,0.01498424890928479,-0.08466293013426791,-0.08001238535616534,0.03786136984876131,0.33740532616662594,-0.08756293753291865,0.0029000073986507335,-0.00176886589556563,0.3590943122857505,False,False,False,False,-0.016251357337982383,-0.05045714373612515
"(0.0, 7.0]",EXPANDING,-1,4.0,0.75,15,3185,38,1602,42,1598,1027.3412430717558,248.0024988095714,0.011930926216640502,0.013186813186813187,0.5029827315541602,0.48508634222919933,-0.3295133437990581,0.32255612027370667,-0.08482300023165326,-0.07885753712333299,0.07786577670630185,0.010137149672033392,-0.07977099734340329,-0.0050520028882499735,0.0017937765446071098,0.015455621799845264,False,False,False,False,-0.05701134291462857,-0.07091717157314091
"(7.0, 10.0]",STABLE,-1,1.5,1.5,30,6501,1925,1944,1927,1942,-180.3270346741119,342.64702555540435,0.2961082910321489,0.2964159360098446,0.2990309183202584,0.4048607906475927,-0.004383940932164283,-0.027738353280127966,-0.08482911247954411,-0.08390617754645689,0.05270681826725186,0.30788031402755145,-0.057394141683554334,-0.027434970795989777,-0.011772022995402531,0.3239865555683319,False,False,False,False,-0.021507458988046832,-0.05316828573379547
"(10.0, 14.0]",CONTRACTING,-1,0.75,0.75,30,1665,730,833,739,824,-0.5173687883344487,63.50327803363372,0.43843843843843844,0.44384384384384384,0.5003003003003003,0.0612612612612613,-0.046396396396396394,-0.0003107320050056749,-0.08484723532850941,-0.0767391272204013,0.03814010692710734,0.45635305528612996,-0.070749042555904,-0.014098192772605406,-0.017914616847691522,0.49058898517634114,False,False,False,False,0.0004589133661866256,-0.04219416098116139
"(14.0, inf]",EXPANDING,-1,1.0,1.5,60,2541,1285,879,1290,874,-121.44287080479654,60.8751728936191,0.5057064147973239,0.5076741440377804,0.345926800472255,0.1483667847304211,-0.013183785911058638,-0.047793337585516155,-0.0849342950406988,-0.08001497193955752,0.023957171544124006,0.5113251293026574,-0.07728781651321429,-0.007646478527484513,-0.005618714505333466,0.539083506719113,False,False,False,False,0.04012887726118396,-0.02240270888975742
"(0.0, 7.0]",CONTRACTING,1,1.0,1.0,15,6812,2249,2296,2277,2268,57.6536424717954,589.411051536283,0.3301526717557252,0.3342630651790957,0.33705226071638283,0.3327950675278919,-0.006899588960657663,0.008463541173193688,-0.08496145171234405,-0.07674066486560299,0.08652540392488006,0.3329205082335673,-0.08798145438131633,0.003020002668972274,-0.002767836477842067,0.34897195890585936,False,False,False,False,-0.09631014298415713,-0.09063579734825059
"(0.0, 7.0]",STABLE,1,1.0,0.75,15,11804,3639,5295,3739,5195,308.6091068913982,979.5002559918729,0.308285327007794,0.31675703151474077,0.44857675364283295,0.24313791934937307,-0.028147238224330736,0.02614445161736684,-0.08498315393938281,-0.07015767105222591,0.08298036733241891,0.30851795789183983,-0.09263613697455218,0.0076529830351693695,-0.00023263088404584797,0.3204651601725497,False,False,False,False,-0.07854937912442532,-0.08176626653190407
"(0.0, 7.0]",CONTRACTING,1,1.5,0.75,30,6638,1762,3964,1789,3937,338.56686531135654,574.381314253559,0.2654413980114492,0.26950888821934316,0.597167821633022,0.13739078035552887,-0.04971376920759265,0.051004348495232985,-0.08523869372434506,-0.07608684075658367,0.08652927301198539,0.2687960227006238,-0.07694514314543056,-0.008293550578914496,-0.003354624689174579,0.28411974951504887,False,False,False,False,-0.0976191002124173,-0.09142889696838119
"(10.0, 14.0]",CONTRACTING,-1,0.75,0.75,15,1678,623,728,632,719,-1.3208730519370697,63.97784355817555,0.3712753277711561,0.3766388557806913,0.433849821215733,0.19487485101311086,-0.046930870083432656,-0.0007871710679005184,-0.08584548069732575,-0.07780018868302302,0.038127439545992584,0.3969824984912492,-0.06660978409568867,-0.019235696601637084,-0.025707170720093098,0.43056587740038527,False,False,False,False,0.0015453095910378546,-0.04215008555314395
"(14.0, inf]",EXPANDING,-1,1.5,1.5,30,2551,684,694,686,692,-143.06436947997938,61.10121343036764,0.26813014504116034,0.2689141513132105,0.2720501764014112,0.4598196785574284,-0.005880047040376323,-0.05608168148960383,-0.0859135958096225,-0.08356157699347197,0.023951867279642353,0.2712134632418069,-0.06541943068824015,-0.020494165121382357,-0.0030833182006465565,0.2960730242059579,False,False,False,False,0.03565784243418728,-0.025127876687717612
"(10.0, 14.0]",CONTRACTING,-1,1.0,0.5,15,1678,366,1019,381,1004,63.24201245797909,63.97784355817555,0.21811680572109654,0.2270560190703218,0.6072705601907032,0.17461263408820027,-0.08551847437425507,0.037688922799749155,-0.08595699112049848,-0.07254817109666059,0.038127439545992584,0.24900422450211226,-0.06325987026096049,-0.022697120859537998,-0.030887418781015724,0.2789088490700758,False,False,False,False,0.004649885748481899,-0.040653552686008294
"(0.0, 7.0]",CONTRACTING,-1,1.0,1.0,60,6403,3136,3130,3167,3099,-3.003875061457107,553.8240083541089,0.4897704201155708,0.4946119006715602,0.4888333593627987,0.021396220521630482,0.0009370607527721381,-0.0004691355710537415,-0.08602653184687895,-0.0763435707349002,0.08649445702859736,0.49281103286384975,-0.08063388940897037,-0.0053926424379085736,-0.003040612748278937,0.510314451650062,False,False,False,False,-0.0966453433222945,-0.09133593758458672
"(7.0, 10.0]",STABLE,-1,1.5,1.0,15,6535,1053,2221,1062,2212,423.4209987264153,344.38265460412464,0.16113236419280796,0.16250956388676358,0.3398622800306044,0.4990053557765876,-0.0981637337413925,0.06479280776226706,-0.08606911337072827,-0.08262611413583923,0.052698187391602855,0.16930671185441687,-0.062202847440813884,-0.023866265929914386,-0.008174347661608905,0.18241983785801913,False,False,False,False,-0.03716675747174798,-0.061617935421238126
"(0.0, 7.0]",STABLE,-1,1.0,1.0,15,11804,3943,3941,3994,3890,-39.128713220920076,979.5002559918729,0.33403930870891224,0.3383598780074551,0.3338698746187733,0.3320908166723145,0.00016943409013893597,-0.0033148689614469736,-0.08612580220372695,-0.07748466360664122,0.08298036733241891,0.3356268061098115,-0.08869978100584272,0.0025739788021157672,-0.0015874974008992515,0.34783489734208217,False,False,False,False,-0.08847607105819662,-0.08730093663096178
"(10.0, 14.0]",STABLE,-1,1.5,0.75,60,3763,1085,2489,1099,2475,57.60769450128814,142.4723347408888,0.28833377624235984,0.2920542120648419,0.6614403401541323,0.05022588360350777,-0.06357959075205953,0.015308980733799665,-0.08613197986702117,-0.07776099926643654,0.03786136984876131,0.29049596872709504,-0.08279793488088451,-0.0033340449861366667,-0.0021621924847352036,0.31135426808402716,False,False,False,False,-0.025150597542724595,-0.055641288704872886
"(7.0, 10.0]",CONTRACTING,1,1.0,1.0,60,3140,1479,1581,1491,1569,-2.823963458246417,165.86538771846006,0.4710191082802548,0.4748407643312102,0.5035031847133759,0.02547770700636931,-0.03248407643312102,-0.0008993514198236996,-0.0862067997378046,-0.07856348763589377,0.05282337188485989,0.4793686583990981,-0.0685223956960378,-0.0176844040417668,-0.008349550118843307,0.5043516936900059,False,False,False,False,-0.027083256133826002,-0.0566450279358153
"(0.0, 7.0]",STABLE,-1,1.5,1.5,60,10983,4883,4890,4898,4875,-23.79137403210652,912.715133199325,0.44459619411818263,0.44596194118182647,0.44523354274788307,0.1101702631339343,-0.0009560229445506692,-0.00216619994829341,-0.08622475710019407,-0.08212751590926264,0.08310253420734999,0.4397007042253521,-0.09831929111343858,0.012094534013244507,0.004895489892830507,0.4529810259763389,False,False,False,False,-0.08407755250543736,-0.08515115480281571
"(0.0, 7.0]",EXPANDING,1,1.5,0.75,30,3153,883,1944,913,1914,106.94883772324842,245.83373862940914,0.28005074532191565,0.28956549318109737,0.6165556612749762,0.10339359340310816,-0.042340627973358705,0.03391970749230841,-0.0863891217590107,-0.06498093907585181,0.0779682012779604,0.2687960227006238,-0.07694514314543056,-0.009443978613580137,0.011254722621291846,0.2910791474531979,False,False,False,False,-0.06748537396727412,-0.0769372478631424
"(0.0, 7.0]",CONTRACTING,1,1.5,0.75,15,6812,1147,3250,1170,3227,717.7635372089977,589.411051536283,0.16837933059307106,0.1717557251908397,0.4770992366412214,0.3545214327657075,-0.10525543159130946,0.10536751867425098,-0.08641331684193854,-0.07881642899695908,0.08652540392488006,0.17251502224668594,-0.07946879985737222,-0.006944516984566315,-0.004135691653614881,0.18545058819584917,False,False,False,False,-0.10443965619699785,-0.0954264865194682
"(0.0, 7.0]",STABLE,-1,2.0,1.5,15,11804,1192,2250,1197,2245,950.3244023793766,979.5002559918729,0.10098271772280583,0.10140630294815317,0.19061335140630295,0.7084039308708912,-0.08395459166384277,0.08050867522698886,-0.08642628376927282,-0.08494373548055711,0.08298036733241891,0.10086693270950874,-0.0958502811912844,0.009423997422011582,0.00011578501329709279,0.10871096633000737,False,False,False,False,-0.07762083671954621,-0.08202356024440952
"(0.0, 7.0]",EXPANDING,-1,3.0,1.0,15,3185,99,1215,103,1211,890.599545336874,248.0024988095714,0.03108320251177394,0.03233908948194662,0.3814756671899529,0.5874411302982732,-0.2882260596546311,0.2796230911575743,-0.08646874520335868,-0.08144519732266793,0.07786577670630185,0.031145360304573183,-0.08306818859393961,-0.00340055660941907,-6.21577927992431e-05,0.040104126782405373,False,False,False,False,-0.04569658524309162,-0.06608266522322515
"(7.0, 10.0]",STABLE,-1,2.0,1.0,30,6501,1118,3170,1119,3169,713.6444696916169,342.64702555540435,0.17197354253191816,0.17212736502076603,0.4876172896477465,0.3404091678203353,-0.14367020458391017,0.10977456848048253,-0.0866024543706795,-0.0861409869041359,0.05270681826725186,0.18138053621685676,-0.05826250039356708,-0.02833995397711242,-0.009406993684938608,0.19488208658610673,False,False,False,False,-0.029419561529823664,-0.05801100795025158
"(0.0, 7.0]",CONTRACTING,1,1.5,0.5,30,6638,1407,4725,1450,4682,251.40236952159017,574.381314253559,0.21196143416691773,0.21843928894245254,0.7118107863814402,0.07622777945164205,-0.03796324194034348,0.037873210232237144,-0.08661930472009172,-0.07366359516902213,0.08652927301198539,0.21607804511983492,-0.07880342704129152,-0.007815877678800195,-0.004116610952917182,0.23032821539984288,False,False,False,False,-0.09088192106253597,-0.08875061289131383
"(0.0, 7.0]",CONTRACTING,1,0.75,1.5,60,6403,4161,2032,4200,1993,-74.17726458276744,553.8240083541089,0.6498516320474778,0.6559425269404966,0.31735124160549744,0.03279712634702481,0.011361861627362174,-0.011584767231417685,-0.08671736263265287,-0.07301284912336035,0.08649445702859736,0.6417742566510172,-0.10698511726811634,0.020267754635463472,0.008077375396460584,0.658506175085013,False,False,False,False,-0.09579775595665466,-0.09125755929465376
"(0.0, 7.0]",EXPANDING,-1,2.0,0.5,30,3153,433,2346,449,2330,279.25796470618195,245.83373862940914,0.13732952743418966,0.14240405962575325,0.7440532825880114,0.11861718997779891,-0.09736758642562639,0.08856897072825308,-0.08676681697533371,-0.07408048649642474,0.0779682012779604,0.13986210778106092,-0.07951510549911535,-0.007251711476218364,-0.0025325803468712604,0.15742746807898242,False,False,False,False,-0.05213920549269186,-0.06945301123401279
"(0.0, 7.0]",CONTRACTING,1,0.75,1.0,15,6812,3054,2164,3127,2091,-129.0076228263846,589.411051536283,0.4483264826776277,0.45904286553141516,0.31767469172049323,0.23399882560187912,0.01857017028772754,-0.018938288729651292,-0.08689352236680382,-0.06813985237267581,0.08652540392488006,0.4427319847713408,-0.09640819637653524,0.00951467400973141,0.0055944979062869105,0.45960931849380715,False,False,False,False,-0.09110212545607826,-0.08899782391144104
"(10.0, 14.0]",CONTRACTING,-1,3.0,1.0,60,1652,206,1009,206,1009,310.4059858083356,63.02996017781892,0.12469733656174334,0.12469733656174334,0.610774818401937,0.26452784503631965,-0.23668280871670702,0.18789708584039683,-0.08693945179750807,-0.08693945179750809,0.038153728921197894,0.12912289274370878,-0.1000491557316095,0.013109703934101422,-0.00442555618196544,0.15274240004127354,False,False,False,False,0.002418556420735456,-0.042260447688386306
"(0.0, 7.0]",EXPANDING,-1,1.0,0.75,30,3153,1258,1736,1311,1683,15.542668282442698,245.83373862940914,0.39898509356168727,0.41579448144624165,0.5505867427846496,0.050428163653663205,-0.013954963526799874,0.004929485658878115,-0.08699367914588214,-0.057577250347911973,0.0779682012779604,0.3957131466629145,-0.08474361516778961,-0.002250063978092534,0.0032719468987727485,0.42017982430396184,False,False,False,False,-0.11420293558747496,-0.10059830736667855
"(14.0, inf]",STABLE,-1,3.0,1.0,30,2239,127,1048,129,1046,528.8896670413756,56.67423231965815,0.056721750781598926,0.05761500669941939,0.4680661009379187,0.47521214828048236,-0.29790084859312194,0.23621691247939955,-0.08699623281745539,-0.08342320914617356,0.025312296703732983,0.06873339238263951,-0.05048498133136271,-0.036511251486092675,-0.012011641601040582,0.08415069040050614,False,False,False,False,0.0020158668852004436,-0.04249018296612747
"(0.0, 7.0]",CONTRACTING,1,1.5,0.75,60,6403,2044,4178,2072,4150,64.06902303635097,553.8240083541089,0.3192253631110417,0.32359831329064503,0.6525066375136654,0.028267999375292785,-0.010541933468686553,0.010006094492636416,-0.0870302960046475,-0.07719115810054004,0.08649445702859736,0.3232100938967136,-0.07604817869342566,-0.01098211731122184,-0.003984730785671908,0.3396470197121297,False,False,False,False,-0.09997606493383436,-0.09350318046924093
"(0.0, 7.0]",CONTRACTING,-1,1.5,1.0,30,6638,1955,3216,1975,3196,280.11975018528403,574.381314253559,0.29451642060861705,0.2975293763181681,0.484483278095812,0.22100030129557097,-0.04270864718288641,0.04219942003393854,-0.08703850016093326,-0.07950611088705559,0.08652927301198539,0.299939027250129,-0.07590510555973988,-0.011133394601193378,-0.005422606641511951,0.31576394284705206,False,False,False,False,-0.0704142314595994,-0.07872636581026632
"(0.0, 7.0]",CONTRACTING,-1,1.5,0.5,60,6403,1552,4753,1594,4711,44.82974569890298,553.8240083541089,0.24238638138372637,0.24894580665313135,0.742308292987662,0.015305325628611643,-0.007574574418241449,0.0070013658751995915,-0.08706766557163921,-0.07394881503282928,0.08649445702859736,0.24677230046948356,-0.0774351929277008,-0.009632472643938406,-0.004385919085757195,0.2619570614684302,False,False,False,False,-0.08865804158343213,-0.08786285357753568
"(0.0, 7.0]",CONTRACTING,1,1.0,1.5,60,6403,3637,2372,3658,2351,-83.20315002844421,553.8240083541089,0.5680149929720444,0.5712947056067469,0.3704513509292519,0.061533656098703704,0.012337966578166484,-0.012994401066444512,-0.08715089151687538,-0.07895160993011918,0.08649445702859736,0.5650430359937402,-0.10175196595868083,0.014601074441805445,0.0029719569783042132,0.582372916923469,False,False,False,False,-0.11258620591902117,-0.09986854871794829
"(7.0, 10.0]",STABLE,-1,2.0,1.5,15,6535,542,1069,542,1069,293.52063719820677,344.38265460412464,0.082938026013772,0.082938026013772,0.16358071920428463,0.7534812547819434,-0.07949502677888294,0.04491517019100333,-0.08727804397948245,-0.08727804397948247,0.052698187391602855,0.08907389670669712,-0.06633283106267762,-0.02094521291680483,-0.006135870692925122,0.09909079200450045,False,False,False,False,-0.021169159625598847,-0.05422360180254065
"(7.0, 10.0]",CONTRACTING,1,2.0,1.5,60,3140,898,1422,898,1422,228.48468125623617,165.86538771846006,0.2859872611464968,0.2859872611464968,0.45286624203821657,0.26114649681528657,-0.10732484076433121,0.07276582205612617,-0.08738239059306493,-0.08738239059306493,0.05282337188485989,0.30853062758361516,-0.04153916976107106,-0.045843220831993874,-0.02254336643711835,0.33175785988446926,False,False,False,False,0.002206590299065611,-0.04258790014699966
"(0.0, 7.0]",STABLE,-1,1.0,0.5,15,11804,3129,7039,3386,6782,338.28671364575126,979.5002559918729,0.2650796340223653,0.2868519146052186,0.5963232802439851,0.1385970857336496,-0.03308200609962725,0.028658650766329317,-0.08740372266571685,-0.05474530179143693,0.08298036733241891,0.2636117609283978,-0.09364819795802226,0.006244475292305415,0.0014678730939675089,0.2750189388532502,False,False,False,False,-0.09110638445877399,-0.08925505356224542
"(0.0, 7.0]",CONTRACTING,1,1.5,0.5,15,6812,985,4273,1024,4234,652.8102456348117,589.411051536283,0.14459776864357016,0.15032295948326482,0.6272753963593658,0.228126834997064,-0.09674104521432765,0.0958323907273652,-0.08743405841184253,-0.07598367673245321,0.08652540392488006,0.14967203339296362,-0.08072825253558753,-0.006705805876254994,-0.005074264749393459,0.161900023366163,False,False,False,False,-0.09787817543576535,-0.09265611692380393
"(0.0, 7.0]",EXPANDING,-1,1.0,0.75,15,3185,1018,1512,1068,1462,85.32027523357675,248.0024988095714,0.3196232339089482,0.33532182103610675,0.4747252747252747,0.2056514913657771,-0.03642072213500785,0.02678815548934906,-0.08749834335196063,-0.06002581587943316,0.07786577670630185,0.31269207834503004,-0.08809378117841427,0.000595437826453632,0.006931155563918157,0.33583522249263864,False,False,False,False,-0.11089006235980431,-0.09919420285588247
"(0.0, 7.0]",STABLE,-1,1.0,0.5,30,11530,3632,7528,3893,7267,79.64093884033348,957.4135127677637,0.3150043365134432,0.3376409366869037,0.6529054640069384,0.03209019947961844,-0.01144839549002602,0.006907280038190241,-0.0875778468280512,-0.053622946567860375,0.08303673137621541,0.31283710895361383,-0.09137631058845726,0.0037984637604060595,0.0021672275598293433,0.32497108061873536,False,False,False,False,-0.09385745516521661,-0.0907176509966339
"(0.0, 7.0]",STABLE,-1,0.75,0.75,30,11530,5500,5568,5699,5369,-1.9223305130143593,957.4135127677637,0.4770164787510841,0.494275802254987,0.4829141370338248,0.0400693842150911,-0.004423243712055508,-0.00016672424223888632,-0.0876266993305098,-0.06173771407465551,0.08303673137621541,0.4778856526429342,-0.0902617791801026,0.0026350798495927974,-0.0008691738918500946,0.4909215284085325,False,False,False,False,-0.1043357486777753,-0.09598122400414255
"(0.0, 7.0]",STABLE,-1,1.5,1.5,15,11804,2250,2221,2257,2214,-98.92959085814334,979.5002559918729,0.19061335140630295,0.19120637072178923,0.18815655709928839,0.6212300914944087,0.003685191460521857,-0.008381022607433357,-0.08767619847933042,-0.08589714053287158,0.08298036733241891,0.19040410990321546,-0.09474774938181522,0.007071550902484805,0.00020924150308748724,0.20058891414220414,False,False,False,False,-0.08006359413196625,-0.08386989630564834
"(7.0, 10.0]",STABLE,-1,2.0,0.75,30,6501,1002,3952,1005,3949,732.1775626206479,342.64702555540435,0.15413013382556529,0.15459160129210892,0.6079064759267805,0.23796339024765423,-0.14766958929395477,0.11262537496087492,-0.08775103260033171,-0.08648199706733678,0.05270681826725186,0.162938823877944,-0.061961559736240394,-0.025789472864091313,-0.00880869005237872,0.17589029971689318,False,False,False,False,-0.03709245415349552,-0.06242174337691361
"(0.0, 7.0]",CONTRACTING,-1,3.0,0.75,60,6403,892,4678,895,4675,823.9978410558518,553.8240083541089,0.1393096985787912,0.13977822895517725,0.7305950335780103,0.13009526784319858,-0.13001717944713415,0.12868933953706885,-0.08782229693866266,-0.0860653080272149,0.08649445702859736,0.14138302034428796,-0.06431379986848172,-0.023508497070180934,-0.002073321765496766,0.15371052604376115,False,False,False,False,-0.054378514314131834,-0.07110040562639725
"(10.0, 14.0]",STABLE,-1,2.0,0.75,60,3763,781,2597,787,2591,197.73525307343357,142.4723347408888,0.20754716981132076,0.2091416423066702,0.6901408450704225,0.10231198511825679,-0.10251129418017539,0.05254723706442561,-0.0878254269645111,-0.08344062760230009,0.03786136984876131,0.21524554116784755,-0.07984822813926563,-0.00797719882524546,-0.00769837135652679,0.23418727759155467,False,False,False,False,-0.028047520918594495,-0.057936473941552796
"(14.0, inf]",EXPANDING,-1,0.75,1.5,60,2541,1502,788,1509,781,-106.84426170441516,60.8751728936191,0.5911058638331366,0.5938606847697757,0.3101141282959465,0.09878000787091695,-0.021841794569067298,-0.04204811558615315,-0.08784708169934445,-0.08164873459190643,0.023957171544124006,0.5971107544141252,-0.07644023318495581,-0.01140684851438864,-0.006004890580988631,0.6242675259867871,False,False,False,False,0.019452948251302327,-0.034197066724021064
"(0.0, 7.0]",EXPANDING,-1,3.0,0.75,15,3185,93,1601,97,1597,889.8439687766707,248.0024988095714,0.029199372056514912,0.0304552590266876,0.502668759811617,0.46813186813186813,-0.289403453689168,0.2793858614683425,-0.08788336892712736,-0.0831737927889798,0.07786577670630185,0.0297692766386863,-0.0781842593777661,-0.009699109549361262,-0.000569904582171387,0.0385422420966353,False,False,False,False,-0.06032601009381982,-0.0741046895104736
"(0.0, 7.0]",STABLE,-1,4.0,1.5,15,11804,129,2265,131,2263,2823.5008283541683,979.5002559918729,0.010928498813961369,0.011097932904100305,0.19188410708234496,0.7971873941036937,-0.24411216536767197,0.23919864692936024,-0.08789388577073065,-0.08696199827496649,0.08298036733241891,0.01073345259391771,-0.09661896815184969,0.008725082381119034,0.00019504622004365944,0.013485865946625191,False,False,False,False,-0.07015386464943338,-0.07902387521008201
"(7.0, 10.0]",STABLE,-1,4.0,0.5,30,6501,146,4850,147,4849,1611.2559873583145,342.64702555540435,0.022458083371788954,0.022611905860636824,0.7460390709121674,0.23150284571604363,-0.2831872019689279,0.2478474061464874,-0.08804661408969232,-0.08735441288987691,0.05270681826725186,0.02384831876758999,-0.05995666634817622,-0.028089947741516096,-0.0013902353958010344,0.029318115397865725,False,False,False,False,-0.026912982473914795,-0.05747979828180356
"(7.0, 10.0]",STABLE,-1,3.0,0.5,30,6501,324,4843,326,4841,1218.9336051318305,342.64702555540435,0.049838486386709735,0.050146131364405475,0.7449623134902322,0.20519920012305803,-0.22296569758498694,0.18749940088168443,-0.08817311497055434,-0.08709635754861927,0.05270681826725186,0.056065768034365276,-0.056992564514253385,-0.031180550456300957,-0.0062272816476555415,0.0642167153286937,False,False,False,False,-0.030114568906515808,-0.05914384193853507
"(0.0, 7.0]",STABLE,1,1.0,0.75,30,11530,4495,6193,4607,6081,90.51877095986255,957.4135127677637,0.3898525585429315,0.39956634865568086,0.5371205550737207,0.07302688638334776,-0.012987857762359063,0.00785071734257264,-0.08817387179600183,-0.07117473909869047,0.08303673137621541,0.386848646873974,-0.09805503964216243,0.009881167846160596,0.0030039116689574707,0.3995774746735242,False,False,False,False,-0.07428933493074734,-0.0812316033633746
"(0.0, 7.0]",CONTRACTING,1,0.75,1.5,30,6638,3922,1766,3960,1728,-304.38572704353294,574.381314253559,0.5908406146429648,0.5965652304911118,0.2660439891533595,0.14311539620367575,0.044064477252184396,-0.0458550357100833,-0.0883198314698843,-0.07543944581155347,0.08652927301198539,0.5833685099197974,-0.10348596650925346,0.015166135039369158,0.007472104723167394,0.6002883093614405,False,False,False,False,-0.0969717052673871,-0.0926457683686357
"(0.0, 7.0]",STABLE,1,1.0,1.0,15,11804,3890,3994,3941,3943,39.128713220920076,979.5002559918729,0.3295493053202304,0.3338698746187733,0.3383598780074551,0.3320908166723145,-0.00881057268722467,0.0033148689614469736,-0.08847607105819662,-0.07983493246111087,0.08298036733241891,0.3329205082335673,-0.08798145438131633,-0.0004946166768802912,-0.003371202913336868,0.3451046239112998,False,False,False,False,-0.08612580220372695,-0.08730093663096178
"(0.0, 7.0]",CONTRACTING,-1,1.0,1.0,30,6638,2924,2927,2954,2897,-10.41322916059441,574.381314253559,0.4404941247363664,0.445013558300693,0.440946068092799,0.11855980717083459,-0.00045194335643266047,-0.001568729912713831,-0.08854994628113187,-0.07951107915247867,0.08652927301198539,0.44402232540687586,-0.08363205789749606,-0.004917888383635813,-0.0035282006705094626,0.46112421096895717,False,False,False,False,-0.09354746687149211,-0.09104870657631199
"(7.0, 10.0]",STABLE,-1,2.0,0.75,15,6535,488,3120,489,3119,1129.095178273863,344.38265460412464,0.07467482785003826,0.07482785003825555,0.4774292272379495,0.4478959449120123,-0.20872226472838562,0.17277661488505938,-0.0886438372349291,-0.08822302621733155,0.052698187391602855,0.0806748692256686,-0.06728004888732343,-0.02136378834760566,-0.006000041375630344,0.09026101905805299,False,False,False,False,-0.038379660749534014,-0.06351174899223155
"(0.0, 7.0]",CONTRACTING,1,1.5,0.5,60,6403,1553,4767,1596,4724,40.14656809539297,553.8240083541089,0.24254255817585507,0.24925816023738873,0.7444947680774637,0.012962673746681141,-0.008433546774949242,0.006269962220114473,-0.08865804158343213,-0.07522683746036482,0.08649445702859736,0.24745696400625977,-0.07617497751091333,-0.012483064072518799,-0.0049144058304047,0.2626555266324694,False,False,False,False,-0.08706766557163921,-0.08786285357753568
"(0.0, 7.0]",EXPANDING,-1,1.0,0.75,60,3062,1286,1759,1340,1705,1.0743919563932174,239.44254018301092,0.4199869366427172,0.43762246897452645,0.5744611365120836,0.005551926845199229,-0.010858915741345525,0.00035087914970385935,-0.08870612286956815,-0.057843941288901926,0.07819808627792649,0.42561619718309857,-0.08269074776478347,-0.006015375104784684,-0.005629260540381376,0.4506966716844944,False,False,False,False,-0.11585440179090055,-0.10228026233023435
"(7.0, 10.0]",CONTRACTING,1,1.5,1.0,15,3194,450,1101,450,1101,311.03152696653166,168.69632960544712,0.1408891671884784,0.1408891671884784,0.34470882905447714,0.5144020037570445,-0.13337507827175954,0.09737993956372312,-0.08881177289884643,-0.08881177289884643,0.052816634190809994,0.15663449495321594,-0.051256803937829463,-0.03755496896101696,-0.015745327764737527,0.17489628521599987,False,False,False,False,-0.012488900025487845,-0.050650336462167135
"(7.0, 10.0]",CONTRACTING,1,1.5,1.5,15,3194,461,566,461,566,42.50534129615104,168.69632960544712,0.1443331246086412,0.1443331246086412,0.17720726361928615,0.6784596117720726,-0.04931120851596744,0.013307871413948352,-0.08881997129282908,-0.08881997129282908,0.052816634190809994,0.1621601709275768,-0.04653562583724493,-0.04228434545558415,-0.017827046318935613,0.1806727822624368,False,False,False,False,-0.01681329708879091,-0.052816634190809994
"(0.0, 7.0]",STABLE,-1,0.75,0.75,15,11804,4869,4957,5058,4768,-3.9812230186961317,979.5002559918729,0.41248729244323956,0.428498813961369,0.41994239240935277,0.16757031514740767,-0.005591324974584887,-0.0003372774499064835,-0.08890896975691029,-0.0648916874797161,0.08298036733241891,0.41672400348607863,-0.09172607628762657,0.0028171065307162763,-0.00423671104283907,0.4294524266741002,False,False,False,False,-0.10106904718512172,-0.094989008471016
"(0.0, 7.0]",EXPANDING,1,0.75,1.5,15,3185,1555,597,1571,581,-305.97176758375394,248.0024988095714,0.48822605965463106,0.4932496075353218,0.18744113029827317,0.3243328100470958,0.08500784929356357,-0.09606648903728539,-0.08892441645002366,-0.0776214337184695,0.07786577670630185,0.4667675794688317,-0.0932915884988584,0.00436717204883473,0.021458480185799378,0.4915491067309005,False,False,False,False,-0.08285960168399865,-0.08589200906701117
"(0.0, 7.0]",STABLE,-1,1.5,1.5,30,11530,3787,3809,3799,3797,-35.47508891268161,957.4135127677637,0.32844752818733736,0.3294882914137034,0.3303555941023417,0.3411968777103209,-0.002862098872506505,-0.0030767639993652743,-0.0889755942480872,-0.08585330456898918,0.08303673137621541,0.3293935556493598,-0.09589538881344549,0.006919794565358295,-0.0009460274620224363,0.3416896697989645,False,False,False,False,-0.08022015818344164,-0.08459787621576442
"(10.0, 14.0]",STABLE,-1,2.0,0.75,30,3792,552,2273,558,2267,406.4465418055624,143.52642635421205,0.14556962025316456,0.14715189873417722,0.5994198312236287,0.2550105485232067,-0.15842563291139242,0.10718526946349219,-0.08909015942738652,-0.08473889360460171,0.0378497959794863,0.15446168768186228,-0.07842194632945312,-0.010668213097933393,-0.00889206742869772,0.17111134019946198,False,False,False,False,-0.03345791629754026,-0.06127403786246339
"(0.0, 7.0]",EXPANDING,-1,1.5,0.5,60,3062,740,2303,775,2268,7.979686763690795,239.44254018301092,0.24167210973220118,0.25310254735467014,0.7521227955584585,0.006205094709340275,-0.013553233180927498,0.002606037479977399,-0.0891452819788766,-0.06628440673393864,0.07819808627792649,0.24677230046948356,-0.0774351929277008,-0.011710089051175793,-0.0051001907372823785,0.26878571298603066,False,False,False,False,-0.06536285602833568,-0.07725406900360614
"(0.0, 7.0]",EXPANDING,1,1.0,1.5,15,3185,1182,632,1194,620,-270.2241257992912,248.0024988095714,0.3711145996860283,0.37488226059654634,0.19843014128728415,0.4304552590266875,0.07346938775510205,-0.08484273965440854,-0.08923912860560836,-0.0798199763293132,0.07786577670630185,0.3484702536580891,-0.08727329053822082,-0.0019658380673875375,0.02264434602793919,0.37222704006939705,False,False,False,False,-0.0969487772601749,-0.09309395293289163
"(0.0, 7.0]",STABLE,1,1.0,0.75,60,10983,4620,6266,4731,6155,11.260633583168701,912.715133199325,0.42065009560229444,0.4307566238732587,0.5705180733861422,0.008831831011563263,-0.00723845943731221,0.001025278483398771,-0.08931571516126344,-0.07162929068707605,0.08310253420734999,0.41431924882629106,-0.10095971260162719,0.011643997440363749,0.006330846776003374,0.42750486587953224,False,False,False,False,-0.0725547404799103,-0.08093522782058687
"(14.0, inf]",STABLE,-1,2.0,1.5,30,2239,370,625,370,625,53.99665594116748,56.67423231965815,0.16525234479678427,0.16525234479678427,0.2791424743188924,0.5556051808843233,-0.08820902188476999,0.024116416230981458,-0.08940490235752152,-0.0894049023575215,0.025312296703732983,0.17661647475642162,-0.06289464696526513,-0.02651025539225639,-0.011364129959637342,0.1995203103771035,False,False,False,False,0.034040176466967186,-0.027682362945277168
"(10.0, 14.0]",CONTRACTING,-1,0.75,0.75,60,1652,766,875,775,866,-3.07032033434241,63.02996017781892,0.463680387409201,0.46912832929782083,0.5296610169491526,0.006658595641646392,-0.04948547215496368,-0.0018585474178828146,-0.08949774849404439,-0.0813258356611146,0.038153728921197894,0.4749572440752504,-0.07270912062440553,-0.01678862786963886,-0.01127685666604944,0.509389404002071,False,False,False,False,0.00501837781871882,-0.042239685337662786
"(7.0, 10.0]",CONTRACTING,1,1.0,1.0,30,3175,1313,1433,1325,1421,3.434997707085468,167.69485600288158,0.4135433070866142,0.41732283464566927,0.45133858267716537,0.1351181102362205,-0.03779527559055118,0.0010818890416017222,-0.089530664030172,-0.08197160891206176,0.052817277481222544,0.4270478447637387,-0.0628227705353381,-0.026707893494833906,-0.013504537677124506,0.45168683051258324,False,False,False,False,-0.023662946050383323,-0.05659680504027766
"(14.0, inf]",CONTRACTING,1,2.0,1.5,30,855,108,257,108,257,114.88901328329645,21.95308796592333,0.12631578947368421,0.12631578947368421,0.30058479532163745,0.5730994152046784,-0.19824561403508772,0.13437311495122392,-0.08954862535979752,-0.08954862535979752,0.02567612627593372,0.15287865367581932,0.01930365222575,-0.10885227758554752,-0.026562864202135106,0.18825213406222738,False,False,False,False,0.04678118059887921,-0.021383722380459155
"(14.0, inf]",CONTRACTING,1,4.0,0.5,60,848,26,661,26,661,172.31657513688097,21.794415002467627,0.030660377358490566,0.030660377358490566,0.7794811320754716,0.18985849056603776,-0.2670990566037736,0.20320350841613322,-0.08959650927545597,-0.08959650927545595,0.025700961087815596,0.0299625468164794,0.0045528667036786805,-0.09414937597913464,0.0006978305420111651,0.04759007358919751,False,False,False,False,0.02314126355787955,-0.033227622858788206
"(7.0, 10.0]",STABLE,-1,3.0,1.5,15,6535,167,1072,167,1072,864.9759292142509,344.38265460412464,0.025554705432287682,0.025554705432287682,0.1640397857689365,0.8104055087987758,-0.1693955623565417,0.13236050944364972,-0.08973324030449485,-0.08973324030449484,0.052698187391602855,0.02703897443453916,-0.07019060936594412,-0.01954263093855073,-0.0014842690022514766,0.03282653106190524,False,False,False,False,-0.016156864501454638,-0.05294505240297474
"(0.0, 7.0]",EXPANDING,1,1.5,0.75,15,3185,603,1624,627,1600,275.4053325539643,248.0024988095714,0.1893249607535322,0.19686028257456828,0.5098901098901099,0.3007849293563579,-0.09843014128728414,0.0864694921676497,-0.0898264258259363,-0.07287195172860506,0.07786577670630185,0.17251502224668594,-0.07946879985737222,-0.010357625968564085,0.016809938506846256,0.19150462722947004,False,False,False,False,-0.0781101196941342,-0.08396827276003525
"(7.0, 10.0]",STABLE,-1,3.0,0.75,60,6404,767,4623,769,4621,927.366617156185,337.6828081939889,0.1197688944409744,0.12008119925046845,0.7218925671455341,0.15833853841349155,-0.18211274203622735,0.1448105273510595,-0.09003219722639036,-0.0888610541907876,0.0527299825412225,0.12859827132656895,-0.049540667648947476,-0.040491529577442884,-0.008829376885594556,0.1404512223366596,False,False,False,False,-0.024787380534306597,-0.05740978888034848
"(14.0, inf]",STABLE,-1,4.0,1.0,30,2239,57,1049,57,1049,675.7398242342404,56.67423231965815,0.025457793657882984,0.025457793657882984,0.46851272889682893,0.506029477445288,-0.366681554265297,0.30180429845209483,-0.09018955251693515,-0.09018955251693515,0.025312296703732983,0.028520814880425155,-0.05560528337374666,-0.0345842691431885,-0.0030630212225421713,0.038852691471528866,False,False,False,False,0.0012740323281396637,-0.044457760094397746
"(7.0, 10.0]",CONTRACTING,1,1.5,1.5,30,3175,866,989,866,989,65.77961084872159,167.69485600288158,0.272755905511811,0.272755905511811,0.311496062992126,0.41574803149606304,-0.05811023622047244,0.020717987668888688,-0.0902095260328063,-0.0902095260328063,0.052817277481222544,0.29514146052436674,-0.051677453405255445,-0.03853207262755085,-0.022385555012555736,0.31796217560253504,False,False,False,False,-0.015425028929638793,-0.052817277481222544
"(0.0, 7.0]",STABLE,-1,0.75,0.75,60,10983,5426,5528,5625,5329,-1.843641964311282,912.715133199325,0.49403623782208866,0.51215514886643,0.5033233178548666,0.002640444323044777,-0.006965310024583447,-0.00016786323994457634,-0.09023570747187802,-0.06305734090536613,0.08310253420734999,0.49398474178403756,-0.09018651667996536,-4.9190791912664955e-05,5.149603805110203e-05,0.5073499961843283,False,False,False,False,-0.10314772750933386,-0.09669171749060594
"(7.0, 10.0]",STABLE,-1,4.0,1.5,15,6535,63,1072,63,1072,1110.4186786475618,344.38265460412464,0.009640397857689364,0.009640397857689364,0.1640397857689365,0.8263198163733741,-0.2074980872226473,0.16991869604400334,-0.09027757857024679,-0.09027757857024679,0.052698187391602855,0.010461946511456568,-0.0708272090076439,-0.01945036956260289,-0.0008215486537672036,0.014158842209527907,False,False,False,False,-0.015765868839581542,-0.05302172370491417
"(7.0, 10.0]",STABLE,-1,2.0,1.5,60,6404,1928,2876,1934,2870,216.64957174337255,337.6828081939889,0.30106183635227984,0.30199875078076205,0.4490943160524672,0.2498438475952529,-0.07151780137414117,0.033830351615142494,-0.09041743230022116,-0.08713823180053347,0.0527299825412225,0.31634723788049607,-0.049560736005804455,-0.040856696294416704,-0.015285401528216225,0.3326925615303621,False,False,False,False,-0.011771323025670072,-0.05109437766294562
"(0.0, 7.0]",STABLE,1,1.0,1.5,15,11804,4067,2184,4088,2163,-879.935386196093,979.5002559918729,0.34454422229752624,0.34632328024398507,0.18502202643171806,0.4704337512707557,0.06701118264994917,-0.07454552577059412,-0.09051471045306386,-0.08606706558691679,0.08298036733241891,0.3484702536580891,-0.08727329053822082,-0.003241419914843044,-0.003926031360562854,0.3607860577798947,False,False,False,False,-0.09290919256772993,-0.0917119515103969
"(0.0, 7.0]",EXPANDING,-1,3.0,1.0,30,3153,250,1687,254,1683,897.4241279169514,245.83373862940914,0.0792895654931811,0.08055819854107199,0.5350459879479861,0.3856644465588328,-0.29717729146844274,0.2846254766625282,-0.09052001608387496,-0.08544548389231137,0.0779682012779604,0.0820317996341635,-0.07499915554915484,-0.015520860534720113,-0.0027422341409824025,0.09602613875988916,False,False,False,False,-0.030707963671404243,-0.0606139898776396
"(10.0, 14.0]",STABLE,-1,3.0,0.5,30,3792,180,2834,182,2832,677.2280795346362,143.52642635421205,0.04746835443037975,0.047995780590717296,0.7473628691983122,0.20516877637130804,-0.23127637130801687,0.178593902830864,-0.0905322644566392,-0.08868627289545777,0.0378497959794863,0.05467992240543162,-0.0680914773805479,-0.022440787076091304,-0.007211567975051868,0.06529262249669637,False,False,False,False,-0.04666288621160024,-0.06859757533411973
"(10.0, 14.0]",CONTRACTING,-1,1.5,0.75,15,1678,226,775,228,773,154.03948817310965,63.97784355817555,0.13468414779499405,0.13587604290822408,0.46185935637663883,0.4034564958283671,-0.1443682955899881,0.09179945659899263,-0.09069627853698803,-0.08801451453222045,0.038127439545992584,0.15147857573928786,-0.06441872571466416,-0.02627755282232387,-0.01679442794429381,0.1764646504320427,False,False,False,False,0.022567137738419705,-0.034064570399284164
"(10.0, 14.0]",STABLE,-1,2.0,1.0,60,3763,898,2236,900,2234,240.9648816356761,142.4723347408888,0.23863938347063512,0.2391708743024183,0.5942067499335636,0.16715386659580134,-0.11692798299229339,0.0640353126855371,-0.09075404015551758,-0.08915956766016814,0.03786136984876131,0.24932812118250672,-0.0862933763184547,-0.004460663837062881,-0.010688737711871593,0.26923640278159916,False,False,False,False,-0.024429809047554398,-0.05759192460153599
"(10.0, 14.0]",STABLE,-1,1.5,0.75,30,3792,855,2224,869,2210,184.72297835147128,143.52642635421205,0.2254746835443038,0.22916666666666666,0.5864978902953587,0.18802742616033752,-0.10166139240506329,0.048713865599016686,-0.0907973227855329,-0.08249036076021646,0.0378497959794863,0.2361784675072745,-0.08111730061397346,-0.009680022171559444,-0.010703783962970698,0.25565911106726846,False,False,False,False,-0.034335052901589544,-0.06256618784356122
"(7.0, 10.0]",CONTRACTING,1,3.0,1.0,15,3194,36,1105,36,1105,875.4412200759793,168.69632960544712,0.011271133375078271,0.011271133375078271,0.3459611772072636,0.6427676894176582,-0.3121477770820288,0.2740892987088226,-0.0908751125640162,-0.0908751125640162,0.052816634190809994,0.019818757828040965,-0.042652455616076265,-0.04822265694793994,-0.008547624452962694,0.027069096351818533,False,False,False,False,-0.01723148471726593,-0.05405329864064107
"(0.0, 7.0]",CONTRACTING,-1,1.5,0.5,30,6638,1393,4704,1434,4663,233.60712224044528,574.381314253559,0.209852365170232,0.2160289243748117,0.7086471828864116,0.08150045194335642,-0.03954504368785779,0.035192395637307215,-0.09088192106253597,-0.07852880265337658,0.08652927301198539,0.21345152666385253,-0.08075270477303077,-0.010129216289505194,-0.003599161493620523,0.22763989812004864,False,False,False,False,-0.08661930472009172,-0.08875061289131383
"(0.0, 7.0]",EXPANDING,-1,0.75,1.5,30,3153,1914,913,1944,883,-106.94883772324842,245.83373862940914,0.6070409134157945,0.6165556612749762,0.28956549318109737,0.10339359340310816,0.02093244529019981,-0.03391970749230841,-0.090955463480069,-0.06954728079691011,0.0779682012779604,0.5883401341400497,-0.09887949600383371,0.00792403252376471,0.01870077927574476,0.6128189381633194,False,False,False,False,-0.10058233210910339,-0.0957688977945862
"(0.0, 7.0]",CONTRACTING,-1,0.75,1.0,15,6812,3076,2133,3136,2073,-205.17662707052216,589.411051536283,0.451556077510276,0.4603640634174985,0.3131238990017616,0.23532002348796238,0.02554315913094539,-0.030119880662143595,-0.09110212545607826,-0.07568815011843881,0.08652540392488006,0.44942892527865697,-0.09058149582556957,-0.0005206296305086955,0.0021271522316190228,0.4663285986143182,False,False,False,False,-0.08689352236680382,-0.08899782391144104
"(0.0, 7.0]",STABLE,1,1.0,0.5,15,11804,3090,7106,3298,6898,367.0804938405048,979.5002559918729,0.26177566926465606,0.2793968146391054,0.6019993222636394,0.1362250084717046,-0.039223991867163674,0.031097974740808606,-0.09110638445877399,-0.06467466639709997,0.08298036733241891,0.2625567634512178,-0.09398227977669789,0.002875895317923899,-0.0007810941865617482,0.27394951437245685,False,False,False,False,-0.08740372266571685,-0.08925505356224542
"(14.0, inf]",CONTRACTING,1,2.0,1.5,60,848,195,364,195,364,100.47408330332344,21.794415002467627,0.22995283018867924,0.22995283018867924,0.42924528301886794,0.34080188679245277,-0.18396226415094338,0.11848358880108896,-0.09117963643767003,-0.09117963643767003,0.025700961087815596,0.26431246655965757,0.05870994228375786,-0.14988957872142789,-0.03435963637097833,0.30732659707452986,False,False,False,False,0.0324006565027652,-0.029389489967452418
"(7.0, 10.0]",CONTRACTING,1,3.0,1.5,15,3194,36,568,36,568,621.4312547260727,168.69632960544712,0.011271133375078271,0.011271133375078271,0.17783343769567939,0.8108954289292424,-0.2329367564182843,0.19456207098499456,-0.0911913196240997,-0.09119131962409971,0.052816634190809994,0.020334487585647976,-0.03857880749933436,-0.05261251212476534,-0.009063354210569705,0.027672034496548887,False,False,False,False,-0.0231427837156489,-0.0571670516698743
"(0.0, 7.0]",EXPANDING,-1,1.5,0.5,15,3185,476,2050,509,2017,268.1599153610085,248.0024988095714,0.14945054945054945,0.1598116169544741,0.6436420722135008,0.20690737833594974,-0.09764521193092622,0.08419463590612511,-0.09131635273110295,-0.07059421772325367,0.07786577670630185,0.1463694325948351,-0.08684591746651034,-0.0044704352645926065,0.0030811168557143553,0.1641695105873155,False,False,False,False,-0.07574687112635707,-0.08353161192873002
"(14.0, inf]",CONTRACTING,1,2.0,1.5,15,858,44,164,44,164,101.57799752597361,22.028981079620134,0.05128205128205128,0.05128205128205128,0.19114219114219114,0.7575757575757576,-0.18414918414918416,0.11838927450579675,-0.09143471276648779,-0.09143471276648778,0.02567480312310039,0.06650159179342059,-0.01201729435838381,-0.07941741840810398,-0.015219540511369312,0.0914554902104332,False,False,False,False,0.04128448728660555,-0.02507511273994112
"(10.0, 14.0]",STABLE,-1,2.0,1.5,60,3763,1031,1596,1033,1594,130.36812338358976,142.4723347408888,0.2739835237842147,0.27451501461599787,0.42412968376295507,0.3018867924528302,-0.08822747807600319,0.03464473116757634,-0.09144411675718817,-0.08958389884594713,0.03786136984876131,0.28719765453212803,-0.08938317692807289,-0.002060939829115274,-0.013214130747913333,0.3079878435641031,False,False,False,False,0.0023466987205250055,-0.04454870901833158
"(7.0, 10.0]",STABLE,-1,2.0,1.0,15,6535,518,2242,518,2242,952.6339264740047,344.38265460412464,0.079265493496557,0.079265493496557,0.34307574598316753,0.5776587605202754,-0.18454475899005357,0.1457741279990826,-0.09146881838257381,-0.09146881838257381,0.052698187391602855,0.08524276136447359,-0.06606319824934094,-0.025405620133232873,-0.005977267867916594,0.09506667540764059,False,False,False,False,-0.032512696348924244,-0.06199075736574903
"(10.0, 14.0]",CONTRACTING,-1,4.0,1.5,30,1665,52,473,52,473,412.6335768782409,63.50327803363372,0.03123123123123123,0.03123123123123123,0.2840840840840841,0.6846846846846846,-0.3012012012012012,0.24782797410104557,-0.09151333402726296,-0.09151333402726297,0.03814010692710734,0.03540252182347236,-0.0807210330638898,-0.010792300963373164,-0.004171290592241129,0.04871911722292841,False,False,False,False,0.053399100978669296,-0.01905711652429683
"(7.0, 10.0]",STABLE,-1,2.0,1.5,30,6501,1223,2000,1226,1997,301.7159084164427,342.64702555540435,0.18812490386094446,0.18858637132748807,0.3076449776957391,0.5042301184433164,-0.08521765882171974,0.04641069195761309,-0.09151378513135851,-0.08989864899845587,0.05270681826725186,0.19730410309583765,-0.05979401500491856,-0.03171977012643995,-0.009179199234893187,0.21123875311945167,False,False,False,False,-0.015668274274662598,-0.05359102970301055
"(7.0, 10.0]",CONTRACTING,1,3.0,1.5,60,3140,403,1466,403,1466,867.4254844182067,165.86538771846006,0.128343949044586,0.128343949044586,0.46687898089171975,0.40477707006369423,-0.31528662420382164,0.27625015427331423,-0.09185984181536731,-0.09185984181536731,0.05282337188485989,0.15941375422773393,-0.015868126686663635,-0.07599171512870367,-0.031069805183147947,0.1779621296391969,False,False,False,False,0.01797231897309973,-0.03694376142113379
"(7.0, 10.0]",STABLE,-1,4.0,0.75,15,6535,57,3127,58,3126,1860.5179966287258,344.38265460412464,0.008722264728385616,0.008875286916602908,0.47850038255547056,0.5127773527161438,-0.32398622800306043,0.284700535061779,-0.0919838803328843,-0.09125702493885215,0.052698187391602855,0.00957783835555883,-0.07090358257661812,-0.021080297756266173,-0.0008555736271732145,0.013124075722914172,False,False,False,False,-0.032876213940410765,-0.06243004713664753
"(7.0, 10.0]",CONTRACTING,1,1.5,0.75,15,3194,427,1529,429,1527,381.1243639423576,168.69632960544712,0.13368816530995617,0.1343143393863494,0.47871008140262994,0.38760175328741386,-0.15850031308703819,0.1193250982912829,-0.09199184898656527,-0.0905829573146805,0.052816634190809994,0.14816179179252928,-0.05645089240593124,-0.03554095658063403,-0.01447362648257311,0.1660235523369207,False,False,False,False,-0.0274760865176034,-0.05973396775208434
"(0.0, 7.0]",STABLE,1,1.0,0.5,60,10983,3581,7372,3795,7158,7.266236610391506,912.715133199325,0.32604934899389965,0.34553400710188475,0.6712191568788127,0.0027314941272876814,-0.009560229445506692,0.0006615894209588916,-0.0920011742318978,-0.06277418706992019,0.08310253420734999,0.3223787167449139,-0.0979936238334257,0.005992449601527908,0.003670632248985728,0.3349099650896593,False,False,False,False,-0.08463535352327013,-0.08831826387758396
"(0.0, 7.0]",EXPANDING,-1,2.0,0.5,60,3062,566,2443,584,2425,47.22723404536342,239.44254018301092,0.18484650555192683,0.1907250163291966,0.7978445460483344,0.017308948399738733,-0.02922926192031352,0.015423655795350561,-0.09200369240288946,-0.07730741545971505,0.07819808627792649,0.1875978090766823,-0.07517825988152832,-0.016825432521361136,-0.002751303524755472,0.20759407260732127,False,False,False,False,-0.04556347120537978,-0.06878358180413462
"(7.0, 10.0]",CONTRACTING,1,4.0,1.0,15,3194,4,1105,4,1105,963.4807412656064,168.69632960544712,0.0012523481527864746,0.0012523481527864746,0.3459611772072636,0.6527864746399499,-0.34095178459611775,0.3016533316423314,-0.09211508714459633,-0.09211508714459635,0.052816634190809994,0.005230973255728284,-0.04180113727603654,-0.05031394986855979,-0.003978625102941809,0.00915067080121321,False,False,False,False,-0.01940890990825157,-0.05576199852642395
"(7.0, 10.0]",STABLE,-1,3.0,0.75,15,6535,146,3127,147,3126,1648.6590890190753,344.38265460412464,0.02234123947972456,0.022494261667941853,0.47850038255547056,0.4991583779648049,-0.2918515684774292,0.2522814214260253,-0.09226833444300678,-0.09169450123719194,0.052698187391602855,0.02416562292787151,-0.07093743757993078,-0.021330896863076,-0.001824383448146949,0.029654845541363856,False,False,False,False,-0.03363511332889572,-0.06295172388595124
"(0.0, 7.0]",EXPANDING,-1,1.0,0.5,30,3153,984,2100,1087,1997,20.593287089024326,245.83373862940914,0.3120837297811608,0.34475103076435143,0.6660323501427212,0.021883920076118057,-0.02093244529019981,0.0065313311414603,-0.0923693154266999,-0.043368363951914,0.0779682012779604,0.31283710895361383,-0.09137631058845726,-0.0009930048382426476,-0.0007533791724530503,0.336100824202589,False,False,False,False,-0.09625140333657359,-0.09431035938163675
"(7.0, 10.0]",CONTRACTING,1,0.75,0.75,30,3175,1453,1623,1499,1577,1.904698330885675,167.69485600288158,0.45763779527559056,0.4721259842519685,0.5111811023622047,0.031181102362204727,-0.04015748031496063,0.0005999049861057245,-0.09237485281007744,-0.07064256934551053,0.052817277481222544,0.4717078951266479,-0.06930802983034158,-0.023066822979735863,-0.014070099851057338,0.49653989843911883,False,False,False,False,-0.03499198561693457,-0.06368341921350601
"(0.0, 7.0]",STABLE,-1,1.0,1.5,60,10983,6285,4155,6307,4133,-154.56814979788723,912.715133199325,0.5722480196667578,0.574251115360102,0.37831193662933627,0.04944004370390598,0.004780114722753346,-0.014073399781288102,-0.09239581926588475,-0.0873880800325241,0.08310253420734999,0.5685152582159625,-0.10143105422393466,0.009035234958049906,0.0037327614507952633,0.5817393942489534,False,False,False,False,-0.10937491470579415,-0.10088536698583944
"(7.0, 10.0]",CONTRACTING,1,4.0,1.5,15,3194,4,568,4,568,709.4707759156997,168.69632960544712,0.0012523481527864746,0.0012523481527864746,0.17783343769567939,0.8209142141515341,-0.2617407639323732,0.22212610391850335,-0.09243129420467983,-0.09243129420467983,0.052816634190809994,0.005452000294702718,-0.037982596409641634,-0.05444869779503819,-0.004199652141916243,0.009446222682630241,False,False,False,False,-0.025163665387536234,-0.058797479796108026
"(0.0, 7.0]",EXPANDING,1,1.0,1.0,15,3185,1119,1136,1149,1106,-29.95223632206555,248.0024988095714,0.35133437990580846,0.3607535321821036,0.3566718995290424,0.2919937205651492,-0.005337519623233909,-0.009404155831103782,-0.09260745216063954,-0.07376914760804927,0.07786577670630185,0.3329205082335673,-0.08798145438131633,-0.00462599777932321,0.018413871672241178,0.3564293225816826,False,False,False,False,-0.08196240580455443,-0.08728492898259699
"(10.0, 14.0]",STABLE,-1,4.0,0.5,30,3792,84,2838,84,2838,875.0967917349672,143.52642635421205,0.022151898734177215,0.022151898734177215,0.7484177215189873,0.22943037974683544,-0.28560126582278483,0.2307744703942424,-0.09267659140802871,-0.09267659140802872,0.0378497959794863,0.026794374393792435,-0.06399876023502198,-0.028677831173006735,-0.00464247565961522,0.03442590463177173,False,False,False,False,-0.04892069113929799,-0.07079864127366335
"(0.0, 7.0]",STABLE,-1,1.0,1.5,30,11530,5621,3454,5642,3433,-551.5907758007747,957.4135127677637,0.487510841283608,0.4893321769297485,0.2995663486556808,0.21292281006071118,0.03816131830008673,-0.047839616288011685,-0.09271502936414036,-0.0881616902487891,0.08303673137621541,0.48829792223629287,-0.10015674966984164,0.007441720305701283,-0.000787080952684871,0.501340860956898,False,False,False,False,-0.09929945225399578,-0.09600724080906807
"(10.0, 14.0]",CONTRACTING,-1,3.0,0.75,15,1678,31,778,31,778,398.8361176865688,63.97784355817555,0.018474374255065554,0.018474374255065554,0.4636471990464839,0.5178784266984505,-0.2923122765196663,0.2376854098251304,-0.09275430624052845,-0.09275430624052847,0.038127439545992584,0.023536511768255886,-0.06450198572785984,-0.028252320512668613,-0.005062137513190332,0.034542058548697525,False,False,False,False,0.029056219439264157,-0.031849043400632146
"(0.0, 7.0]",CONTRACTING,-1,1.0,0.5,60,6403,2097,4287,2231,4153,5.833320912443522,553.8240083541089,0.32750273309386224,0.34843042323910667,0.6695299078556927,0.0029673590504450953,-0.00726222083398407,0.0009110293475626303,-0.09284564851501881,-0.06145411329715217,0.08649445702859736,0.32854068857589985,-0.08888735232394018,-0.003958296191078625,-0.0010379554820376113,0.3450449854876964,False,False,False,False,-0.1096440433469686,-0.1012448459309937
"(0.0, 7.0]",EXPANDING,-1,3.0,0.75,30,3153,224,2012,229,2007,790.0187448323607,245.83373862940914,0.07104345068189026,0.07262924199175388,0.6381224230891215,0.2908341262289883,-0.2654614652711703,0.25056097203690475,-0.09286869451222597,-0.0869219771002374,0.0779682012779604,0.07579381830120538,-0.06894143027986914,-0.023927264232356832,-0.004750367619315118,0.08930648928270948,False,False,False,False,-0.03906660696268428,-0.06596765073745513
"(10.0, 14.0]",STABLE,-1,1.5,1.0,30,3792,943,1774,950,1767,150.82106780035443,143.52642635421205,0.24868143459915612,0.2505274261603376,0.46782700421940926,0.2834915611814346,-0.0948048523206751,0.03977348834397532,-0.0928811599561861,-0.0882661810532325,0.0378497959794863,0.2609117361784675,-0.08650164829644207,-0.006379511659744028,-0.012230301579311403,0.28103206201398084,False,False,False,False,-0.01992658332729895,-0.05640387164174252
"(0.0, 7.0]",CONTRACTING,-1,2.0,0.5,60,6403,1160,5018,1185,4993,148.0970382634436,553.8240083541089,0.18116507886928002,0.18506949867249728,0.7836951429017648,0.0351397782289552,-0.02951741371232235,0.023129320359744434,-0.09288255038117527,-0.08312150087313216,0.08649445702859736,0.1875978090766823,-0.07517825988152832,-0.017704290499646946,-0.006432730207402287,0.20137791344967784,False,False,False,False,-0.07714249006665409,-0.08501252022391467
"(0.0, 7.0]",STABLE,-1,1.0,1.5,15,11804,4114,2150,4133,2131,-1006.1998530776112,979.5002559918729,0.34852592341579125,0.35013554727211116,0.18214164689935616,0.46933242968485256,0.07531345306675703,-0.08524227830206804,-0.09290919256772993,-0.0888851329269302,0.08298036733241891,0.3503050318792716,-0.09731264400069202,0.0044034514329620855,-0.001779108463480339,0.3626354150427996,False,False,False,False,-0.09051471045306386,-0.0917119515103969
"(0.0, 7.0]",CONTRACTING,1,0.75,1.0,30,6638,3554,2658,3637,2575,-51.15979735959994,574.381314253559,0.535402229587225,0.547905995781862,0.40042181379933717,0.06417595661343778,0.001129858391081651,-0.007707110177704119,-0.09310652479860786,-0.07122493395799322,0.08652927301198539,0.5272735800384597,-0.10186851049711652,0.008761985698508667,0.008128649548765354,0.544428381335675,False,False,False,False,-0.0818556381457943,-0.08748108147220107
"(0.0, 7.0]",EXPANDING,-1,4.0,1.0,30,3153,120,1690,124,1686,1162.0737776006708,245.83373862940914,0.038058991436726926,0.039327624484617824,0.5359974627339043,0.4259435458293688,-0.3837614969869965,0.368561299587907,-0.09316839867704989,-0.0868252334375954,0.0779682012779604,0.035645607616903524,-0.07982529571903138,-0.013343102958018507,0.0024133838198234017,0.04523191502112551,False,False,False,False,-0.01131301923595072,-0.052240708956500306
"(0.0, 7.0]",CONTRACTING,-1,2.0,1.0,30,6638,1249,3318,1262,3305,774.6535645060405,574.381314253559,0.1881590840614643,0.1901175052726725,0.4998493522145224,0.31199156372401327,-0.12353118409159386,0.11669984400512813,-0.09336061309845112,-0.08748534946482653,0.08652927301198539,0.1940340509356972,-0.07589165251975305,-0.017468960578698067,-0.00587496687423289,0.20773799070969373,False,False,False,False,-0.06091416511649396,-0.07713738910747253
"(7.0, 10.0]",CONTRACTING,1,1.5,1.0,30,3175,792,1539,792,1539,222.0731842634639,167.69485600288158,0.2494488188976378,0.2494488188976378,0.4847244094488189,0.2658267716535433,-0.1105511811023622,0.0699443100042406,-0.09342414857934415,-0.09342414857934414,0.052817277481222544,0.2704043845356244,-0.05851748355708367,-0.03490666502226048,-0.02095556563798659,0.2926499623645009,False,False,False,False,-0.023816799342277185,-0.05862047396081067
"(14.0, inf]",EXPANDING,-1,2.0,1.5,60,2541,677,1051,677,1051,45.84530118784643,60.8751728936191,0.2664305391578119,0.2664305391578119,0.4136166863439591,0.319952774498229,-0.08756395120031484,0.018042227936972226,-0.09347889480746661,-0.09347889480746663,0.023957171544124006,0.26270733012306047,-0.10336187732217289,0.009882982514706276,0.003723209034751429,0.2873749761461002,False,False,False,False,0.06899243041390714,-0.012243232196779738
"(10.0, 14.0]",CONTRACTING,-1,1.0,0.5,30,1665,462,1133,477,1118,12.312949183222234,63.50327803363372,0.2774774774774775,0.2864864864864865,0.6804804804804805,0.04204204204204198,-0.06276276276276277,0.007395164674607948,-0.09350770501526216,-0.07999419150174865,0.03814010692710734,0.29340446168768186,-0.07261658712465419,-0.020891117890607977,-0.015926984210204387,0.324935090814308,False,False,False,False,0.002959140608732833,-0.04527428220326467
"(0.0, 7.0]",CONTRACTING,-1,3.0,0.5,30,6638,400,4929,404,4925,1218.1753363259331,574.381314253559,0.06025911419102139,0.06086170533293161,0.7425429346188611,0.19719795119011752,-0.19049412473636637,0.18351541674087574,-0.09350798100747604,-0.09139891201079028,0.08652927301198539,0.06111345621687538,-0.07562874962221973,-0.01787923138525631,-0.0008543420258539935,0.0695028501555449,False,False,False,False,-0.06892880196943284,-0.08121839148845444
"(0.0, 7.0]",CONTRACTING,1,1.0,1.0,30,6638,2897,2954,2927,2924,10.41322916059441,574.381314253559,0.4364266345284724,0.440946068092799,0.445013558300693,0.11855980717083459,-0.008586923772220548,0.001568729912713831,-0.09354746687149211,-0.08450859974283889,0.08652927301198539,0.43773744195863235,-0.0943735296125393,0.0008260627410471844,-0.0013108074301599326,0.45481582661667175,False,False,False,False,-0.08854994628113187,-0.09104870657631199
"(0.0, 7.0]",CONTRACTING,-1,3.0,1.0,30,6638,532,3373,534,3371,1730.4046451334775,574.381314253559,0.08014462187405845,0.08044591744501356,0.5081349804157879,0.4117203977101537,-0.2677011147936125,0.26068162776943016,-0.09354876003616774,-0.09234357775234732,0.08652927301198539,0.0820317996341635,-0.07499915554915484,-0.0185496044870129,-0.0018871777601050521,0.09161314723189685,False,False,False,False,-0.049084362581107946,-0.07131656130863784
"(0.0, 7.0]",CONTRACTING,1,1.0,1.5,30,6638,3196,1975,3216,1955,-280.11975018528403,574.381314253559,0.4814703223862609,0.484483278095812,0.2975293763181681,0.22100030129557102,0.03517625790900874,-0.04219942003393854,-0.09355243513691519,-0.08602004586303752,0.08652927301198539,0.4844519487828901,-0.09787929157460955,0.004326856437694357,-0.002981626396629189,0.5016392435699178,False,False,False,False,-0.11055332330194295,-0.10205287921942907
"(7.0, 10.0]",CONTRACTING,1,0.75,0.75,60,3140,1479,1651,1525,1605,0.8562903823260255,165.86538771846006,0.4710191082802548,0.4856687898089172,0.5257961783439491,0.0031847133757960666,-0.0410828025477707,0.0002727039434159317,-0.09363347048921465,-0.07165894819622103,0.05282337188485989,0.48447951897782787,-0.07359361544348304,-0.020039855045731608,-0.013460410697573089,0.509467959123961,False,False,False,False,-0.03398779557349875,-0.0638106330313567
"(7.0, 10.0]",STABLE,-1,3.0,1.0,15,6535,159,2247,159,2247,1502.2745026358405,344.38265460412464,0.02433052792654935,0.02433052792654935,0.34384085692425403,0.6318286151491966,-0.270849273144606,0.22988133169637956,-0.09366612883982925,-0.09366612883982925,0.052698187391602855,0.025933839239666984,-0.06933592722096665,-0.024330201618862596,-0.0016033113131176356,0.031608792359976434,False,False,False,False,-0.027894290485320106,-0.06078020966257468
"(10.0, 14.0]",STABLE,-1,2.0,1.0,30,3792,599,1812,601,1810,402.28727761452393,143.52642635421205,0.15796413502109705,0.1584915611814346,0.4778481012658228,0.36418776371308015,-0.16191983122362869,0.10608841709243774,-0.09368121011067725,-0.0920989316296646,0.0378497959794863,0.16913191076624637,-0.08512996916493137,-0.008551240945745872,-0.011167775745149322,0.18638563006723677,False,False,False,False,-0.023775352837354605,-0.058728281474015924
"(7.0, 10.0]",STABLE,-1,4.0,1.0,15,6535,63,2247,63,2247,1726.5699164835214,344.38265460412464,0.009640397857689364,0.009640397857689364,0.34384085692425403,0.6465187452180566,-0.30527926549349654,0.2642035067304547,-0.09377394615464471,-0.09377394615464471,0.052698187391602855,0.010314595152140279,-0.06965909979254203,-0.024114846362102677,-0.0006741972944509147,0.013986852426935448,False,False,False,False,-0.02696771716468649,-0.0603708316596656
"(0.0, 7.0]",STABLE,1,1.0,0.5,30,11530,3576,7572,3791,7357,85.23705471281622,957.4135127677637,0.3101474414570685,0.3287944492627927,0.6567215958369471,0.03313096270598437,-0.01821335646140503,0.0073926326724038345,-0.09385745516521661,-0.0658869434566303,0.08303673137621541,0.30866282069321327,-0.09794570594073887,0.004088250775522259,0.0014846207638552489,0.32075310990652545,False,False,False,False,-0.0875778468280512,-0.0907176509966339
"(10.0, 14.0]",CONTRACTING,-1,0.75,1.0,30,1665,806,681,809,678,-16.40571889122755,63.50327803363372,0.4840840840840841,0.4858858858858859,0.409009009009009,0.1069069069069069,-0.04594594594594595,-0.009853284619355886,-0.09393933749240917,-0.09078618433925602,0.03814010692710734,0.5106692531522793,-0.06837908176917139,-0.02556025572323778,-0.02658516906819519,0.5449514607774255,False,False,False,False,0.022883836246561037,-0.03552775062292406
"(10.0, 14.0]",CONTRACTING,-1,0.75,1.0,15,1678,656,520,659,517,-65.6573010015786,63.97784355817555,0.3909415971394517,0.39272943980929675,0.3098927294398093,0.2991656734207391,-0.0166865315852205,-0.039128308105827535,-0.09394227923704063,-0.09081355456481177,0.038127439545992584,0.4257091128545564,-0.06327623512160492,-0.030666044115435706,-0.034767515715104724,0.4596061866362797,False,False,False,False,0.017019407512011194,-0.038461435862514715
"(0.0, 7.0]",EXPANDING,-1,4.0,0.5,15,3185,32,2081,35,2078,861.1824670941946,248.0024988095714,0.010047095761381476,0.01098901098901099,0.6533751962323391,0.3365777080062794,-0.28649921507064363,0.27038695984119143,-0.09397803193575409,-0.08973941341142128,0.07786577670630185,0.009036282739323885,-0.0824551642489255,-0.011522867686828586,0.0010108130220575912,0.014079688439614458,False,False,False,False,-0.04716146252954418,-0.07056974723264914
"(0.0, 7.0]",CONTRACTING,-1,1.5,1.0,60,6403,2351,3658,2372,3637,83.20315002844421,553.8240083541089,0.3671716382945494,0.3704513509292519,0.5712947056067469,0.06153365609870376,-0.02053724816492269,0.012994401066444512,-0.09403730412707552,-0.08583802254031933,0.08649445702859736,0.3781298904538341,-0.07256646926593233,-0.021470834861143193,-0.010958252159284698,0.395149405543851,False,False,False,False,-0.06899243170525146,-0.0815148679161635
"(0.0, 7.0]",CONTRACTING,-1,0.75,0.75,60,6403,3155,3224,3296,3083,3.1391922175301565,553.8240083541089,0.4927377791660159,0.5147587068561612,0.5035139778228955,0.003748243011088559,-0.008082148992659691,0.0004902689704092076,-0.09408633705084783,-0.06105494551562997,0.08649445702859736,0.49398474178403756,-0.09018651667996536,-0.003899820370882476,-0.001246962618021652,0.5114882709661728,False,False,False,False,-0.11193396854156475,-0.10301015279620629
"(0.0, 7.0]",CONTRACTING,-1,0.75,1.5,15,6812,3227,1170,3250,1147,-717.7635372089977,589.411051536283,0.4737228420434527,0.4770992366412214,0.1717557251908397,0.3545214327657076,0.09765854374633001,-0.10536751867425098,-0.09423437885280105,-0.08663749100782159,0.08652540392488006,0.4718590890326132,-0.09474695229507282,0.000512573442271777,0.0018637530108395195,0.4888111271844063,False,False,False,False,-0.07785953685534595,-0.0860469578540735
"(0.0, 7.0]",STABLE,1,1.0,1.0,30,11530,5030,5168,5088,5110,7.848184676501733,957.4135127677637,0.4362532523850824,0.44128360797918476,0.44822202948829143,0.11552471812662618,-0.01196877710320902,0.0006806751670860133,-0.09432483331233843,-0.08426412212413373,0.08303673137621541,0.43773744195863235,-0.0943735296125393,4.869630020086502e-05,-0.0014841895735499544,0.45069275608065373,False,False,False,False,-0.08180934062829709,-0.08806708697031776
"(0.0, 7.0]",EXPANDING,-1,0.75,1.5,60,3062,1986,1018,2016,988,-12.085121478968539,239.44254018301092,0.6485956890920966,0.6583932070542129,0.3324624428478119,0.01894186806009146,-0.01224689745264533,-0.003946806492151711,-0.09439179022272352,-0.07234737480796194,0.07819808627792649,0.6451975743348983,-0.1006054482369778,0.006213658014254275,0.0033981147571983117,0.6692998005508626,False,False,False,False,-0.09440358160554745,-0.09439768591413548
"(0.0, 7.0]",EXPANDING,1,0.75,1.5,60,3062,1991,1013,2008,996,-23.37122669317533,239.44254018301092,0.6502286087524494,0.6557805355976486,0.3308295231874592,0.01894186806009146,-0.00857282821685173,-0.007632667110769213,-0.09440358160554745,-0.0819117462038492,0.07819808627792649,0.6417742566510172,-0.10698511726811634,0.012581535662568893,0.008454352101432194,0.6659310384632753,False,False,False,False,-0.09439179022272352,-0.09439768591413548
"(10.0, 14.0]",CONTRACTING,-1,3.0,1.0,30,1665,111,807,111,807,380.319888670585,63.50327803363372,0.06666666666666667,0.06666666666666667,0.4846846846846847,0.4486486486486487,-0.28468468468468466,0.2284203535559069,-0.09440443805588511,-0.09440443805588514,0.03814010692710734,0.06983511154219205,-0.08722999971444202,-0.007174438341443087,-0.003168444875525381,0.08791797053043528,False,False,False,False,0.060825247341165144,-0.016789595357359983
"(14.0, inf]",CONTRACTING,1,3.0,0.75,60,848,55,561,55,561,197.41852310011592,21.794415002467627,0.06485849056603774,0.06485849056603774,0.6615566037735849,0.2735849056603773,-0.30159198113207547,0.23280486214636312,-0.09448808007352796,-0.09448808007352795,0.025700961087815596,0.08685571606919922,0.02151784992879625,-0.11600593000232422,-0.02199722550316148,0.11503179471357146,False,False,False,False,0.020926695803618053,-0.036780692134954954
"(7.0, 10.0]",CONTRACTING,1,3.0,0.75,15,3194,34,1534,34,1534,915.2140888057743,168.69632960544712,0.010644959298685034,0.010644959298685034,0.480275516593613,0.509079524107702,-0.32827175954915466,0.286541668380017,-0.09454672535994765,-0.09454672535994767,0.052816634190809994,0.018566271273852502,-0.04917868460913088,-0.045368040750816775,-0.007921311975167468,0.025599632516186712,False,False,False,False,-0.031551433054045945,-0.0630490792069968
"(0.0, 7.0]",STABLE,-1,0.75,1.0,60,10983,6155,4731,6266,4620,-11.260633583168701,912.715133199325,0.560411545115178,0.5705180733861422,0.4307566238732587,0.008831831011563318,-0.010447965036875171,-0.001025278483398771,-0.09457577772762395,-0.07688935325343656,0.08310253420734999,0.5660700312989045,-0.08524252543988739,-0.009333252287736557,-0.005658486183726552,0.5793035704375915,False,False,False,False,-0.11054006662185153,-0.10255792217473775
"(7.0, 10.0]",CONTRACTING,1,2.0,1.0,15,3194,196,1104,196,1104,578.0986489745436,168.69632960544712,0.061365059486537255,0.061365059486537255,0.345648090169067,0.5929868503443958,-0.2229179711959925,0.18099519379290657,-0.09473941159389589,-0.0947394115938959,0.052816634190809994,0.0772121122817358,-0.04658806721085617,-0.04815134438303972,-0.015847052795198546,0.09074686883137055,False,False,False,False,-0.013486759149294127,-0.05411308537159501
"(7.0, 10.0]",CONTRACTING,1,0.75,0.75,15,3194,1245,1427,1285,1387,2.517912487128291,168.69632960544712,0.38979336255479025,0.402316844082655,0.44677520350657485,0.1634314339386349,-0.042736380713838444,0.0007883257630332784,-0.09476468914161518,-0.07597946684981804,0.052816634190809994,0.40919472482133645,-0.06698982605537993,-0.027774863086235252,-0.019401362266546207,0.43362646662241333,False,False,False,False,-0.029653801531801943,-0.06220924533670856
"(0.0, 7.0]",EXPANDING,1,1.0,0.5,15,3185,871,1986,945,1912,67.89444698393518,248.0024988095714,0.27346938775510204,0.2967032967032967,0.6235478806907379,0.10298273155416016,-0.038304552590266876,0.021316937828551076,-0.09485339146801765,-0.06000252804572565,0.07786577670630185,0.2625567634512178,-0.09398227977669789,-0.0008711116913197592,0.010912624303884233,0.2845671958852882,False,False,False,False,-0.09670258523126882,-0.09577798834964324
"(0.0, 7.0]",STABLE,-1,0.75,1.0,30,11530,6081,4607,6193,4495,-90.51877095986255,957.4135127677637,0.5274067649609714,0.5371205550737207,0.39956634865568086,0.07302688638334776,-0.004011274934952298,-0.00785071734257264,-0.09489872365374036,-0.07789959095642898,0.08303673137621541,0.5354814502134047,-0.08732590549650196,-0.007572818157238398,-0.008074685252433267,0.5484854254003214,False,False,False,False,-0.10787259269592459,-0.10138565817483247
"(14.0, inf]",EXPANDING,-1,1.5,1.0,60,2541,791,1413,798,1406,46.157349985712465,60.8751728936191,0.31129476584022037,0.3140495867768595,0.5560802833530106,0.13262495080676906,-0.08913813459268005,0.018165033445774286,-0.09493027269102976,-0.08804322034943197,0.023957171544124006,0.31781701444622795,-0.08651024069649237,-0.008420031994537391,-0.006522248606007586,0.3438519470670024,False,False,False,False,0.0321006288513095,-0.03141482191986013
"(7.0, 10.0]",STABLE,-1,3.0,1.0,60,6404,891,4052,894,4049,1108.1682454398788,337.6828081939889,0.13913179262960648,0.13960024984384758,0.6327295440349782,0.22813866333541533,-0.21533416614615866,0.17304313638973748,-0.09502101229764368,-0.09314718344067928,0.0527299825412225,0.14911687335588125,-0.049391364697883536,-0.04562964759976014,-0.00998508072627477,0.16171319563926992,False,False,False,False,-0.009696493798621657,-0.052358753048132665
"(0.0, 7.0]",EXPANDING,1,1.0,0.5,60,3062,982,2072,1062,1992,2.168626176695821,239.44254018301092,0.3207054212932724,0.34683213585891576,0.6766819072501633,0.0026126714565642972,-0.017635532331809273,0.0007082384639764274,-0.09512538014575933,-0.055935308297294276,0.07819808627792649,0.3223787167449139,-0.0979936238334257,0.0028682436876663747,-0.001673295451641521,0.3461693230447738,False,False,False,False,-0.0958614647721056,-0.09549342245893247
"(7.0, 10.0]",CONTRACTING,1,2.0,1.5,15,3194,200,568,200,568,316.73541276321515,168.69632960544712,0.06261740763932373,0.06261740763932373,0.17783343769567939,0.7595491546649968,-0.14151534126487164,0.09916575227401853,-0.09516622318166312,-0.09516622318166311,0.052816634190809994,0.07927503131216386,-0.04266563226129969,-0.05250059092036343,-0.016657623672840127,0.0929689069519555,False,False,False,False,-0.019307149553919968,-0.05723668636779154
"(0.0, 7.0]",EXPANDING,-1,0.75,0.5,30,3153,1202,1923,1392,1733,5.216647191505644,245.83373862940914,0.3812242308912147,0.44148430066603234,0.609895337773549,0.008880431335236305,-0.019029495718363463,0.0016545027565828241,-0.09534319423974102,-0.020018107021219006,0.0779682012779604,0.3800947422728765,-0.10025098067708711,0.004907786437346087,0.0011294886183382258,0.404393823923253,False,False,False,False,-0.10789409385496906,-0.10161864404735504
"(14.0, inf]",STABLE,-1,1.0,1.5,60,2218,1127,791,1134,784,-95.91487849623687,56.16247469205734,0.5081154192966637,0.5112714156898106,0.35662759242560865,0.13525698827772764,-0.026825969341749325,-0.04324385865475062,-0.09539105193340587,-0.08750106095053842,0.025321223936905925,0.5113251293026574,-0.07728781651321429,-0.018103235420191585,-0.0032097100059936823,0.5410332172440894,False,False,False,False,0.04627530672548298,-0.024557872603961445
"(10.0, 14.0]",CONTRACTING,-1,2.0,0.75,15,1678,111,778,111,778,265.3846490542486,63.97784355817555,0.06615017878426699,0.06615017878426699,0.4636471990464839,0.47020262216924913,-0.21543504171632896,0.15815533316701347,-0.09540714809530808,-0.09540714809530808,0.038127439545992584,0.07978273989136994,-0.06269923228981221,-0.03270791580549587,-0.013632561107102953,0.09888002477679246,False,False,False,False,0.025455256638586415,-0.03497594572836083
"(7.0, 10.0]",CONTRACTING,1,1.0,1.5,15,3194,952,552,955,549,-260.30678292403894,168.69632960544712,0.29805886036318097,0.29899812147777083,0.1728240450845335,0.5291170945522855,0.038822792736380715,-0.0814986796881775,-0.09549252114260678,-0.09314436835613214,0.052816634190809994,0.3323509909378914,-0.04768138599958365,-0.04781113514302313,-0.03429213057471042,0.35581690440291014,False,False,False,False,-0.016821495482773566,-0.056157008312690174
"(7.0, 10.0]",CONTRACTING,1,4.0,0.75,15,3194,4,1534,4,1534,997.9657905598035,168.69632960544712,0.0012523481527864746,0.0012523481527864746,0.480275516593613,0.5184721352536005,-0.3551972448340639,0.31245015358791595,-0.09556372543695792,-0.09556372543695793,0.052816634190809994,0.004936270537095705,-0.0484514832436327,-0.047112242193325216,-0.0036839223843092303,0.00875404232790896,False,False,False,False,-0.03449674428607509,-0.0650302348615165
"(0.0, 7.0]",EXPANDING,-1,2.0,0.5,15,3185,259,2072,272,2059,461.55709273765774,248.0024988095714,0.08131868131868132,0.08540031397174254,0.6505494505494506,0.26813186813186807,-0.16263736263736264,0.14491588469000244,-0.09558725465366207,-0.08538317302100899,0.07786577670630185,0.07825329113343425,-0.08481380055715601,-0.010773454096506055,0.003065390185247069,0.09188833455935311,False,False,False,False,-0.06597537191424503,-0.08078131328395355
"(0.0, 7.0]",CONTRACTING,-1,4.0,0.5,15,6812,57,4344,57,4344,1882.1703459327364,589.411051536283,0.00836758661186142,0.00836758661186142,0.6376981796829125,0.35393423370522603,-0.2853787433940106,0.27630216469946217,-0.09560198261942845,-0.09560198261942845,0.08652540392488006,0.009036282739323885,-0.0824551642489255,-0.013146818370502952,-0.0006686961274624641,0.012412450505725035,False,False,False,False,-0.07611841469071719,-0.08586019865507283
"(0.0, 7.0]",EXPANDING,1,0.75,1.0,15,3185,1462,1068,1512,1018,-85.32027523357675,248.0024988095714,0.45902668759811616,0.4747252747252747,0.33532182103610675,0.2056514913657771,0.008948194662480377,-0.02678815548934906,-0.09570573753317052,-0.06823321006064306,0.07786577670630185,0.4427319847713408,-0.09640819637653524,0.0007024588433647144,0.016294702826775365,0.4674228563339574,False,False,False,False,-0.07011621632752467,-0.0829109769303476
"(0.0, 7.0]",CONTRACTING,-1,3.0,0.5,15,6812,169,4341,172,4338,1600.6120294892912,589.411051536283,0.02480916030534351,0.02524955960070464,0.6372577803875514,0.33793305930710504,-0.24420140927774517,0.234969469977876,-0.09575734322474924,-0.09421594569098529,0.08652540392488006,0.02577863400761433,-0.08166516482142633,-0.014092178403322914,-0.0009694737022708198,0.03131803899515026,False,False,False,False,-0.07667544895835006,-0.08621639609154966
"(7.0, 10.0]",STABLE,-1,4.0,1.0,30,6501,198,3219,199,3218,2147.04569852374,342.64702555540435,0.030456852791878174,0.030610675280726043,0.4951545916012921,0.47438855560682974,-0.37332718043377944,0.33026391301703434,-0.09577008568399695,-0.0950009732397576,0.05270681826725186,0.03140275514738557,-0.06673917326119091,-0.029030912422806032,-0.0009459023555073998,0.03762859900768905,False,False,False,False,-0.011480710577125085,-0.05362539813056102
"(7.0, 10.0]",STABLE,-1,4.0,0.75,60,6404,417,4668,419,4666,1557.2950288826783,337.6828081939889,0.06511555277951281,0.06542785758900688,0.7289194253591506,0.20596502186133658,-0.2862273579013117,0.24317536366063058,-0.09578197678190359,-0.09429852893680679,0.0527299825412225,0.06989853438556934,-0.05597366042625419,-0.039808316355649395,-0.00478298160605653,0.07897988494149154,False,False,False,False,-0.018122668018969786,-0.056952322400436683
"(0.0, 7.0]",CONTRACTING,-1,0.75,1.5,60,6403,4150,2072,4178,2044,-64.06902303635097,553.8240083541089,0.6481336873340622,0.6525066375136654,0.32359831329064503,0.028267999375292785,0.0007027955645791035,-0.010006094492636416,-0.09579775595665466,-0.08595861805254722,0.08649445702859736,0.6451975743348983,-0.1006054482369778,0.004807692280323142,0.0029361129991638535,0.6618923273786412,False,False,False,False,-0.08671736263265287,-0.09125755929465376
"(0.0, 7.0]",STABLE,-1,0.75,1.0,15,11804,5195,3739,5295,3639,-308.6091068913982,979.5002559918729,0.44010504913588616,0.44857675364283295,0.31675703151474077,0.243137919349373,0.013321755337173839,-0.02614445161736684,-0.09580306361261193,-0.08097758072545502,0.08298036733241891,0.44942892527865697,-0.09058149582556957,-0.005221567787042358,-0.009323876142770804,0.4622647797463436,False,False,False,False,-0.10208858359869785,-0.09894582360565489
"(0.0, 7.0]",EXPANDING,-1,0.75,0.5,15,3185,1133,1857,1320,1670,21.516460057840128,248.0024988095714,0.3557299843014129,0.41444270015698587,0.5830455259026688,0.061224489795918324,-0.024725274725274724,0.006755560457720605,-0.09583549097385596,-0.02244459615438972,0.07786577670630185,0.3470941699922022,-0.10132684902290143,0.005491358049045464,0.008635814309210676,0.37083014383211926,False,False,False,False,-0.10608866523407554,-0.10096207810396575
"(0.0, 7.0]",EXPANDING,-1,1.0,0.5,60,3062,982,2073,1085,1970,0.41473505082358103,239.44254018301092,0.3207054212932724,0.35434356629653824,0.6770084911822338,0.002286087524493774,-0.017798824297844545,0.00013544580366544123,-0.0958614647721056,-0.045404247267206835,0.07819808627792649,0.32854068857589985,-0.08888735232394018,-0.006974112448165412,-0.007835267282627456,0.3524427604168331,False,False,False,False,-0.09512538014575933,-0.09549342245893247
"(10.0, 14.0]",STABLE,-1,3.0,1.5,30,3792,261,1058,261,1058,583.9065141750012,143.52642635421205,0.06882911392405064,0.06882911392405064,0.2790084388185654,0.6521624472573839,-0.2120253164556962,0.15398378538370286,-0.09589132705147964,-0.09589132705147965,0.0378497959794863,0.07492725509214355,-0.08465064109513648,-0.011240685956343158,-0.006098141168092916,0.08716198978584984,False,False,False,False,-0.006217788432729555,-0.05105455774210459
"(10.0, 14.0]",CONTRACTING,-1,4.0,0.75,15,1678,10,778,10,778,446.45052844970985,63.97784355817555,0.0059594755661501785,0.0059594755661501785,0.4636471990464839,0.5303933253873659,-0.3238974970202622,0.26606110157908813,-0.0959638349871667,-0.09596383498716668,0.038127439545992584,0.010018105009052505,-0.062366698206718446,-0.03359713678044825,-0.004058629442902326,0.017475235566184428,False,False,False,False,0.029301142694175733,-0.03333134614649548
"(10.0, 14.0]",EXPANDING,-1,3.0,1.5,60,2771,483,1328,485,1326,379.5040151273672,102.7589053624695,0.17430530494406352,0.17502706604114038,0.47924936845904004,0.3464453265968965,-0.19595813785636954,0.13695561715170235,-0.09608621083908418,-0.09283828590223829,0.037083690134417,0.14854629855851453,-0.10332753606691218,0.007241325227827999,0.025759006385548983,0.16776197287684516,False,True,False,False,0.01852473184121692,-0.03878073949893363
"(0.0, 7.0]",EXPANDING,1,1.0,0.5,30,3153,980,2104,1060,2024,14.353063909192615,245.83373862940914,0.3108150967332699,0.33618775769108783,0.6673009831906122,0.021883920076117946,-0.022835394862036156,0.004552192803422967,-0.09625140333657359,-0.05819241189984667,0.0779682012779604,0.30866282069321327,-0.09794570594073887,0.001694302604165282,0.002152276040056633,0.33184449576377173,False,False,False,False,-0.0923693154266999,-0.09431035938163675
"(0.0, 7.0]",EXPANDING,1,1.0,1.0,30,3153,1406,1465,1438,1433,1.2291269446854605,245.83373862940914,0.4459245163336505,0.45607358071677767,0.4646368537900412,0.0894386298763083,-0.01871233745639074,0.0003898277655202856,-0.09629071096883085,-0.0759925822025765,0.0779682012779604,0.43773744195863235,-0.0943735296125393,-0.0019171813562915557,0.008187074375018144,0.4625271499653611,False,False,False,False,-0.0799438203533443,-0.08811726566108757
"(0.0, 7.0]",CONTRACTING,-1,1.0,1.0,15,6812,2268,2277,2296,2249,-57.6536424717954,589.411051536283,0.33294186729301234,0.33705226071638283,0.3342630651790957,0.33279506752789195,-0.0013211978860833823,-0.008463541173193688,-0.09631014298415713,-0.08808935613741609,0.08652540392488006,0.3356268061098115,-0.08869978100584272,-0.007610361978314412,-0.002684938816799154,0.3517095918797952,False,False,False,False,-0.08496145171234405,-0.09063579734825059
"(0.0, 7.0]",EXPANDING,-1,1.5,1.5,15,3185,642,693,650,685,17.48936044738894,248.0024988095714,0.20156985871271585,0.20408163265306123,0.2175824175824176,0.5808477237048666,-0.02401883830455259,0.00549116497563232,-0.09639345003522212,-0.08885812821418601,0.07786577670630185,0.19040410990321546,-0.09474774938181522,-0.001645700653406898,0.011165748809500387,0.21011480279272152,False,False,False,False,-0.06687342519841769,-0.0816334376168199
"(7.0, 10.0]",STABLE,-1,3.0,1.0,30,6501,439,3214,440,3213,1612.579542027936,342.64702555540435,0.06752807260421474,0.0676818950930626,0.4943854791570528,0.43808644823873244,-0.29180126134440854,0.2480509986198948,-0.09645708099176563,-0.09584179103637416,0.05270681826725186,0.073026218338024,-0.06469143471447357,-0.03176564627729206,-0.005498145733809259,0.08221813587762322,False,False,False,False,-0.015564258511174777,-0.056010669751470205
"(10.0, 14.0]",CONTRACTING,-1,2.0,1.5,60,1652,445,681,445,681,35.11514903874649,63.02996017781892,0.26937046004842613,0.26937046004842613,0.41222760290556903,0.31840193704600483,-0.07960048426150121,0.021256143485924025,-0.09649806969677507,-0.09649806969677507,0.038153728921197894,0.28719765453212803,-0.08938317692807289,-0.007114892768702183,-0.017827194483701903,0.3186642904165183,False,False,False,False,0.02207034179932805,-0.037213863948723516
"(0.0, 7.0]",CONTRACTING,1,1.0,1.0,60,6403,3099,3167,3130,3136,3.003875061457107,553.8240083541089,0.48399187880680933,0.4888333593627987,0.4946119006715602,0.021396220521630427,-0.010620021864750898,0.0004691355710537415,-0.0966453433222945,-0.08696238221031576,0.08649445702859736,0.4833235524256651,-0.09825712015054107,0.0016117768282465639,0.0006683263811442242,0.5008225353980141,False,False,False,False,-0.08602653184687895,-0.09133593758458672
"(10.0, 14.0]",STABLE,-1,3.0,0.5,60,3763,299,3059,301,3057,411.291071717449,142.4723347408888,0.07945787935158119,0.07998937018336434,0.8129152272123306,0.10762689343608822,-0.16808397555142174,0.10929871690604544,-0.09664662849413762,-0.09478641058289658,0.03786136984876131,0.08929880283410702,-0.07564915741147249,-0.02099747108266513,-0.009840923482525826,0.1025729496556249,False,False,False,False,-0.03870665411881312,-0.06767664130647537
"(0.0, 7.0]",EXPANDING,-1,1.0,0.5,15,3185,839,1973,935,1877,87.50476484798023,248.0024988095714,0.2634222919937206,0.29356357927786497,0.6194662480376766,0.11711145996860284,-0.04631083202511774,0.02747402350015078,-0.09670258523126882,-0.05149065430505217,0.07786577670630185,0.2636117609283978,-0.09364819795802226,-0.003054387273246556,-0.00018946893467719494,0.28564959093015124,False,False,False,False,-0.09485339146801765,-0.09577798834964324
"(14.0, inf]",EXPANDING,-1,4.0,1.0,60,2541,158,1530,158,1530,713.1372686234286,60.8751728936191,0.06218024399842582,0.06218024399842582,0.602125147579693,0.33569460842188115,-0.35340417158598975,0.2806522111859223,-0.09670913194419148,-0.09670913194419148,0.023957171544124006,0.0640271089709292,-0.1046631503402804,0.007954018396088919,-0.00184686497250338,0.07802343494291314,False,False,False,False,0.06842737851550969,-0.014140876714340896
"(14.0, inf]",EXPANDING,-1,3.0,1.5,60,2541,357,1083,357,1083,368.52148661944625,60.8751728936191,0.14049586776859505,0.14049586776859505,0.42621015348288077,0.4332939787485242,-0.21782762691853602,0.1450301009915176,-0.0967546974711424,-0.0967546974711424,0.023957171544124006,0.1394685214909934,-0.10591167709512762,0.00915697962398522,0.0010273462776016484,0.1590445573073832,False,False,False,False,0.0796666776312014,-0.0085440099199705
"(10.0, 14.0]",CONTRACTING,-1,0.75,1.0,60,1652,874,740,877,737,-12.500867078217023,63.02996017781892,0.5290556900726392,0.5308716707021792,0.44794188861985473,0.02300242130750607,-0.0511501210653753,-0.007567110822165268,-0.09687096080873846,-0.09369299470704355,0.038153728921197894,0.5455655998045443,-0.07187267217768706,-0.0249982886310514,-0.016509909731905137,0.5797968170708294,False,False,False,False,0.025619579471016344,-0.03562569066886106
"(0.0, 7.0]",CONTRACTING,-1,2.0,0.5,30,6638,902,4856,925,4833,555.0709814842163,574.381314253559,0.13588430250075323,0.13934920156673697,0.7315456462789997,0.13257005122024712,-0.09400421813799337,0.08362021414344928,-0.09691327700652949,-0.08825102934157016,0.08652927301198539,0.13986210778106092,-0.07951510549911535,-0.017398171507414142,-0.003977805280307695,0.15191370240620525,False,False,False,False,-0.07716783752198007,-0.08704055726425478
"(0.0, 7.0]",EXPANDING,-1,1.0,1.5,15,3185,1158,668,1172,654,-216.77935676408563,248.0024988095714,0.36357927786499217,0.36797488226059655,0.2097331240188383,0.42668759811616946,0.04897959183673469,-0.06806259239060773,-0.0969487772601749,-0.0859597662711639,0.07786577670630185,0.3503050318792716,-0.09731264400069202,0.0003638667405171242,0.013274245985720579,0.3740892305809061,False,False,False,False,-0.08923912860560836,-0.09309395293289163
"(0.0, 7.0]",CONTRACTING,-1,0.75,1.5,30,6638,3937,1789,3964,1762,-338.56686531135654,574.381314253559,0.5931003314251281,0.597167821633022,0.26950888821934316,0.13739078035552876,0.040561916239831276,-0.051004348495232985,-0.0969717052673871,-0.08781985229962572,0.08652927301198539,0.5883401341400497,-0.09887949600383371,0.0019077907364466046,0.004760197285078371,0.6052283709800403,False,False,False,False,-0.0883198314698843,-0.0926457683686357
"(7.0, 10.0]",CONTRACTING,1,1.0,1.0,15,3194,922,1076,930,1068,12.7472988013767,168.69632960544712,0.2886662492172824,0.29117094552285533,0.3368816530995617,0.37445209768315585,-0.048215403882279274,0.003991014026730339,-0.09704102404635892,-0.09203163143521303,0.052816634190809994,0.317394827967288,-0.05629886882658245,-0.04074215521977647,-0.028728578750005618,0.3405945170352152,False,False,False,False,-0.013601636946406957,-0.05532133049638294
"(10.0, 14.0]",CONTRACTING,-1,1.0,1.5,60,1652,845,578,845,578,-75.41544172721822,63.02996017781892,0.511501210653753,0.511501210653753,0.3498789346246973,0.1386198547215497,-0.013317191283292978,-0.04565099378160909,-0.09712191398609997,-0.09712191398609996,0.038153728921197894,0.5329831419496701,-0.07643298088598906,-0.020688933100110912,-0.021481931295917134,0.5673006539658834,False,False,False,False,0.03915514193516867,-0.02898338602546565
"(7.0, 10.0]",EXPANDING,1,1.5,1.5,60,3761,1571,1694,1586,1679,16.36712234305247,197.27354096545074,0.41770805636798725,0.42169635735176814,0.4504121244349907,0.13187981919702207,-0.049056102100505185,0.004351800676163911,-0.097156718591438,-0.08519181564009526,0.05245241716709671,0.4139045471627208,-0.06500604986256821,-0.03215066872886979,0.003803509205266453,0.436451592110864,False,False,False,False,-0.019713018694098167,-0.05843486864276808
"(10.0, 14.0]",CONTRACTING,-1,1.0,0.5,60,1652,483,1162,498,1147,0.45809289483542937,63.02996017781892,0.2923728813559322,0.30145278450363194,0.7033898305084746,0.004237288135593209,-0.059322033898305086,0.00027729594118367396,-0.09719846687831929,-0.08357861215676966,0.038153728921197894,0.3069875397019301,-0.07425037775969809,-0.0229480891186212,-0.0146146583459979,0.33903171161545576,False,False,False,False,0.005928571846850155,-0.04563494751573457
"(0.0, 7.0]",CONTRACTING,-1,1.0,0.75,60,6403,2677,3673,2760,3590,9.200460977289152,553.8240083541089,0.41808527252850225,0.4310479462751835,0.5736373574886772,0.008277369982820582,-0.012142745588005622,0.001436898481538209,-0.09720030413506477,-0.07451562507837259,0.08649445702859736,0.42561619718309857,-0.08269074776478347,-0.014509556370281299,-0.007530924654596316,0.4429513769196336,False,False,False,False,-0.11380970254227372,-0.10550500333866925
"(0.0, 7.0]",CONTRACTING,1,1.0,0.75,15,6812,2073,3136,2133,3076,205.17662707052216,589.411051536283,0.30431591309453904,0.3131238990017616,0.4603640634174985,0.2353200234879625,-0.04095713446858485,0.030119880662143595,-0.09736265773132133,-0.08194868239368186,0.08652540392488006,0.30851795789183983,-0.09263613697455218,-0.004726520756769145,-0.004202044797300797,0.32425957730392574,False,False,False,False,-0.10491095547708433,-0.10113680660420282
"(0.0, 7.0]",EXPANDING,-1,0.75,0.5,60,3062,1177,1883,1367,1693,0.0,239.44254018301092,0.3843892880470281,0.4464402351404311,0.6149575440888309,0.0006531678641410466,-0.01918680600914435,0.0,-0.09738489228707084,-0.01982120842031708,0.07819808627792649,0.38619913928012517,-0.10033509315187106,0.0029502008648002176,-0.0018098512330970706,0.4109272958559558,False,False,False,False,-0.10680239858011081,-0.10209364543359083
"(0.0, 7.0]",CONTRACTING,-1,1.0,0.5,30,6638,2054,4365,2189,4230,55.66002166487685,574.381314253559,0.30943055137089487,0.3297680024103646,0.6575775836095209,0.03299186501958429,-0.019358240433865623,0.008385059003446348,-0.09750245444240467,-0.06699627788320009,0.08652927301198539,0.31283710895361383,-0.09137631058845726,-0.006126143853947413,-0.003406557582718961,0.32884373174273707,False,False,False,False,-0.10585165164015205,-0.10167705304127836
"(0.0, 7.0]",EXPANDING,1,1.0,1.0,60,3062,1480,1542,1512,1510,2.722201014794337,239.44254018301092,0.48334421946440237,0.4937949052906597,0.503592423252776,0.013063357282821597,-0.020248203788373612,0.0008890271112979546,-0.09755726295500215,-0.07665589130248746,0.07819808627792649,0.4833235524256651,-0.09825712015054107,0.0006998571955389166,2.0667038737265386e-05,0.5086271756815129,False,False,False,False,-0.07974028125336553,-0.08864877210418384
"(0.0, 7.0]",EXPANDING,-1,3.0,0.5,30,3153,175,2391,181,2385,608.5638388315904,245.83373862940914,0.05550269584522677,0.05740564541706311,0.758325404376784,0.1861718997779893,-0.2126546146527117,0.19301104942327638,-0.09761176650739574,-0.09095144300596854,0.0779682012779604,0.06111345621687538,-0.07562874962221973,-0.02198301688517601,-0.005610760371648614,0.07338294086469908,False,False,False,False,-0.02914545903057569,-0.06337861276898571
"(0.0, 7.0]",CONTRACTING,-1,1.5,0.75,30,6638,1728,3960,1766,3922,304.38572704353294,574.381314253559,0.26031937330521243,0.2660439891533595,0.5965652304911118,0.14311539620367575,-0.05694486291051522,0.0458550357100833,-0.0976191002124173,-0.08473871455408648,0.08652927301198539,0.2692181417381924,-0.07349949999332445,-0.02411960021909286,-0.008898768432979987,0.2845492794762473,False,False,False,False,-0.08523869372434506,-0.09142889696838119
"(0.0, 7.0]",CONTRACTING,-1,1.5,0.5,15,6812,989,4293,1026,4256,585.6649204678495,589.411051536283,0.14518496770405168,0.15061655901350557,0.6302113916617733,0.22460364063417504,-0.09732824427480916,0.08597547276392388,-0.09787817543576535,-0.08701499281685754,0.08652540392488006,0.1463694325948351,-0.08684591746651034,-0.011032257969255013,-0.0011844648907834154,0.1584874478397156,False,False,False,False,-0.08743405841184253,-0.09265611692380393
"(7.0, 10.0]",CONTRACTING,1,2.0,1.5,30,3175,492,1000,492,1000,372.4972935495868,167.69485600288158,0.15496062992125983,0.15496062992125983,0.31496062992125984,0.5300787401574804,-0.1625196850393701,0.1173219822203423,-0.09801498030025033,-0.09801498030025033,0.052817277481222544,0.1827136720485854,-0.04440814860510199,-0.053606831695148335,-0.027753042127325572,0.20215374211990875,False,False,False,False,-0.01313093980954239,-0.055572960054896356
"(7.0, 10.0]",STABLE,-1,4.0,0.75,30,6501,179,4014,181,4012,1999.1505277036035,342.64702555540435,0.02753422550376865,0.02784187048146439,0.6174434702353484,0.355022304260883,-0.3529457006614367,0.3075143097529001,-0.09813820917578846,-0.0966768955317337,0.05270681826725186,0.028662420382165606,-0.06988100157691991,-0.028257207598868544,-0.001128194878396955,0.03462688528033694,False,False,False,False,-0.022782244647932562,-0.06046022691186051
"(7.0, 10.0]",EXPANDING,1,0.75,1.5,60,3761,2366,1265,2388,1243,-49.21484614601691,197.27354096545074,0.6290880085083754,0.6349375166179207,0.3363467162988567,0.034565275192767864,-0.032704068067003454,-0.013085574620052356,-0.09824205985415253,-0.08508066660767552,0.05245241716709671,0.6433671552048102,-0.059845042491404564,-0.03839701736274797,-0.014279146696434819,0.6651524223967319,False,False,False,False,-0.04356134083455366,-0.0709017003443531
"(0.0, 7.0]",STABLE,-1,0.75,1.5,15,11804,5460,2037,5486,2011,-1219.7456308841931,979.5002559918729,0.46255506607929514,0.4647577092511013,0.17256862080650626,0.36487631311419855,0.08806336834971196,-0.10333324558490284,-0.09825024456760979,-0.09329429743104592,0.08298036733241891,0.4718590890326132,-0.09474695229507282,-0.0035032922725369703,-0.009304022953318059,0.48473614161130096,False,False,False,False,-0.10337567683934851,-0.10081296070347914
"(7.0, 10.0]",CONTRACTING,1,3.0,1.5,30,3175,156,1004,156,1004,893.6824004981386,167.69485600288158,0.04913385826771653,0.04913385826771653,0.31622047244094487,0.6346456692913386,-0.3269291338582677,0.28147477181043734,-0.09827163952905292,-0.0982716395290529,0.052817277481222544,0.06599022367056732,-0.032708800084144535,-0.06556283944490839,-0.016856365402850793,0.07864646930500147,False,False,False,False,-0.020904260350635015,-0.05958794993984397
"(0.0, 7.0]",CONTRACTING,-1,2.0,1.0,60,6403,1780,3927,1796,3911,291.4363117835217,553.8240083541089,0.2779946899890676,0.28049351866312666,0.6133062626893644,0.10869904732156799,-0.05731688271122911,0.04551558828416707,-0.09829575145565941,-0.0907992654334823,0.08649445702859736,0.2888791079812207,-0.07149749909256264,-0.02679825236309677,-0.010884417992153061,0.30482240276958655,False,False,False,False,-0.061183039250673976,-0.0797393953531667
"(0.0, 7.0]",EXPANDING,1,0.75,1.0,30,3153,1683,1311,1736,1258,-15.542668282442698,245.83373862940914,0.5337773549000951,0.5505867427846496,0.41579448144624165,0.050428163653663205,-0.015461465271170314,-0.004929485658878115,-0.09835915220800884,-0.06894272341003865,0.0779682012779604,0.5272735800384597,-0.10186851049711652,0.0035093582891076863,0.006503774861635447,0.5521533436829624,False,False,False,False,-0.07114989576641602,-0.08475452398721242
"(7.0, 10.0]",CONTRACTING,1,2.0,0.75,15,3194,184,1533,184,1533,636.0051026152207,168.69632960544712,0.057608015028177834,0.057608015028177834,0.4799624295554164,0.4624295554164058,-0.24475579211020665,0.19912495385573598,-0.09844747244528064,-0.09844747244528065,0.052816634190809994,0.07249686878361453,-0.05283878434361935,-0.04560868810166129,-0.014888853755436693,0.08565732977600238,False,False,False,False,-0.028109288654107587,-0.06327838054969412
"(0.0, 7.0]",CONTRACTING,1,0.75,1.0,60,6403,3590,2760,3673,2677,-9.200460977289152,553.8240083541089,0.5606746837419959,0.5736373574886772,0.4310479462751835,0.008277369982820582,-0.010541933468686553,-0.001436898481538209,-0.09847328897882211,-0.07578860992212995,0.08649445702859736,0.5555555555555556,-0.10496640029238055,0.006493111313558439,0.005119128186440336,0.5729292848601337,False,False,False,False,-0.0761243934608838,-0.08729884121985296
"(0.0, 7.0]",CONTRACTING,-1,3.0,1.0,15,6812,192,2392,194,2390,1734.5966316995086,589.411051536283,0.028185554903112156,0.028479154433352905,0.3511450381679389,0.6206694069289489,-0.2665883734586025,0.2546383781120829,-0.09847539927139964,-0.09730100115043663,0.08652540392488006,0.031145360304573183,-0.08306818859393961,-0.015407210677460037,-0.002959805401461027,0.03720031862615498,False,False,False,False,-0.06202149112098269,-0.08024844519619116
"(0.0, 7.0]",EXPANDING,1,0.75,1.0,60,3062,1705,1340,1759,1286,-1.0743919563932174,239.44254018301092,0.5568256041802744,0.5744611365120836,0.43762246897452645,0.005551926845199173,-0.020003265839320706,-0.00035087914970385935,-0.09855223126695106,-0.06769004968628482,0.07819808627792649,0.5555555555555556,-0.10496640029238055,0.006414169025429489,0.0012700486247188003,0.5806608964280535,False,False,False,False,-0.07083243046449521,-0.08469233086572314
"(0.0, 7.0]",CONTRACTING,-1,1.5,1.0,15,6812,1202,2365,1219,2348,480.0716886906409,589.411051536283,0.17645331767469172,0.1789489136817381,0.3471814445096888,0.47636523781561946,-0.0825014679976512,0.07047441114072826,-0.09855246078180302,-0.09231347076418704,0.08652540392488006,0.182789780285308,-0.08514208548468888,-0.013410375297114141,-0.006336462610616295,0.19601597429732595,False,False,False,False,-0.07380961771236356,-0.08618103924708329
"(0.0, 7.0]",EXPANDING,-1,3.0,0.5,15,3185,77,2080,82,2075,743.1124241060025,248.0024988095714,0.024175824175824177,0.025745682888540032,0.6530612244897959,0.32276295133437993,-0.25400313971742544,0.23331630270204162,-0.09855261372168568,-0.09305810822718016,0.07786577670630185,0.02577863400761433,-0.08166516482142633,-0.016887448900259353,-0.0016028098317901543,0.03398435126758312,False,False,False,False,-0.05067165541863422,-0.07461213457015994
"(0.0, 7.0]",CONTRACTING,1,1.0,0.5,15,6812,1763,4134,1880,4017,222.03118410149662,589.411051536283,0.25880798590722254,0.2759835584263065,0.6068702290076335,0.13432178508514392,-0.04462712859659425,0.032594125675498624,-0.0985584068459757,-0.07279504806734974,0.08652540392488006,0.2625567634512178,-0.09398227977669789,-0.004576127069277805,-0.003748777543995274,0.27757235184102214,False,False,False,False,-0.10304067636158698,-0.10079954160378134
"(0.0, 7.0]",CONTRACTING,-1,4.0,0.5,30,6638,175,4940,175,4940,1690.022408044014,574.381314253559,0.02636336245857186,0.02636336245857186,0.7442000602591142,0.22943657728231392,-0.26664658029526966,0.25459813317927293,-0.09857772012798209,-0.09857772012798209,0.08652927301198539,0.02753154167252943,-0.07871783400384805,-0.019859886124134044,-0.0011681792139575722,0.03332176084758441,False,False,False,False,-0.06596304143507042,-0.08227038078152626
"(10.0, 14.0]",STABLE,-1,4.0,1.5,30,3792,118,1061,118,1061,888.4545899788233,143.52642635421205,0.031118143459915613,0.031118143459915613,0.27979957805907174,0.6890822784810127,-0.29522679324894513,0.23429709651340275,-0.09877949271502869,-0.0987794927150287,0.0378497959794863,0.03540252182347236,-0.0807210330638898,-0.01805845965113889,-0.004284378363556746,0.04409006781847174,False,False,False,False,-0.005494088967469025,-0.05213679084124886
"(10.0, 14.0]",CONTRACTING,-1,0.75,1.5,15,1678,669,223,669,223,-269.0955006832438,63.97784355817555,0.398688915375447,0.398688915375447,0.132896305125149,0.4684147794994041,0.09967222884386175,-0.16036680612827403,-0.09882201683040487,-0.09882201683040487,0.038127439545992584,0.44284852142426073,-0.05700395784106974,-0.041818058989335126,-0.04415960604881375,0.47687693363412265,False,False,False,False,0.011759635440235281,-0.04353119069508479
"(7.0, 10.0]",STABLE,-1,3.0,0.75,30,6501,389,4008,391,4006,1538.0661107014525,342.64702555540435,0.05983694816182126,0.060144593139517,0.6165205353022611,0.3236425165359176,-0.28287955699123213,0.23658915716066029,-0.09899721809782368,-0.09784354943146467,0.05270681826725186,0.06636053917938083,-0.06762493952884246,-0.03137227856898121,-0.006523591017559567,0.07516328182239682,False,False,False,False,-0.025923816339453284,-0.06246051721863848
"(7.0, 10.0]",CONTRACTING,1,1.5,0.5,15,3194,370,2072,380,2062,333.3248840918487,168.69632960544712,0.1158422041327489,0.11897307451471509,0.6487163431433939,0.2354414527238572,-0.15059486537257358,0.10435970071754812,-0.09905179884583547,-0.09279005808190308,0.052816634190809994,0.13011125027628379,-0.0573567861438823,-0.041695012701953166,-0.014269046143534886,0.14705261705150705,False,False,False,False,-0.025192798364981495,-0.06212229860540848
"(0.0, 7.0]",CONTRACTING,-1,0.75,0.75,30,6638,3161,3268,3303,3126,-3.8010885740459077,574.381314253559,0.47619764989454655,0.4975896354323591,0.49231696294064475,0.03148538716480864,-0.012089484784573667,-0.0005726255760840475,-0.0991913833726431,-0.06710340506592422,0.08652927301198539,0.4778856526429342,-0.0902617791801026,-0.008929604192540505,-0.0016880027483876514,0.49506677024087653,False,False,False,False,-0.10595514095804656,-0.10257326216534483
"(0.0, 7.0]",CONTRACTING,-1,4.0,1.0,15,6812,62,2394,62,2394,2059.0833388087653,589.411051536283,0.0091015854374633,0.0091015854374633,0.3514386376981797,0.6394597768643571,-0.3150322959483265,0.302272950500406,-0.0992847493728006,-0.09928474937280059,0.08652540392488006,0.010595844227329022,-0.08458652300666683,-0.014698226366133771,-0.0014942587898657215,0.014235242919769535,False,False,False,False,-0.06226818490854397,-0.08077646714067228
"(0.0, 7.0]",STABLE,1,1.0,1.5,30,11530,5556,3475,5583,3448,-531.0091717208077,957.4135127677637,0.4818733738074588,0.4842150910667823,0.30138768430182133,0.2167389418907199,0.0297918473547268,-0.04605456823250717,-0.09929945225399578,-0.09344515910568701,0.08303673137621541,0.4844519487828901,-0.09787929157460955,-0.0014201606793862315,-0.0025785749754312914,0.49749293863547844,False,False,False,False,-0.09271502936414036,-0.09600724080906807
"(10.0, 14.0]",CONTRACTING,-1,1.5,1.5,60,1652,609,651,609,651,-38.10735869513395,63.02996017781892,0.3686440677966102,0.3686440677966102,0.3940677966101695,0.23728813559322032,-0.038135593220338986,-0.02306740841109803,-0.0993567305526349,-0.0993567305526349,0.038153728921197894,0.39286586855607136,-0.08323131542199606,-0.016125415130638837,-0.024221800759461176,0.42665814842900635,False,False,False,False,0.023049272710239117,-0.038153728921197894
"(0.0, 7.0]",STABLE,1,1.0,1.0,60,10983,5304,5491,5364,5431,8.094012821929804,912.715133199325,0.48292816170445235,0.4883911499590276,0.49995447509787855,0.017117363197669155,-0.017026313393426203,0.0007369582829764002,-0.09939188931779981,-0.0884659128086493,0.08310253420734999,0.4833235524256651,-0.09825712015054107,-0.0011347691672587423,-0.00039539072121275165,0.4966846266009205,False,False,False,False,-0.0777391556060507,-0.08856552246192526
"(7.0, 10.0]",EXPANDING,1,1.0,1.5,60,3761,2065,1458,2081,1442,-54.680521658458645,197.27354096545074,0.5490561021005052,0.5533102898165382,0.3876628556235044,0.06328104227599046,-0.0324381813347514,-0.014538825221605595,-0.09942942372345372,-0.08879395443337128,0.05245241716709671,0.5581360390830515,-0.06325551698716599,-0.03617390673628773,-0.009079936982546388,0.5807788842598739,False,False,False,False,-0.03420256475721877,-0.06681599424033624
"(7.0, 10.0]",CONTRACTING,1,4.0,0.5,15,3194,4,2081,4,2081,875.5137847361877,168.69632960544712,0.0012523481527864746,0.0012523481527864746,0.6515341264871635,0.34721352536005,-0.3207576706324358,0.27411201776336497,-0.09946228705988082,-0.09946228705988083,0.052816634190809994,0.003904811021881677,-0.05079097513988055,-0.04867131192000027,-0.0026524628690952025,0.0073387265643099124,False,False,False,False,-0.029746756813127422,-0.06460452193650412
"(7.0, 10.0]",CONTRACTING,1,1.5,1.5,60,3140,1245,1354,1245,1354,16.948999808763233,165.86538771846006,0.3964968152866242,0.3964968152866242,0.43121019108280256,0.17229299363057327,-0.05207006369426752,0.005397770639733514,-0.0994956649393939,-0.09949566493939388,0.05282337188485989,0.4139045471627208,-0.06500604986256821,-0.034489615076825686,-0.017407731876096566,0.43858467960203257,False,False,False,False,-0.006151078830325888,-0.05282337188485989
"(10.0, 14.0]",CONTRACTING,-1,1.0,0.75,15,1678,420,761,426,755,47.71359063666966,63.97784355817555,0.25029797377830754,0.25387365911799764,0.4535160905840286,0.2961859356376639,-0.08983909415971394,0.028434797757252477,-0.09953173594845405,-0.09327428660399636,0.038127439545992584,0.28823174411587205,-0.06559656091977724,-0.03393517502867681,-0.03793377033756451,0.3194833802668983,False,False,False,False,0.01455867547282661,-0.04248653023781372
"(0.0, 7.0]",CONTRACTING,-1,2.0,0.5,15,6812,520,4335,538,4317,1038.020872314489,589.411051536283,0.07633587786259542,0.07897827363476219,0.6363769817968291,0.28728714034057545,-0.1655167351732237,0.1523812202458146,-0.0996609188522892,-0.09305492942187228,0.08652540392488006,0.07825329113343425,-0.08481380055715601,-0.014847118295133188,-0.0019174132708388303,0.0875126089990554,False,False,False,False,-0.07978940034280695,-0.08972515959754807
"(0.0, 7.0]",STABLE,-1,0.75,0.5,15,11804,4065,6718,4519,6264,113.10521882902566,979.5002559918729,0.3443747882073873,0.3828363266689258,0.5691291087766859,0.0864961030159268,-0.02628346323280244,0.009581939921130605,-0.09968189064409076,-0.05160496756716767,0.08298036733241891,0.3470941699922022,-0.10132684902290143,0.0016449583788106653,-0.0027193817848149004,0.35939890822523446,False,False,False,False,-0.10709573355953331,-0.10338881210181203
"(0.0, 7.0]",CONTRACTING,1,0.75,0.75,15,6812,2806,2958,2936,2828,24.366988958169436,589.411051536283,0.4119201409277745,0.43100411039342335,0.43423370522607163,0.15384615384615385,-0.01673517322372284,0.003577068255750064,-0.09968350889285285,-0.07105755469437956,0.08652540392488006,0.40777945965781387,-0.10282131202829724,0.0031378031354443864,0.004140681269960644,0.42448940925258394,False,False,False,False,-0.10199325315538056,-0.10083838102411671
"(0.0, 7.0]",EXPANDING,-1,1.5,1.5,30,3153,1092,1164,1105,1151,39.51477332235609,245.83373862940914,0.346336822074215,0.35045987947986046,0.3691722169362512,0.2844909609895338,-0.03425309229305423,0.012532436829164634,-0.09968885674185,-0.08731968452491376,0.0779682012779604,0.3293935556493598,-0.09589538881344549,-0.0037934679284045147,0.01694326642485522,0.35296141173350876,False,False,False,False,-0.06861671803100705,-0.08415278738642853
"(10.0, 14.0]",STABLE,-1,3.0,0.75,30,3792,222,2302,224,2300,825.7802841174617,143.52642635421205,0.058544303797468354,0.05907172995780591,0.6070675105485233,0.3343881856540084,-0.27966772151898733,0.2177690622672631,-0.09974845523121052,-0.0977706071299447,0.0378497959794863,0.06474296799224054,-0.08052070181375368,-0.019227753417456847,-0.006198664194772184,0.07620122552748362,False,False,False,False,-0.03603093242455169,-0.0678896938278811
"(0.0, 7.0]",CONTRACTING,-1,2.0,1.0,15,6812,636,2389,648,2377,1026.411059808797,589.411051536283,0.09336465061655902,0.09512624779800352,0.3507046388725778,0.5559307105108631,-0.1639753376394598,0.15067690249688742,-0.09982383906745243,-0.0945390475231189,0.08652540392488006,0.09678455116737765,-0.08536586261003765,-0.014457976457414784,-0.0034199005508186303,0.10695724385716522,False,False,False,False,-0.06681988350176848,-0.08332186128461046
"(7.0, 10.0]",CONTRACTING,1,3.0,0.5,15,3194,29,2081,29,2081,803.3359036037623,168.69632960544712,0.009079524107701941,0.009079524107701941,0.6515341264871635,0.33938634940513457,-0.2985284909204759,0.2515140587363063,-0.09983106637497959,-0.0998310663749796,0.052816634190809994,0.015692919767184853,-0.05117412020002196,-0.048656946174957624,-0.006613395659482912,0.022197052004620715,False,False,False,False,-0.02725433136486974,-0.06354269886992467
"(0.0, 7.0]",EXPANDING,-1,4.0,0.75,30,3153,106,2020,111,2015,1021.9504722321158,245.83373862940914,0.03361877576910879,0.035204567078972404,0.6406596891849032,0.325721535045988,-0.3460196638122423,0.32412003559534275,-0.09986782949485994,-0.09233532077300774,0.0779682012779604,0.033206697622062756,-0.07383991663348922,-0.02602791286137071,0.00041207814704603135,0.042483820133307246,False,False,False,False,-0.021331837670930075,-0.060599833582895
"(0.0, 7.0]",CONTRACTING,-1,1.5,0.75,60,6403,1993,4200,2032,4161,74.17726458276744,553.8240083541089,0.31126034671247854,0.31735124160549744,0.6559425269404966,0.03279712634702481,-0.025066375136654693,0.011584767231417685,-0.09997606493383436,-0.08627155142454185,0.08649445702859736,0.3251662754303599,-0.07065882656369557,-0.02931723837013879,-0.013905928717881377,0.3416282053129863,False,False,False,False,-0.0870302960046475,-0.09350318046924093
"(14.0, inf]",CONTRACTING,1,3.0,1.5,15,858,8,164,8,164,158.19494241879727,22.028981079620134,0.009324009324009324,0.009324009324009324,0.19114219114219114,0.7995337995337995,-0.25874125874125875,0.18437638976549797,-0.10003967209886115,-0.10003967209886115,0.02567480312310039,0.011496285815351963,-0.014671546740761994,-0.08536812535809915,-0.002172276491342639,0.02292997234223071,False,False,False,False,0.04298593662482695,-0.0285268677370171
"(7.0, 10.0]",CONTRACTING,1,1.5,1.0,60,3140,1067,1813,1067,1813,64.15448010545413,165.86538771846006,0.3398089171974522,0.3398089171974522,0.5773885350318472,0.08280254777070062,-0.06767515923566879,0.02043136309090896,-0.10006716802961972,-0.10006716802961972,0.05282337188485989,0.3535512965050733,-0.0703273379198275,-0.029739830109792226,-0.013742379307621067,0.3775538638206822,False,False,False,False,-0.031370037998239994,-0.06571860301392986
"(0.0, 7.0]",CONTRACTING,-1,0.75,0.5,60,6403,2489,3910,2766,3633,1.11452397108523,553.8240083541089,0.3887240356083086,0.43198500702795567,0.6106512572231766,0.0006247071685148153,-0.013782601905356864,0.0001740627785546197,-0.10010299615539961,-0.0460267818808408,0.08649445702859736,0.38619913928012517,-0.10033509315187106,0.0002320969964714481,0.0025248963281834236,0.4032841937955251,False,False,False,False,-0.11303530537859385,-0.10656915076699673
"(7.0, 10.0]",STABLE,-1,4.0,1.5,30,6501,216,2032,217,2031,1875.8329278893332,342.64702555540435,0.03322565759113982,0.03337948007998769,0.31256729733887095,0.6542070450699893,-0.3359483156437471,0.28854528963072346,-0.10010984428027551,-0.09926382059161223,0.05270681826725186,0.03406902681084284,-0.06916417034002263,-0.030945673940252882,-0.0008433692197030163,0.04053732743005174,False,False,False,False,0.0024198879268333565,-0.04884497817672108
"(10.0, 14.0]",CONTRACTING,-1,2.0,0.75,30,1665,237,991,237,991,165.79275451739028,63.50327803363372,0.14234234234234233,0.14234234234234233,0.5951951951951951,0.2624624624624625,-0.16171171171171173,0.09957522793837253,-0.1002765907004465,-0.1002765907004465,0.03814010692710734,0.15446168768186228,-0.07842194632945312,-0.02185464437099338,-0.012119345339519944,0.17974010085592854,False,False,False,False,0.03873164581433917,-0.03077247244305367
"(14.0, inf]",STABLE,-1,1.5,1.0,60,2218,697,1242,700,1239,30.198894990821397,56.16247469205734,0.31424706943192066,0.3155996393146979,0.5599639314697926,0.12578899909828678,-0.08859332732191164,0.01361537195257953,-0.10029917930623802,-0.09691775459929483,0.025321223936905925,0.31781701444622795,-0.08651024069649237,-0.013788938609745657,-0.0035699450143072964,0.3456939825320842,False,False,False,False,0.03685861307672657,-0.03172028311475573
"(7.0, 10.0]",CONTRACTING,1,4.0,1.5,30,3175,45,1006,45,1006,1178.1316674428695,167.69485600288158,0.014173228346456693,0.014173228346456693,0.3168503937007874,0.6689763779527559,-0.41858267716535436,0.3710650921079904,-0.10033486253858649,-0.10033486253858649,0.052817277481222544,0.02644052732928455,-0.030716322604037987,-0.0696185399345485,-0.012267298982827857,0.03475707872095147,False,False,False,False,-0.034677375001482234,-0.06750611877003436
"(14.0, inf]",CONTRACTING,1,4.0,1.5,15,858,1,164,1,164,177.89550041946487,22.028981079620134,0.0011655011655011655,0.0011655011655011655,0.19114219114219114,0.8076923076923077,-0.28205128205128205,0.20733741307629938,-0.10038867209808307,-0.10038867209808305,0.02567480312310039,0.0031835868411743897,-0.014632389941332414,-0.08575628215675066,-0.002018085675673224,0.009780591971092219,False,False,False,False,0.03789078645419973,-0.03124894282194167
"(10.0, 14.0]",CONTRACTING,-1,1.5,0.75,30,1665,371,976,373,974,71.5504382142803,63.50327803363372,0.2228228228228228,0.22402402402402402,0.5861861861861862,0.19099099099099093,-0.10540540540540541,0.04297323616473291,-0.10057227616777983,-0.09786957346507713,0.03814010692710734,0.2361784675072745,-0.08111730061397346,-0.019454975553806375,-0.01335564468445169,0.26569011856453184,False,False,False,False,0.027272781539156847,-0.03664974731431149
"(0.0, 7.0]",EXPANDING,1,0.75,1.5,30,3153,1878,892,1895,875,-141.80235451059383,245.83373862940914,0.5956232159847764,0.6010149064383127,0.28290516967967017,0.12147161433555342,0.02235965746907707,-0.04497378830022005,-0.10058233210910339,-0.08845102858864669,0.0779682012779604,0.5833685099197974,-0.10348596650925346,0.002903634400150068,0.012254706064979026,0.6078942644671215,False,False,False,False,-0.090955463480069,-0.0957688977945862
"(14.0, inf]",STABLE,-1,3.0,1.5,30,2239,136,627,136,627,363.7923239154506,56.67423231965815,0.060741402411790976,0.060741402411790976,0.2800357302367128,0.6592228673514963,-0.23782938811969628,0.16247982309756615,-0.10066186172586314,-0.10066186172586314,0.025312296703732983,0.07351638618246235,-0.06223375119722044,-0.0384281105286427,-0.012774983770671378,0.08940141626960332,False,False,False,False,0.0153459450694231,-0.042657958328220016
"(0.0, 7.0]",STABLE,-1,0.75,0.5,30,11530,4369,6994,4833,6530,16.865022432707935,957.4135127677637,0.3789245446660885,0.4191673894189072,0.6065915004336514,0.01448395490026011,-0.019102341717259323,0.0014627079299833422,-0.10067636516349139,-0.05037280922246797,0.08303673137621541,0.3800947422728765,-0.10025098067708711,-0.00042538448640427884,-0.0011701976067879927,0.3927827199071037,False,False,False,False,-0.11022391648520508,-0.10545014082434823
"(10.0, 14.0]",CONTRACTING,-1,2.0,0.75,60,1652,336,1148,336,1148,85.12475406299535,63.02996017781892,0.2033898305084746,0.2033898305084746,0.6949152542372882,0.10169491525423724,-0.11440677966101695,0.051528301490917285,-0.10103220709129755,-0.10103220709129757,0.038153728921197894,0.21524554116784755,-0.07984822813926563,-0.021183978952031918,-0.011855710659372964,0.24395718914974707,False,False,False,False,0.0192214103711528,-0.04090539836007238
"(7.0, 10.0]",STABLE,-1,3.0,1.5,60,6404,1056,3019,1064,3011,1050.9604778488722,337.6828081939889,0.16489693941286696,0.16614615865084323,0.47142410993129297,0.36367895065584005,-0.21244534665833853,0.1641100059101924,-0.10106532328936862,-0.09544383671847544,0.0527299825412225,0.17369409996242013,-0.052904900830303234,-0.04816042245906539,-0.008797160549553179,0.18707407842892632,False,False,False,False,0.00993437486566351,-0.04556547421185256
"(7.0, 10.0]",CONTRACTING,1,1.0,0.75,60,3140,1245,1869,1271,1843,5.260225655387801,165.86538771846006,0.3964968152866242,0.4047770700636943,0.5952229299363058,0.008280254777070062,-0.0499203821656051,0.001675231100441975,-0.10106852295002301,-0.08657807709015039,0.05282337188485989,0.41082299887260426,-0.0748880299256689,-0.026180493024354115,-0.014326183585980035,0.4354780192635631,False,False,False,False,-0.04359097323238901,-0.07232974809120601
"(0.0, 7.0]",STABLE,1,0.75,0.75,15,11804,4768,5058,4957,4869,3.9812230186961317,979.5002559918729,0.4039308708912233,0.41994239240935277,0.428498813961369,0.16757031514740772,-0.018425957302609285,0.0003372774499064835,-0.10106904718512172,-0.07705176490792755,0.08298036733241891,0.40777945965781387,-0.10282131202829724,0.001752264843175519,-0.003848588766590555,0.4204685528074605,False,False,False,False,-0.08890896975691029,-0.094989008471016
"(10.0, 14.0]",STABLE,-1,4.0,0.75,30,3792,102,2305,102,2305,1080.6672885957291,143.52642635421205,0.02689873417721519,0.02689873417721519,0.6078586497890295,0.3652426160337553,-0.3482990506329114,0.2849860993132197,-0.10116274729917799,-0.10116274729917799,0.0378497959794863,0.03128031037827352,-0.07494274257347801,-0.026220004725699977,-0.004381576201058331,0.03948236723769016,False,False,False,False,-0.038013846383774925,-0.06958829684147645
"(0.0, 7.0]",STABLE,-1,0.75,0.5,60,10983,4231,6746,4694,6283,-0.03482700409968067,912.715133199325,0.3852317217517982,0.4273877811162706,0.6142219794227443,0.0005462988254575363,-0.018187198397523446,-3.170991905643328e-06,-0.10129290359677909,-0.04859782939118862,0.08310253420734999,0.38619913928012517,-0.10033509315187106,-0.0009578104449080305,-0.0009674175283269637,0.39923769945448884,False,False,False,False,-0.10834789040317815,-0.10482039699997861
"(0.0, 7.0]",CONTRACTING,-1,4.0,1.0,30,6638,223,3384,223,3384,2392.766124009357,574.381314253559,0.033594456161494424,0.033594456161494424,0.509792106056041,0.45661343778246455,-0.3754142814100633,0.36046491774771877,-0.10147863667432991,-0.10147863667432991,0.08652927301198539,0.035645607616903524,-0.07982529571903138,-0.021653340955298528,-0.0020511514554091004,0.042182136423667624,False,False,False,False,-0.04660786355268046,-0.07404325011350518
"(7.0, 10.0]",STABLE,-1,3.0,1.5,30,6501,488,2031,491,2028,1265.4301660346418,342.64702555540435,0.07506537455776034,0.07552684202430396,0.3124134748500231,0.6125211505922166,-0.24342408860175357,0.19465161760262142,-0.10147928926638401,-0.09940268566693777,0.05270681826725186,0.07976596059842986,-0.06672018834249258,-0.03475910092389144,-0.004700586040669516,0.08932904263999357,False,False,False,False,-0.0013196045472962457,-0.05139944690684013
"(0.0, 7.0]",CONTRACTING,-1,3.0,0.75,30,6638,485,4164,488,4161,1568.6919649113763,574.381314253559,0.07306417595661344,0.0735161193130461,0.6272973787285326,0.29963844531485395,-0.2512805061765592,0.23631997061033086,-0.10148980857821373,-0.09979502099159125,0.08652927301198539,0.07579381830120538,-0.06894143027986914,-0.03254837829834459,-0.0027296423445919427,0.08504224021493412,False,False,False,False,-0.06422512066185404,-0.08285746462003388
"(7.0, 10.0]",CONTRACTING,1,2.0,1.0,60,3140,757,1912,757,1912,245.04741717516998,165.86538771846006,0.2410828025477707,0.2410828025477707,0.6089171974522293,0.15000000000000002,-0.1267515923566879,0.07804057871820701,-0.10153438552334079,-0.10153438552334079,0.05282337188485989,0.26433671552048105,-0.0498923073235895,-0.05164207819975129,-0.023253912972710344,0.28655188992864106,False,False,False,False,-0.02249129177468933,-0.062012838649015065
"(0.0, 7.0]",EXPANDING,1,1.0,1.5,30,3153,1577,1005,1590,992,-144.6268881054262,245.83373862940914,0.5001585791309864,0.5042816365366318,0.31874405328258804,0.18109736758642558,0.022042499207104344,-0.045869612466040655,-0.1017953145368967,-0.09148767102278317,0.0779682012779604,0.4844519487828901,-0.09787929157460955,-0.003916022962287158,0.015706630348096273,0.5093888137937413,False,False,False,False,-0.10548202063554003,-0.10363866758621837
"(0.0, 7.0]",CONTRACTING,-1,1.0,0.75,30,6638,2575,3637,2658,3554,51.15979735959994,574.381314253559,0.3879180476047002,0.40042181379933717,0.547905995781862,0.06417595661343778,-0.023011449231696294,0.007707110177704119,-0.10183361206597757,-0.07995202122536292,0.08652927301198539,0.3957131466629145,-0.08474361516778961,-0.017089996898187965,-0.007795099058214294,0.41256215682336195,False,False,False,False,-0.10754819260249103,-0.10469090233423431
"(0.0, 7.0]",CONTRACTING,-1,0.75,0.5,30,6638,2533,4020,2812,3741,8.595737010344003,574.381314253559,0.381590840614643,0.42362157276288037,0.605604097619765,0.01280506176559204,-0.01660891834890027,0.0012949287451557703,-0.10184326261572989,-0.04930484743043311,0.08652927301198539,0.3800947422728765,-0.10025098067708711,-0.0015922819386427756,0.0014960983417665052,0.3968257386304967,False,False,False,False,-0.1101794136675536,-0.10601133814164174
"(7.0, 10.0]",CONTRACTING,1,1.5,0.75,30,3175,714,1920,718,1916,212.95812302228296,167.69485600288158,0.22488188976377954,0.22614173228346457,0.6047244094488189,0.17039370078740157,-0.11622047244094488,0.0670734245739474,-0.10196432534822003,-0.09912967967892869,0.052817277481222544,0.2440379203081025,-0.06255092486808489,-0.03941340048013514,-0.019156030544322966,0.26557454093224436,False,False,False,False,-0.040108281484994374,-0.0710363034166072
"(0.0, 7.0]",CONTRACTING,-1,0.75,0.75,15,6812,2828,2936,2958,2806,-24.366988958169436,589.411051536283,0.4151497357604228,0.43423370522607163,0.43100411039342335,0.15384615384615385,-0.01189078097475044,-0.003577068255750064,-0.10199325315538056,-0.07336729895690729,0.08652540392488006,0.41672400348607863,-0.09172607628762657,-0.010267176867753997,-0.0015742677256558313,0.43348498093089427,False,False,False,False,-0.09968350889285285,-0.10083838102411671
"(0.0, 7.0]",STABLE,1,0.75,1.0,15,11804,5136,3807,5235,3708,-270.55338480715636,979.5002559918729,0.4351067434767875,0.44349373093866484,0.3225177905794646,0.24237546594374793,0.003812267028126059,-0.022920483294404978,-0.10208858359869785,-0.0874113555404125,0.08298036733241891,0.4427319847713408,-0.09640819637653524,-0.005680387222162617,-0.0076252412945532755,0.4555504450486273,False,False,False,False,-0.09580306361261193,-0.09894582360565489
"(0.0, 7.0]",STABLE,-1,0.75,1.5,30,11530,6693,3115,6722,3086,-567.5654656124017,957.4135127677637,0.5804856895056375,0.5830008673026886,0.2701647875108413,0.14934952298352122,0.030117085862966176,-0.04922510543039043,-0.10214475094363966,-0.09648560090027453,0.08303673137621541,0.5883401341400497,-0.09887949600383371,-0.0032652549398059505,-0.007854444634412205,0.601160963777005,False,False,False,False,-0.11301137532581945,-0.10757806313472956
"(0.0, 7.0]",EXPANDING,-1,4.0,1.5,15,3185,42,704,45,701,810.6086822901397,248.0024988095714,0.013186813186813187,0.0141287284144427,0.22103610675039245,0.7657770800627944,-0.27880690737833597,0.2545082204992589,-0.1021644635853789,-0.09698392983341655,0.07786577670630185,0.01073345259391771,-0.09661896815184969,-0.00554549543352921,0.0024533605928954774,0.016194453747481255,False,False,False,False,-0.038791232382515056,-0.07047784798394698
"(10.0, 14.0]",CONTRACTING,-1,1.5,1.0,15,1678,236,557,237,556,95.20732596099148,63.97784355817555,0.14064362336114422,0.14123957091775924,0.331942789034565,0.5274135876042908,-0.12097735399284863,0.05673857327830243,-0.10236622026053878,-0.10087635136900124,0.038127439545992584,0.16065178032589017,-0.064879877358333,-0.037486342902205774,-0.02000815696474595,0.18621964815588948,False,False,False,False,0.03736510562978648,-0.03250055731537615
"(0.0, 7.0]",CONTRACTING,-1,3.0,1.5,60,6403,1200,3244,1201,3243,1164.3192878217644,553.8240083541089,0.18741215055442761,0.1875683273465563,0.5066375136654693,0.3059503357801031,-0.19771981883492112,0.1818396513855637,-0.10237462447795477,-0.10167182891337567,0.08649445702859736,0.1898474178403756,-0.0951812894518071,-0.007193335026147676,-0.0024352672859479785,0.20368935145823278,False,False,False,False,-0.030257655211394018,-0.0663161398446744
"(7.0, 10.0]",CONTRACTING,1,0.75,0.5,30,3175,1129,2020,1223,1926,4.635838154224682,167.69485600288158,0.3555905511811024,0.3851968503937008,0.6362204724409449,0.008188976377952684,-0.051417322834645666,0.0014601065052676162,-0.10277449381060061,-0.06576661979485257,0.052817277481222544,0.3774996296844912,-0.0741782935444482,-0.028596200266152408,-0.0219090785033888,0.4016838236148449,False,False,False,False,-0.038736279707354784,-0.07075538675897769
"(7.0, 10.0]",CONTRACTING,1,2.0,0.5,15,3194,163,2080,164,2079,554.4187065586801,168.69632960544712,0.05103318722604884,0.05134627426424546,0.6512210394489668,0.2977457733249843,-0.22354414527238572,0.17358131075725738,-0.1027794687059383,-0.10199675111044677,0.052816634190809994,0.06446621970087674,-0.05313111068534584,-0.04964835802059247,-0.013433032474827897,0.0769519281532428,False,False,False,False,-0.025622969166744246,-0.06420121893634127
"(0.0, 7.0]",EXPANDING,-1,4.0,0.5,30,3153,86,2399,90,2395,776.4722861995717,245.83373862940914,0.0272756105296543,0.028544243577545196,0.7608626704725658,0.21186171899777984,-0.2713288931176657,0.246264600761044,-0.10303249363458211,-0.09732364491907308,0.0779682012779604,0.02753154167252943,-0.07871783400384805,-0.024314659630734065,-0.00025593114287513277,0.03603644251898502,False,False,False,False,-0.016278430812961674,-0.059655462223771896
"(0.0, 7.0]",CONTRACTING,-1,1.0,0.5,15,6812,1779,4144,1906,4017,180.49796416115245,589.411051536283,0.26115678214914856,0.2798003523194363,0.6083382266588373,0.1305049911920142,-0.04301233118027011,0.02649705874356319,-0.10304067636158698,-0.07507532110615539,0.08652540392488006,0.2636117609283978,-0.09364819795802226,-0.009392478403564719,-0.0024549787792492173,0.27864625263443643,False,False,False,False,-0.0985584068459757,-0.10079954160378134
"(0.0, 7.0]",STABLE,1,0.75,0.75,60,10983,5329,5625,5528,5426,1.843641964311282,912.715133199325,0.48520440681052535,0.5033233178548666,0.51215514886643,0.002640444323044666,-0.020213056541928436,0.00016786323994457634,-0.10314772750933386,-0.07596936094282197,0.08310253420734999,0.4819542253521127,-0.10829076048517988,0.005143032975846021,0.00325018145841266,0.4953143217330982,False,False,False,False,-0.09023570747187802,-0.09669171749060594
"(7.0, 10.0]",CONTRACTING,1,1.0,0.75,15,3194,869,1499,890,1478,94.30867277867137,168.69632960544712,0.2720726361928616,0.27864746399499063,0.4693174702567314,0.25860989355040703,-0.07991546649968691,0.02952682303652829,-0.10320527765396861,-0.09169932900024289,0.052816634190809994,0.29742871877993077,-0.06399108215194721,-0.039214195502021404,-0.025356082587069173,0.32022995199922355,False,False,False,False,-0.03118190223407281,-0.0671935899440207
"(7.0, 10.0]",CONTRACTING,1,1.0,0.75,30,3175,1153,1794,1178,1769,32.29794018381394,167.69485600288158,0.3631496062992126,0.3710236220472441,0.5650393700787402,0.07181102362204728,-0.06062992125984252,0.01017257958545321,-0.10327461915561185,-0.08949509159655673,0.052817277481222544,0.3819434157902533,-0.06940495793735074,-0.03386966121826111,-0.018793809491040703,0.40617906394855363,False,False,False,False,-0.041076189216995795,-0.07217540418630383
"(0.0, 7.0]",STABLE,1,0.75,1.5,15,11804,5404,2090,5441,2053,-1158.746233419797,979.5002559918729,0.45781091155540493,0.4609454422229753,0.17705862419518809,0.3651304642494069,0.0777702473737716,-0.0981655568807012,-0.10337567683934851,-0.0963229828373153,0.08298036733241891,0.4667675794688317,-0.0932915884988584,-0.010084088340490113,-0.008956667913426752,0.4796375761772552,False,False,False,False,-0.09825024456760979,-0.10081296070347914
"(0.0, 7.0]",CONTRACTING,-1,3.0,0.75,15,6812,186,3287,189,3284,1792.060991405232,589.411051536283,0.0273047563123899,0.027745155607751027,0.48253082795067526,0.4901644157369348,-0.27998385202583675,0.2630741326196759,-0.10343512333104096,-0.10178362597343672,0.08652540392488006,0.0297692766386863,-0.0781842593777661,-0.02525086395327486,-0.0024645203262963974,0.035697019117910685,False,False,False,False,-0.07490654053535065,-0.0891708319331958
"(10.0, 14.0]",CONTRACTING,-1,0.75,1.5,30,1665,860,402,860,402,-150.91245929632987,63.50327803363372,0.5165165165165165,0.5165165165165165,0.24144144144144145,0.24204204204204202,0.025225225225225224,-0.09063811369148941,-0.10355299539337151,-0.10355299539337152,0.03814010692710734,0.5568622696411252,-0.05847967226680486,-0.04507332312656665,-0.04034575312460864,0.5908641735186949,False,False,False,False,0.021589359610862446,-0.04098181789125453
"(7.0, 10.0]",CONTRACTING,1,0.75,0.5,15,3194,1039,1938,1129,1848,27.659525221268396,168.69632960544712,0.3252974326862868,0.35347526612398245,0.606762680025047,0.06793988728866629,-0.059408265497808393,0.008659838829451596,-0.10356506085916678,-0.06834276906204718,0.052816634190809994,0.34819126206439255,-0.07232870686016582,-0.03123635399900096,-0.022893829378105746,0.37191022534468776,False,False,False,False,-0.03557354051086475,-0.06956930068501577
"(14.0, inf]",CONTRACTING,1,3.0,0.5,60,848,41,658,41,658,139.9425364753455,21.794415002467627,0.04834905660377359,0.04834905660377359,0.7759433962264151,0.1757075471698113,-0.2429245283018868,0.16502657603224705,-0.10359891335745536,-0.10359891335745534,0.025700961087815596,0.06812912430889959,0.005353358585938059,-0.10895227194339342,-0.019780067705125998,0.09350209555136296,False,False,False,False,0.021762489106665586,-0.040918212125394884
"(0.0, 7.0]",CONTRACTING,-1,2.0,0.75,30,6638,1114,4098,1137,4075,731.4126789991556,574.381314253559,0.16782163302199457,0.1712865320879783,0.6173546248870142,0.2148237420909912,-0.12737270262127146,0.11018570036142747,-0.10371627527182939,-0.09418780284037413,0.08652927301198539,0.17550771539796445,-0.0726299071906958,-0.03108636808113359,-0.007686082375969877,0.18870056714630518,False,False,False,False,-0.07702184969814879,-0.09036906248498909
"(0.0, 7.0]",EXPANDING,-1,2.0,1.5,15,3185,343,701,346,698,283.041118652571,248.0024988095714,0.1076923076923077,0.10863422291993721,0.22009419152276294,0.6722135007849293,-0.11475667189952904,0.08886691323471617,-0.1037555353711147,-0.10045883207441142,0.07786577670630185,0.10086693270950874,-0.0958502811912844,-0.007905254179830304,0.006825374982798962,0.1161030031306311,False,False,False,False,-0.05651576470227446,-0.08013565003669458
"(0.0, 7.0]",CONTRACTING,-1,4.0,0.75,15,6812,60,3289,60,3289,2107.413332940999,589.411051536283,0.008807985907222548,0.008807985907222548,0.48282442748091603,0.5083675866118614,-0.32688637698179684,0.309367782287287,-0.10404399861938987,-0.10404399861938987,0.08652540392488006,0.010137149672033392,-0.07977099734340329,-0.024273001275986583,-0.0013291637648108444,0.013701340485503866,False,False,False,False,-0.07502301164720358,-0.08953350513329672
"(7.0, 10.0]",STABLE,-1,4.0,1.0,60,6404,481,4093,482,4092,1838.8854071923333,337.6828081939889,0.07510930668332293,0.07526545908806996,0.6391317926296065,0.28575890068707055,-0.3386945658963148,0.28714637838731,-0.10427817005022728,-0.10349740802649213,0.0527299825412225,0.08117249154453213,-0.055361828754836015,-0.04891634129539127,-0.0060631848612092,0.09088427130029846,False,False,False,False,-0.0011372515011295135,-0.0527077107756784
"(10.0, 14.0]",CONTRACTING,-1,3.0,1.5,30,1665,115,473,115,473,254.3690992349516,63.50327803363372,0.06906906906906907,0.06906906906906907,0.2840840840840841,0.6468468468468469,-0.21891891891891893,0.1527742337747457,-0.10428479207128055,-0.10428479207128057,0.03814010692710734,0.07492725509214355,-0.08465064109513648,-0.01963415097614407,-0.005858186023074488,0.0935802472715539,False,False,False,False,0.04762929801286122,-0.028327747029209666
"(0.0, 7.0]",STABLE,1,0.75,0.75,30,11530,5369,5699,5568,5500,1.9223305130143593,957.4135127677637,0.46565481352992194,0.4829141370338248,0.494275802254987,0.0400693842150911,-0.021465741543798787,0.00016672424223888632,-0.1043357486777753,-0.07844676342192101,0.08303673137621541,0.46648843862858214,-0.1068798713663757,0.002544122688600395,-0.0008336250986601956,0.47951007767591625,False,False,False,False,-0.0876266993305098,-0.09598122400414255
"(14.0, inf]",STABLE,-1,4.0,1.5,30,2239,60,627,60,627,523.5367347894869,56.67423231965815,0.026797677534613668,0.026797677534613668,0.2800357302367128,0.6931665922286735,-0.31286288521661454,0.23382614327355378,-0.10434903864679378,-0.10434903864679378,0.025312296703732983,0.029937998228520814,-0.06878719391675357,-0.035561844730040204,-0.0031403206939071455,0.04050317374555843,False,False,False,False,0.016438439553643474,-0.04395529954657515
"(0.0, 7.0]",CONTRACTING,-1,1.5,0.75,15,6812,1127,3245,1155,3217,621.2181135223336,589.411051536283,0.16544333529066355,0.16955372871403407,0.4763652378156195,0.3581914268937169,-0.10910892542571932,0.09119467315360152,-0.10443965619699785,-0.09519127099441417,0.08652540392488006,0.17251502224668594,-0.08174981385311879,-0.022689842343879066,-0.007071686956022394,0.18545058819584917,False,False,False,False,-0.08641331684193854,-0.0954264865194682
"(0.0, 7.0]",CONTRACTING,-1,1.0,0.75,15,6812,2091,3127,2164,3054,129.0076228263846,589.411051536283,0.30695830886670583,0.31767469172049323,0.45904286553141516,0.233998825601879,-0.03732384028185555,0.018938288729651292,-0.10491095547708433,-0.08615728548295631,0.08652540392488006,0.31269207834503004,-0.08809378117841427,-0.016817174298670065,-0.005733769478324213,0.32849024321838893,False,False,False,False,-0.09736265773132133,-0.10113680660420282
"(0.0, 7.0]",CONTRACTING,-1,2.0,0.75,60,6403,1510,4486,1534,4462,226.38837017738152,553.8240083541089,0.23582695611432142,0.23957519912540998,0.7006090894893019,0.06356395439637674,-0.05380290488833359,0.035356609429545764,-0.10494075248738519,-0.09463308420689168,0.08649445702859736,0.24833724569640062,-0.0691350234450864,-0.035805729042298784,-0.012510289582079198,0.26355347826612474,False,False,False,False,-0.07743003434674385,-0.09118539341706453
"(0.0, 7.0]",EXPANDING,1,1.0,1.5,60,3062,1743,1199,1756,1186,-26.389813143804304,239.44254018301092,0.5692357935989549,0.573481384715872,0.39157413455258,0.03919007184846507,-0.01812540822991509,-0.008618488943110484,-0.10494198345095207,-0.09432800565865944,0.07819808627792649,0.5650430359937402,-0.10175196595868083,-0.003190017492271241,0.004192757605214759,0.5900827170275131,False,False,False,False,-0.11051255299618255,-0.10772726822356732
"(10.0, 14.0]",CONTRACTING,-1,3.0,1.0,15,1678,31,560,31,560,354.80495780694895,63.97784355817555,0.018474374255065554,0.018474374255065554,0.33373063170441003,0.6477949940405243,-0.27830750893921335,0.21144514767994574,-0.10498980080526019,-0.1049898008052602,0.038127439545992584,0.024622812311406155,-0.06577174192631793,-0.03921805887894225,-0.0061484380563406014,0.03585792414075155,False,False,False,False,0.0431184900989986,-0.03093565535313079
"(7.0, 10.0]",CONTRACTING,1,2.0,0.75,60,3140,639,2198,639,2198,206.54978132427448,165.86538771846006,0.2035031847133758,0.2035031847133758,0.7,0.09649681528662424,-0.11799363057324841,0.06578018513511925,-0.10503681732298904,-0.10503681732298903,0.05282337188485989,0.22585494175122134,-0.05706221653387808,-0.04797460078911096,-0.022351757037845532,0.24695737132511764,False,False,False,False,-0.037479940367938655,-0.07125837884546385
"(0.0, 7.0]",CONTRACTING,-1,1.0,1.5,15,6812,2365,1251,2381,1235,-615.1199356796624,589.411051536283,0.3471814445096888,0.3495302407516148,0.18364650616559014,0.46917204932472106,0.07171168526130359,-0.09029946207863511,-0.1051131807422116,-0.09924119013739656,0.08652540392488006,0.3503050318792716,-0.09731264400069202,-0.007800536741519579,-0.003123587369582792,0.3665475755540112,False,False,False,False,-0.08073733708557308,-0.09292525891389233
"(0.0, 7.0]",STABLE,-1,0.75,1.5,60,10983,7057,3608,7088,3577,-122.79437929795742,912.715133199325,0.6425384685422927,0.6453610124738232,0.3285076937084585,0.028953837749248812,-0.010857689155968315,-0.01118040419721,-0.10514062756052832,-0.09878990371458457,0.08310253420734999,0.6451975743348983,-0.1006054482369778,-0.00453517932355052,-0.0026591057926056427,0.6579553437673387,False,False,False,False,-0.12230871693393248,-0.1137246722472304
"(10.0, 14.0]",STABLE,-1,3.0,1.0,30,3792,237,1836,238,1835,869.0391295495848,143.52642635421205,0.0625,0.06276371308016877,0.48417721518987344,0.45332278481012656,-0.29667721518987344,0.2291769856407133,-0.10535002552864643,-0.10429517320797133,0.0378497959794863,0.06983511154219205,-0.08722999971444202,-0.01812002581420441,-0.0073351115421920465,0.08169053562894811,False,False,False,False,-0.02725356461276048,-0.06630179507070345
"(0.0, 7.0]",CONTRACTING,-1,2.0,0.75,15,6812,595,3280,613,3262,1141.3588194934675,589.411051536283,0.08734586024662361,0.08998825601879037,0.48150322959483266,0.43115091015854373,-0.18643570170287727,0.16755120661971043,-0.1054098990080469,-0.0981433106345883,0.08652540392488006,0.09192238888124397,-0.08064779279217414,-0.024762106215872756,-0.0045765286346203665,0.10186769598031536,False,False,False,False,-0.07948244113269647,-0.09244617007037167
"(10.0, 14.0]",STABLE,-1,4.0,0.5,60,3763,161,3080,161,3080,641.5700737126261,142.4723347408888,0.042785011958543714,0.042785011958543714,0.8184958809460536,0.1387191070954027,-0.238107892638852,0.17049430606235083,-0.10547495642526247,-0.10547495642526247,0.03786136984876131,0.05179574883948204,-0.07098095605469207,-0.034494000370570405,-0.009010736880938328,0.062189839305099616,False,False,False,False,-0.05265934275829672,-0.0790671495917796
"(0.0, 7.0]",EXPANDING,-1,1.0,1.5,30,3153,1590,1044,1610,1024,-110.7510724344486,245.83373862940914,0.5042816365366318,0.5106248017760863,0.33111322549952427,0.1646051379638439,0.007611798287345386,-0.03512561764492503,-0.10548202063554003,-0.08962410753690382,0.0779682012779604,0.48829792223629287,-0.10015674966984164,-0.005325270965698389,0.015983714300338958,0.5132371413655017,False,False,False,False,-0.1017953145368967,-0.10363866758621837
"(7.0, 10.0]",CONTRACTING,1,1.5,0.75,60,3140,896,2097,900,2093,62.96000506324745,165.86538771846006,0.28535031847133757,0.28662420382165604,0.6678343949044586,0.04681528662420387,-0.07285031847133758,0.020050957026511926,-0.10562273332968555,-0.10275649129146898,0.05282337188485989,0.302217211574596,-0.07329113564503437,-0.03233159768465119,-0.01686689310325845,0.32531580221693784,False,False,False,False,-0.04635754011567012,-0.07599013672267783
"(0.0, 7.0]",CONTRACTING,1,1.0,0.5,30,6638,2025,4415,2150,4290,54.23805066622977,574.381314253559,0.3050617655920458,0.32389273877673996,0.6651099728833986,0.029828261524555644,-0.02749322084965351,0.00817084222148686,-0.10585165164015205,-0.07760519186311077,0.08652927301198539,0.30866282069321327,-0.09794570594073887,-0.007905945699413178,-0.003601055101167483,0.32461223099413117,False,False,False,False,-0.09750245444240467,-0.10167705304127836
"(0.0, 7.0]",EXPANDING,-1,1.5,1.5,60,3062,1373,1434,1387,1420,6.510279540869265,239.44254018301092,0.4483997387328543,0.45297191378184193,0.4683213585891574,0.08327890267798826,-0.029882429784454604,0.002126152691335488,-0.10595436337104562,-0.09223783822408284,0.07819808627792649,0.4397007042253521,-0.09831929111343858,-0.0076350722576070396,0.008699034507502201,0.4648672581733826,False,False,False,False,-0.06415833433177014,-0.08505634885140788
"(0.0, 7.0]",CONTRACTING,1,0.75,0.75,30,6638,3126,3303,3268,3161,3.8010885740459077,574.381314253559,0.4709249774028322,0.49231696294064475,0.4975896354323591,0.031485387164808754,-0.019998493522145225,0.0005726255760840475,-0.10595514095804656,-0.07386716265132767,0.08652927301198539,0.46648843862858214,-0.1068798713663757,0.000924730408329133,0.004436538774250043,0.48365177016973393,False,False,False,False,-0.0991913833726431,-0.10257326216534483
"(10.0, 14.0]",CONTRACTING,-1,1.5,1.5,15,1678,241,232,241,232,-127.44429502597312,63.97784355817555,0.1436233611442193,0.1436233611442193,0.13825983313468415,0.7181168057210966,0.008045292014302742,-0.07595011622525216,-0.10603226375694201,-0.106032263756942,0.038127439545992584,0.16584188292094146,-0.06263849849935196,-0.04339376525759005,-0.02221852177672215,0.19172590931163458,False,False,False,False,0.029777384664956833,-0.03812743954599259
"(0.0, 7.0]",EXPANDING,-1,3.0,1.5,15,3185,102,704,105,701,660.2770203586539,248.0024988095714,0.032025117739403454,0.03296703296703297,0.22103610675039245,0.7469387755102042,-0.23547880690737832,0.20730832664321944,-0.10603625697046076,-0.10179763844612794,0.07786577670630185,0.03201687995963488,-0.09456961998053734,-0.011466636989923423,8.237779768577314e-06,0.041090976585138016,False,False,False,False,-0.04164531076499945,-0.0738407838677301
"(0.0, 7.0]",EXPANDING,1,0.75,0.5,15,3185,1109,1883,1250,1742,19.86010003904079,248.0024988095714,0.3481946624803768,0.3924646781789639,0.5912087912087912,0.060596546310832,-0.03445839874411303,0.006235510216339338,-0.10608866523407554,-0.05075114561084163,0.07786577670630185,0.34259896335030504,-0.10675655159341658,0.0006678863593410495,0.005595699130071741,0.3662654281973841,False,False,False,False,-0.09583549097385596,-0.10096207810396575
"(0.0, 7.0]",CONTRACTING,-1,1.5,1.5,30,6638,2144,2190,2158,2176,-60.99670365041385,574.381314253559,0.3229888520638747,0.3250979210605604,0.3299186501958421,0.3470924977402833,-0.01039469719795119,-0.009189018326365449,-0.10611298853630204,-0.09978578154624478,0.08652927301198539,0.3293935556493598,-0.09589538881344549,-0.010217599722856546,-0.006404703585485116,0.34561245117707134,False,False,False,False,-0.073272764477726,-0.08969287650701402
"(7.0, 10.0]",CONTRACTING,1,0.75,0.5,60,3140,1122,2018,1214,1926,0.0,165.86538771846006,0.3573248407643312,0.3866242038216561,0.6426751592356688,0.0,-0.05334394904458599,0.0,-0.10616732092944588,-0.06954311710778982,0.05282337188485989,0.38015783540022546,-0.07719209214183183,-0.02897522878761405,-0.022832994635894277,0.4045080447020325,False,False,False,False,-0.036908033172819606,-0.07153767705113274
"(0.0, 7.0]",CONTRACTING,-1,1.5,1.5,15,6812,1259,1296,1268,1287,-78.74164752447193,589.411051536283,0.18482090428655315,0.18614210217263652,0.19025249559600704,0.6249266001174398,-0.008147386964180858,-0.0115592553617839,-0.10623204625084481,-0.10226845259259468,0.08652540392488006,0.19040410990321546,-0.09474774938181522,-0.01148429686902959,-0.005583205616662312,0.20383560544002408,False,False,False,False,-0.07078235525716546,-0.08850720075400514
"(10.0, 14.0]",STABLE,-1,4.0,1.0,30,3792,110,1838,110,1838,1137.8422321193668,143.52642635421205,0.0290084388185654,0.0290084388185654,0.48470464135021096,0.48628691983122363,-0.3686708860759494,0.30006387977831406,-0.10645680227712163,-0.10645680227712163,0.0378497959794863,0.033583899127061105,-0.0816219289297858,-0.024834873347335834,-0.004575460308495705,0.04206137457711136,False,False,False,False,-0.0273915414666146,-0.06692417187186811
"(0.0, 7.0]",CONTRACTING,1,0.75,0.5,15,6812,2351,3937,2619,3669,69.31190795546998,589.411051536283,0.34512624779800355,0.38446858485026425,0.5779506752789195,0.07692307692307698,-0.030130651790957134,0.0101749718079081,-0.1064810839079291,-0.05730316259260321,0.08652540392488006,0.34259896335030504,-0.10675655159341658,0.0002754676854874877,0.002527284447698508,0.35875976600496534,False,False,False,False,-0.10674479736255071,-0.1066129406352399
"(10.0, 14.0]",CONTRACTING,-1,1.0,0.75,30,1665,566,917,573,910,7.895134615842149,63.50327803363372,0.33993993993993993,0.3441441441441441,0.5507507507507508,0.10930930930930938,-0.07312312312312312,0.004741822592097387,-0.10652140745813306,-0.09916405010077572,0.03814010692710734,0.3636032977691562,-0.07792728615542395,-0.028594121302709108,-0.023663357829216247,0.39679978954082534,False,False,False,False,0.01450597048504134,-0.04600771848654586
"(7.0, 10.0]",CONTRACTING,1,1.0,0.5,15,3194,743,2029,782,1990,99.72695365175557,168.69632960544712,0.23262366938008766,0.24483406386975579,0.6352536005009393,0.13212273011897313,-0.08500313087038197,0.031223216547199614,-0.10659654851399235,-0.08828095677949016,0.052816634190809994,0.2582332572017977,-0.06544297907829055,-0.041153569435701795,-0.025609587821710023,0.28009861225357935,False,False,False,False,-0.029809764506586817,-0.06820315651028958
"(0.0, 7.0]",CONTRACTING,-1,0.75,0.5,15,6812,2369,3924,2644,3649,47.515491902587534,589.411051536283,0.3477686435701703,0.38813857897827364,0.5760422783323547,0.076189078097475,-0.02719465648854962,0.006975263050878968,-0.10674479736255071,-0.056282378102421524,0.08652540392488006,0.3470941699922022,-0.10132684902290143,-0.005417948339649287,0.0006744735779680711,0.3633032230828817,False,False,False,False,-0.1064810839079291,-0.1066129406352399
"(10.0, 14.0]",CONTRACTING,-1,2.0,1.0,60,1652,387,988,387,988,100.62365741946459,63.02996017781892,0.23426150121065376,0.23426150121065376,0.5980629539951574,0.1676755447941889,-0.12953995157384987,0.06091020424907058,-0.1067834762459772,-0.1067834762459772,0.038153728921197894,0.24932812118250672,-0.0862933763184547,-0.0204900999275225,-0.015066619971852963,0.27948205378558916,False,False,False,False,0.028647936802981257,-0.039067769721497975
"(7.0, 10.0]",CONTRACTING,1,1.5,0.5,30,3175,563,2327,577,2313,147.60354314017312,167.69485600288158,0.17732283464566928,0.18173228346456693,0.7329133858267717,0.0897637795275591,-0.10047244094488189,0.046489304926038776,-0.10680041350006567,-0.09798151586227039,0.052817277481222544,0.1993778699451933,-0.0627249263782211,-0.04407548712184457,-0.022055035299524017,0.21945694865491705,False,False,False,False,-0.03176949834329555,-0.0692849559216806
"(0.0, 7.0]",EXPANDING,1,0.75,0.5,60,3062,1153,1905,1301,1757,0.16359573071161956,239.44254018301092,0.3765512736773351,0.4248856956237753,0.6221423905943828,0.001306335728282093,-0.028657740039190072,5.3427737005754265e-05,-0.10680239858011081,-0.04638437114706051,0.07819808627792649,0.37876564945226915,-0.10958425689991888,0.002781858319808067,-0.002214375774934052,0.4034085293527113,False,False,False,False,-0.09738489228707084,-0.10209364543359083
"(0.0, 7.0]",STABLE,1,0.75,0.5,15,11804,4009,6823,4425,6407,120.09221705514172,979.5002559918729,0.3396306336834971,0.3748729244323958,0.57802439850898,0.08234496780752287,-0.034289223991867165,0.010173857764752771,-0.10709573355953331,-0.06304287012340995,0.08298036733241891,0.34259896335030504,-0.10675655159341658,-0.00033918196611672224,-0.002968329666807934,0.3548667627782495,False,False,False,False,-0.09968189064409076,-0.10338881210181203
"(0.0, 7.0]",CONTRACTING,1,1.0,0.75,30,6638,2543,3662,2605,3600,63.97641175822353,574.381314253559,0.3830973184694185,0.3924374811690268,0.5516721904188009,0.06523049111178059,-0.030656824344682133,0.009637904754176488,-0.10754819260249103,-0.09120290787817648,0.08652927301198539,0.386848646873974,-0.09805503964216243,-0.009493152960328599,-0.0037513284045554984,0.4036329017360713,False,False,False,False,-0.10183361206597757,-0.10469090233423431
"(0.0, 7.0]",CONTRACTING,-1,3.0,1.5,15,6812,200,1314,201,1313,1226.879314618002,589.411051536283,0.029359953024075163,0.029506752789195536,0.1928948913681738,0.777745155607751,-0.20126247798003524,0.18010559521697034,-0.10768228668794497,-0.10702168774490327,0.08652540392488006,0.03201687995963488,-0.09456961998053734,-0.013112666707407628,-0.0026569269355597135,0.038150807572414805,False,False,False,False,-0.05840413364125702,-0.08304321016460099
"(10.0, 14.0]",CONTRACTING,-1,2.0,1.0,15,1678,117,560,117,560,208.98577258347447,63.97784355817555,0.0697258641239571,0.0697258641239571,0.33373063170441003,0.5965435041716329,-0.19427890345649582,0.1245445605384234,-0.10786178246406501,-0.10786178246406501,0.038127439545992584,0.08449004224502112,-0.06366044296301142,-0.044201339501053594,-0.014764178121064023,0.10407090994238713,False,False,False,False,0.03986657367377004,-0.033997604395147485
"(7.0, 10.0]",CONTRACTING,1,1.0,0.5,30,3175,902,2192,945,2149,19.224451596195536,167.69485600288158,0.28409448818897637,0.29763779527559053,0.6903937007874016,0.02551181102362199,-0.06110236220472441,0.006054945384628516,-0.10786469430131844,-0.08754973367139718,0.052817277481222544,0.30750999851873795,-0.07046050883910493,-0.03740418546221351,-0.02341551032976158,0.3305878202274748,False,False,False,False,-0.035947650557295874,-0.07190617242930716
"(0.0, 7.0]",STABLE,1,0.75,1.0,30,11530,6005,4710,6111,4604,-80.10748101624691,957.4135127677637,0.5208152645273201,0.5300086730268864,0.4084995663486557,0.07068516912402423,-0.017888117953165656,-0.006947743366543531,-0.10787259269592459,-0.09178412782168348,0.08303673137621541,0.5272735800384597,-0.10186851049711652,-0.006004082198808061,-0.006458315511139623,0.5402926995456361,False,False,False,False,-0.09489872365374036,-0.10138565817483247
"(14.0, inf]",STABLE,-1,2.0,0.75,60,2218,415,1521,418,1518,127.60914666923827,56.16247469205734,0.18710550045085664,0.1884580703336339,0.6857529305680794,0.127141568981064,-0.14010369702434625,0.05753342951723998,-0.10789149144401221,-0.1041719242663747,0.025321223936905925,0.20171214553237024,-0.0718902620988539,-0.036001229345158314,-0.014606645081513603,0.2258847944065931,False,False,False,False,0.06211785833216281,-0.0228868165559247
"(0.0, 7.0]",EXPANDING,1,0.75,0.5,30,3153,1168,1949,1316,1801,4.143660704691672,245.83373862940914,0.37044084998414206,0.4173802727561053,0.6181414525848399,0.011417697431018059,-0.03124008880431335,0.001314196227304685,-0.10789409385496906,-0.04921981539001506,0.0779682012779604,0.37188687209793164,-0.10986552145416972,0.001971427599200659,-0.0014460221137895801,0.39608725211667084,False,False,False,False,-0.09534319423974102,-0.10161864404735504
"(14.0, inf]",EXPANDING,-1,1.5,1.5,60,2541,909,1006,911,1004,-68.38786858763385,60.8751728936191,0.3577331759149941,0.3585202676111767,0.39590712317985044,0.24635970090515547,-0.05726092089728453,-0.026913761742476918,-0.10813185418388546,-0.10577057909533764,0.023957171544124006,0.36240413768503654,-0.10169659986289259,-0.0064352543209928725,-0.004670961770042448,0.3892350019426861,False,False,False,False,0.05785623600708963,-0.025137809088397915
"(10.0, 14.0]",CONTRACTING,-1,4.0,1.0,15,1678,10,560,10,560,402.41936857009,63.97784355817555,0.0059594755661501785,0.0059594755661501785,0.33373063170441003,0.6603098927294397,-0.3098927294398093,0.23982083943390345,-0.10819932955189843,-0.10819932955189843,0.038127439545992584,0.010500905250452625,-0.06382076577500838,-0.04437856377689005,-0.004541429684302447,0.018118518969177502,False,False,False,False,0.043363413353910245,-0.03241795809899409
"(0.0, 7.0]",CONTRACTING,-1,4.0,0.75,30,6638,210,4178,210,4178,2149.580821457661,574.381314253559,0.03163603495028623,0.03163603495028623,0.6294064477252185,0.3389575173244953,-0.3455106959927689,0.3238295904576169,-0.1082103785471374,-0.1082103785471374,0.08652927301198539,0.033206697622062756,-0.07383991663348922,-0.034370461913648176,-0.0015706626717765237,0.03952982163390251,False,False,False,False,-0.06045069742270531,-0.08433053798492135
"(0.0, 7.0]",STABLE,1,0.75,0.5,60,10983,4169,6809,4590,6388,0.48025290121944253,912.715133199325,0.37958663388873715,0.4179186014750068,0.6199581170900482,0.00045524902121463207,-0.025289083128471272,4.3726932643125056e-05,-0.10834789040317815,-0.06043293092034103,0.08310253420734999,0.37876564945226915,-0.10958425689991888,0.0012363664967407345,0.0008209844364679975,0.39175775330943025,False,False,False,False,-0.10129290359677909,-0.10482039699997861
"(0.0, 7.0]",CONTRACTING,-1,2.0,1.5,15,6812,664,1312,671,1305,490.4163050545885,589.411051536283,0.09747504403992954,0.09850264239577217,0.19260129183793306,0.7099236641221374,-0.09395184967704051,0.07199299839321617,-0.10848425520870442,-0.1048876609632552,0.08652540392488006,0.10086693270950874,-0.0958502811912844,-0.012633974017420016,-0.0033918886695791933,0.11122452192305746,False,False,False,False,-0.06300505480634765,-0.08574465500752604
"(7.0, 10.0]",CONTRACTING,1,2.0,1.0,30,3175,444,1572,444,1572,506.988281700204,167.69485600288158,0.13984251968503936,0.13984251968503936,0.4951181102362205,0.36503937007874016,-0.21543307086614175,0.1596813485669934,-0.10856899978037088,-0.10856899978037088,0.052817277481222544,0.16901199822248555,-0.05196074254080282,-0.056608257239568055,-0.029169478537446197,0.18788204806372188,False,False,False,False,-0.01886877436913693,-0.0637188870747539
"(10.0, 14.0]",STABLE,-1,3.0,0.75,60,3763,382,2682,384,2680,599.1293535359649,142.4723347408888,0.10151474887058198,0.10204623970236514,0.7127292054212064,0.18575604570821158,-0.2300026574541589,0.159215879228266,-0.10864814807465424,-0.10665505745546741,0.03786136984876131,0.11275348155387246,-0.08897813529779855,-0.01967001277685569,-0.011238732683290481,0.1274342266093796,False,False,False,False,-0.03125293476510908,-0.06995054141988166
"(0.0, 7.0]",CONTRACTING,-1,4.0,1.5,15,6812,63,1316,63,1316,1567.9141710149445,589.411051536283,0.009248385202583675,0.009248385202583675,0.19318849089841456,0.7975631238990017,-0.2527891955372871,0.2301694320339026,-0.1091451674282646,-0.1091451674282646,0.08652540392488006,0.01073345259391771,-0.09661896815184969,-0.01252619927641492,-0.0014850673913340343,0.014395083104665583,False,False,False,False,-0.05889200438191317,-0.08401858590508889
"(10.0, 14.0]",CONTRACTING,-1,1.0,0.75,60,1652,627,994,634,987,0.8964945360620785,63.02996017781892,0.3795399515738499,0.3837772397094431,0.6016949152542372,0.018765133171912862,-0.07173123486682809,0.0005426722373257133,-0.10934229155070027,-0.10192703731341213,0.038153728921197894,0.3976301001710237,-0.07891634856957636,-0.030425942981123916,-0.018090148597173783,0.43148593046121064,False,False,False,False,0.017385536864647763,-0.045978377343026254
"(0.0, 7.0]",STABLE,1,1.0,1.5,60,10983,6174,4222,6201,4195,-129.54955501441214,912.715133199325,0.5621414913957935,0.5645998361103524,0.38441227351361196,0.05344623509059454,-0.01447691887462442,-0.011795461623819734,-0.10937491470579415,-0.10322905291939699,0.08310253420734999,0.5650430359937402,-0.10175196595868083,-0.00762294874711332,-0.0029015445979466703,0.5782804265206725,False,False,False,False,-0.09239581926588475,-0.10088536698583944
"(14.0, inf]",CONTRACTING,1,3.0,1.5,30,855,22,259,22,259,250.87969144211726,21.95308796592333,0.025730994152046785,0.025730994152046785,0.30292397660818715,0.671345029239766,-0.37719298245614036,0.2934265396983828,-0.1094425690336913,-0.10944256903369132,0.02567612627593372,0.042869796279893714,0.011561130803209977,-0.12100369983690128,-0.01713880212784693,0.06346466094035755,False,False,False,False,0.06094102690743757,-0.024250771063126866
"(0.0, 7.0]",CONTRACTING,1,1.0,0.5,60,6403,2029,4357,2156,4230,1.273198803468815,553.8240083541089,0.3168827112291114,0.33671716382945494,0.6804622833047009,0.0026550054661876876,-0.023348430423239107,0.00019884410486784555,-0.1096440433469686,-0.07989236444645323,0.08649445702859736,0.3223787167449139,-0.0979936238334257,-0.011650419513542898,-0.005496005515802538,0.3388049167853067,False,False,False,False,-0.09284564851501881,-0.1012448459309937
"(7.0, 10.0]",CONTRACTING,1,3.0,0.75,60,3140,299,2263,300,2262,621.8240211268125,165.86538771846006,0.09522292993630574,0.09554140127388536,0.7207006369426752,0.18407643312101907,-0.2548566878980892,0.1980331277473925,-0.10964693203555656,-0.108452664519633,0.05282337188485989,0.11942878617061255,-0.03810664875892523,-0.07154028327663134,-0.024205856234306808,0.13591875201099632,False,False,False,False,-0.028679421519923618,-0.06916317677774009
"(10.0, 14.0]",CONTRACTING,-1,1.0,1.0,15,1678,442,544,445,541,-18.0472857726889,63.97784355817555,0.2634088200238379,0.26519666269368297,0.32419547079856975,0.41239570917759233,-0.060786650774731825,-0.010755235859766926,-0.10966932618049133,-0.10609364084080122,0.038127439545992584,0.30669885334942665,-0.06561859300713223,-0.0440507331733591,-0.04329003332558873,0.33848418203954866,False,False,False,False,0.029838761748816056,-0.039915282215837636
"(7.0, 10.0]",CONTRACTING,1,3.0,1.0,30,3175,142,1580,142,1580,973.0233709462098,167.69485600288158,0.0447244094488189,0.0447244094488189,0.49763779527559054,0.4576377952755905,-0.36346456692913387,0.3064640538413259,-0.1098177905690305,-0.10981779056903049,0.052817277481222544,0.06132424825951711,-0.04142779205316116,-0.06838999851586934,-0.01659983881069821,0.07356911639703069,False,False,False,False,-0.02663748518179642,-0.06822763787541346
"(7.0, 10.0]",STABLE,-1,4.0,1.5,60,6404,560,3048,561,3047,1966.3794442242609,337.6828081939889,0.08744534665833854,0.08760149906308558,0.4759525296689569,0.4366021236727045,-0.3641474078700812,0.3070548788607528,-0.10982251155055091,-0.10896367332444223,0.0527299825412225,0.09327320556181887,-0.05909804410325933,-0.05072446744729158,-0.0058278589034803235,0.10360077857477733,False,False,False,False,0.019214828454075756,-0.04530384154823758
"(7.0, 10.0]",CONTRACTING,1,4.0,1.0,30,3175,43,1582,43,1582,1228.900557598703,167.69485600288158,0.013543307086614173,0.013543307086614173,0.49826771653543306,0.4881889763779527,-0.4440944881889764,0.38705529373187497,-0.10985647193832396,-0.10985647193832396,0.052817277481222544,0.024737075988742408,-0.039102230678524474,-0.07075424125979948,-0.011193768902128235,0.03280014280174372,False,False,False,False,-0.040140771021359205,-0.07499862147984158
"(0.0, 7.0]",CONTRACTING,-1,4.0,1.5,60,6403,651,3300,651,3300,2194.5744487201596,553.8240083541089,0.10167109167577698,0.10167109167577698,0.5153834140246759,0.38294549429954705,-0.366390754333906,0.3427415974887021,-0.11014361387380123,-0.11014361387380123,0.08649445702859736,0.10367762128325508,-0.10578199530117623,-0.004361618572625001,-0.0020065296074781025,0.11449332698956657,False,False,False,False,-0.01454763714221523,-0.06234562550800823
"(0.0, 7.0]",CONTRACTING,1,0.75,0.5,30,6638,2487,4066,2765,3788,10.760366328338215,574.381314253559,0.3746610424826755,0.41654112684543537,0.6125338957517324,0.01280506176559204,-0.025271166013859595,0.0016210253582913852,-0.1101794136675536,-0.057829308214103765,0.08652927301198539,0.37188687209793164,-0.10986552145416972,-0.0003138922133838762,0.002774170384743868,0.3885485257913052,False,False,False,False,-0.10184326261572989,-0.10601133814164174
"(0.0, 7.0]",STABLE,1,0.75,0.5,30,11530,4274,7081,4697,6658,21.53175569334917,957.4135127677637,0.37068516912402427,0.40737207285342586,0.6141370338248049,0.015177797051170838,-0.029054640069384217,0.0018674549603945507,-0.11022391648520508,-0.06436528682345312,0.08303673137621541,0.37188687209793164,-0.10986552145416972,-0.0003583950310353523,-0.0012017029739073704,0.38452170084785564,False,False,False,False,-0.10067636516349139,-0.10545014082434823
"(0.0, 7.0]",EXPANDING,-1,1.0,1.5,60,3062,1739,1213,1760,1192,-18.446897091300066,239.44254018301092,0.5679294578706727,0.5747877204441542,0.3961463096015676,0.03592423252775967,-0.02629000653167864,-0.006024460186577422,-0.11051255299618255,-0.0933668965624791,0.07819808627792649,0.5685152582159625,-0.10143105422393466,-0.009081498772247898,-0.0005858003452897664,0.5935285754577877,False,False,False,False,-0.10494198345095207,-0.10772726822356732
"(0.0, 7.0]",STABLE,1,0.75,1.0,60,10983,6065,4846,6171,4740,-4.096418508470293,912.715133199325,0.5522170627333152,0.5618683419830648,0.44122735136119456,0.006555585905490269,-0.02706455431120823,-0.0003729781032932981,-0.11054006662185153,-0.0936503279347897,0.08310253420734999,0.5555555555555556,-0.10496640029238055,-0.005573666329470983,-0.003338492822240413,0.5688257956080828,False,False,False,False,-0.09457577772762395,-0.10255792217473775
"(0.0, 7.0]",CONTRACTING,-1,1.0,1.5,30,6638,3200,2015,3221,1994,-336.9716458247383,574.381314253559,0.4820729135281711,0.48523651702319975,0.30355528773727025,0.21437179873455858,0.026739981922265742,-0.0507640322122233,-0.11055332330194295,-0.1026443145643714,0.08652927301198539,0.48829792223629287,-0.10015674966984164,-0.010396573632101308,-0.00622500870812176,0.5054874558527509,False,False,False,False,-0.09355243513691519,-0.10205287921942907
"(0.0, 7.0]",EXPANDING,-1,3.0,0.75,60,3062,403,2302,409,2296,417.73447358102504,239.44254018301092,0.13161332462442848,0.13357282821685174,0.751796211626388,0.11659046374918358,-0.16900718484650556,0.13642536694350915,-0.11077990418092289,-0.10343176570933568,0.07819808627792649,0.14138302034428796,-0.06431379986848172,-0.046466104312441164,-0.009769695719859472,0.159289679352089,False,False,False,False,-0.049006664817871644,-0.07989328449939727
"(0.0, 7.0]",EXPANDING,1,1.0,0.75,15,3185,1014,1573,1060,1527,60.5676501935947,248.0024988095714,0.3183673469387755,0.3328100470957614,0.49387755102040815,0.1877551020408163,-0.05204081632653061,0.019016530673028165,-0.11089006235980431,-0.08561533708507903,0.07786577670630185,0.30851795789183983,-0.09263613697455218,-0.018253925385252126,0.009849389046935664,0.3315793868532639,False,False,False,False,-0.08749834335196063,-0.09919420285588247
"(10.0, 14.0]",CONTRACTING,-1,3.0,1.5,15,1678,32,236,32,236,135.79202043557453,63.97784355817555,0.01907032181168057,0.01907032181168057,0.14064362336114422,0.8402860548271752,-0.1537544696066746,0.08092492278639722,-0.11095698636626998,-0.11095698636626998,0.038127439545992584,0.025588412794206396,-0.06445259810539589,-0.046504388260874094,-0.006518090982525825,0.03702299394560621,False,False,False,False,0.03436356970462798,-0.038296708330821
"(0.0, 7.0]",EXPANDING,-1,2.0,1.5,30,3153,686,1205,695,1196,330.2419515596956,245.83373862940914,0.21757056771328892,0.22042499207104346,0.3821757056771329,0.40025372660957825,-0.13812242308912148,0.1047389633871537,-0.11135166097992817,-0.10136117572778736,0.0779682012779604,0.21312321185685473,-0.09690289455927685,-0.014448766420651321,0.0044473558564341875,0.2337606532337677,False,False,False,False,-0.05468392451158457,-0.08301779274575637
"(14.0, inf]",CONTRACTING,1,4.0,1.5,30,855,8,260,8,260,284.6132098909668,21.95308796592333,0.00935672514619883,0.00935672514619883,0.30409356725146197,0.6865497076023392,-0.41871345029239765,0.33288094724089684,-0.11150862932743454,-0.11150862932743455,0.02567612627593372,0.014348981399468556,0.013247451809326018,-0.12475608113676055,-0.004992256253269725,0.02698432836356804,False,False,False,False,0.0585832833963372,-0.02646267296554867
"(7.0, 10.0]",CONTRACTING,1,4.0,1.0,60,3140,150,1985,150,1985,1200.7120331558922,165.86538771846006,0.04777070063694268,0.04777070063694268,0.6321656050955414,0.3200636942675159,-0.4410828025477707,0.3823923672470994,-0.11151380718553117,-0.11151380718553117,0.05282337188485989,0.06824502066892146,-0.020806664246587322,-0.09070714293894384,-0.020474320031978785,0.08116669575050663,False,False,False,False,-0.02894568234339872,-0.07022974476446495
"(0.0, 7.0]",EXPANDING,-1,3.0,0.5,60,3062,298,2549,306,2541,278.2375281705282,239.44254018301092,0.09732201175702156,0.0999346832135859,0.8324624428478119,0.0702155453951665,-0.12426518615284128,0.09086790599951934,-0.11159536643124844,-0.10245101633327325,0.07819808627792649,0.10700312989045384,-0.07228111801843826,-0.039314248412810185,-0.009681118133432282,0.12294640378690214,False,False,False,False,-0.021151068397845113,-0.06637321741454677
"(7.0, 10.0]",CONTRACTING,1,4.0,0.75,60,3140,130,2273,130,2273,999.8709708335016,165.86538771846006,0.041401273885350316,0.041401273885350316,0.7238853503184713,0.23471337579617835,-0.37730891719745224,0.3184302454883763,-0.11170204359393582,-0.11170204359393582,0.05282337188485989,0.059000375798571966,-0.03177245940313492,-0.0799295841908009,-0.01759910191322165,0.07110175847826619,False,False,False,False,-0.04638753858916931,-0.07904479109155256
"(7.0, 10.0]",CONTRACTING,1,1.0,0.5,60,3140,921,2216,964,2173,1.7522881381453765,165.86538771846006,0.293312101910828,0.3070063694267516,0.7057324840764331,0.0009554140127389088,-0.059554140127388536,0.0005580535471800562,-0.11181945846506837,-0.09127805719118301,0.05282337188485989,0.31732431416760615,-0.07466757431582739,-0.03715188414924098,-0.02401221225677813,0.34072231819917387,False,False,False,False,-0.03801690091874032,-0.07491817969190434
"(0.0, 7.0]",CONTRACTING,-1,3.0,1.5,30,6638,584,2293,585,2292,1519.1435542138397,574.381314253559,0.08797830671889123,0.08812895450436879,0.3454353721000301,0.5665863211810787,-0.2542181379933715,0.22885561226481466,-0.11189179874054223,-0.11121388370589323,0.08652927301198539,0.09000515923268139,-0.09564264954486974,-0.016249149195672483,-0.002026852513790159,0.0999886480998945,False,False,False,False,-0.05328387158547729,-0.08258783516300976
"(0.0, 7.0]",CONTRACTING,1,0.75,0.75,60,6403,3083,3296,3224,3155,-3.1391922175301565,553.8240083541089,0.4814930501327503,0.5035139778228955,0.5147587068561612,0.003748243011088448,-0.024949242542558175,-0.0004902689704092076,-0.11193396854156475,-0.07890257700634687,0.08649445702859736,0.4819542253521127,-0.10829076048517988,-0.003643208056384864,-0.00046117521936239747,0.4994520469940569,False,False,False,False,-0.09408633705084783,-0.10301015279620629
"(0.0, 7.0]",CONTRACTING,-1,1.0,1.5,60,6403,3601,2455,3623,2433,-85.56546814538375,553.8240083541089,0.5623926284554115,0.5658285178822428,0.38341402467593316,0.054193346868655345,-0.012728408558488209,-0.013363340331935616,-0.11258620591902117,-0.10399648235194325,0.08649445702859736,0.5685152582159625,-0.10143105422393466,-0.011155151695086518,-0.006122629760551002,0.585827477706117,False,False,False,False,-0.08715089151687538,-0.09986854871794829
"(10.0, 14.0]",CONTRACTING,-1,1.5,0.75,60,1652,451,1104,453,1102,28.514905873231825,63.02996017781892,0.27300242130750607,0.27421307506053266,0.6682808716707022,0.05871670702179177,-0.09170702179176755,0.017260838906314663,-0.11259991180665078,-0.10987594086234086,0.038153728921197894,0.29049596872709504,-0.08279793488088451,-0.029801976925766277,-0.017493547419588973,0.322063804793843,False,False,False,False,0.007702442682625101,-0.05244873456201284
"(7.0, 10.0]",CONTRACTING,1,3.0,1.0,60,3140,342,1976,342,1976,761.9459287497125,165.86538771846006,0.1089171974522293,0.1089171974522293,0.6292993630573248,0.2617834394904459,-0.30254777070063693,0.24265793909226513,-0.1127132034932317,-0.1127132034932317,0.05282337188485989,0.1381435550544908,-0.029149526821898208,-0.08356367667133349,-0.0292263576022615,0.15565738541816804,False,False,False,False,-0.012613066512552047,-0.06266313500289188
"(10.0, 14.0]",CONTRACTING,-1,1.5,1.0,30,1665,403,791,404,790,62.17977189782218,63.50327803363372,0.24204204204204205,0.24264264264264265,0.47507507507507507,0.2828828828828829,-0.11201201201201201,0.037345208347040346,-0.11280691059207901,-0.11130540909057751,0.03814010692710734,0.2609117361784675,-0.08650164829644207,-0.02630526229563694,-0.018869694136425474,0.2913768857542558,False,False,False,False,0.050424113109953456,-0.031191398741062776
"(0.0, 7.0]",STABLE,1,0.75,1.5,30,11530,6638,3179,6680,3137,-555.6076447389345,957.4135127677637,0.5757155247181266,0.5793581960104076,0.2757155247181266,0.1485689505637468,0.01821335646140503,-0.04818800041100906,-0.11301137532581945,-0.10481536491818717,0.08303673137621541,0.5833685099197974,-0.10348596650925346,-0.009525408816565994,-0.007652985201670792,0.5962129649882617,False,False,False,False,-0.10214475094363966,-0.10757806313472956
"(0.0, 7.0]",CONTRACTING,1,0.75,0.5,60,6403,2423,3974,2702,3695,-0.1910519850275214,553.8240083541089,0.3784163673278151,0.4219896923317195,0.6206465719194127,0.000937060752772112,-0.02651101046384507,-2.9837886151416744e-05,-0.11303530537859385,-0.05856864912371332,0.08649445702859736,0.37876564945226915,-0.10958425689991888,-0.003451048478674973,-0.0003492821244540645,0.39579050883208555,False,False,False,False,-0.10010299615539961,-0.10656915076699673
"(0.0, 7.0]",CONTRACTING,-1,2.0,1.5,30,6638,1373,2258,1381,2250,463.24005572597025,574.381314253559,0.20683940946068094,0.20804459174450135,0.34016269960831574,0.45299789093100334,-0.09656523049111178,0.06978608853961589,-0.11330841496348129,-0.10909027697010978,0.08652927301198539,0.21312321185685473,-0.09690289455927685,-0.01640552040420444,-0.006283802396173793,0.22730379807734993,False,False,False,False,-0.06556232704204865,-0.08943537100276497
"(10.0, 14.0]",CONTRACTING,-1,1.0,1.5,15,1678,449,227,449,227,-235.17649080495727,63.97784355817555,0.26758045292014304,0.26758045292014304,0.13528009535160906,0.5971394517282478,0.06466030989272945,-0.1401528550685085,-0.11361998472177165,-0.11361998472177165,0.038127439545992584,0.3168376584188292,-0.0628862919883217,-0.05073369273344995,-0.049257205498686174,0.3488905015334877,False,False,False,False,0.02462147227701607,-0.04449925622237779
"(10.0, 14.0]",CONTRACTING,-1,2.0,1.5,15,1678,119,236,119,236,-10.791871541425603,63.97784355817555,0.07091775923718713,0.07091775923718713,0.14064362336114422,0.7884386174016687,-0.06912991656734208,-0.006431389476415735,-0.1136887455897504,-0.1136887455897504,0.038127439545992584,0.08738684369342185,-0.062111795214402875,-0.05157695037534752,-0.016469084456234725,0.10725644429461995,False,False,False,False,0.03179565572405262,-0.04094654493284888
"(7.0, 10.0]",CONTRACTING,1,1.5,0.5,60,3140,658,2423,672,2409,33.22058300933647,165.86538771846006,0.20955414012738854,0.2140127388535032,0.771656050955414,0.018789808917197393,-0.0714968152866242,0.010579803506158112,-0.11374038366532599,-0.10482318621309668,0.05282337188485989,0.23307027433295754,-0.06867939039146385,-0.045060993273862135,-0.023516134205569,0.25439938844187254,False,False,False,False,-0.035014758138233154,-0.07437757090177957
"(14.0, inf]",STABLE,-1,3.0,0.5,60,2218,162,1790,165,1787,212.8856863288831,56.16247469205734,0.07303877366997295,0.07439134355275022,0.8070333633904418,0.11992786293958524,-0.18440036068530208,0.09598092260093918,-0.11374066202126881,-0.10900666743154835,0.025321223936905925,0.0841804886748707,-0.06995160889326732,-0.04378905312800149,-0.011141715004897745,0.10112350758552377,False,False,False,False,0.0029441351147175437,-0.055398263453275635
"(0.0, 7.0]",CONTRACTING,1,1.0,0.75,60,6403,2616,3727,2678,3665,4.35048297593017,553.8240083541089,0.4085584882086522,0.41824144932063095,0.5820709042636264,0.009370607527721453,-0.027994689989067626,0.0006794444753912494,-0.11380970254227372,-0.0968645205963109,0.08649445702859736,0.41431924882629106,-0.10095971260162719,-0.012849989940646539,-0.00576076061763886,0.4315944504910517,False,False,False,False,-0.09720030413506477,-0.10550500333866925
"(0.0, 7.0]",EXPANDING,-1,3.0,1.0,60,3062,481,2041,485,2037,488.40584657122605,239.44254018301092,0.15708687132593077,0.15839320705421292,0.6665578053559765,0.17635532331809267,-0.1952971913781842,0.1595055018194729,-0.11398977583663777,-0.1087644329235091,0.07819808627792649,0.16358568075117372,-0.06765348060934741,-0.04633629522729037,-0.006498809425242946,0.18256295314161672,False,False,False,False,-0.04884182502106653,-0.08141580042885216
"(0.0, 7.0]",EXPANDING,1,1.0,0.75,30,3153,1210,1789,1263,1736,17.501882722100547,245.83373862940914,0.3837614969869965,0.4005708848715509,0.5673961306692039,0.04884237234379962,-0.041785601014906436,0.005550866705391864,-0.11420293558747496,-0.08478650678950479,0.0779682012779604,0.386848646873974,-0.09805503964216243,-0.016147895945312532,-0.0030871498869775027,0.4112234314967398,False,False,False,False,-0.08699367914588214,-0.10059830736667855
"(10.0, 14.0]",CONTRACTING,-1,4.0,1.5,15,1678,10,236,10,236,186.1751970304462,63.97784355817555,0.0059594755661501785,0.0059594755661501785,0.14064362336114422,0.8533969010727056,-0.1871275327771156,0.11095065377261396,-0.11430431855049424,-0.11430431855049425,0.038127439545992584,0.010863005431502716,-0.06278645487798952,-0.051517863672504716,-0.004903529865352537,0.018598468658309844,False,False,False,False,0.03460849295953962,-0.03984791279547731
"(10.0, 14.0]",CONTRACTING,-1,1.0,1.0,60,1652,728,846,732,842,-7.869516840645821,63.02996017781892,0.4406779661016949,0.4430992736077482,0.5121065375302664,0.04721549636803879,-0.07142857142857142,-0.004763630048817083,-0.1143459303985864,-0.10950331538647987,0.038153728921197894,0.46151966772538483,-0.08024595941129663,-0.03409997098728977,-0.020841701623689923,0.4959120583215099,False,False,False,False,0.03319585754408408,-0.04057503642725116
"(10.0, 14.0]",CONTRACTING,-1,2.0,1.0,30,1665,256,803,256,803,163.41900411850446,63.50327803363372,0.15375375375375375,0.15375375375375375,0.48228228228228226,0.36396396396396397,-0.17477477477477477,0.09814955202312581,-0.1147653296787563,-0.11476532967875631,0.03814010692710734,0.16913191076624637,-0.08512996916493137,-0.029635360513824927,-0.015378157012492621,0.19531494390989831,False,False,False,False,0.059731609959300914,-0.027516859859727693
"(10.0, 14.0]",CONTRACTING,-1,1.5,1.5,30,1665,433,460,433,460,-87.76734397803543,63.50327803363372,0.26006006006006005,0.26006006006006005,0.27627627627627627,0.46366366366366374,-0.024324324324324326,-0.05271311950632759,-0.11517755075775926,-0.11517755075775925,0.03814010692710734,0.28261396702230845,-0.080599659342534,-0.034577891415225256,-0.022553906962248405,0.31381305684551597,False,False,False,False,0.03889733690354457,-0.03814010692710734
"(0.0, 7.0]",CONTRACTING,-1,1.5,1.5,60,6403,2735,2867,2750,2852,12.829911540090194,553.8240083541089,0.42714352647196624,0.42948617835389663,0.4477588630329533,0.1250976104950804,-0.030923004841480556,0.002003734427626143,-0.11541372744245178,-0.10838577179666073,0.08649445702859736,0.4397007042253521,-0.09831929111343858,-0.017094436329013196,-0.012557177753385884,0.45709772734323056,False,False,False,False,-0.06460314226053397,-0.09000843485149287
"(7.0, 10.0]",CONTRACTING,1,2.0,0.75,30,3175,407,1964,407,1964,458.9315103292834,167.69485600288158,0.12818897637795276,0.12818897637795276,0.6185826771653543,0.2532283464566929,-0.20755905511811024,0.14454535758402628,-0.11583097501530651,-0.11583097501530651,0.052817277481222544,0.15249592652940305,-0.05858269907159682,-0.05724827594370969,-0.02430695015145029,0.17061941218398666,False,False,False,False,-0.03343649563712964,-0.07463373532621807
"(0.0, 7.0]",EXPANDING,1,1.0,0.75,60,3062,1236,1808,1289,1755,4.696361899273439,239.44254018301092,0.4036577400391901,0.4209666884389288,0.5904637491835402,0.005878510777269752,-0.039190071848465055,0.0015337563354909992,-0.11585440179090055,-0.08556374209135777,0.07819808627792649,0.41431924882629106,-0.10095971260162719,-0.014894689189273363,-0.010661508787100982,0.4393156787234267,False,False,False,False,-0.08870612286956815,-0.10228026233023435
"(0.0, 7.0]",EXPANDING,1,0.75,0.75,15,3185,1316,1474,1402,1388,-3.041829168046019,248.0024988095714,0.41318681318681316,0.4401883830455259,0.4627943485086342,0.12401883830455263,-0.037205651491365774,-0.0009550484044100531,-0.11602647660207768,-0.07552412181400861,0.07786577670630185,0.40777945965781387,-0.10282131202829724,-0.013205164573780445,0.0054073535289992924,0.4322337341458513,False,False,False,False,-0.0802074315985951,-0.09811695410033638
"(0.0, 7.0]",CONTRACTING,-1,2.0,1.5,60,6403,2078,3076,2086,3068,266.2861226643607,553.8240083541089,0.32453537404341715,0.32578478838044667,0.4803998125878495,0.19506481336873338,-0.07152897079493988,0.04158771242610662,-0.11643571539743061,-0.11206276521782729,0.08649445702859736,0.33519170579029733,-0.09975673206246946,-0.01667898333496115,-0.010656331746880188,0.35177669932779165,False,False,False,False,-0.05934511060809971,-0.08789041300276516
"(10.0, 14.0]",CONTRACTING,-1,1.5,1.0,60,1652,522,946,523,945,32.78574534528244,63.02996017781892,0.3159806295399516,0.31658595641646486,0.572639225181598,0.1113801452784503,-0.0986682808716707,0.01984609282402085,-0.11697591696884777,-0.11546259977756446,0.038153728921197894,0.33740532616662594,-0.08756293753291865,-0.029412979435929118,-0.021424696626674344,0.37020419117991404,False,False,False,False,0.02081445614370418,-0.04808073041257179
"(7.0, 10.0]",CONTRACTING,1,4.0,0.75,30,3175,42,1976,42,1976,1109.3154926809113,167.69485600288158,0.013228346456692913,0.013228346456692913,0.6223622047244094,0.3644094488188977,-0.41385826771653544,0.34939070635619257,-0.11728483884156543,-0.11728483884156543,0.052817277481222544,0.02199674122352244,-0.04912907948666393,-0.06815575935490151,-0.008768394766829527,0.02963129325010845,False,False,False,False,-0.052696197864191656,-0.08499051835287855
"(10.0, 14.0]",STABLE,-1,4.0,0.75,60,3763,205,2704,205,2704,906.5132435306905,142.4723347408888,0.054477810257773054,0.054477810257773054,0.7185756045708211,0.22694658517140576,-0.32102046239702364,0.24090173891328473,-0.11798009333250022,-0.11798009333250023,0.03786136984876131,0.06437820669435622,-0.083473693387857,-0.03450639994464322,-0.009900396436583164,0.07585222180015418,False,False,False,False,-0.050506795453637184,-0.0842434443930687
"(7.0, 10.0]",CONTRACTING,1,3.0,0.75,30,3175,127,1974,128,1973,892.1366752165172,167.69485600288158,0.04,0.04031496062992126,0.6217322834645669,0.3382677165354331,-0.3462992125984252,0.2809879292020527,-0.11812856087759507,-0.11694745851539035,0.052817277481222544,0.05443637979558584,-0.050929814349479734,-0.06719874652811533,-0.01443637979558584,0.06603740754477949,False,False,False,False,-0.03943611499578045,-0.07878233793668776
"(0.0, 7.0]",EXPANDING,1,0.75,0.75,30,3153,1451,1619,1542,1528,-0.6305908388246333,245.83373862940914,0.46019663812242306,0.489058039961941,0.5134792261338408,0.026324135743736155,-0.039961941008563276,-0.00019999709445754307,-0.11813013938098121,-0.07483803662170434,0.0779682012779604,0.46648843862858214,-0.1068798713663757,-0.011250268014605519,-0.006291800506159073,0.49139471184334876,False,False,False,False,-0.08109836593421646,-0.09961425265759884
"(0.0, 7.0]",EXPANDING,-1,4.0,0.5,60,3062,171,2578,177,2572,482.2211777873179,239.44254018301092,0.05584585238406271,0.05780535597648596,0.8419333768778576,0.10222077073807967,-0.197583278902678,0.15748568836947024,-0.11829567681113423,-0.10947791064522958,0.07819808627792649,0.0594679186228482,-0.07588823907971734,-0.04240743773141689,-0.0036220662387854916,0.07177030519101643,False,False,False,False,-0.0038881567542851914,-0.06109191678270971
"(0.0, 7.0]",EXPANDING,-1,4.0,0.75,60,3062,228,2334,234,2328,715.5206720637057,239.44254018301092,0.07446113651208361,0.07642064010450686,0.7622468974526453,0.16329196603527107,-0.2738406270411496,0.2336775545603219,-0.11836115875875416,-0.10905351669474371,0.07819808627792649,0.07819835680751173,-0.06869889578063218,-0.049662262978121985,-0.003737220295428126,0.09210618372571389,False,False,False,False,-0.019912416933029222,-0.0691367878458917
"(14.0, inf]",EXPANDING,-1,4.0,1.5,60,2541,175,1089,175,1089,693.4842681457782,60.8751728936191,0.06887052341597796,0.06887052341597796,0.42857142857142855,0.5025580480125935,-0.367375049193231,0.2729178544454066,-0.11841436629194842,-0.11841436629194842,0.023957171544124006,0.07116104868913857,-0.11499644994764545,-0.003417916344302968,-0.002290525273160607,0.08583418632121285,False,False,False,False,0.08854326701086318,-0.014935549640542618
"(14.0, inf]",STABLE,-1,4.0,0.5,60,2218,88,1798,88,1798,339.5798745626289,56.16247469205734,0.03967538322813345,0.03967538322813345,0.8106402164111812,0.1496844003606853,-0.2466185752930568,0.15310183704356578,-0.11883796218639696,-0.11883796218639694,0.025321223936905925,0.04530051721062957,-0.07686761810569799,-0.04197034408069897,-0.005625133982496117,0.05813694990089779,False,False,False,False,-0.011361486848040515,-0.06509972451721874
"(10.0, 14.0]",CONTRACTING,-1,1.0,1.0,30,1665,620,747,624,743,-7.491499747114936,63.50327803363372,0.37237237237237236,0.3747747747747748,0.4486486486486487,0.1789789789789789,-0.07627627627627627,-0.004499399247516478,-0.1189157824509001,-0.11411097764609529,0.03814010692710734,0.40615906886517944,-0.0789517941515623,-0.03996398829933781,-0.03378669649280708,0.43998717504991436,False,False,False,False,0.03783076379188061,-0.04054250932950974
"(7.0, 10.0]",CONTRACTING,1,4.0,0.5,30,3175,36,2393,36,2393,842.588121662984,167.69485600288158,0.011338582677165355,0.011338582677165355,0.7537007874015748,0.23496062992125988,-0.331496062992126,0.2653820855631446,-0.11893125491020395,-0.11893125491020395,0.052817277481222544,0.01829358613538735,-0.053067910106766716,-0.06586334480343724,-0.006955003458221996,0.025300538519370742,False,False,False,False,-0.038358950090610085,-0.07864510250040702
"(0.0, 7.0]",EXPANDING,1,0.75,0.75,60,3062,1443,1611,1534,1520,0.697761588705674,239.44254018301092,0.4712606139777923,0.5009797517962117,0.5261267145656434,0.0026126714565642972,-0.041149575440888306,0.00022787772328728738,-0.1191197839955275,-0.0745410772678985,0.07819808627792649,0.4819542253521127,-0.10829076048517988,-0.010829023510347618,-0.0106936113743204,0.5072564946941508,False,False,False,False,-0.08185509528795447,-0.10048743964174098
"(10.0, 14.0]",STABLE,-1,3.0,1.5,60,3763,501,1650,501,1650,664.717894348946,142.4723347408888,0.1331384533616795,0.1331384533616795,0.4384799362211002,0.4283816104172203,-0.25830454424661176,0.17664573328433322,-0.11952018081103982,-0.11952018081103982,0.03786136984876131,0.14854629855851453,-0.10332753606691218,-0.01619264474412764,-0.015407845196835024,0.16500184866176293,False,False,False,False,-0.007188879195930646,-0.06335453000348523
"(7.0, 10.0]",CONTRACTING,1,3.0,0.5,30,3175,105,2391,105,2391,668.2617222203816,167.69485600288158,0.03307086614173228,0.03307086614173228,0.7530708661417322,0.2138582677165355,-0.2773228346456693,0.21047613298279735,-0.11966397914409449,-0.11966397914409449,0.052817277481222544,0.045622870685824324,-0.053950255362323,-0.06571372378177148,-0.01255200454409204,0.05632458668465748,False,False,False,False,-0.02682260531451419,-0.07324329222930434
"(7.0, 10.0]",CONTRACTING,1,2.0,0.5,30,3175,323,2381,326,2378,331.90837334641503,167.69485600288158,0.10173228346456693,0.1026771653543307,0.7499212598425197,0.14834645669291335,-0.171496062992126,0.10453807034532757,-0.11977527012802096,-0.11741306540361152,0.052817277481222544,0.1255369574877796,-0.05948163335986959,-0.06029363676815137,-0.023804674023212666,0.14227955740369272,False,False,False,False,-0.024544570589450206,-0.07215992035873559
"(14.0, inf]",CONTRACTING,1,4.0,1.0,60,848,34,500,34,500,284.11104644286695,21.794415002467627,0.04009433962264151,0.04009433962264151,0.589622641509434,0.3702830188679245,-0.42924528301886794,0.33503661137130536,-0.11990963273537816,-0.11990963273537815,0.025700961087815596,0.040841804886748705,0.014909988587217383,-0.13481962132259553,-0.0007474652641071972,0.06108460033270571,False,False,False,False,0.014233900904127864,-0.05283786591562515
"(10.0, 14.0]",STABLE,-1,3.0,1.0,60,3763,430,2317,431,2316,717.9776349246955,142.4723347408888,0.11427052883337763,0.1145362742492692,0.6157321286207813,0.26999734254584107,-0.2729205421206484,0.19079926519391324,-0.1199826467754965,-0.1189196651119302,0.03786136984876131,0.12912289274370878,-0.1000491557316095,-0.019933491043887003,-0.014852363910331151,0.1446632335428561,False,False,False,False,-0.028682872704880503,-0.0743327597401885
"(10.0, 14.0]",CONTRACTING,-1,2.0,1.5,30,1665,273,469,273,469,19.554513276928102,63.50327803363372,0.16396396396396395,0.16396396396396395,0.2816816816816817,0.5543543543543543,-0.0945945945945946,0.011744452418575437,-0.12099024910312649,-0.1209902491031265,0.03814010692710734,0.18258971871968963,-0.0821579031599808,-0.03883234594314569,-0.01862575475572567,0.20954062981913146,False,False,False,False,0.04736426277506936,-0.036812993164028564
"(0.0, 7.0]",EXPANDING,-1,4.0,1.0,60,3062,270,2076,274,2072,864.4881503047378,239.44254018301092,0.08817766165904638,0.08948399738732854,0.6779882429784455,0.2338340953625081,-0.32527759634225994,0.28232793935491113,-0.12114774326527535,-0.1146160646238645,0.07819808627792649,0.0895442097026604,-0.07469126632348805,-0.0464564769417873,-0.0013665480436140243,0.10430641766421574,False,False,False,False,-0.015016465410045839,-0.0680821043376606
"(0.0, 7.0]",STABLE,1,0.75,1.5,60,10983,6971,3702,7013,3660,-105.85150488605527,912.715133199325,0.6347081853774015,0.6385322771556041,0.3370663753072931,0.02822543931530541,-0.029568423927888554,-0.009637758798693915,-0.12230871693393248,-0.11370451043297644,0.08310253420734999,0.6417742566510172,-0.10698511726811634,-0.015323599665816146,-0.007066071273615693,0.6545601759971978,False,False,False,False,-0.10514062756052832,-0.1137246722472304
"(7.0, 10.0]",CONTRACTING,1,2.0,0.5,60,3140,456,2525,459,2522,126.38281592530844,165.86538771846006,0.14522292993630573,0.14617834394904458,0.804140127388535,0.05063694267515928,-0.11162420382165605,0.0402493044348116,-0.12419827127170434,-0.1218097362398572,0.05282337188485989,0.1728673431040962,-0.061206349649923816,-0.06299192162178052,-0.027644413167790483,0.19200914012764173,False,False,False,False,-0.028076300770663896,-0.07613728602118412
"(0.0, 7.0]",CONTRACTING,-1,4.0,1.5,30,6638,240,2304,240,2304,2244.715717374759,574.381314253559,0.036155468514612835,0.036155468514612835,0.3470924977402832,0.616752033745104,-0.37601687255197347,0.3381614518491653,-0.12438469371479359,-0.12438469371479359,0.08652927301198539,0.038506636649312885,-0.10290014623843788,-0.02148454747635571,-0.0023511681347000504,0.045283309516313236,False,False,False,False,-0.04865059671036519,-0.08651764521257939
"(10.0, 14.0]",CONTRACTING,-1,1.0,1.5,30,1665,664,437,664,437,-155.95942636170622,63.50327803363372,0.3987987987987988,0.3987987987987988,0.26246246246246246,0.33873873873873867,0.005105105105105105,-0.0936693251421659,-0.1267043269641681,-0.12670432696416814,0.03814010692710734,0.44192531522793405,-0.07353006572721606,-0.053174261236952056,-0.04312651642913523,0.4760803951520205,False,False,False,False,0.03502519523636283,-0.04583956586390264
"(7.0, 10.0]",CONTRACTING,1,3.0,0.5,60,3140,220,2583,220,2583,395.93912553045686,165.86538771846006,0.07006369426751592,0.07006369426751592,0.8226114649681529,0.10732484076433124,-0.20111464968152867,0.1260952629077888,-0.12784275865859973,-0.12784275865859973,0.05282337188485989,0.09199549041713641,-0.04954282001852273,-0.078299938640077,-0.021931796149620486,0.10674230655349698,False,False,False,False,-0.017530031404574802,-0.07268639503158726
"(0.0, 7.0]",EXPANDING,-1,2.0,1.5,60,3062,1041,1570,1050,1561,114.51347908208017,239.44254018301092,0.3399738732854344,0.34291312867406926,0.5127367733507512,0.14728935336381443,-0.089157413455258,0.03739826227370352,-0.12995723745948098,-0.11966984359925889,0.07819808627792649,0.33519170579029733,-0.09975673206246946,-0.030200505397011523,0.004782167495137046,0.35920888618187985,False,False,False,False,-0.06149499968221458,-0.09572611857084778
"(0.0, 7.0]",EXPANDING,-1,3.0,1.5,30,3153,277,1230,283,1224,849.4715718939984,245.83373862940914,0.08785283856644466,0.089755788138281,0.390104662226451,0.5220424992071043,-0.32159847764034255,0.26941692733713873,-0.1301497515811642,-0.12158647850790064,0.0779682012779604,0.09000515923268139,-0.09564264954486974,-0.034507102036294465,-0.0021523206662367317,0.10458119449196751,False,False,False,False,-0.0261055102925322,-0.0781276309368482
"(10.0, 14.0]",STABLE,-1,4.0,1.0,60,3763,233,2340,233,2340,1058.9114253882635,142.4723347408888,0.06191868190273718,0.06191868190273718,0.6218442731862875,0.31623704491097526,-0.3741695455753388,0.2814008571321455,-0.13063005829195462,-0.13063005829195462,0.03786136984876131,0.0741509894942585,-0.09276691770787662,-0.037863140584078,-0.012232307591521316,0.08637678616684513,False,False,False,False,-0.05155562166087233,-0.09109283997641347
"(10.0, 14.0]",STABLE,-1,4.0,1.5,60,3763,273,1668,273,1668,1056.0707006485106,142.4723347408888,0.07254849853840022,0.07254849853840022,0.44326335370714853,0.4841881477544513,-0.374701036407122,0.28064594755474637,-0.1319164587011369,-0.1319164587011369,0.03786136984876131,0.08441241143415587,-0.09685145791564882,-0.03506500078548809,-0.011863912895755654,0.09736214227080753,False,False,False,False,-0.027770870063194068,-0.07984366438216549
"(7.0, 10.0]",CONTRACTING,1,4.0,0.5,60,3140,93,2592,93,2592,671.7841162776135,165.86538771846006,0.02961783439490446,0.02961783439490446,0.8254777070063695,0.14490445859872603,-0.29426751592356687,0.2139439860756731,-0.13314690173275368,-0.13314690173275368,0.05282337188485989,0.04487034949267193,-0.04708726331157407,-0.08605963842117961,-0.015252515097767469,0.05555151711075601,False,False,False,False,-0.02675946822012909,-0.07995318497644138
"(14.0, inf]",STABLE,-1,1.5,1.5,60,2218,784,896,786,894,-71.33743282596204,56.16247469205734,0.3534715960324617,0.35437330928764654,0.40396753832281335,0.24256086564472495,-0.0757439134355275,-0.032162954385014444,-0.13322809175744788,-0.13052295199189332,0.025321223936905925,0.36240413768503654,-0.10169659986289259,-0.031531491894555286,-0.008932541652574844,0.3911298956772742,False,False,False,False,0.07988050411808147,-0.026673793819683204
"(0.0, 7.0]",EXPANDING,-1,4.0,1.5,30,3153,130,1232,136,1226,1152.8766766837296,245.83373862940914,0.041230574056454174,0.04313352362829052,0.3907389787503964,0.5680304471931494,-0.421186171899778,0.3656443630459022,-0.13351001013183622,-0.1230437874867363,0.0779682012779604,0.038506636649312885,-0.10290014623843788,-0.030609863893398342,0.0027239374071412886,0.04844083211717335,False,False,False,False,-0.006744442311086045,-0.07012722622146113
"(14.0, inf]",CONTRACTING,1,3.0,1.0,60,848,59,497,59,497,228.0743044936785,21.794415002467627,0.0695754716981132,0.0695754716981132,0.5860849056603774,0.3443396226415094,-0.37735849056603776,0.2689555477519794,-0.13410390390187396,-0.13410390390187396,0.025700961087815596,0.09470304975922954,0.017365270764207522,-0.15146917466608148,-0.025127578061116332,0.12393354619283042,False,False,False,False,0.02159896556458476,-0.0562524691686446
"(14.0, inf]",STABLE,-1,2.0,1.0,60,2218,472,1310,473,1309,122.5356007353477,56.16247469205734,0.21280432822362488,0.2132551848512173,0.5906221821460775,0.19657348963029753,-0.16501352569882777,0.05524598770755081,-0.1350887619281829,-0.1337361920454056,0.025321223936905925,0.23042625289816301,-0.09019421872133912,-0.04489454320684377,-0.01762192467453813,0.25574780718393486,False,False,False,False,0.07362672164137919,-0.03073102014340185
"(14.0, inf]",STABLE,-1,4.0,0.75,60,2218,119,1570,119,1570,453.79052365808593,56.16247469205734,0.05365193868349865,0.05365193868349865,0.7078449053201082,0.23850315599639316,-0.3162759242560866,0.20459446512988544,-0.13700268306310703,-0.13700268306310703,0.025321223936905925,0.05778491171749599,-0.08794727066459483,-0.0490554123985122,-0.004132973033997338,0.07211839008565667,False,False,False,False,0.00748094553949677,-0.06476086876180513
"(14.0, inf]",STABLE,-1,3.0,0.75,60,2218,211,1564,213,1562,291.7876263831696,56.16247469205734,0.09513074842200181,0.09603246167718665,0.7051397655545536,0.19972948602344454,-0.24346257889990983,0.1315543852043145,-0.13722941763250124,-0.13384799292555805,0.025321223936905925,0.10861423220973783,-0.0809289542478274,-0.05630046338467384,-0.01348348378773602,0.1275243105441176,False,False,False,False,0.023539678035329352,-0.05684486979858594
"(14.0, inf]",CONTRACTING,1,4.0,1.5,60,848,36,383,36,383,323.0108738754603,21.794415002467627,0.04245283018867924,0.04245283018867924,0.4516509433962264,0.5058962264150944,-0.5076650943396226,0.380909049381439,-0.1524570060459992,-0.1524570060459992,0.025700961087815596,0.045122168717674334,0.029189347666761605,-0.1816463537127608,-0.002669338528995091,0.0662828649972786,False,False,False,False,0.057552749411936485,-0.04745212831703136
"(14.0, inf]",STABLE,-1,4.0,1.0,60,2218,134,1347,134,1347,513.9837470375953,56.16247469205734,0.060414788097385035,0.060414788097385035,0.6073038773669973,0.3322813345356177,-0.36564472497745715,0.2317329788266886,-0.15923297008767448,-0.15923297008767448,0.025321223936905925,0.0640271089709292,-0.1046631503402804,-0.05456981974739408,-0.003612320873544163,0.07903628901833257,False,False,False,False,0.005144141460874021,-0.07704441431340023
"(14.0, inf]",STABLE,-1,3.0,1.0,60,2218,240,1343,242,1341,317.36624282920235,56.16247469205734,0.10820559062218214,0.109107303877367,0.6055004508566276,0.2862939585211902,-0.28088367899008115,0.143086673953653,-0.16311822897333408,-0.15951137595259468,0.025321223936905925,0.1234171571250223,-0.09735877595080444,-0.06575945302252964,-0.015211566502840154,0.1433681886596612,False,False,False,False,0.023888210087069293,-0.0696150094431324
"(14.0, inf]",STABLE,-1,2.0,1.5,60,2218,537,938,537,938,19.666543538061745,56.16247469205734,0.24211000901713256,0.24211000901713256,0.42290351668169524,0.33498647430117223,-0.15013525698827773,0.008866791495970128,-0.1665896894292135,-0.1665896894292135,0.025321223936905925,0.26270733012306047,-0.10336187732217289,-0.06322781210704062,-0.020597321105927907,0.28912470438378574,False,False,False,False,0.10423679549253226,-0.031176446968340626
"(14.0, inf]",CONTRACTING,1,3.0,1.5,60,848,65,381,65,381,254.65053584502886,21.794415002467627,0.07665094339622641,0.07665094339622641,0.4492924528301887,0.47405660377358494,-0.44398584905660377,0.3002954432134774,-0.16939136693094192,-0.16939136693094192,0.025700961087815596,0.10522561084358838,0.02955865299888221,-0.19895001992982414,-0.028574667447361965,0.1357781250226927,False,False,False,False,0.0658623101332491,-0.05176452839884641
"(0.0, 7.0]",EXPANDING,-1,3.0,1.5,60,3062,561,1670,567,1664,525.8579236763022,239.44254018301092,0.18321358589157413,0.18517308948399738,0.5453951665578054,0.2713912475506205,-0.2684519921619856,0.1717367484246578,-0.1749133300152543,-0.16609556384934965,0.07819808627792649,0.1898474178403756,-0.0951812894518071,-0.07973204056344721,-0.006633831948801461,0.20993255615451678,False,False,False,False,-0.03270956395831762,-0.10381144698678596
"(14.0, inf]",STABLE,-1,4.0,1.5,60,2218,151,953,151,953,488.963553082128,56.16247469205734,0.06807935076645627,0.06807935076645627,0.4296663660955816,0.502254283137962,-0.37218214607754735,0.2204524585582182,-0.17705091145623505,-0.17705091145623505,0.025321223936905925,0.07116104868913857,-0.11499644994764545,-0.062054461508589606,-0.0030816979226823,0.08689418154647086,False,False,False,False,0.03064011362485861,-0.07320539891568822
"(14.0, inf]",STABLE,-1,3.0,1.5,60,2218,274,950,274,950,255.31814850085445,56.16247469205734,0.12353471596032461,0.12353471596032461,0.42831379621280435,0.44815148782687103,-0.27186654643823266,0.11511187939623735,-0.1820758909789012,-0.1820758909789012,0.025321223936905925,0.1394685214909934,-0.10591167709512762,-0.07616421388377358,-0.015933805530668782,0.16044476521356693,False,False,False,False,0.04821741147939073,-0.06692923974975523
"(0.0, 7.0]",EXPANDING,-1,4.0,1.5,60,3062,306,1706,312,1700,992.2213463109905,239.44254018301092,0.0999346832135859,0.10189418680600915,0.5571521881123449,0.3429131286740692,-0.4359895493141737,0.32404354876257035,-0.19014408682952985,-0.17936681707120194,0.07819808627792649,0.10367762128325508,-0.10578199530117623,-0.08436209152835362,-0.0037429380696691883,0.11940696934202062,False,False,False,False,0.004150401552127881,-0.09299684263870099
