side,target_atr,stop_atr,target_ticks,stop_ticks,horizon,n,ties,tie_rate,target_first,stop_first,unresolved,gap_ns_median
1,0.75,0.5,18.21147077777238,12.14098051851492,15,119,14,0.11764705882352941,5,9,0,177358143245.0
1,0.75,0.5,18.21147077777238,12.14098051851492,30,119,17,0.14285714285714285,5,12,0,192395676690.0
1,0.75,0.5,18.21147077777238,12.14098051851492,60,119,17,0.14285714285714285,5,12,0,192395676690.0
1,0.75,0.75,18.21147077777238,18.21147077777238,15,119,13,0.1092436974789916,3,10,0,175686094832.0
1,0.75,0.75,18.21147077777238,18.21147077777238,30,119,14,0.11764705882352941,3,11,0,178778718052.0
1,0.75,0.75,18.21147077777238,18.21147077777238,60,119,14,0.11764705882352941,3,11,0,178778718052.0
1,0.75,1.0,18.21147077777238,24.28196103702984,15,119,6,0.05042016806722689,2,4,0,156157937170.0
1,0.75,1.0,18.21147077777238,24.28196103702984,30,119,8,0.06722689075630252,3,5,0,180145109898.0
1,0.75,1.0,18.21147077777238,24.28196103702984,60,119,8,0.06722689075630252,3,5,0,180145109898.0
1,0.75,1.5,18.21147077777238,36.42294155554476,15,119,4,0.03361344537815126,1,3,0,206820093070.0
1,0.75,1.5,18.21147077777238,36.42294155554476,30,119,5,0.04201680672268908,2,3,0,250629278878.0
1,0.75,1.5,18.21147077777238,36.42294155554476,60,119,5,0.04201680672268908,2,3,0,250629278878.0
1,1.0,0.5,24.28196103702984,12.14098051851492,15,119,6,0.05042016806722689,3,3,0,174673499451.0
1,1.0,0.5,24.28196103702984,12.14098051851492,30,119,9,0.07563025210084033,3,6,0,199582956950.0
1,1.0,0.5,24.28196103702984,12.14098051851492,60,119,9,0.07563025210084033,3,6,0,199582956950.0
1,1.0,0.75,24.28196103702984,18.21147077777238,15,119,3,0.025210084033613446,1,2,0,154508931360.0
1,1.0,0.75,24.28196103702984,18.21147077777238,30,119,5,0.04201680672268908,1,4,0,205739431254.0
1,1.0,0.75,24.28196103702984,18.21147077777238,60,119,5,0.04201680672268908,1,4,0,205739431254.0
1,1.0,1.0,24.28196103702984,24.28196103702984,15,119,2,0.01680672268907563,0,2,0,143677171331.0
1,1.0,1.0,24.28196103702984,24.28196103702984,30,119,4,0.03361344537815126,0,4,0,164442215159.0
1,1.0,1.0,24.28196103702984,24.28196103702984,60,119,4,0.03361344537815126,0,4,0,164442215159.0
1,1.0,1.5,24.28196103702984,36.42294155554476,15,119,1,0.008403361344537815,0,1,0,147933492416.0
1,1.0,1.5,24.28196103702984,36.42294155554476,30,119,1,0.008403361344537815,0,1,0,147933492416.0
1,1.0,1.5,24.28196103702984,36.42294155554476,60,119,1,0.008403361344537815,0,1,0,147933492416.0
1,1.5,0.5,36.42294155554476,12.14098051851492,15,119,2,0.01680672268907563,1,1,0,168288373939.0
1,1.5,0.5,36.42294155554476,12.14098051851492,30,119,2,0.01680672268907563,1,1,0,168288373939.0
1,1.5,0.5,36.42294155554476,12.14098051851492,60,119,2,0.01680672268907563,1,1,0,168288373939.0
1,1.5,0.75,36.42294155554476,18.21147077777238,15,119,2,0.01680672268907563,1,1,0,221339811489.0
1,1.5,0.75,36.42294155554476,18.21147077777238,30,119,2,0.01680672268907563,1,1,0,221339811489.0
1,1.5,0.75,36.42294155554476,18.21147077777238,60,119,2,0.01680672268907563,1,1,0,221339811489.0
1,1.5,1.0,36.42294155554476,24.28196103702984,15,119,1,0.008403361344537815,1,0,0,294747494026.0
1,1.5,1.0,36.42294155554476,24.28196103702984,30,119,1,0.008403361344537815,1,0,0,294747494026.0
1,1.5,1.0,36.42294155554476,24.28196103702984,60,119,1,0.008403361344537815,1,0,0,294747494026.0
1,1.5,1.5,36.42294155554476,36.42294155554476,15,119,1,0.008403361344537815,1,0,0,294842553304.0
1,1.5,1.5,36.42294155554476,36.42294155554476,30,119,1,0.008403361344537815,1,0,0,294842553304.0
1,1.5,1.5,36.42294155554476,36.42294155554476,60,119,1,0.008403361344537815,1,0,0,294842553304.0
1,2.0,0.5,48.56392207405968,12.14098051851492,15,119,0,0.0,0,0,0,
1,2.0,0.5,48.56392207405968,12.14098051851492,30,119,0,0.0,0,0,0,
1,2.0,0.5,48.56392207405968,12.14098051851492,60,119,0,0.0,0,0,0,
1,2.0,0.75,48.56392207405968,18.21147077777238,15,119,0,0.0,0,0,0,
1,2.0,0.75,48.56392207405968,18.21147077777238,30,119,0,0.0,0,0,0,
1,2.0,0.75,48.56392207405968,18.21147077777238,60,119,0,0.0,0,0,0,
1,2.0,1.0,48.56392207405968,24.28196103702984,15,119,0,0.0,0,0,0,
1,2.0,1.0,48.56392207405968,24.28196103702984,30,119,0,0.0,0,0,0,
1,2.0,1.0,48.56392207405968,24.28196103702984,60,119,0,0.0,0,0,0,
1,2.0,1.5,48.56392207405968,36.42294155554476,15,119,0,0.0,0,0,0,
1,2.0,1.5,48.56392207405968,36.42294155554476,30,119,0,0.0,0,0,0,
1,2.0,1.5,48.56392207405968,36.42294155554476,60,119,0,0.0,0,0,0,
1,3.0,0.5,72.84588311108952,12.14098051851492,15,119,0,0.0,0,0,0,
1,3.0,0.5,72.84588311108952,12.14098051851492,30,119,0,0.0,0,0,0,
1,3.0,0.5,72.84588311108952,12.14098051851492,60,119,0,0.0,0,0,0,
1,3.0,0.75,72.84588311108952,18.21147077777238,15,119,0,0.0,0,0,0,
1,3.0,0.75,72.84588311108952,18.21147077777238,30,119,0,0.0,0,0,0,
1,3.0,0.75,72.84588311108952,18.21147077777238,60,119,0,0.0,0,0,0,
1,3.0,1.0,72.84588311108952,24.28196103702984,15,119,0,0.0,0,0,0,
1,3.0,1.0,72.84588311108952,24.28196103702984,30,119,0,0.0,0,0,0,
1,3.0,1.0,72.84588311108952,24.28196103702984,60,119,0,0.0,0,0,0,
1,3.0,1.5,72.84588311108952,36.42294155554476,15,119,0,0.0,0,0,0,
1,3.0,1.5,72.84588311108952,36.42294155554476,30,119,0,0.0,0,0,0,
1,3.0,1.5,72.84588311108952,36.42294155554476,60,119,0,0.0,0,0,0,
1,4.0,0.5,97.12784414811937,12.14098051851492,15,119,0,0.0,0,0,0,
1,4.0,0.5,97.12784414811937,12.14098051851492,30,119,0,0.0,0,0,0,
1,4.0,0.5,97.12784414811937,12.14098051851492,60,119,0,0.0,0,0,0,
1,4.0,0.75,97.12784414811937,18.21147077777238,15,119,0,0.0,0,0,0,
1,4.0,0.75,97.12784414811937,18.21147077777238,30,119,0,0.0,0,0,0,
1,4.0,0.75,97.12784414811937,18.21147077777238,60,119,0,0.0,0,0,0,
1,4.0,1.0,97.12784414811937,24.28196103702984,15,119,0,0.0,0,0,0,
1,4.0,1.0,97.12784414811937,24.28196103702984,30,119,0,0.0,0,0,0,
1,4.0,1.0,97.12784414811937,24.28196103702984,60,119,0,0.0,0,0,0,
1,4.0,1.5,97.12784414811937,36.42294155554476,15,119,0,0.0,0,0,0,
1,4.0,1.5,97.12784414811937,36.42294155554476,30,119,0,0.0,0,0,0,
1,4.0,1.5,97.12784414811937,36.42294155554476,60,119,0,0.0,0,0,0,
1,0.75,0.5,19.5689751069142,13.045983404609466,15,33,3,0.09090909090909091,0,3,0,129907301956.0
1,0.75,0.5,19.5689751069142,13.045983404609466,30,33,3,0.09090909090909091,0,3,0,129907301956.0
1,0.75,0.5,19.5689751069142,13.045983404609466,60,33,3,0.09090909090909091,0,3,0,129907301956.0
1,0.75,0.75,19.5689751069142,19.5689751069142,15,33,1,0.030303030303030304,0,1,0,129038929552.0
1,0.75,0.75,19.5689751069142,19.5689751069142,30,33,1,0.030303030303030304,0,1,0,129038929552.0
1,0.75,0.75,19.5689751069142,19.5689751069142,60,33,1,0.030303030303030304,0,1,0,129038929552.0
1,0.75,1.0,19.5689751069142,26.09196680921893,15,33,0,0.0,0,0,0,
1,0.75,1.0,19.5689751069142,26.09196680921893,30,33,0,0.0,0,0,0,
1,0.75,1.0,19.5689751069142,26.09196680921893,60,33,0,0.0,0,0,0,
1,0.75,1.5,19.5689751069142,39.1379502138284,15,33,0,0.0,0,0,0,
1,0.75,1.5,19.5689751069142,39.1379502138284,30,33,0,0.0,0,0,0,
1,0.75,1.5,19.5689751069142,39.1379502138284,60,33,0,0.0,0,0,0,
1,1.0,0.5,26.09196680921893,13.045983404609466,15,33,3,0.09090909090909091,0,3,0,153842274514.0
1,1.0,0.5,26.09196680921893,13.045983404609466,30,33,3,0.09090909090909091,0,3,0,153842274514.0
1,1.0,0.5,26.09196680921893,13.045983404609466,60,33,3,0.09090909090909091,0,3,0,153842274514.0
1,1.0,0.75,26.09196680921893,19.5689751069142,15,33,1,0.030303030303030304,0,1,0,152973902110.0
1,1.0,0.75,26.09196680921893,19.5689751069142,30,33,1,0.030303030303030304,0,1,0,152973902110.0
1,1.0,0.75,26.09196680921893,19.5689751069142,60,33,1,0.030303030303030304,0,1,0,152973902110.0
1,1.0,1.0,26.09196680921893,26.09196680921893,15,33,0,0.0,0,0,0,
1,1.0,1.0,26.09196680921893,26.09196680921893,30,33,0,0.0,0,0,0,
1,1.0,1.0,26.09196680921893,26.09196680921893,60,33,0,0.0,0,0,0,
1,1.0,1.5,26.09196680921893,39.1379502138284,15,33,0,0.0,0,0,0,
1,1.0,1.5,26.09196680921893,39.1379502138284,30,33,0,0.0,0,0,0,
1,1.0,1.5,26.09196680921893,39.1379502138284,60,33,0,0.0,0,0,0,
1,1.5,0.5,39.1379502138284,13.045983404609466,15,33,0,0.0,0,0,0,
1,1.5,0.5,39.1379502138284,13.045983404609466,30,33,0,0.0,0,0,0,
1,1.5,0.5,39.1379502138284,13.045983404609466,60,33,0,0.0,0,0,0,
1,1.5,0.75,39.1379502138284,19.5689751069142,15,33,0,0.0,0,0,0,
1,1.5,0.75,39.1379502138284,19.5689751069142,30,33,0,0.0,0,0,0,
1,1.5,0.75,39.1379502138284,19.5689751069142,60,33,0,0.0,0,0,0,
1,1.5,1.0,39.1379502138284,26.09196680921893,15,33,0,0.0,0,0,0,
1,1.5,1.0,39.1379502138284,26.09196680921893,30,33,0,0.0,0,0,0,
1,1.5,1.0,39.1379502138284,26.09196680921893,60,33,0,0.0,0,0,0,
1,1.5,1.5,39.1379502138284,39.1379502138284,15,33,0,0.0,0,0,0,
1,1.5,1.5,39.1379502138284,39.1379502138284,30,33,0,0.0,0,0,0,
1,1.5,1.5,39.1379502138284,39.1379502138284,60,33,0,0.0,0,0,0,
1,2.0,0.5,52.18393361843786,13.045983404609466,15,33,0,0.0,0,0,0,
1,2.0,0.5,52.18393361843786,13.045983404609466,30,33,0,0.0,0,0,0,
1,2.0,0.5,52.18393361843786,13.045983404609466,60,33,0,0.0,0,0,0,
1,2.0,0.75,52.18393361843786,19.5689751069142,15,33,0,0.0,0,0,0,
1,2.0,0.75,52.18393361843786,19.5689751069142,30,33,0,0.0,0,0,0,
1,2.0,0.75,52.18393361843786,19.5689751069142,60,33,0,0.0,0,0,0,
1,2.0,1.0,52.18393361843786,26.09196680921893,15,33,0,0.0,0,0,0,
1,2.0,1.0,52.18393361843786,26.09196680921893,30,33,0,0.0,0,0,0,
1,2.0,1.0,52.18393361843786,26.09196680921893,60,33,0,0.0,0,0,0,
1,2.0,1.5,52.18393361843786,39.1379502138284,15,33,0,0.0,0,0,0,
1,2.0,1.5,52.18393361843786,39.1379502138284,30,33,0,0.0,0,0,0,
1,2.0,1.5,52.18393361843786,39.1379502138284,60,33,0,0.0,0,0,0,
1,3.0,0.5,78.2759004276568,13.045983404609466,15,33,0,0.0,0,0,0,
1,3.0,0.5,78.2759004276568,13.045983404609466,30,33,0,0.0,0,0,0,
1,3.0,0.5,78.2759004276568,13.045983404609466,60,33,0,0.0,0,0,0,
1,3.0,0.75,78.2759004276568,19.5689751069142,15,33,0,0.0,0,0,0,
1,3.0,0.75,78.2759004276568,19.5689751069142,30,33,0,0.0,0,0,0,
1,3.0,0.75,78.2759004276568,19.5689751069142,60,33,0,0.0,0,0,0,
1,3.0,1.0,78.2759004276568,26.09196680921893,15,33,0,0.0,0,0,0,
1,3.0,1.0,78.2759004276568,26.09196680921893,30,33,0,0.0,0,0,0,
1,3.0,1.0,78.2759004276568,26.09196680921893,60,33,0,0.0,0,0,0,
1,3.0,1.5,78.2759004276568,39.1379502138284,15,33,0,0.0,0,0,0,
1,3.0,1.5,78.2759004276568,39.1379502138284,30,33,0,0.0,0,0,0,
1,3.0,1.5,78.2759004276568,39.1379502138284,60,33,0,0.0,0,0,0,
1,4.0,0.5,104.36786723687572,13.045983404609466,15,33,0,0.0,0,0,0,
1,4.0,0.5,104.36786723687572,13.045983404609466,30,33,0,0.0,0,0,0,
1,4.0,0.5,104.36786723687572,13.045983404609466,60,33,0,0.0,0,0,0,
1,4.0,0.75,104.36786723687572,19.5689751069142,15,33,0,0.0,0,0,0,
1,4.0,0.75,104.36786723687572,19.5689751069142,30,33,0,0.0,0,0,0,
1,4.0,0.75,104.36786723687572,19.5689751069142,60,33,0,0.0,0,0,0,
1,4.0,1.0,104.36786723687572,26.09196680921893,15,33,0,0.0,0,0,0,
1,4.0,1.0,104.36786723687572,26.09196680921893,30,33,0,0.0,0,0,0,
1,4.0,1.0,104.36786723687572,26.09196680921893,60,33,0,0.0,0,0,0,
1,4.0,1.5,104.36786723687572,39.1379502138284,15,33,0,0.0,0,0,0,
1,4.0,1.5,104.36786723687572,39.1379502138284,30,33,0,0.0,0,0,0,
1,4.0,1.5,104.36786723687572,39.1379502138284,60,33,0,0.0,0,0,0,
1,0.75,0.5,19.101954600121047,12.734636400080698,15,128,13,0.1015625,5,8,0,137915588954.0
1,0.75,0.5,19.101954600121047,12.734636400080698,30,128,13,0.1015625,5,8,0,137915588954.0
1,0.75,0.5,19.101954600121047,12.734636400080698,60,128,13,0.1015625,5,8,0,137915588954.0
1,0.75,0.75,19.101954600121047,19.101954600121047,15,128,8,0.0625,4,4,0,180410679058.0
1,0.75,0.75,19.101954600121047,19.101954600121047,30,128,9,0.0703125,4,5,0,205423994350.0
1,0.75,0.75,19.101954600121047,19.101954600121047,60,128,9,0.0703125,4,5,0,205423994350.0
1,0.75,1.0,19.101954600121047,25.469272800161395,15,128,10,0.078125,5,5,0,211197999387.0
1,0.75,1.0,19.101954600121047,25.469272800161395,30,128,12,0.09375,6,6,0,211197999387.0
1,0.75,1.0,19.101954600121047,25.469272800161395,60,128,13,0.1015625,7,6,0,176207559952.0
1,0.75,1.5,19.101954600121047,38.203909200242094,15,128,4,0.03125,3,1,0,121827088829.0
1,0.75,1.5,19.101954600121047,38.203909200242094,30,128,5,0.0390625,4,1,0,121903071860.0
1,0.75,1.5,19.101954600121047,38.203909200242094,60,128,6,0.046875,5,1,0,121903990791.0
1,1.0,0.5,25.469272800161395,12.734636400080698,15,128,10,0.078125,2,8,0,133613329529.0
1,1.0,0.5,25.469272800161395,12.734636400080698,30,128,11,0.0859375,3,8,0,113754003376.0
1,1.0,0.5,25.469272800161395,12.734636400080698,60,128,11,0.0859375,3,8,0,113754003376.0
1,1.0,0.75,25.469272800161395,19.101954600121047,15,128,5,0.0390625,2,3,0,155397363766.0
1,1.0,0.75,25.469272800161395,19.101954600121047,30,128,7,0.0546875,3,4,0,155397363766.0
1,1.0,0.75,25.469272800161395,19.101954600121047,60,128,7,0.0546875,3,4,0,155397363766.0
1,1.0,1.0,25.469272800161395,25.469272800161395,15,128,5,0.0390625,3,2,0,111912253454.0
1,1.0,1.0,25.469272800161395,25.469272800161395,30,128,8,0.0625,5,3,0,117660220859.0
1,1.0,1.0,25.469272800161395,25.469272800161395,60,128,10,0.078125,6,4,0,122467750349.0
1,1.0,1.5,25.469272800161395,38.203909200242094,15,128,2,0.015625,2,0,0,121410937992.0
1,1.0,1.5,25.469272800161395,38.203909200242094,30,128,4,0.03125,4,0,0,121566438342.0
1,1.0,1.5,25.469272800161395,38.203909200242094,60,128,5,0.0390625,5,0,0,121566438342.0
1,1.5,0.5,38.203909200242094,12.734636400080698,15,128,7,0.0546875,1,6,0,64060450504.0
1,1.5,0.5,38.203909200242094,12.734636400080698,30,128,9,0.0703125,3,6,0,111912253454.0
1,1.5,0.5,38.203909200242094,12.734636400080698,60,128,9,0.0703125,3,6,0,111912253454.0
1,1.5,0.75,38.203909200242094,19.101954600121047,15,128,3,0.0234375,1,2,0,162769170768.0
1,1.5,0.75,38.203909200242094,19.101954600121047,30,128,5,0.0390625,3,2,0,121190678916.0
1,1.5,0.75,38.203909200242094,19.101954600121047,60,128,5,0.0390625,3,2,0,121190678916.0
1,1.5,1.0,38.203909200242094,25.469272800161395,15,128,1,0.0078125,1,0,0,54045107400.0
1,1.5,1.0,38.203909200242094,25.469272800161395,30,128,3,0.0234375,3,0,0,121566438342.0
1,1.5,1.0,38.203909200242094,25.469272800161395,60,128,3,0.0234375,3,0,0,121566438342.0
1,1.5,1.5,38.203909200242094,38.203909200242094,15,128,0,0.0,0,0,0,
1,1.5,1.5,38.203909200242094,38.203909200242094,30,128,2,0.015625,2,0,0,121566438342.0
1,1.5,1.5,38.203909200242094,38.203909200242094,60,128,2,0.015625,2,0,0,121566438342.0
1,2.0,0.5,50.93854560032279,12.734636400080698,15,128,3,0.0234375,1,2,0,38338183046.0
1,2.0,0.5,50.93854560032279,12.734636400080698,30,128,3,0.0234375,1,2,0,38338183046.0
1,2.0,0.5,50.93854560032279,12.734636400080698,60,128,3,0.0234375,1,2,0,38338183046.0
1,2.0,0.75,50.93854560032279,19.101954600121047,15,128,1,0.0078125,1,0,0,51830035268.0
1,2.0,0.75,50.93854560032279,19.101954600121047,30,128,1,0.0078125,1,0,0,51830035268.0
1,2.0,0.75,50.93854560032279,19.101954600121047,60,128,1,0.0078125,1,0,0,51830035268.0
1,2.0,1.0,50.93854560032279,25.469272800161395,15,128,1,0.0078125,1,0,0,54045107400.0
1,2.0,1.0,50.93854560032279,25.469272800161395,30,128,1,0.0078125,1,0,0,54045107400.0
1,2.0,1.0,50.93854560032279,25.469272800161395,60,128,1,0.0078125,1,0,0,54045107400.0
1,2.0,1.5,50.93854560032279,38.203909200242094,15,128,0,0.0,0,0,0,
1,2.0,1.5,50.93854560032279,38.203909200242094,30,128,0,0.0,0,0,0,
1,2.0,1.5,50.93854560032279,38.203909200242094,60,128,0,0.0,0,0,0,
1,3.0,0.5,76.40781840048419,12.734636400080698,15,128,1,0.0078125,0,1,0,108060070680.0
1,3.0,0.5,76.40781840048419,12.734636400080698,30,128,1,0.0078125,0,1,0,108060070680.0
1,3.0,0.5,76.40781840048419,12.734636400080698,60,128,1,0.0078125,0,1,0,108060070680.0
1,3.0,0.75,76.40781840048419,19.101954600121047,15,128,0,0.0,0,0,0,
1,3.0,0.75,76.40781840048419,19.101954600121047,30,128,0,0.0,0,0,0,
1,3.0,0.75,76.40781840048419,19.101954600121047,60,128,0,0.0,0,0,0,
1,3.0,1.0,76.40781840048419,25.469272800161395,15,128,0,0.0,0,0,0,
1,3.0,1.0,76.40781840048419,25.469272800161395,30,128,0,0.0,0,0,0,
1,3.0,1.0,76.40781840048419,25.469272800161395,60,128,0,0.0,0,0,0,
1,3.0,1.5,76.40781840048419,38.203909200242094,15,128,0,0.0,0,0,0,
1,3.0,1.5,76.40781840048419,38.203909200242094,30,128,0,0.0,0,0,0,
1,3.0,1.5,76.40781840048419,38.203909200242094,60,128,0,0.0,0,0,0,
1,4.0,0.5,101.87709120064558,12.734636400080698,15,128,0,0.0,0,0,0,
1,4.0,0.5,101.87709120064558,12.734636400080698,30,128,0,0.0,0,0,0,
1,4.0,0.5,101.87709120064558,12.734636400080698,60,128,0,0.0,0,0,0,
1,4.0,0.75,101.87709120064558,19.101954600121047,15,128,0,0.0,0,0,0,
1,4.0,0.75,101.87709120064558,19.101954600121047,30,128,0,0.0,0,0,0,
1,4.0,0.75,101.87709120064558,19.101954600121047,60,128,0,0.0,0,0,0,
1,4.0,1.0,101.87709120064558,25.469272800161395,15,128,0,0.0,0,0,0,
1,4.0,1.0,101.87709120064558,25.469272800161395,30,128,0,0.0,0,0,0,
1,4.0,1.0,101.87709120064558,25.469272800161395,60,128,0,0.0,0,0,0,
1,4.0,1.5,101.87709120064558,38.203909200242094,15,128,0,0.0,0,0,0,
1,4.0,1.5,101.87709120064558,38.203909200242094,30,128,0,0.0,0,0,0,
1,4.0,1.5,101.87709120064558,38.203909200242094,60,128,0,0.0,0,0,0,
1,0.75,0.5,20.374999999999943,13.583333333333295,15,1,0,0.0,0,0,0,
1,0.75,0.5,20.374999999999943,13.583333333333295,30,1,0,0.0,0,0,0,
1,0.75,0.5,20.374999999999943,13.583333333333295,60,1,0,0.0,0,0,0,
1,0.75,0.75,20.374999999999943,20.374999999999943,15,1,0,0.0,0,0,0,
1,0.75,0.75,20.374999999999943,20.374999999999943,30,1,0,0.0,0,0,0,
1,0.75,0.75,20.374999999999943,20.374999999999943,60,1,0,0.0,0,0,0,
1,0.75,1.0,20.374999999999943,27.16666666666659,15,1,0,0.0,0,0,0,
1,0.75,1.0,20.374999999999943,27.16666666666659,30,1,0,0.0,0,0,0,
1,0.75,1.0,20.374999999999943,27.16666666666659,60,1,0,0.0,0,0,0,
1,0.75,1.5,20.374999999999943,40.749999999999886,15,1,0,0.0,0,0,0,
1,0.75,1.5,20.374999999999943,40.749999999999886,30,1,0,0.0,0,0,0,
1,0.75,1.5,20.374999999999943,40.749999999999886,60,1,0,0.0,0,0,0,
1,1.0,0.5,27.16666666666659,13.583333333333295,15,1,0,0.0,0,0,0,
1,1.0,0.5,27.16666666666659,13.583333333333295,30,1,0,0.0,0,0,0,
1,1.0,0.5,27.16666666666659,13.583333333333295,60,1,0,0.0,0,0,0,
1,1.0,0.75,27.16666666666659,20.374999999999943,15,1,0,0.0,0,0,0,
1,1.0,0.75,27.16666666666659,20.374999999999943,30,1,0,0.0,0,0,0,
1,1.0,0.75,27.16666666666659,20.374999999999943,60,1,0,0.0,0,0,0,
1,1.0,1.0,27.16666666666659,27.16666666666659,15,1,0,0.0,0,0,0,
1,1.0,1.0,27.16666666666659,27.16666666666659,30,1,0,0.0,0,0,0,
1,1.0,1.0,27.16666666666659,27.16666666666659,60,1,0,0.0,0,0,0,
1,1.0,1.5,27.16666666666659,40.749999999999886,15,1,0,0.0,0,0,0,
1,1.0,1.5,27.16666666666659,40.749999999999886,30,1,0,0.0,0,0,0,
1,1.0,1.5,27.16666666666659,40.749999999999886,60,1,0,0.0,0,0,0,
1,1.5,0.5,40.749999999999886,13.583333333333295,15,1,0,0.0,0,0,0,
1,1.5,0.5,40.749999999999886,13.583333333333295,30,1,0,0.0,0,0,0,
1,1.5,0.5,40.749999999999886,13.583333333333295,60,1,0,0.0,0,0,0,
1,1.5,0.75,40.749999999999886,20.374999999999943,15,1,0,0.0,0,0,0,
1,1.5,0.75,40.749999999999886,20.374999999999943,30,1,0,0.0,0,0,0,
1,1.5,0.75,40.749999999999886,20.374999999999943,60,1,0,0.0,0,0,0,
1,1.5,1.0,40.749999999999886,27.16666666666659,15,1,0,0.0,0,0,0,
1,1.5,1.0,40.749999999999886,27.16666666666659,30,1,0,0.0,0,0,0,
1,1.5,1.0,40.749999999999886,27.16666666666659,60,1,0,0.0,0,0,0,
1,1.5,1.5,40.749999999999886,40.749999999999886,15,1,0,0.0,0,0,0,
1,1.5,1.5,40.749999999999886,40.749999999999886,30,1,0,0.0,0,0,0,
1,1.5,1.5,40.749999999999886,40.749999999999886,60,1,0,0.0,0,0,0,
1,2.0,0.5,54.33333333333318,13.583333333333295,15,1,0,0.0,0,0,0,
1,2.0,0.5,54.33333333333318,13.583333333333295,30,1,0,0.0,0,0,0,
1,2.0,0.5,54.33333333333318,13.583333333333295,60,1,0,0.0,0,0,0,
1,2.0,0.75,54.33333333333318,20.374999999999943,15,1,0,0.0,0,0,0,
1,2.0,0.75,54.33333333333318,20.374999999999943,30,1,0,0.0,0,0,0,
1,2.0,0.75,54.33333333333318,20.374999999999943,60,1,0,0.0,0,0,0,
1,2.0,1.0,54.33333333333318,27.16666666666659,15,1,0,0.0,0,0,0,
1,2.0,1.0,54.33333333333318,27.16666666666659,30,1,0,0.0,0,0,0,
1,2.0,1.0,54.33333333333318,27.16666666666659,60,1,0,0.0,0,0,0,
1,2.0,1.5,54.33333333333318,40.749999999999886,15,1,0,0.0,0,0,0,
1,2.0,1.5,54.33333333333318,40.749999999999886,30,1,0,0.0,0,0,0,
1,2.0,1.5,54.33333333333318,40.749999999999886,60,1,0,0.0,0,0,0,
1,3.0,0.5,81.49999999999977,13.583333333333295,15,1,0,0.0,0,0,0,
1,3.0,0.5,81.49999999999977,13.583333333333295,30,1,0,0.0,0,0,0,
1,3.0,0.5,81.49999999999977,13.583333333333295,60,1,0,0.0,0,0,0,
1,3.0,0.75,81.49999999999977,20.374999999999943,15,1,0,0.0,0,0,0,
1,3.0,0.75,81.49999999999977,20.374999999999943,30,1,0,0.0,0,0,0,
1,3.0,0.75,81.49999999999977,20.374999999999943,60,1,0,0.0,0,0,0,
1,3.0,1.0,81.49999999999977,27.16666666666659,15,1,0,0.0,0,0,0,
1,3.0,1.0,81.49999999999977,27.16666666666659,30,1,0,0.0,0,0,0,
1,3.0,1.0,81.49999999999977,27.16666666666659,60,1,0,0.0,0,0,0,
1,3.0,1.5,81.49999999999977,40.749999999999886,15,1,0,0.0,0,0,0,
1,3.0,1.5,81.49999999999977,40.749999999999886,30,1,0,0.0,0,0,0,
1,3.0,1.5,81.49999999999977,40.749999999999886,60,1,0,0.0,0,0,0,
1,4.0,0.5,108.66666666666636,13.583333333333295,15,1,0,0.0,0,0,0,
1,4.0,0.5,108.66666666666636,13.583333333333295,30,1,0,0.0,0,0,0,
1,4.0,0.5,108.66666666666636,13.583333333333295,60,1,0,0.0,0,0,0,
1,4.0,0.75,108.66666666666636,20.374999999999943,15,1,0,0.0,0,0,0,
1,4.0,0.75,108.66666666666636,20.374999999999943,30,1,0,0.0,0,0,0,
1,4.0,0.75,108.66666666666636,20.374999999999943,60,1,0,0.0,0,0,0,
1,4.0,1.0,108.66666666666636,27.16666666666659,15,1,0,0.0,0,0,0,
1,4.0,1.0,108.66666666666636,27.16666666666659,30,1,0,0.0,0,0,0,
1,4.0,1.0,108.66666666666636,27.16666666666659,60,1,0,0.0,0,0,0,
1,4.0,1.5,108.66666666666636,40.749999999999886,15,1,0,0.0,0,0,0,
1,4.0,1.5,108.66666666666636,40.749999999999886,30,1,0,0.0,0,0,0,
1,4.0,1.5,108.66666666666636,40.749999999999886,60,1,0,0.0,0,0,0,
1,0.75,0.5,20.086028957767518,13.390685971845013,15,53,1,0.018867924528301886,1,0,0,138159389978.0
1,0.75,0.5,20.086028957767518,13.390685971845013,30,53,1,0.018867924528301886,1,0,0,138159389978.0
1,0.75,0.5,20.086028957767518,13.390685971845013,60,53,1,0.018867924528301886,1,0,0,138159389978.0
1,0.75,0.75,20.086028957767518,20.086028957767518,15,53,0,0.0,0,0,0,
1,0.75,0.75,20.086028957767518,20.086028957767518,30,53,0,0.0,0,0,0,
1,0.75,0.75,20.086028957767518,20.086028957767518,60,53,0,0.0,0,0,0,
1,0.75,1.0,20.086028957767518,26.781371943690026,15,53,0,0.0,0,0,0,
1,0.75,1.0,20.086028957767518,26.781371943690026,30,53,0,0.0,0,0,0,
1,0.75,1.0,20.086028957767518,26.781371943690026,60,53,0,0.0,0,0,0,
1,0.75,1.5,20.086028957767518,40.172057915535035,15,53,0,0.0,0,0,0,
1,0.75,1.5,20.086028957767518,40.172057915535035,30,53,0,0.0,0,0,0,
1,0.75,1.5,20.086028957767518,40.172057915535035,60,53,0,0.0,0,0,0,
1,1.0,0.5,26.781371943690026,13.390685971845013,15,53,1,0.018867924528301886,1,0,0,136918929156.0
1,1.0,0.5,26.781371943690026,13.390685971845013,30,53,1,0.018867924528301886,1,0,0,136918929156.0
1,1.0,0.5,26.781371943690026,13.390685971845013,60,53,1,0.018867924528301886,1,0,0,136918929156.0
1,1.0,0.75,26.781371943690026,20.086028957767518,15,53,0,0.0,0,0,0,
1,1.0,0.75,26.781371943690026,20.086028957767518,30,53,0,0.0,0,0,0,
1,1.0,0.75,26.781371943690026,20.086028957767518,60,53,0,0.0,0,0,0,
1,1.0,1.0,26.781371943690026,26.781371943690026,15,53,0,0.0,0,0,0,
1,1.0,1.0,26.781371943690026,26.781371943690026,30,53,0,0.0,0,0,0,
1,1.0,1.0,26.781371943690026,26.781371943690026,60,53,0,0.0,0,0,0,
1,1.0,1.5,26.781371943690026,40.172057915535035,15,53,0,0.0,0,0,0,
1,1.0,1.5,26.781371943690026,40.172057915535035,30,53,0,0.0,0,0,0,
1,1.0,1.5,26.781371943690026,40.172057915535035,60,53,0,0.0,0,0,0,
1,1.5,0.5,40.172057915535035,13.390685971845013,15,53,0,0.0,0,0,0,
1,1.5,0.5,40.172057915535035,13.390685971845013,30,53,0,0.0,0,0,0,
1,1.5,0.5,40.172057915535035,13.390685971845013,60,53,0,0.0,0,0,0,
1,1.5,0.75,40.172057915535035,20.086028957767518,15,53,0,0.0,0,0,0,
1,1.5,0.75,40.172057915535035,20.086028957767518,30,53,0,0.0,0,0,0,
1,1.5,0.75,40.172057915535035,20.086028957767518,60,53,0,0.0,0,0,0,
1,1.5,1.0,40.172057915535035,26.781371943690026,15,53,0,0.0,0,0,0,
1,1.5,1.0,40.172057915535035,26.781371943690026,30,53,0,0.0,0,0,0,
1,1.5,1.0,40.172057915535035,26.781371943690026,60,53,0,0.0,0,0,0,
1,1.5,1.5,40.172057915535035,40.172057915535035,15,53,0,0.0,0,0,0,
1,1.5,1.5,40.172057915535035,40.172057915535035,30,53,0,0.0,0,0,0,
1,1.5,1.5,40.172057915535035,40.172057915535035,60,53,0,0.0,0,0,0,
1,2.0,0.5,53.56274388738005,13.390685971845013,15,53,0,0.0,0,0,0,
1,2.0,0.5,53.56274388738005,13.390685971845013,30,53,0,0.0,0,0,0,
1,2.0,0.5,53.56274388738005,13.390685971845013,60,53,0,0.0,0,0,0,
1,2.0,0.75,53.56274388738005,20.086028957767518,15,53,0,0.0,0,0,0,
1,2.0,0.75,53.56274388738005,20.086028957767518,30,53,0,0.0,0,0,0,
1,2.0,0.75,53.56274388738005,20.086028957767518,60,53,0,0.0,0,0,0,
1,2.0,1.0,53.56274388738005,26.781371943690026,15,53,0,0.0,0,0,0,
1,2.0,1.0,53.56274388738005,26.781371943690026,30,53,0,0.0,0,0,0,
1,2.0,1.0,53.56274388738005,26.781371943690026,60,53,0,0.0,0,0,0,
1,2.0,1.5,53.56274388738005,40.172057915535035,15,53,0,0.0,0,0,0,
1,2.0,1.5,53.56274388738005,40.172057915535035,30,53,0,0.0,0,0,0,
1,2.0,1.5,53.56274388738005,40.172057915535035,60,53,0,0.0,0,0,0,
1,3.0,0.5,80.34411583107007,13.390685971845013,15,53,0,0.0,0,0,0,
1,3.0,0.5,80.34411583107007,13.390685971845013,30,53,0,0.0,0,0,0,
1,3.0,0.5,80.34411583107007,13.390685971845013,60,53,0,0.0,0,0,0,
1,3.0,0.75,80.34411583107007,20.086028957767518,15,53,0,0.0,0,0,0,
1,3.0,0.75,80.34411583107007,20.086028957767518,30,53,0,0.0,0,0,0,
1,3.0,0.75,80.34411583107007,20.086028957767518,60,53,0,0.0,0,0,0,
1,3.0,1.0,80.34411583107007,26.781371943690026,15,53,0,0.0,0,0,0,
1,3.0,1.0,80.34411583107007,26.781371943690026,30,53,0,0.0,0,0,0,
1,3.0,1.0,80.34411583107007,26.781371943690026,60,53,0,0.0,0,0,0,
1,3.0,1.5,80.34411583107007,40.172057915535035,15,53,0,0.0,0,0,0,
1,3.0,1.5,80.34411583107007,40.172057915535035,30,53,0,0.0,0,0,0,
1,3.0,1.5,80.34411583107007,40.172057915535035,60,53,0,0.0,0,0,0,
1,4.0,0.5,107.1254877747601,13.390685971845013,15,53,0,0.0,0,0,0,
1,4.0,0.5,107.1254877747601,13.390685971845013,30,53,0,0.0,0,0,0,
1,4.0,0.5,107.1254877747601,13.390685971845013,60,53,0,0.0,0,0,0,
1,4.0,0.75,107.1254877747601,20.086028957767518,15,53,0,0.0,0,0,0,
1,4.0,0.75,107.1254877747601,20.086028957767518,30,53,0,0.0,0,0,0,
1,4.0,0.75,107.1254877747601,20.086028957767518,60,53,0,0.0,0,0,0,
1,4.0,1.0,107.1254877747601,26.781371943690026,15,53,0,0.0,0,0,0,
1,4.0,1.0,107.1254877747601,26.781371943690026,30,53,0,0.0,0,0,0,
1,4.0,1.0,107.1254877747601,26.781371943690026,60,53,0,0.0,0,0,0,
1,4.0,1.5,107.1254877747601,40.172057915535035,15,53,0,0.0,0,0,0,
1,4.0,1.5,107.1254877747601,40.172057915535035,30,53,0,0.0,0,0,0,
1,4.0,1.5,107.1254877747601,40.172057915535035,60,53,0,0.0,0,0,0,
1,0.75,0.5,20.999999999999943,13.999999999999961,15,1,0,0.0,0,0,0,
1,0.75,0.5,20.999999999999943,13.999999999999961,30,1,0,0.0,0,0,0,
1,0.75,0.5,20.999999999999943,13.999999999999961,60,1,0,0.0,0,0,0,
1,0.75,0.75,20.999999999999943,20.999999999999943,15,1,0,0.0,0,0,0,
1,0.75,0.75,20.999999999999943,20.999999999999943,30,1,0,0.0,0,0,0,
1,0.75,0.75,20.999999999999943,20.999999999999943,60,1,0,0.0,0,0,0,
1,0.75,1.0,20.999999999999943,27.999999999999922,15,1,0,0.0,0,0,0,
1,0.75,1.0,20.999999999999943,27.999999999999922,30,1,0,0.0,0,0,0,
1,0.75,1.0,20.999999999999943,27.999999999999922,60,1,0,0.0,0,0,0,
1,0.75,1.5,20.999999999999943,41.999999999999886,15,1,0,0.0,0,0,0,
1,0.75,1.5,20.999999999999943,41.999999999999886,30,1,0,0.0,0,0,0,
1,0.75,1.5,20.999999999999943,41.999999999999886,60,1,0,0.0,0,0,0,
1,1.0,0.5,27.999999999999922,13.999999999999961,15,1,0,0.0,0,0,0,
1,1.0,0.5,27.999999999999922,13.999999999999961,30,1,0,0.0,0,0,0,
1,1.0,0.5,27.999999999999922,13.999999999999961,60,1,0,0.0,0,0,0,
1,1.0,0.75,27.999999999999922,20.999999999999943,15,1,0,0.0,0,0,0,
1,1.0,0.75,27.999999999999922,20.999999999999943,30,1,0,0.0,0,0,0,
1,1.0,0.75,27.999999999999922,20.999999999999943,60,1,0,0.0,0,0,0,
1,1.0,1.0,27.999999999999922,27.999999999999922,15,1,0,0.0,0,0,0,
1,1.0,1.0,27.999999999999922,27.999999999999922,30,1,0,0.0,0,0,0,
1,1.0,1.0,27.999999999999922,27.999999999999922,60,1,0,0.0,0,0,0,
1,1.0,1.5,27.999999999999922,41.999999999999886,15,1,0,0.0,0,0,0,
1,1.0,1.5,27.999999999999922,41.999999999999886,30,1,0,0.0,0,0,0,
1,1.0,1.5,27.999999999999922,41.999999999999886,60,1,0,0.0,0,0,0,
1,1.5,0.5,41.999999999999886,13.999999999999961,15,1,0,0.0,0,0,0,
1,1.5,0.5,41.999999999999886,13.999999999999961,30,1,0,0.0,0,0,0,
1,1.5,0.5,41.999999999999886,13.999999999999961,60,1,0,0.0,0,0,0,
1,1.5,0.75,41.999999999999886,20.999999999999943,15,1,0,0.0,0,0,0,
1,1.5,0.75,41.999999999999886,20.999999999999943,30,1,0,0.0,0,0,0,
1,1.5,0.75,41.999999999999886,20.999999999999943,60,1,0,0.0,0,0,0,
1,1.5,1.0,41.999999999999886,27.999999999999922,15,1,0,0.0,0,0,0,
1,1.5,1.0,41.999999999999886,27.999999999999922,30,1,0,0.0,0,0,0,
1,1.5,1.0,41.999999999999886,27.999999999999922,60,1,0,0.0,0,0,0,
1,1.5,1.5,41.999999999999886,41.999999999999886,15,1,0,0.0,0,0,0,
1,1.5,1.5,41.999999999999886,41.999999999999886,30,1,0,0.0,0,0,0,
1,1.5,1.5,41.999999999999886,41.999999999999886,60,1,0,0.0,0,0,0,
1,2.0,0.5,55.999999999999844,13.999999999999961,15,1,0,0.0,0,0,0,
1,2.0,0.5,55.999999999999844,13.999999999999961,30,1,0,0.0,0,0,0,
1,2.0,0.5,55.999999999999844,13.999999999999961,60,1,0,0.0,0,0,0,
1,2.0,0.75,55.999999999999844,20.999999999999943,15,1,0,0.0,0,0,0,
1,2.0,0.75,55.999999999999844,20.999999999999943,30,1,0,0.0,0,0,0,
1,2.0,0.75,55.999999999999844,20.999999999999943,60,1,0,0.0,0,0,0,
1,2.0,1.0,55.999999999999844,27.999999999999922,15,1,0,0.0,0,0,0,
1,2.0,1.0,55.999999999999844,27.999999999999922,30,1,0,0.0,0,0,0,
1,2.0,1.0,55.999999999999844,27.999999999999922,60,1,0,0.0,0,0,0,
1,2.0,1.5,55.999999999999844,41.999999999999886,15,1,0,0.0,0,0,0,
1,2.0,1.5,55.999999999999844,41.999999999999886,30,1,0,0.0,0,0,0,
1,2.0,1.5,55.999999999999844,41.999999999999886,60,1,0,0.0,0,0,0,
1,3.0,0.5,83.99999999999977,13.999999999999961,15,1,0,0.0,0,0,0,
1,3.0,0.5,83.99999999999977,13.999999999999961,30,1,0,0.0,0,0,0,
1,3.0,0.5,83.99999999999977,13.999999999999961,60,1,0,0.0,0,0,0,
1,3.0,0.75,83.99999999999977,20.999999999999943,15,1,0,0.0,0,0,0,
1,3.0,0.75,83.99999999999977,20.999999999999943,30,1,0,0.0,0,0,0,
1,3.0,0.75,83.99999999999977,20.999999999999943,60,1,0,0.0,0,0,0,
1,3.0,1.0,83.99999999999977,27.999999999999922,15,1,0,0.0,0,0,0,
1,3.0,1.0,83.99999999999977,27.999999999999922,30,1,0,0.0,0,0,0,
1,3.0,1.0,83.99999999999977,27.999999999999922,60,1,0,0.0,0,0,0,
1,3.0,1.5,83.99999999999977,41.999999999999886,15,1,0,0.0,0,0,0,
1,3.0,1.5,83.99999999999977,41.999999999999886,30,1,0,0.0,0,0,0,
1,3.0,1.5,83.99999999999977,41.999999999999886,60,1,0,0.0,0,0,0,
1,4.0,0.5,111.99999999999969,13.999999999999961,15,1,0,0.0,0,0,0,
1,4.0,0.5,111.99999999999969,13.999999999999961,30,1,0,0.0,0,0,0,
1,4.0,0.5,111.99999999999969,13.999999999999961,60,1,0,0.0,0,0,0,
1,4.0,0.75,111.99999999999969,20.999999999999943,15,1,0,0.0,0,0,0,
1,4.0,0.75,111.99999999999969,20.999999999999943,30,1,0,0.0,0,0,0,
1,4.0,0.75,111.99999999999969,20.999999999999943,60,1,0,0.0,0,0,0,
1,4.0,1.0,111.99999999999969,27.999999999999922,15,1,0,0.0,0,0,0,
1,4.0,1.0,111.99999999999969,27.999999999999922,30,1,0,0.0,0,0,0,
1,4.0,1.0,111.99999999999969,27.999999999999922,60,1,0,0.0,0,0,0,
1,4.0,1.5,111.99999999999969,41.999999999999886,15,1,0,0.0,0,0,0,
1,4.0,1.5,111.99999999999969,41.999999999999886,30,1,0,0.0,0,0,0,
1,4.0,1.5,111.99999999999969,41.999999999999886,60,1,0,0.0,0,0,0,
1,0.75,0.5,19.710543280910343,13.140362187273563,15,100,4,0.04,0,4,0,157653795761.0
1,0.75,0.5,19.710543280910343,13.140362187273563,30,100,4,0.04,0,4,0,157653795761.0
1,0.75,0.5,19.710543280910343,13.140362187273563,60,100,4,0.04,0,4,0,157653795761.0
1,0.75,0.75,19.710543280910343,19.710543280910343,15,100,1,0.01,0,1,0,145839916716.0
1,0.75,0.75,19.710543280910343,19.710543280910343,30,100,1,0.01,0,1,0,145839916716.0
1,0.75,0.75,19.710543280910343,19.710543280910343,60,100,1,0.01,0,1,0,145839916716.0
1,0.75,1.0,19.710543280910343,26.280724374547127,15,100,1,0.01,0,1,0,145827158772.0
1,0.75,1.0,19.710543280910343,26.280724374547127,30,100,1,0.01,0,1,0,145827158772.0
1,0.75,1.0,19.710543280910343,26.280724374547127,60,100,1,0.01,0,1,0,145827158772.0
1,0.75,1.5,19.710543280910343,39.42108656182069,15,100,1,0.01,0,1,0,99464732436.0
1,0.75,1.5,19.710543280910343,39.42108656182069,30,100,1,0.01,0,1,0,99464732436.0
1,0.75,1.5,19.710543280910343,39.42108656182069,60,100,1,0.01,0,1,0,99464732436.0
1,1.0,0.5,26.280724374547127,13.140362187273563,15,100,1,0.01,0,1,0,179648422774.0
1,1.0,0.5,26.280724374547127,13.140362187273563,30,100,1,0.01,0,1,0,179648422774.0
1,1.0,0.5,26.280724374547127,13.140362187273563,60,100,1,0.01,0,1,0,179648422774.0
1,1.0,0.75,26.280724374547127,19.710543280910343,15,100,0,0.0,0,0,0,
1,1.0,0.75,26.280724374547127,19.710543280910343,30,100,0,0.0,0,0,0,
1,1.0,0.75,26.280724374547127,19.710543280910343,60,100,0,0.0,0,0,0,
1,1.0,1.0,26.280724374547127,26.280724374547127,15,100,0,0.0,0,0,0,
1,1.0,1.0,26.280724374547127,26.280724374547127,30,100,0,0.0,0,0,0,
1,1.0,1.0,26.280724374547127,26.280724374547127,60,100,0,0.0,0,0,0,
1,1.0,1.5,26.280724374547127,39.42108656182069,15,100,1,0.01,0,1,0,100534531384.0
1,1.0,1.5,26.280724374547127,39.42108656182069,30,100,1,0.01,0,1,0,100534531384.0
1,1.0,1.5,26.280724374547127,39.42108656182069,60,100,1,0.01,0,1,0,100534531384.0
1,1.5,0.5,39.42108656182069,13.140362187273563,15,100,0,0.0,0,0,0,
1,1.5,0.5,39.42108656182069,13.140362187273563,30,100,0,0.0,0,0,0,
1,1.5,0.5,39.42108656182069,13.140362187273563,60,100,0,0.0,0,0,0,
1,1.5,0.75,39.42108656182069,19.710543280910343,15,100,0,0.0,0,0,0,
1,1.5,0.75,39.42108656182069,19.710543280910343,30,100,0,0.0,0,0,0,
1,1.5,0.75,39.42108656182069,19.710543280910343,60,100,0,0.0,0,0,0,
1,1.5,1.0,39.42108656182069,26.280724374547127,15,100,0,0.0,0,0,0,
1,1.5,1.0,39.42108656182069,26.280724374547127,30,100,0,0.0,0,0,0,
1,1.5,1.0,39.42108656182069,26.280724374547127,60,100,0,0.0,0,0,0,
1,1.5,1.5,39.42108656182069,39.42108656182069,15,100,1,0.01,0,1,0,113858948760.0
1,1.5,1.5,39.42108656182069,39.42108656182069,30,100,1,0.01,0,1,0,113858948760.0
1,1.5,1.5,39.42108656182069,39.42108656182069,60,100,1,0.01,0,1,0,113858948760.0
1,2.0,0.5,52.561448749094254,13.140362187273563,15,100,0,0.0,0,0,0,
1,2.0,0.5,52.561448749094254,13.140362187273563,30,100,0,0.0,0,0,0,
1,2.0,0.5,52.561448749094254,13.140362187273563,60,100,0,0.0,0,0,0,
1,2.0,0.75,52.561448749094254,19.710543280910343,15,100,0,0.0,0,0,0,
1,2.0,0.75,52.561448749094254,19.710543280910343,30,100,0,0.0,0,0,0,
1,2.0,0.75,52.561448749094254,19.710543280910343,60,100,0,0.0,0,0,0,
1,2.0,1.0,52.561448749094254,26.280724374547127,15,100,0,0.0,0,0,0,
1,2.0,1.0,52.561448749094254,26.280724374547127,30,100,0,0.0,0,0,0,
1,2.0,1.0,52.561448749094254,26.280724374547127,60,100,0,0.0,0,0,0,
1,2.0,1.5,52.561448749094254,39.42108656182069,15,100,1,0.01,0,1,0,145004957812.0
1,2.0,1.5,52.561448749094254,39.42108656182069,30,100,1,0.01,0,1,0,145004957812.0
1,2.0,1.5,52.561448749094254,39.42108656182069,60,100,1,0.01,0,1,0,145004957812.0
1,3.0,0.5,78.84217312364137,13.140362187273563,15,100,0,0.0,0,0,0,
1,3.0,0.5,78.84217312364137,13.140362187273563,30,100,0,0.0,0,0,0,
1,3.0,0.5,78.84217312364137,13.140362187273563,60,100,0,0.0,0,0,0,
1,3.0,0.75,78.84217312364137,19.710543280910343,15,100,0,0.0,0,0,0,
1,3.0,0.75,78.84217312364137,19.710543280910343,30,100,0,0.0,0,0,0,
1,3.0,0.75,78.84217312364137,19.710543280910343,60,100,0,0.0,0,0,0,
1,3.0,1.0,78.84217312364137,26.280724374547127,15,100,0,0.0,0,0,0,
1,3.0,1.0,78.84217312364137,26.280724374547127,30,100,0,0.0,0,0,0,
1,3.0,1.0,78.84217312364137,26.280724374547127,60,100,0,0.0,0,0,0,
1,3.0,1.5,78.84217312364137,39.42108656182069,15,100,0,0.0,0,0,0,
1,3.0,1.5,78.84217312364137,39.42108656182069,30,100,0,0.0,0,0,0,
1,3.0,1.5,78.84217312364137,39.42108656182069,60,100,0,0.0,0,0,0,
1,4.0,0.5,105.12289749818851,13.140362187273563,15,100,0,0.0,0,0,0,
1,4.0,0.5,105.12289749818851,13.140362187273563,30,100,0,0.0,0,0,0,
1,4.0,0.5,105.12289749818851,13.140362187273563,60,100,0,0.0,0,0,0,
1,4.0,0.75,105.12289749818851,19.710543280910343,15,100,0,0.0,0,0,0,
1,4.0,0.75,105.12289749818851,19.710543280910343,30,100,0,0.0,0,0,0,
1,4.0,0.75,105.12289749818851,19.710543280910343,60,100,0,0.0,0,0,0,
1,4.0,1.0,105.12289749818851,26.280724374547127,15,100,0,0.0,0,0,0,
1,4.0,1.0,105.12289749818851,26.280724374547127,30,100,0,0.0,0,0,0,
1,4.0,1.0,105.12289749818851,26.280724374547127,60,100,0,0.0,0,0,0,
1,4.0,1.5,105.12289749818851,39.42108656182069,15,100,0,0.0,0,0,0,
1,4.0,1.5,105.12289749818851,39.42108656182069,30,100,0,0.0,0,0,0,
1,4.0,1.5,105.12289749818851,39.42108656182069,60,100,0,0.0,0,0,0,
1,0.75,0.5,20.62499999999943,13.74999999999962,15,5,0,0.0,0,0,0,
1,0.75,0.5,20.62499999999943,13.74999999999962,30,5,0,0.0,0,0,0,
1,0.75,0.5,20.62499999999943,13.74999999999962,60,5,0,0.0,0,0,0,
1,0.75,0.75,20.62499999999943,20.62499999999943,15,5,0,0.0,0,0,0,
1,0.75,0.75,20.62499999999943,20.62499999999943,30,5,0,0.0,0,0,0,
1,0.75,0.75,20.62499999999943,20.62499999999943,60,5,0,0.0,0,0,0,
1,0.75,1.0,20.62499999999943,27.49999999999924,15,5,0,0.0,0,0,0,
1,0.75,1.0,20.62499999999943,27.49999999999924,30,5,0,0.0,0,0,0,
1,0.75,1.0,20.62499999999943,27.49999999999924,60,5,0,0.0,0,0,0,
1,0.75,1.5,20.62499999999943,41.24999999999886,15,5,0,0.0,0,0,0,
1,0.75,1.5,20.62499999999943,41.24999999999886,30,5,0,0.0,0,0,0,
1,0.75,1.5,20.62499999999943,41.24999999999886,60,5,0,0.0,0,0,0,
1,1.0,0.5,27.49999999999924,13.74999999999962,15,5,0,0.0,0,0,0,
1,1.0,0.5,27.49999999999924,13.74999999999962,30,5,0,0.0,0,0,0,
1,1.0,0.5,27.49999999999924,13.74999999999962,60,5,0,0.0,0,0,0,
1,1.0,0.75,27.49999999999924,20.62499999999943,15,5,0,0.0,0,0,0,
1,1.0,0.75,27.49999999999924,20.62499999999943,30,5,0,0.0,0,0,0,
1,1.0,0.75,27.49999999999924,20.62499999999943,60,5,0,0.0,0,0,0,
1,1.0,1.0,27.49999999999924,27.49999999999924,15,5,0,0.0,0,0,0,
1,1.0,1.0,27.49999999999924,27.49999999999924,30,5,0,0.0,0,0,0,
1,1.0,1.0,27.49999999999924,27.49999999999924,60,5,0,0.0,0,0,0,
1,1.0,1.5,27.49999999999924,41.24999999999886,15,5,0,0.0,0,0,0,
1,1.0,1.5,27.49999999999924,41.24999999999886,30,5,0,0.0,0,0,0,
1,1.0,1.5,27.49999999999924,41.24999999999886,60,5,0,0.0,0,0,0,
1,1.5,0.5,41.24999999999886,13.74999999999962,15,5,0,0.0,0,0,0,
1,1.5,0.5,41.24999999999886,13.74999999999962,30,5,0,0.0,0,0,0,
1,1.5,0.5,41.24999999999886,13.74999999999962,60,5,0,0.0,0,0,0,
1,1.5,0.75,41.24999999999886,20.62499999999943,15,5,0,0.0,0,0,0,
1,1.5,0.75,41.24999999999886,20.62499999999943,30,5,0,0.0,0,0,0,
1,1.5,0.75,41.24999999999886,20.62499999999943,60,5,0,0.0,0,0,0,
1,1.5,1.0,41.24999999999886,27.49999999999924,15,5,0,0.0,0,0,0,
1,1.5,1.0,41.24999999999886,27.49999999999924,30,5,0,0.0,0,0,0,
1,1.5,1.0,41.24999999999886,27.49999999999924,60,5,0,0.0,0,0,0,
1,1.5,1.5,41.24999999999886,41.24999999999886,15,5,0,0.0,0,0,0,
1,1.5,1.5,41.24999999999886,41.24999999999886,30,5,0,0.0,0,0,0,
1,1.5,1.5,41.24999999999886,41.24999999999886,60,5,0,0.0,0,0,0,
1,2.0,0.5,54.99999999999848,13.74999999999962,15,5,0,0.0,0,0,0,
1,2.0,0.5,54.99999999999848,13.74999999999962,30,5,0,0.0,0,0,0,
1,2.0,0.5,54.99999999999848,13.74999999999962,60,5,0,0.0,0,0,0,
1,2.0,0.75,54.99999999999848,20.62499999999943,15,5,0,0.0,0,0,0,
1,2.0,0.75,54.99999999999848,20.62499999999943,30,5,0,0.0,0,0,0,
1,2.0,0.75,54.99999999999848,20.62499999999943,60,5,0,0.0,0,0,0,
1,2.0,1.0,54.99999999999848,27.49999999999924,15,5,0,0.0,0,0,0,
1,2.0,1.0,54.99999999999848,27.49999999999924,30,5,0,0.0,0,0,0,
1,2.0,1.0,54.99999999999848,27.49999999999924,60,5,0,0.0,0,0,0,
1,2.0,1.5,54.99999999999848,41.24999999999886,15,5,0,0.0,0,0,0,
1,2.0,1.5,54.99999999999848,41.24999999999886,30,5,0,0.0,0,0,0,
1,2.0,1.5,54.99999999999848,41.24999999999886,60,5,0,0.0,0,0,0,
1,3.0,0.5,82.49999999999773,13.74999999999962,15,5,0,0.0,0,0,0,
1,3.0,0.5,82.49999999999773,13.74999999999962,30,5,0,0.0,0,0,0,
1,3.0,0.5,82.49999999999773,13.74999999999962,60,5,0,0.0,0,0,0,
1,3.0,0.75,82.49999999999773,20.62499999999943,15,5,0,0.0,0,0,0,
1,3.0,0.75,82.49999999999773,20.62499999999943,30,5,0,0.0,0,0,0,
1,3.0,0.75,82.49999999999773,20.62499999999943,60,5,0,0.0,0,0,0,
1,3.0,1.0,82.49999999999773,27.49999999999924,15,5,0,0.0,0,0,0,
1,3.0,1.0,82.49999999999773,27.49999999999924,30,5,0,0.0,0,0,0,
1,3.0,1.0,82.49999999999773,27.49999999999924,60,5,0,0.0,0,0,0,
1,3.0,1.5,82.49999999999773,41.24999999999886,15,5,0,0.0,0,0,0,
1,3.0,1.5,82.49999999999773,41.24999999999886,30,5,0,0.0,0,0,0,
1,3.0,1.5,82.49999999999773,41.24999999999886,60,5,0,0.0,0,0,0,
1,4.0,0.5,109.99999999999696,13.74999999999962,15,5,0,0.0,0,0,0,
1,4.0,0.5,109.99999999999696,13.74999999999962,30,5,0,0.0,0,0,0,
1,4.0,0.5,109.99999999999696,13.74999999999962,60,5,0,0.0,0,0,0,
1,4.0,0.75,109.99999999999696,20.62499999999943,15,5,0,0.0,0,0,0,
1,4.0,0.75,109.99999999999696,20.62499999999943,30,5,0,0.0,0,0,0,
1,4.0,0.75,109.99999999999696,20.62499999999943,60,5,0,0.0,0,0,0,
1,4.0,1.0,109.99999999999696,27.49999999999924,15,5,0,0.0,0,0,0,
1,4.0,1.0,109.99999999999696,27.49999999999924,30,5,0,0.0,0,0,0,
1,4.0,1.0,109.99999999999696,27.49999999999924,60,5,0,0.0,0,0,0,
1,4.0,1.5,109.99999999999696,41.24999999999886,15,5,0,0.0,0,0,0,
1,4.0,1.5,109.99999999999696,41.24999999999886,30,5,0,0.0,0,0,0,
1,4.0,1.5,109.99999999999696,41.24999999999886,60,5,0,0.0,0,0,0,
1,0.75,0.5,20.665728371882444,13.77715224792163,15,21,0,0.0,0,0,0,
1,0.75,0.5,20.665728371882444,13.77715224792163,30,19,0,0.0,0,0,0,
1,0.75,0.5,20.665728371882444,13.77715224792163,60,13,0,0.0,0,0,0,
1,0.75,0.75,20.665728371882444,20.665728371882444,15,21,1,0.047619047619047616,0,1,0,45606576452.0
1,0.75,0.75,20.665728371882444,20.665728371882444,30,19,1,0.05263157894736842,0,1,0,45606576452.0
1,0.75,0.75,20.665728371882444,20.665728371882444,60,13,1,0.07692307692307693,0,1,0,45606576452.0
1,0.75,1.0,20.665728371882444,27.55430449584326,15,21,0,0.0,0,0,0,
1,0.75,1.0,20.665728371882444,27.55430449584326,30,19,0,0.0,0,0,0,
1,0.75,1.0,20.665728371882444,27.55430449584326,60,13,0,0.0,0,0,0,
1,0.75,1.5,20.665728371882444,41.33145674376489,15,21,0,0.0,0,0,0,
1,0.75,1.5,20.665728371882444,41.33145674376489,30,19,0,0.0,0,0,0,
1,0.75,1.5,20.665728371882444,41.33145674376489,60,13,0,0.0,0,0,0,
1,1.0,0.5,27.55430449584326,13.77715224792163,15,21,0,0.0,0,0,0,
1,1.0,0.5,27.55430449584326,13.77715224792163,30,19,0,0.0,0,0,0,
1,1.0,0.5,27.55430449584326,13.77715224792163,60,13,0,0.0,0,0,0,
1,1.0,0.75,27.55430449584326,20.665728371882444,15,21,1,0.047619047619047616,0,1,0,45772455676.0
1,1.0,0.75,27.55430449584326,20.665728371882444,30,19,1,0.05263157894736842,0,1,0,45772455676.0
1,1.0,0.75,27.55430449584326,20.665728371882444,60,13,1,0.07692307692307693,0,1,0,45772455676.0
1,1.0,1.0,27.55430449584326,27.55430449584326,15,21,0,0.0,0,0,0,
1,1.0,1.0,27.55430449584326,27.55430449584326,30,19,0,0.0,0,0,0,
1,1.0,1.0,27.55430449584326,27.55430449584326,60,13,0,0.0,0,0,0,
1,1.0,1.5,27.55430449584326,41.33145674376489,15,21,0,0.0,0,0,0,
1,1.0,1.5,27.55430449584326,41.33145674376489,30,19,0,0.0,0,0,0,
1,1.0,1.5,27.55430449584326,41.33145674376489,60,13,0,0.0,0,0,0,
1,1.5,0.5,41.33145674376489,13.77715224792163,15,21,0,0.0,0,0,0,
1,1.5,0.5,41.33145674376489,13.77715224792163,30,19,0,0.0,0,0,0,
1,1.5,0.5,41.33145674376489,13.77715224792163,60,13,0,0.0,0,0,0,
1,1.5,0.75,41.33145674376489,20.665728371882444,15,21,1,0.047619047619047616,0,1,0,55078401094.0
1,1.5,0.75,41.33145674376489,20.665728371882444,30,19,1,0.05263157894736842,0,1,0,55078401094.0
1,1.5,0.75,41.33145674376489,20.665728371882444,60,13,1,0.07692307692307693,0,1,0,55078401094.0
1,1.5,1.0,41.33145674376489,27.55430449584326,15,21,0,0.0,0,0,0,
1,1.5,1.0,41.33145674376489,27.55430449584326,30,19,0,0.0,0,0,0,
1,1.5,1.0,41.33145674376489,27.55430449584326,60,13,0,0.0,0,0,0,
1,1.5,1.5,41.33145674376489,41.33145674376489,15,21,0,0.0,0,0,0,
1,1.5,1.5,41.33145674376489,41.33145674376489,30,19,0,0.0,0,0,0,
1,1.5,1.5,41.33145674376489,41.33145674376489,60,13,0,0.0,0,0,0,
1,2.0,0.5,55.10860899168652,13.77715224792163,15,21,0,0.0,0,0,0,
1,2.0,0.5,55.10860899168652,13.77715224792163,30,19,0,0.0,0,0,0,
1,2.0,0.5,55.10860899168652,13.77715224792163,60,13,0,0.0,0,0,0,
1,2.0,0.75,55.10860899168652,20.665728371882444,15,21,0,0.0,0,0,0,
1,2.0,0.75,55.10860899168652,20.665728371882444,30,19,0,0.0,0,0,0,
1,2.0,0.75,55.10860899168652,20.665728371882444,60,13,0,0.0,0,0,0,
1,2.0,1.0,55.10860899168652,27.55430449584326,15,21,0,0.0,0,0,0,
1,2.0,1.0,55.10860899168652,27.55430449584326,30,19,0,0.0,0,0,0,
1,2.0,1.0,55.10860899168652,27.55430449584326,60,13,0,0.0,0,0,0,
1,2.0,1.5,55.10860899168652,41.33145674376489,15,21,0,0.0,0,0,0,
1,2.0,1.5,55.10860899168652,41.33145674376489,30,19,0,0.0,0,0,0,
1,2.0,1.5,55.10860899168652,41.33145674376489,60,13,0,0.0,0,0,0,
1,3.0,0.5,82.66291348752978,13.77715224792163,15,21,0,0.0,0,0,0,
1,3.0,0.5,82.66291348752978,13.77715224792163,30,19,0,0.0,0,0,0,
1,3.0,0.5,82.66291348752978,13.77715224792163,60,13,0,0.0,0,0,0,
1,3.0,0.75,82.66291348752978,20.665728371882444,15,21,0,0.0,0,0,0,
1,3.0,0.75,82.66291348752978,20.665728371882444,30,19,0,0.0,0,0,0,
1,3.0,0.75,82.66291348752978,20.665728371882444,60,13,0,0.0,0,0,0,
1,3.0,1.0,82.66291348752978,27.55430449584326,15,21,0,0.0,0,0,0,
1,3.0,1.0,82.66291348752978,27.55430449584326,30,19,0,0.0,0,0,0,
1,3.0,1.0,82.66291348752978,27.55430449584326,60,13,0,0.0,0,0,0,
1,3.0,1.5,82.66291348752978,41.33145674376489,15,21,0,0.0,0,0,0,
1,3.0,1.5,82.66291348752978,41.33145674376489,30,19,0,0.0,0,0,0,
1,3.0,1.5,82.66291348752978,41.33145674376489,60,13,0,0.0,0,0,0,
1,4.0,0.5,110.21721798337305,13.77715224792163,15,21,0,0.0,0,0,0,
1,4.0,0.5,110.21721798337305,13.77715224792163,30,19,0,0.0,0,0,0,
1,4.0,0.5,110.21721798337305,13.77715224792163,60,13,0,0.0,0,0,0,
1,4.0,0.75,110.21721798337305,20.665728371882444,15,21,0,0.0,0,0,0,
1,4.0,0.75,110.21721798337305,20.665728371882444,30,19,0,0.0,0,0,0,
1,4.0,0.75,110.21721798337305,20.665728371882444,60,13,0,0.0,0,0,0,
1,4.0,1.0,110.21721798337305,27.55430449584326,15,21,0,0.0,0,0,0,
1,4.0,1.0,110.21721798337305,27.55430449584326,30,19,0,0.0,0,0,0,
1,4.0,1.0,110.21721798337305,27.55430449584326,60,13,0,0.0,0,0,0,
1,4.0,1.5,110.21721798337305,41.33145674376489,15,21,0,0.0,0,0,0,
1,4.0,1.5,110.21721798337305,41.33145674376489,30,19,0,0.0,0,0,0,
1,4.0,1.5,110.21721798337305,41.33145674376489,60,13,0,0.0,0,0,0,
1,0.75,0.5,18.18749999999966,12.124999999999773,15,1,0,0.0,0,0,0,
1,0.75,0.5,18.18749999999966,12.124999999999773,30,0,0,,0,0,0,
1,0.75,0.5,18.18749999999966,12.124999999999773,60,0,0,,0,0,0,
1,0.75,0.75,18.18749999999966,18.18749999999966,15,1,0,0.0,0,0,0,
1,0.75,0.75,18.18749999999966,18.18749999999966,30,0,0,,0,0,0,
1,0.75,0.75,18.18749999999966,18.18749999999966,60,0,0,,0,0,0,
1,0.75,1.0,18.18749999999966,24.249999999999545,15,1,0,0.0,0,0,0,
1,0.75,1.0,18.18749999999966,24.249999999999545,30,0,0,,0,0,0,
1,0.75,1.0,18.18749999999966,24.249999999999545,60,0,0,,0,0,0,
1,0.75,1.5,18.18749999999966,36.37499999999932,15,1,0,0.0,0,0,0,
1,0.75,1.5,18.18749999999966,36.37499999999932,30,0,0,,0,0,0,
1,0.75,1.5,18.18749999999966,36.37499999999932,60,0,0,,0,0,0,
1,1.0,0.5,24.249999999999545,12.124999999999773,15,1,0,0.0,0,0,0,
1,1.0,0.5,24.249999999999545,12.124999999999773,30,0,0,,0,0,0,
1,1.0,0.5,24.249999999999545,12.124999999999773,60,0,0,,0,0,0,
1,1.0,0.75,24.249999999999545,18.18749999999966,15,1,0,0.0,0,0,0,
1,1.0,0.75,24.249999999999545,18.18749999999966,30,0,0,,0,0,0,
1,1.0,0.75,24.249999999999545,18.18749999999966,60,0,0,,0,0,0,
1,1.0,1.0,24.249999999999545,24.249999999999545,15,1,0,0.0,0,0,0,
1,1.0,1.0,24.249999999999545,24.249999999999545,30,0,0,,0,0,0,
1,1.0,1.0,24.249999999999545,24.249999999999545,60,0,0,,0,0,0,
1,1.0,1.5,24.249999999999545,36.37499999999932,15,1,0,0.0,0,0,0,
1,1.0,1.5,24.249999999999545,36.37499999999932,30,0,0,,0,0,0,
1,1.0,1.5,24.249999999999545,36.37499999999932,60,0,0,,0,0,0,
1,1.5,0.5,36.37499999999932,12.124999999999773,15,1,0,0.0,0,0,0,
1,1.5,0.5,36.37499999999932,12.124999999999773,30,0,0,,0,0,0,
1,1.5,0.5,36.37499999999932,12.124999999999773,60,0,0,,0,0,0,
1,1.5,0.75,36.37499999999932,18.18749999999966,15,1,0,0.0,0,0,0,
1,1.5,0.75,36.37499999999932,18.18749999999966,30,0,0,,0,0,0,
1,1.5,0.75,36.37499999999932,18.18749999999966,60,0,0,,0,0,0,
1,1.5,1.0,36.37499999999932,24.249999999999545,15,1,0,0.0,0,0,0,
1,1.5,1.0,36.37499999999932,24.249999999999545,30,0,0,,0,0,0,
1,1.5,1.0,36.37499999999932,24.249999999999545,60,0,0,,0,0,0,
1,1.5,1.5,36.37499999999932,36.37499999999932,15,1,0,0.0,0,0,0,
1,1.5,1.5,36.37499999999932,36.37499999999932,30,0,0,,0,0,0,
1,1.5,1.5,36.37499999999932,36.37499999999932,60,0,0,,0,0,0,
1,2.0,0.5,48.49999999999909,12.124999999999773,15,1,0,0.0,0,0,0,
1,2.0,0.5,48.49999999999909,12.124999999999773,30,0,0,,0,0,0,
1,2.0,0.5,48.49999999999909,12.124999999999773,60,0,0,,0,0,0,
1,2.0,0.75,48.49999999999909,18.18749999999966,15,1,0,0.0,0,0,0,
1,2.0,0.75,48.49999999999909,18.18749999999966,30,0,0,,0,0,0,
1,2.0,0.75,48.49999999999909,18.18749999999966,60,0,0,,0,0,0,
1,2.0,1.0,48.49999999999909,24.249999999999545,15,1,0,0.0,0,0,0,
1,2.0,1.0,48.49999999999909,24.249999999999545,30,0,0,,0,0,0,
1,2.0,1.0,48.49999999999909,24.249999999999545,60,0,0,,0,0,0,
1,2.0,1.5,48.49999999999909,36.37499999999932,15,1,0,0.0,0,0,0,
1,2.0,1.5,48.49999999999909,36.37499999999932,30,0,0,,0,0,0,
1,2.0,1.5,48.49999999999909,36.37499999999932,60,0,0,,0,0,0,
1,3.0,0.5,72.74999999999864,12.124999999999773,15,1,0,0.0,0,0,0,
1,3.0,0.5,72.74999999999864,12.124999999999773,30,0,0,,0,0,0,
1,3.0,0.5,72.74999999999864,12.124999999999773,60,0,0,,0,0,0,
1,3.0,0.75,72.74999999999864,18.18749999999966,15,1,0,0.0,0,0,0,
1,3.0,0.75,72.74999999999864,18.18749999999966,30,0,0,,0,0,0,
1,3.0,0.75,72.74999999999864,18.18749999999966,60,0,0,,0,0,0,
1,3.0,1.0,72.74999999999864,24.249999999999545,15,1,0,0.0,0,0,0,
1,3.0,1.0,72.74999999999864,24.249999999999545,30,0,0,,0,0,0,
1,3.0,1.0,72.74999999999864,24.249999999999545,60,0,0,,0,0,0,
1,3.0,1.5,72.74999999999864,36.37499999999932,15,1,0,0.0,0,0,0,
1,3.0,1.5,72.74999999999864,36.37499999999932,30,0,0,,0,0,0,
1,3.0,1.5,72.74999999999864,36.37499999999932,60,0,0,,0,0,0,
1,4.0,0.5,96.99999999999818,12.124999999999773,15,1,0,0.0,0,0,0,
1,4.0,0.5,96.99999999999818,12.124999999999773,30,0,0,,0,0,0,
1,4.0,0.5,96.99999999999818,12.124999999999773,60,0,0,,0,0,0,
1,4.0,0.75,96.99999999999818,18.18749999999966,15,1,0,0.0,0,0,0,
1,4.0,0.75,96.99999999999818,18.18749999999966,30,0,0,,0,0,0,
1,4.0,0.75,96.99999999999818,18.18749999999966,60,0,0,,0,0,0,
1,4.0,1.0,96.99999999999818,24.249999999999545,15,1,0,0.0,0,0,0,
1,4.0,1.0,96.99999999999818,24.249999999999545,30,0,0,,0,0,0,
1,4.0,1.0,96.99999999999818,24.249999999999545,60,0,0,,0,0,0,
1,4.0,1.5,96.99999999999818,36.37499999999932,15,1,0,0.0,0,0,0,
1,4.0,1.5,96.99999999999818,36.37499999999932,30,0,0,,0,0,0,
1,4.0,1.5,96.99999999999818,36.37499999999932,60,0,0,,0,0,0,
1,0.75,0.5,18.09650925895975,12.064339505973166,15,138,5,0.036231884057971016,5,0,0,176304356108.0
1,0.75,0.5,18.09650925895975,12.064339505973166,30,120,5,0.041666666666666664,5,0,0,176304356108.0
1,0.75,0.5,18.09650925895975,12.064339505973166,60,97,5,0.05154639175257732,5,0,0,176304356108.0
1,0.75,0.75,18.09650925895975,18.09650925895975,15,138,5,0.036231884057971016,3,2,0,179498826746.0
1,0.75,0.75,18.09650925895975,18.09650925895975,30,120,5,0.041666666666666664,3,2,0,179498826746.0
1,0.75,0.75,18.09650925895975,18.09650925895975,60,97,5,0.05154639175257732,3,2,0,179498826746.0
1,0.75,1.0,18.09650925895975,24.128679011946332,15,138,0,0.0,0,0,0,
1,0.75,1.0,18.09650925895975,24.128679011946332,30,120,0,0.0,0,0,0,
1,0.75,1.0,18.09650925895975,24.128679011946332,60,97,0,0.0,0,0,0,
1,0.75,1.5,18.09650925895975,36.1930185179195,15,138,0,0.0,0,0,0,
1,0.75,1.5,18.09650925895975,36.1930185179195,30,120,2,0.016666666666666666,0,2,0,58059853403.0
1,0.75,1.5,18.09650925895975,36.1930185179195,60,97,2,0.020618556701030927,0,2,0,58059853403.0
1,1.0,0.5,24.128679011946332,12.064339505973166,15,138,4,0.028985507246376812,4,0,0,175586907073.0
1,1.0,0.5,24.128679011946332,12.064339505973166,30,120,4,0.03333333333333333,4,0,0,175586907073.0
1,1.0,0.5,24.128679011946332,12.064339505973166,60,97,4,0.041237113402061855,4,0,0,175586907073.0
1,1.0,0.75,24.128679011946332,18.09650925895975,15,138,2,0.014492753623188406,1,1,0,116197988514.0
1,1.0,0.75,24.128679011946332,18.09650925895975,30,120,2,0.016666666666666666,1,1,0,116197988514.0
1,1.0,0.75,24.128679011946332,18.09650925895975,60,97,2,0.020618556701030927,1,1,0,116197988514.0
1,1.0,1.0,24.128679011946332,24.128679011946332,15,138,0,0.0,0,0,0,
1,1.0,1.0,24.128679011946332,24.128679011946332,30,120,0,0.0,0,0,0,
1,1.0,1.0,24.128679011946332,24.128679011946332,60,97,0,0.0,0,0,0,
1,1.0,1.5,24.128679011946332,36.1930185179195,15,138,0,0.0,0,0,0,
1,1.0,1.5,24.128679011946332,36.1930185179195,30,120,2,0.016666666666666666,0,2,0,58327920542.0
1,1.0,1.5,24.128679011946332,36.1930185179195,60,97,2,0.020618556701030927,0,2,0,58327920542.0
1,1.5,0.5,36.1930185179195,12.064339505973166,15,138,0,0.0,0,0,0,
1,1.5,0.5,36.1930185179195,12.064339505973166,30,120,0,0.0,0,0,0,
1,1.5,0.5,36.1930185179195,12.064339505973166,60,97,0,0.0,0,0,0,
1,1.5,0.75,36.1930185179195,18.09650925895975,15,138,1,0.007246376811594203,0,1,0,58541477002.0
1,1.5,0.75,36.1930185179195,18.09650925895975,30,120,1,0.008333333333333333,0,1,0,58541477002.0
1,1.5,0.75,36.1930185179195,18.09650925895975,60,97,1,0.010309278350515464,0,1,0,58541477002.0
1,1.5,1.0,36.1930185179195,24.128679011946332,15,138,0,0.0,0,0,0,
1,1.5,1.0,36.1930185179195,24.128679011946332,30,120,0,0.0,0,0,0,
1,1.5,1.0,36.1930185179195,24.128679011946332,60,97,0,0.0,0,0,0,
1,1.5,1.5,36.1930185179195,36.1930185179195,15,138,0,0.0,0,0,0,
1,1.5,1.5,36.1930185179195,36.1930185179195,30,120,0,0.0,0,0,0,
1,1.5,1.5,36.1930185179195,36.1930185179195,60,97,0,0.0,0,0,0,
1,2.0,0.5,48.257358023892664,12.064339505973166,15,138,0,0.0,0,0,0,
1,2.0,0.5,48.257358023892664,12.064339505973166,30,120,0,0.0,0,0,0,
1,2.0,0.5,48.257358023892664,12.064339505973166,60,97,0,0.0,0,0,0,
1,2.0,0.75,48.257358023892664,18.09650925895975,15,138,0,0.0,0,0,0,
1,2.0,0.75,48.257358023892664,18.09650925895975,30,120,0,0.0,0,0,0,
1,2.0,0.75,48.257358023892664,18.09650925895975,60,97,0,0.0,0,0,0,
1,2.0,1.0,48.257358023892664,24.128679011946332,15,138,0,0.0,0,0,0,
1,2.0,1.0,48.257358023892664,24.128679011946332,30,120,0,0.0,0,0,0,
1,2.0,1.0,48.257358023892664,24.128679011946332,60,97,0,0.0,0,0,0,
1,2.0,1.5,48.257358023892664,36.1930185179195,15,138,0,0.0,0,0,0,
1,2.0,1.5,48.257358023892664,36.1930185179195,30,120,0,0.0,0,0,0,
1,2.0,1.5,48.257358023892664,36.1930185179195,60,97,0,0.0,0,0,0,
1,3.0,0.5,72.386037035839,12.064339505973166,15,138,0,0.0,0,0,0,
1,3.0,0.5,72.386037035839,12.064339505973166,30,120,0,0.0,0,0,0,
1,3.0,0.5,72.386037035839,12.064339505973166,60,97,0,0.0,0,0,0,
1,3.0,0.75,72.386037035839,18.09650925895975,15,138,0,0.0,0,0,0,
1,3.0,0.75,72.386037035839,18.09650925895975,30,120,0,0.0,0,0,0,
1,3.0,0.75,72.386037035839,18.09650925895975,60,97,0,0.0,0,0,0,
1,3.0,1.0,72.386037035839,24.128679011946332,15,138,0,0.0,0,0,0,
1,3.0,1.0,72.386037035839,24.128679011946332,30,120,0,0.0,0,0,0,
1,3.0,1.0,72.386037035839,24.128679011946332,60,97,0,0.0,0,0,0,
1,3.0,1.5,72.386037035839,36.1930185179195,15,138,0,0.0,0,0,0,
1,3.0,1.5,72.386037035839,36.1930185179195,30,120,0,0.0,0,0,0,
1,3.0,1.5,72.386037035839,36.1930185179195,60,97,0,0.0,0,0,0,
1,4.0,0.5,96.51471604778533,12.064339505973166,15,138,0,0.0,0,0,0,
1,4.0,0.5,96.51471604778533,12.064339505973166,30,120,0,0.0,0,0,0,
1,4.0,0.5,96.51471604778533,12.064339505973166,60,97,0,0.0,0,0,0,
1,4.0,0.75,96.51471604778533,18.09650925895975,15,138,0,0.0,0,0,0,
1,4.0,0.75,96.51471604778533,18.09650925895975,30,120,0,0.0,0,0,0,
1,4.0,0.75,96.51471604778533,18.09650925895975,60,97,0,0.0,0,0,0,
1,4.0,1.0,96.51471604778533,24.128679011946332,15,138,0,0.0,0,0,0,
1,4.0,1.0,96.51471604778533,24.128679011946332,30,120,0,0.0,0,0,0,
1,4.0,1.0,96.51471604778533,24.128679011946332,60,97,0,0.0,0,0,0,
1,4.0,1.5,96.51471604778533,36.1930185179195,15,138,0,0.0,0,0,0,
1,4.0,1.5,96.51471604778533,36.1930185179195,30,120,0,0.0,0,0,0,
1,4.0,1.5,96.51471604778533,36.1930185179195,60,97,0,0.0,0,0,0,
1,0.75,0.5,20.368624731465708,13.579083154310473,15,9,0,0.0,0,0,0,
1,0.75,0.5,20.368624731465708,13.579083154310473,30,8,0,0.0,0,0,0,
1,0.75,0.5,20.368624731465708,13.579083154310473,60,6,0,0.0,0,0,0,
1,0.75,0.75,20.368624731465708,20.368624731465708,15,9,0,0.0,0,0,0,
1,0.75,0.75,20.368624731465708,20.368624731465708,30,8,0,0.0,0,0,0,
1,0.75,0.75,20.368624731465708,20.368624731465708,60,6,0,0.0,0,0,0,
1,0.75,1.0,20.368624731465708,27.158166308620945,15,9,0,0.0,0,0,0,
1,0.75,1.0,20.368624731465708,27.158166308620945,30,8,0,0.0,0,0,0,
1,0.75,1.0,20.368624731465708,27.158166308620945,60,6,0,0.0,0,0,0,
1,0.75,1.5,20.368624731465708,40.737249462931416,15,9,0,0.0,0,0,0,
1,0.75,1.5,20.368624731465708,40.737249462931416,30,8,0,0.0,0,0,0,
1,0.75,1.5,20.368624731465708,40.737249462931416,60,6,0,0.0,0,0,0,
1,1.0,0.5,27.158166308620945,13.579083154310473,15,9,0,0.0,0,0,0,
1,1.0,0.5,27.158166308620945,13.579083154310473,30,8,0,0.0,0,0,0,
1,1.0,0.5,27.158166308620945,13.579083154310473,60,6,0,0.0,0,0,0,
1,1.0,0.75,27.158166308620945,20.368624731465708,15,9,0,0.0,0,0,0,
1,1.0,0.75,27.158166308620945,20.368624731465708,30,8,0,0.0,0,0,0,
1,1.0,0.75,27.158166308620945,20.368624731465708,60,6,0,0.0,0,0,0,
1,1.0,1.0,27.158166308620945,27.158166308620945,15,9,0,0.0,0,0,0,
1,1.0,1.0,27.158166308620945,27.158166308620945,30,8,0,0.0,0,0,0,
1,1.0,1.0,27.158166308620945,27.158166308620945,60,6,0,0.0,0,0,0,
1,1.0,1.5,27.158166308620945,40.737249462931416,15,9,0,0.0,0,0,0,
1,1.0,1.5,27.158166308620945,40.737249462931416,30,8,0,0.0,0,0,0,
1,1.0,1.5,27.158166308620945,40.737249462931416,60,6,0,0.0,0,0,0,
1,1.5,0.5,40.737249462931416,13.579083154310473,15,9,0,0.0,0,0,0,
1,1.5,0.5,40.737249462931416,13.579083154310473,30,8,0,0.0,0,0,0,
1,1.5,0.5,40.737249462931416,13.579083154310473,60,6,0,0.0,0,0,0,
1,1.5,0.75,40.737249462931416,20.368624731465708,15,9,0,0.0,0,0,0,
1,1.5,0.75,40.737249462931416,20.368624731465708,30,8,0,0.0,0,0,0,
1,1.5,0.75,40.737249462931416,20.368624731465708,60,6,0,0.0,0,0,0,
1,1.5,1.0,40.737249462931416,27.158166308620945,15,9,0,0.0,0,0,0,
1,1.5,1.0,40.737249462931416,27.158166308620945,30,8,0,0.0,0,0,0,
1,1.5,1.0,40.737249462931416,27.158166308620945,60,6,0,0.0,0,0,0,
1,1.5,1.5,40.737249462931416,40.737249462931416,15,9,0,0.0,0,0,0,
1,1.5,1.5,40.737249462931416,40.737249462931416,30,8,0,0.0,0,0,0,
1,1.5,1.5,40.737249462931416,40.737249462931416,60,6,0,0.0,0,0,0,
1,2.0,0.5,54.31633261724189,13.579083154310473,15,9,0,0.0,0,0,0,
1,2.0,0.5,54.31633261724189,13.579083154310473,30,8,0,0.0,0,0,0,
1,2.0,0.5,54.31633261724189,13.579083154310473,60,6,0,0.0,0,0,0,
1,2.0,0.75,54.31633261724189,20.368624731465708,15,9,0,0.0,0,0,0,
1,2.0,0.75,54.31633261724189,20.368624731465708,30,8,0,0.0,0,0,0,
1,2.0,0.75,54.31633261724189,20.368624731465708,60,6,0,0.0,0,0,0,
1,2.0,1.0,54.31633261724189,27.158166308620945,15,9,0,0.0,0,0,0,
1,2.0,1.0,54.31633261724189,27.158166308620945,30,8,0,0.0,0,0,0,
1,2.0,1.0,54.31633261724189,27.158166308620945,60,6,0,0.0,0,0,0,
1,2.0,1.5,54.31633261724189,40.737249462931416,15,9,0,0.0,0,0,0,
1,2.0,1.5,54.31633261724189,40.737249462931416,30,8,0,0.0,0,0,0,
1,2.0,1.5,54.31633261724189,40.737249462931416,60,6,0,0.0,0,0,0,
1,3.0,0.5,81.47449892586283,13.579083154310473,15,9,0,0.0,0,0,0,
1,3.0,0.5,81.47449892586283,13.579083154310473,30,8,0,0.0,0,0,0,
1,3.0,0.5,81.47449892586283,13.579083154310473,60,6,0,0.0,0,0,0,
1,3.0,0.75,81.47449892586283,20.368624731465708,15,9,0,0.0,0,0,0,
1,3.0,0.75,81.47449892586283,20.368624731465708,30,8,0,0.0,0,0,0,
1,3.0,0.75,81.47449892586283,20.368624731465708,60,6,0,0.0,0,0,0,
1,3.0,1.0,81.47449892586283,27.158166308620945,15,9,0,0.0,0,0,0,
1,3.0,1.0,81.47449892586283,27.158166308620945,30,8,0,0.0,0,0,0,
1,3.0,1.0,81.47449892586283,27.158166308620945,60,6,0,0.0,0,0,0,
1,3.0,1.5,81.47449892586283,40.737249462931416,15,9,0,0.0,0,0,0,
1,3.0,1.5,81.47449892586283,40.737249462931416,30,8,0,0.0,0,0,0,
1,3.0,1.5,81.47449892586283,40.737249462931416,60,6,0,0.0,0,0,0,
1,4.0,0.5,108.63266523448378,13.579083154310473,15,9,0,0.0,0,0,0,
1,4.0,0.5,108.63266523448378,13.579083154310473,30,8,0,0.0,0,0,0,
1,4.0,0.5,108.63266523448378,13.579083154310473,60,6,0,0.0,0,0,0,
1,4.0,0.75,108.63266523448378,20.368624731465708,15,9,0,0.0,0,0,0,
1,4.0,0.75,108.63266523448378,20.368624731465708,30,8,0,0.0,0,0,0,
1,4.0,0.75,108.63266523448378,20.368624731465708,60,6,0,0.0,0,0,0,
1,4.0,1.0,108.63266523448378,27.158166308620945,15,9,0,0.0,0,0,0,
1,4.0,1.0,108.63266523448378,27.158166308620945,30,8,0,0.0,0,0,0,
1,4.0,1.0,108.63266523448378,27.158166308620945,60,6,0,0.0,0,0,0,
1,4.0,1.5,108.63266523448378,40.737249462931416,15,9,0,0.0,0,0,0,
1,4.0,1.5,108.63266523448378,40.737249462931416,30,8,0,0.0,0,0,0,
1,4.0,1.5,108.63266523448378,40.737249462931416,60,6,0,0.0,0,0,0,
1,0.75,0.5,18.604607168058294,12.403071445372197,15,113,4,0.035398230088495575,1,3,0,148456216339.0
1,0.75,0.5,18.604607168058294,12.403071445372197,30,95,4,0.042105263157894736,1,3,0,148456216339.0
1,0.75,0.5,18.604607168058294,12.403071445372197,60,67,4,0.05970149253731343,1,3,0,148456216339.0
1,0.75,0.75,18.604607168058294,18.604607168058294,15,113,1,0.008849557522123894,1,0,0,179498826746.0
1,0.75,0.75,18.604607168058294,18.604607168058294,30,95,1,0.010526315789473684,1,0,0,179498826746.0
1,0.75,0.75,18.604607168058294,18.604607168058294,60,67,1,0.014925373134328358,1,0,0,179498826746.0
1,0.75,1.0,18.604607168058294,24.806142890744393,15,113,0,0.0,0,0,0,
1,0.75,1.0,18.604607168058294,24.806142890744393,30,95,0,0.0,0,0,0,
1,0.75,1.0,18.604607168058294,24.806142890744393,60,67,0,0.0,0,0,0,
1,0.75,1.5,18.604607168058294,37.20921433611659,15,113,0,0.0,0,0,0,
1,0.75,1.5,18.604607168058294,37.20921433611659,30,95,0,0.0,0,0,0,
1,0.75,1.5,18.604607168058294,37.20921433611659,60,67,0,0.0,0,0,0,
1,1.0,0.5,24.806142890744393,12.403071445372197,15,113,3,0.02654867256637168,1,2,0,171080272592.0
1,1.0,0.5,24.806142890744393,12.403071445372197,30,95,3,0.031578947368421054,1,2,0,171080272592.0
1,1.0,0.5,24.806142890744393,12.403071445372197,60,67,3,0.04477611940298507,1,2,0,171080272592.0
1,1.0,0.75,24.806142890744393,18.604607168058294,15,113,1,0.008849557522123894,1,0,0,174274743230.0
1,1.0,0.75,24.806142890744393,18.604607168058294,30,95,1,0.010526315789473684,1,0,0,174274743230.0
1,1.0,0.75,24.806142890744393,18.604607168058294,60,67,1,0.014925373134328358,1,0,0,174274743230.0
1,1.0,1.0,24.806142890744393,24.806142890744393,15,113,0,0.0,0,0,0,
1,1.0,1.0,24.806142890744393,24.806142890744393,30,95,0,0.0,0,0,0,
1,1.0,1.0,24.806142890744393,24.806142890744393,60,67,0,0.0,0,0,0,
1,1.0,1.5,24.806142890744393,37.20921433611659,15,113,0,0.0,0,0,0,
1,1.0,1.5,24.806142890744393,37.20921433611659,30,95,0,0.0,0,0,0,
1,1.0,1.5,24.806142890744393,37.20921433611659,60,67,0,0.0,0,0,0,
1,1.5,0.5,37.20921433611659,12.403071445372197,15,113,1,0.008849557522123894,0,1,0,29080634636.0
1,1.5,0.5,37.20921433611659,12.403071445372197,30,95,1,0.010526315789473684,0,1,0,29080634636.0
1,1.5,0.5,37.20921433611659,12.403071445372197,60,67,1,0.014925373134328358,0,1,0,29080634636.0
1,1.5,0.75,37.20921433611659,18.604607168058294,15,113,0,0.0,0,0,0,
1,1.5,0.75,37.20921433611659,18.604607168058294,30,95,0,0.0,0,0,0,
1,1.5,0.75,37.20921433611659,18.604607168058294,60,67,0,0.0,0,0,0,
1,1.5,1.0,37.20921433611659,24.806142890744393,15,113,0,0.0,0,0,0,
1,1.5,1.0,37.20921433611659,24.806142890744393,30,95,0,0.0,0,0,0,
1,1.5,1.0,37.20921433611659,24.806142890744393,60,67,0,0.0,0,0,0,
1,1.5,1.5,37.20921433611659,37.20921433611659,15,113,0,0.0,0,0,0,
1,1.5,1.5,37.20921433611659,37.20921433611659,30,95,0,0.0,0,0,0,
1,1.5,1.5,37.20921433611659,37.20921433611659,60,67,0,0.0,0,0,0,
1,2.0,0.5,49.61228578148879,12.403071445372197,15,113,0,0.0,0,0,0,
1,2.0,0.5,49.61228578148879,12.403071445372197,30,95,0,0.0,0,0,0,
1,2.0,0.5,49.61228578148879,12.403071445372197,60,67,0,0.0,0,0,0,
1,2.0,0.75,49.61228578148879,18.604607168058294,15,113,0,0.0,0,0,0,
1,2.0,0.75,49.61228578148879,18.604607168058294,30,95,0,0.0,0,0,0,
1,2.0,0.75,49.61228578148879,18.604607168058294,60,67,0,0.0,0,0,0,
1,2.0,1.0,49.61228578148879,24.806142890744393,15,113,0,0.0,0,0,0,
1,2.0,1.0,49.61228578148879,24.806142890744393,30,95,0,0.0,0,0,0,
1,2.0,1.0,49.61228578148879,24.806142890744393,60,67,0,0.0,0,0,0,
1,2.0,1.5,49.61228578148879,37.20921433611659,15,113,0,0.0,0,0,0,
1,2.0,1.5,49.61228578148879,37.20921433611659,30,95,0,0.0,0,0,0,
1,2.0,1.5,49.61228578148879,37.20921433611659,60,67,0,0.0,0,0,0,
1,3.0,0.5,74.41842867223318,12.403071445372197,15,113,0,0.0,0,0,0,
1,3.0,0.5,74.41842867223318,12.403071445372197,30,95,0,0.0,0,0,0,
1,3.0,0.5,74.41842867223318,12.403071445372197,60,67,0,0.0,0,0,0,
1,3.0,0.75,74.41842867223318,18.604607168058294,15,113,0,0.0,0,0,0,
1,3.0,0.75,74.41842867223318,18.604607168058294,30,95,0,0.0,0,0,0,
1,3.0,0.75,74.41842867223318,18.604607168058294,60,67,0,0.0,0,0,0,
1,3.0,1.0,74.41842867223318,24.806142890744393,15,113,0,0.0,0,0,0,
1,3.0,1.0,74.41842867223318,24.806142890744393,30,95,0,0.0,0,0,0,
1,3.0,1.0,74.41842867223318,24.806142890744393,60,67,0,0.0,0,0,0,
1,3.0,1.5,74.41842867223318,37.20921433611659,15,113,0,0.0,0,0,0,
1,3.0,1.5,74.41842867223318,37.20921433611659,30,95,0,0.0,0,0,0,
1,3.0,1.5,74.41842867223318,37.20921433611659,60,67,0,0.0,0,0,0,
1,4.0,0.5,99.22457156297757,12.403071445372197,15,113,0,0.0,0,0,0,
1,4.0,0.5,99.22457156297757,12.403071445372197,30,95,0,0.0,0,0,0,
1,4.0,0.5,99.22457156297757,12.403071445372197,60,67,0,0.0,0,0,0,
1,4.0,0.75,99.22457156297757,18.604607168058294,15,113,0,0.0,0,0,0,
1,4.0,0.75,99.22457156297757,18.604607168058294,30,95,0,0.0,0,0,0,
1,4.0,0.75,99.22457156297757,18.604607168058294,60,67,0,0.0,0,0,0,
1,4.0,1.0,99.22457156297757,24.806142890744393,15,113,0,0.0,0,0,0,
1,4.0,1.0,99.22457156297757,24.806142890744393,30,95,0,0.0,0,0,0,
1,4.0,1.0,99.22457156297757,24.806142890744393,60,67,0,0.0,0,0,0,
1,4.0,1.5,99.22457156297757,37.20921433611659,15,113,0,0.0,0,0,0,
1,4.0,1.5,99.22457156297757,37.20921433611659,30,95,0,0.0,0,0,0,
1,4.0,1.5,99.22457156297757,37.20921433611659,60,67,0,0.0,0,0,0,
1,0.75,0.5,25.844345175151737,17.229563450101157,15,212,6,0.02830188679245283,1,5,0,162175219172.0
1,0.75,0.5,25.844345175151737,17.229563450101157,30,212,6,0.02830188679245283,1,5,0,162175219172.0
1,0.75,0.5,25.844345175151737,17.229563450101157,60,212,6,0.02830188679245283,1,5,0,162175219172.0
1,0.75,0.75,25.844345175151737,25.844345175151737,15,212,6,0.02830188679245283,1,5,0,161399282335.0
1,0.75,0.75,25.844345175151737,25.844345175151737,30,212,6,0.02830188679245283,1,5,0,161399282335.0
1,0.75,0.75,25.844345175151737,25.844345175151737,60,212,6,0.02830188679245283,1,5,0,161399282335.0
1,0.75,1.0,25.844345175151737,34.459126900202314,15,212,2,0.009433962264150943,0,2,0,178790527890.0
1,0.75,1.0,25.844345175151737,34.459126900202314,30,212,2,0.009433962264150943,0,2,0,178790527890.0
1,0.75,1.0,25.844345175151737,34.459126900202314,60,212,2,0.009433962264150943,0,2,0,178790527890.0
1,0.75,1.5,25.844345175151737,51.688690350303474,15,212,0,0.0,0,0,0,
1,0.75,1.5,25.844345175151737,51.688690350303474,30,212,0,0.0,0,0,0,
1,0.75,1.5,25.844345175151737,51.688690350303474,60,212,0,0.0,0,0,0,
1,1.0,0.5,34.459126900202314,17.229563450101157,15,212,2,0.009433962264150943,0,2,0,238548880774.0
1,1.0,0.5,34.459126900202314,17.229563450101157,30,212,2,0.009433962264150943,0,2,0,238548880774.0
1,1.0,0.5,34.459126900202314,17.229563450101157,60,212,2,0.009433962264150943,0,2,0,238548880774.0
1,1.0,0.75,34.459126900202314,25.844345175151737,15,212,2,0.009433962264150943,0,2,0,238017862312.0
1,1.0,0.75,34.459126900202314,25.844345175151737,30,212,2,0.009433962264150943,0,2,0,238017862312.0
1,1.0,0.75,34.459126900202314,25.844345175151737,60,212,2,0.009433962264150943,0,2,0,238017862312.0
1,1.0,1.0,34.459126900202314,34.459126900202314,15,212,1,0.0047169811320754715,0,1,0,231615182518.0
1,1.0,1.0,34.459126900202314,34.459126900202314,30,212,1,0.0047169811320754715,0,1,0,231615182518.0
1,1.0,1.0,34.459126900202314,34.459126900202314,60,212,1,0.0047169811320754715,0,1,0,231615182518.0
1,1.0,1.5,34.459126900202314,51.688690350303474,15,212,0,0.0,0,0,0,
1,1.0,1.5,34.459126900202314,51.688690350303474,30,212,0,0.0,0,0,0,
1,1.0,1.5,34.459126900202314,51.688690350303474,60,212,0,0.0,0,0,0,
1,1.5,0.5,51.688690350303474,17.229563450101157,15,212,0,0.0,0,0,0,
1,1.5,0.5,51.688690350303474,17.229563450101157,30,212,0,0.0,0,0,0,
1,1.5,0.5,51.688690350303474,17.229563450101157,60,212,0,0.0,0,0,0,
1,1.5,0.75,51.688690350303474,25.844345175151737,15,212,0,0.0,0,0,0,
1,1.5,0.75,51.688690350303474,25.844345175151737,30,212,0,0.0,0,0,0,
1,1.5,0.75,51.688690350303474,25.844345175151737,60,212,0,0.0,0,0,0,
1,1.5,1.0,51.688690350303474,34.459126900202314,15,212,0,0.0,0,0,0,
1,1.5,1.0,51.688690350303474,34.459126900202314,30,212,0,0.0,0,0,0,
1,1.5,1.0,51.688690350303474,34.459126900202314,60,212,0,0.0,0,0,0,
1,1.5,1.5,51.688690350303474,51.688690350303474,15,212,0,0.0,0,0,0,
1,1.5,1.5,51.688690350303474,51.688690350303474,30,212,0,0.0,0,0,0,
1,1.5,1.5,51.688690350303474,51.688690350303474,60,212,0,0.0,0,0,0,
1,2.0,0.5,68.91825380040463,17.229563450101157,15,212,0,0.0,0,0,0,
1,2.0,0.5,68.91825380040463,17.229563450101157,30,212,0,0.0,0,0,0,
1,2.0,0.5,68.91825380040463,17.229563450101157,60,212,0,0.0,0,0,0,
1,2.0,0.75,68.91825380040463,25.844345175151737,15,212,0,0.0,0,0,0,
1,2.0,0.75,68.91825380040463,25.844345175151737,30,212,0,0.0,0,0,0,
1,2.0,0.75,68.91825380040463,25.844345175151737,60,212,0,0.0,0,0,0,
1,2.0,1.0,68.91825380040463,34.459126900202314,15,212,0,0.0,0,0,0,
1,2.0,1.0,68.91825380040463,34.459126900202314,30,212,0,0.0,0,0,0,
1,2.0,1.0,68.91825380040463,34.459126900202314,60,212,0,0.0,0,0,0,
1,2.0,1.5,68.91825380040463,51.688690350303474,15,212,0,0.0,0,0,0,
1,2.0,1.5,68.91825380040463,51.688690350303474,30,212,0,0.0,0,0,0,
1,2.0,1.5,68.91825380040463,51.688690350303474,60,212,0,0.0,0,0,0,
1,3.0,0.5,103.37738070060695,17.229563450101157,15,212,0,0.0,0,0,0,
1,3.0,0.5,103.37738070060695,17.229563450101157,30,212,0,0.0,0,0,0,
1,3.0,0.5,103.37738070060695,17.229563450101157,60,212,0,0.0,0,0,0,
1,3.0,0.75,103.37738070060695,25.844345175151737,15,212,0,0.0,0,0,0,
1,3.0,0.75,103.37738070060695,25.844345175151737,30,212,0,0.0,0,0,0,
1,3.0,0.75,103.37738070060695,25.844345175151737,60,212,0,0.0,0,0,0,
1,3.0,1.0,103.37738070060695,34.459126900202314,15,212,0,0.0,0,0,0,
1,3.0,1.0,103.37738070060695,34.459126900202314,30,212,0,0.0,0,0,0,
1,3.0,1.0,103.37738070060695,34.459126900202314,60,212,0,0.0,0,0,0,
1,3.0,1.5,103.37738070060695,51.688690350303474,15,212,0,0.0,0,0,0,
1,3.0,1.5,103.37738070060695,51.688690350303474,30,212,0,0.0,0,0,0,
1,3.0,1.5,103.37738070060695,51.688690350303474,60,212,0,0.0,0,0,0,
1,4.0,0.5,137.83650760080926,17.229563450101157,15,212,0,0.0,0,0,0,
1,4.0,0.5,137.83650760080926,17.229563450101157,30,212,0,0.0,0,0,0,
1,4.0,0.5,137.83650760080926,17.229563450101157,60,212,0,0.0,0,0,0,
1,4.0,0.75,137.83650760080926,25.844345175151737,15,212,0,0.0,0,0,0,
1,4.0,0.75,137.83650760080926,25.844345175151737,30,212,0,0.0,0,0,0,
1,4.0,0.75,137.83650760080926,25.844345175151737,60,212,0,0.0,0,0,0,
1,4.0,1.0,137.83650760080926,34.459126900202314,15,212,0,0.0,0,0,0,
1,4.0,1.0,137.83650760080926,34.459126900202314,30,212,0,0.0,0,0,0,
1,4.0,1.0,137.83650760080926,34.459126900202314,60,212,0,0.0,0,0,0,
1,4.0,1.5,137.83650760080926,51.688690350303474,15,212,0,0.0,0,0,0,
1,4.0,1.5,137.83650760080926,51.688690350303474,30,212,0,0.0,0,0,0,
1,4.0,1.5,137.83650760080926,51.688690350303474,60,212,0,0.0,0,0,0,
1,0.75,0.5,26.268096762279946,17.51206450818663,15,141,15,0.10638297872340426,10,5,0,135058407604.0
1,0.75,0.5,26.268096762279946,17.51206450818663,30,141,15,0.10638297872340426,10,5,0,135058407604.0
1,0.75,0.5,26.268096762279946,17.51206450818663,60,141,15,0.10638297872340426,10,5,0,135058407604.0
1,0.75,0.75,26.268096762279946,26.268096762279946,15,141,11,0.07801418439716312,8,3,0,116873471562.0
1,0.75,0.75,26.268096762279946,26.268096762279946,30,141,11,0.07801418439716312,8,3,0,116873471562.0
1,0.75,0.75,26.268096762279946,26.268096762279946,60,141,11,0.07801418439716312,8,3,0,116873471562.0
1,0.75,1.0,26.268096762279946,35.02412901637326,15,141,3,0.02127659574468085,3,0,0,48636675466.0
1,0.75,1.0,26.268096762279946,35.02412901637326,30,141,3,0.02127659574468085,3,0,0,48636675466.0
1,0.75,1.0,26.268096762279946,35.02412901637326,60,141,3,0.02127659574468085,3,0,0,48636675466.0
1,0.75,1.5,26.268096762279946,52.53619352455989,15,141,3,0.02127659574468085,3,0,0,165017039720.0
1,0.75,1.5,26.268096762279946,52.53619352455989,30,141,3,0.02127659574468085,3,0,0,165017039720.0
1,0.75,1.5,26.268096762279946,52.53619352455989,60,141,3,0.02127659574468085,3,0,0,165017039720.0
1,1.0,0.5,35.02412901637326,17.51206450818663,15,141,12,0.0851063829787234,7,5,0,133653060247.0
1,1.0,0.5,35.02412901637326,17.51206450818663,30,141,12,0.0851063829787234,7,5,0,133653060247.0
1,1.0,0.5,35.02412901637326,17.51206450818663,60,141,12,0.0851063829787234,7,5,0,133653060247.0
1,1.0,0.75,35.02412901637326,26.268096762279946,15,141,9,0.06382978723404255,6,3,0,62717386200.0
1,1.0,0.75,35.02412901637326,26.268096762279946,30,141,9,0.06382978723404255,6,3,0,62717386200.0
1,1.0,0.75,35.02412901637326,26.268096762279946,60,141,9,0.06382978723404255,6,3,0,62717386200.0
1,1.0,1.0,35.02412901637326,35.02412901637326,15,141,5,0.03546099290780142,5,0,0,63161921708.0
1,1.0,1.0,35.02412901637326,35.02412901637326,30,141,5,0.03546099290780142,5,0,0,63161921708.0
1,1.0,1.0,35.02412901637326,35.02412901637326,60,141,5,0.03546099290780142,5,0,0,63161921708.0
1,1.0,1.5,35.02412901637326,52.53619352455989,15,141,4,0.028368794326241134,4,0,0,170936814013.0
1,1.0,1.5,35.02412901637326,52.53619352455989,30,141,4,0.028368794326241134,4,0,0,170936814013.0
1,1.0,1.5,35.02412901637326,52.53619352455989,60,141,4,0.028368794326241134,4,0,0,170936814013.0
1,1.5,0.5,52.53619352455989,17.51206450818663,15,141,4,0.028368794326241134,3,1,0,124605831204.0
1,1.5,0.5,52.53619352455989,17.51206450818663,30,141,4,0.028368794326241134,3,1,0,124605831204.0
1,1.5,0.5,52.53619352455989,17.51206450818663,60,141,4,0.028368794326241134,3,1,0,124605831204.0
1,1.5,0.75,52.53619352455989,26.268096762279946,15,141,3,0.02127659574468085,2,1,0,48205642758.0
1,1.5,0.75,52.53619352455989,26.268096762279946,30,141,3,0.02127659574468085,2,1,0,48205642758.0
1,1.5,0.75,52.53619352455989,26.268096762279946,60,141,3,0.02127659574468085,2,1,0,48205642758.0
1,1.5,1.0,52.53619352455989,35.02412901637326,15,141,3,0.02127659574468085,3,0,0,164251219828.0
1,1.5,1.0,52.53619352455989,35.02412901637326,30,141,3,0.02127659574468085,3,0,0,164251219828.0
1,1.5,1.0,52.53619352455989,35.02412901637326,60,141,3,0.02127659574468085,3,0,0,164251219828.0
1,1.5,1.5,52.53619352455989,52.53619352455989,15,141,1,0.0070921985815602835,1,0,0,163565030518.0
1,1.5,1.5,52.53619352455989,52.53619352455989,30,141,1,0.0070921985815602835,1,0,0,163565030518.0
1,1.5,1.5,52.53619352455989,52.53619352455989,60,141,1,0.0070921985815602835,1,0,0,163565030518.0
1,2.0,0.5,70.04825803274652,17.51206450818663,15,141,1,0.0070921985815602835,1,0,0,200195483072.0
1,2.0,0.5,70.04825803274652,17.51206450818663,30,141,1,0.0070921985815602835,1,0,0,200195483072.0
1,2.0,0.5,70.04825803274652,17.51206450818663,60,141,1,0.0070921985815602835,1,0,0,200195483072.0
1,2.0,0.75,70.04825803274652,26.268096762279946,15,141,1,0.0070921985815602835,1,0,0,47519453448.0
1,2.0,0.75,70.04825803274652,26.268096762279946,30,141,2,0.014184397163120567,2,0,0,127830551862.0
1,2.0,0.75,70.04825803274652,26.268096762279946,60,141,2,0.014184397163120567,2,0,0,127830551862.0
1,2.0,1.0,70.04825803274652,35.02412901637326,15,141,2,0.014184397163120567,2,0,0,180120466626.0
1,2.0,1.0,70.04825803274652,35.02412901637326,30,141,2,0.014184397163120567,2,0,0,180120466626.0
1,2.0,1.0,70.04825803274652,35.02412901637326,60,141,2,0.014184397163120567,2,0,0,180120466626.0
1,2.0,1.5,70.04825803274652,52.53619352455989,15,141,0,0.0,0,0,0,
1,2.0,1.5,70.04825803274652,52.53619352455989,30,141,0,0.0,0,0,0,
1,2.0,1.5,70.04825803274652,52.53619352455989,60,141,0,0.0,0,0,0,
1,3.0,0.5,105.07238704911978,17.51206450818663,15,141,0,0.0,0,0,0,
1,3.0,0.5,105.07238704911978,17.51206450818663,30,141,0,0.0,0,0,0,
1,3.0,0.5,105.07238704911978,17.51206450818663,60,141,0,0.0,0,0,0,
1,3.0,0.75,105.07238704911978,26.268096762279946,15,141,0,0.0,0,0,0,
1,3.0,0.75,105.07238704911978,26.268096762279946,30,141,0,0.0,0,0,0,
1,3.0,0.75,105.07238704911978,26.268096762279946,60,141,0,0.0,0,0,0,
1,3.0,1.0,105.07238704911978,35.02412901637326,15,141,0,0.0,0,0,0,
1,3.0,1.0,105.07238704911978,35.02412901637326,30,141,0,0.0,0,0,0,
1,3.0,1.0,105.07238704911978,35.02412901637326,60,141,0,0.0,0,0,0,
1,3.0,1.5,105.07238704911978,52.53619352455989,15,141,0,0.0,0,0,0,
1,3.0,1.5,105.07238704911978,52.53619352455989,30,141,0,0.0,0,0,0,
1,3.0,1.5,105.07238704911978,52.53619352455989,60,141,0,0.0,0,0,0,
1,4.0,0.5,140.09651606549303,17.51206450818663,15,141,0,0.0,0,0,0,
1,4.0,0.5,140.09651606549303,17.51206450818663,30,141,0,0.0,0,0,0,
1,4.0,0.5,140.09651606549303,17.51206450818663,60,141,0,0.0,0,0,0,
1,4.0,0.75,140.09651606549303,26.268096762279946,15,141,0,0.0,0,0,0,
1,4.0,0.75,140.09651606549303,26.268096762279946,30,141,0,0.0,0,0,0,
1,4.0,0.75,140.09651606549303,26.268096762279946,60,141,0,0.0,0,0,0,
1,4.0,1.0,140.09651606549303,35.02412901637326,15,141,0,0.0,0,0,0,
1,4.0,1.0,140.09651606549303,35.02412901637326,30,141,0,0.0,0,0,0,
1,4.0,1.0,140.09651606549303,35.02412901637326,60,141,0,0.0,0,0,0,
1,4.0,1.5,140.09651606549303,52.53619352455989,15,141,0,0.0,0,0,0,
1,4.0,1.5,140.09651606549303,52.53619352455989,30,141,0,0.0,0,0,0,
1,4.0,1.5,140.09651606549303,52.53619352455989,60,141,0,0.0,0,0,0,
1,0.75,0.5,26.242226299355337,17.494817532903557,15,221,12,0.05429864253393665,3,9,0,156931012863.0
1,0.75,0.5,26.242226299355337,17.494817532903557,30,221,13,0.058823529411764705,3,10,0,152395550712.0
1,0.75,0.5,26.242226299355337,17.494817532903557,60,221,13,0.058823529411764705,3,10,0,152395550712.0
1,0.75,0.75,26.242226299355337,26.242226299355337,15,221,8,0.03619909502262444,3,5,0,178958837785.0
1,0.75,0.75,26.242226299355337,26.242226299355337,30,221,9,0.04072398190045249,3,6,0,186933110852.0
1,0.75,0.75,26.242226299355337,26.242226299355337,60,221,9,0.04072398190045249,3,6,0,186933110852.0
1,0.75,1.0,26.242226299355337,34.989635065807114,15,221,2,0.00904977375565611,1,1,0,164372558442.0
1,0.75,1.0,26.242226299355337,34.989635065807114,30,221,2,0.00904977375565611,1,1,0,164372558442.0
1,0.75,1.0,26.242226299355337,34.989635065807114,60,221,2,0.00904977375565611,1,1,0,164372558442.0
1,0.75,1.5,26.242226299355337,52.484452598710675,15,221,0,0.0,0,0,0,
1,0.75,1.5,26.242226299355337,52.484452598710675,30,221,0,0.0,0,0,0,
1,0.75,1.5,26.242226299355337,52.484452598710675,60,221,0,0.0,0,0,0,
1,1.0,0.5,34.989635065807114,17.494817532903557,15,221,12,0.05429864253393665,4,8,0,166891867206.0
1,1.0,0.5,34.989635065807114,17.494817532903557,30,221,14,0.06334841628959276,5,9,0,166891867206.0
1,1.0,0.5,34.989635065807114,17.494817532903557,60,221,14,0.06334841628959276,5,9,0,166891867206.0
1,1.0,0.75,34.989635065807114,26.242226299355337,15,221,7,0.03167420814479638,2,5,0,166219833634.0
1,1.0,0.75,34.989635065807114,26.242226299355337,30,221,8,0.03619909502262444,2,6,0,169086990230.0
1,1.0,0.75,34.989635065807114,26.242226299355337,60,221,8,0.03619909502262444,2,6,0,169086990230.0
1,1.0,1.0,34.989635065807114,34.989635065807114,15,221,3,0.013574660633484163,2,1,0,151777388430.0
1,1.0,1.0,34.989635065807114,34.989635065807114,30,221,3,0.013574660633484163,2,1,0,151777388430.0
1,1.0,1.0,34.989635065807114,34.989635065807114,60,221,3,0.013574660633484163,2,1,0,151777388430.0
1,1.0,1.5,34.989635065807114,52.484452598710675,15,221,1,0.004524886877828055,1,0,0,269074738244.0
1,1.0,1.5,34.989635065807114,52.484452598710675,30,221,1,0.004524886877828055,1,0,0,269074738244.0
1,1.0,1.5,34.989635065807114,52.484452598710675,60,221,1,0.004524886877828055,1,0,0,269074738244.0
1,1.5,0.5,52.484452598710675,17.494817532903557,15,221,7,0.03167420814479638,2,5,0,192389050740.0
1,1.5,0.5,52.484452598710675,17.494817532903557,30,221,8,0.03619909502262444,2,6,0,213946696485.0
1,1.5,0.5,52.484452598710675,17.494817532903557,60,221,8,0.03619909502262444,2,6,0,213946696485.0
1,1.5,0.75,52.484452598710675,26.242226299355337,15,221,4,0.01809954751131222,2,2,0,191957478381.0
1,1.5,0.75,52.484452598710675,26.242226299355337,30,221,4,0.01809954751131222,2,2,0,191957478381.0
1,1.5,0.75,52.484452598710675,26.242226299355337,60,221,4,0.01809954751131222,2,2,0,191957478381.0
1,1.5,1.0,52.484452598710675,34.989635065807114,15,221,2,0.00904977375565611,2,0,0,223300073568.0
1,1.5,1.0,52.484452598710675,34.989635065807114,30,221,2,0.00904977375565611,2,0,0,223300073568.0
1,1.5,1.0,52.484452598710675,34.989635065807114,60,221,2,0.00904977375565611,2,0,0,223300073568.0
1,1.5,1.5,52.484452598710675,52.484452598710675,15,221,1,0.004524886877828055,1,0,0,190320230832.0
1,1.5,1.5,52.484452598710675,52.484452598710675,30,221,1,0.004524886877828055,1,0,0,190320230832.0
1,1.5,1.5,52.484452598710675,52.484452598710675,60,221,1,0.004524886877828055,1,0,0,190320230832.0
1,2.0,0.5,69.97927013161423,17.494817532903557,15,221,2,0.00904977375565611,1,1,0,165566182969.0
1,2.0,0.5,69.97927013161423,17.494817532903557,30,221,2,0.00904977375565611,1,1,0,165566182969.0
1,2.0,0.5,69.97927013161423,17.494817532903557,60,221,2,0.00904977375565611,1,1,0,165566182969.0
1,2.0,0.75,69.97927013161423,26.242226299355337,15,221,1,0.004524886877828055,1,0,0,178713536394.0
1,2.0,0.75,69.97927013161423,26.242226299355337,30,221,1,0.004524886877828055,1,0,0,178713536394.0
1,2.0,0.75,69.97927013161423,26.242226299355337,60,221,1,0.004524886877828055,1,0,0,178713536394.0
1,2.0,1.0,69.97927013161423,34.989635065807114,15,221,1,0.004524886877828055,1,0,0,190994913682.0
1,2.0,1.0,69.97927013161423,34.989635065807114,30,221,1,0.004524886877828055,1,0,0,190994913682.0
1,2.0,1.0,69.97927013161423,34.989635065807114,60,221,1,0.004524886877828055,1,0,0,190994913682.0
1,2.0,1.5,69.97927013161423,52.484452598710675,15,221,0,0.0,0,0,0,
1,2.0,1.5,69.97927013161423,52.484452598710675,30,221,0,0.0,0,0,0,
1,2.0,1.5,69.97927013161423,52.484452598710675,60,221,0,0.0,0,0,0,
1,3.0,0.5,104.96890519742135,17.494817532903557,15,221,0,0.0,0,0,0,
1,3.0,0.5,104.96890519742135,17.494817532903557,30,221,0,0.0,0,0,0,
1,3.0,0.5,104.96890519742135,17.494817532903557,60,221,0,0.0,0,0,0,
1,3.0,0.75,104.96890519742135,26.242226299355337,15,221,0,0.0,0,0,0,
1,3.0,0.75,104.96890519742135,26.242226299355337,30,221,0,0.0,0,0,0,
1,3.0,0.75,104.96890519742135,26.242226299355337,60,221,0,0.0,0,0,0,
1,3.0,1.0,104.96890519742135,34.989635065807114,15,221,0,0.0,0,0,0,
1,3.0,1.0,104.96890519742135,34.989635065807114,30,221,0,0.0,0,0,0,
1,3.0,1.0,104.96890519742135,34.989635065807114,60,221,0,0.0,0,0,0,
1,3.0,1.5,104.96890519742135,52.484452598710675,15,221,0,0.0,0,0,0,
1,3.0,1.5,104.96890519742135,52.484452598710675,30,221,0,0.0,0,0,0,
1,3.0,1.5,104.96890519742135,52.484452598710675,60,221,0,0.0,0,0,0,
1,4.0,0.5,139.95854026322846,17.494817532903557,15,221,0,0.0,0,0,0,
1,4.0,0.5,139.95854026322846,17.494817532903557,30,221,0,0.0,0,0,0,
1,4.0,0.5,139.95854026322846,17.494817532903557,60,221,0,0.0,0,0,0,
1,4.0,0.75,139.95854026322846,26.242226299355337,15,221,0,0.0,0,0,0,
1,4.0,0.75,139.95854026322846,26.242226299355337,30,221,0,0.0,0,0,0,
1,4.0,0.75,139.95854026322846,26.242226299355337,60,221,0,0.0,0,0,0,
1,4.0,1.0,139.95854026322846,34.989635065807114,15,221,0,0.0,0,0,0,
1,4.0,1.0,139.95854026322846,34.989635065807114,30,221,0,0.0,0,0,0,
1,4.0,1.0,139.95854026322846,34.989635065807114,60,221,0,0.0,0,0,0,
1,4.0,1.5,139.95854026322846,52.484452598710675,15,221,0,0.0,0,0,0,
1,4.0,1.5,139.95854026322846,52.484452598710675,30,221,0,0.0,0,0,0,
1,4.0,1.5,139.95854026322846,52.484452598710675,60,221,0,0.0,0,0,0,
1,0.75,0.5,23.92886022572295,15.9525734838153,15,11,0,0.0,0,0,0,
1,0.75,0.5,23.92886022572295,15.9525734838153,30,11,0,0.0,0,0,0,
1,0.75,0.5,23.92886022572295,15.9525734838153,60,11,0,0.0,0,0,0,
1,0.75,0.75,23.92886022572295,23.92886022572295,15,11,0,0.0,0,0,0,
1,0.75,0.75,23.92886022572295,23.92886022572295,30,11,0,0.0,0,0,0,
1,0.75,0.75,23.92886022572295,23.92886022572295,60,11,0,0.0,0,0,0,
1,0.75,1.0,23.92886022572295,31.9051469676306,15,11,0,0.0,0,0,0,
1,0.75,1.0,23.92886022572295,31.9051469676306,30,11,0,0.0,0,0,0,
1,0.75,1.0,23.92886022572295,31.9051469676306,60,11,0,0.0,0,0,0,
1,0.75,1.5,23.92886022572295,47.8577204514459,15,11,0,0.0,0,0,0,
1,0.75,1.5,23.92886022572295,47.8577204514459,30,11,0,0.0,0,0,0,
1,0.75,1.5,23.92886022572295,47.8577204514459,60,11,0,0.0,0,0,0,
1,1.0,0.5,31.9051469676306,15.9525734838153,15,11,0,0.0,0,0,0,
1,1.0,0.5,31.9051469676306,15.9525734838153,30,11,0,0.0,0,0,0,
1,1.0,0.5,31.9051469676306,15.9525734838153,60,11,0,0.0,0,0,0,
1,1.0,0.75,31.9051469676306,23.92886022572295,15,11,0,0.0,0,0,0,
1,1.0,0.75,31.9051469676306,23.92886022572295,30,11,0,0.0,0,0,0,
1,1.0,0.75,31.9051469676306,23.92886022572295,60,11,0,0.0,0,0,0,
1,1.0,1.0,31.9051469676306,31.9051469676306,15,11,0,0.0,0,0,0,
1,1.0,1.0,31.9051469676306,31.9051469676306,30,11,0,0.0,0,0,0,
1,1.0,1.0,31.9051469676306,31.9051469676306,60,11,0,0.0,0,0,0,
1,1.0,1.5,31.9051469676306,47.8577204514459,15,11,0,0.0,0,0,0,
1,1.0,1.5,31.9051469676306,47.8577204514459,30,11,0,0.0,0,0,0,
1,1.0,1.5,31.9051469676306,47.8577204514459,60,11,0,0.0,0,0,0,
1,1.5,0.5,47.8577204514459,15.9525734838153,15,11,0,0.0,0,0,0,
1,1.5,0.5,47.8577204514459,15.9525734838153,30,11,0,0.0,0,0,0,
1,1.5,0.5,47.8577204514459,15.9525734838153,60,11,0,0.0,0,0,0,
1,1.5,0.75,47.8577204514459,23.92886022572295,15,11,0,0.0,0,0,0,
1,1.5,0.75,47.8577204514459,23.92886022572295,30,11,0,0.0,0,0,0,
1,1.5,0.75,47.8577204514459,23.92886022572295,60,11,0,0.0,0,0,0,
1,1.5,1.0,47.8577204514459,31.9051469676306,15,11,0,0.0,0,0,0,
1,1.5,1.0,47.8577204514459,31.9051469676306,30,11,0,0.0,0,0,0,
1,1.5,1.0,47.8577204514459,31.9051469676306,60,11,0,0.0,0,0,0,
1,1.5,1.5,47.8577204514459,47.8577204514459,15,11,0,0.0,0,0,0,
1,1.5,1.5,47.8577204514459,47.8577204514459,30,11,0,0.0,0,0,0,
1,1.5,1.5,47.8577204514459,47.8577204514459,60,11,0,0.0,0,0,0,
1,2.0,0.5,63.8102939352612,15.9525734838153,15,11,0,0.0,0,0,0,
1,2.0,0.5,63.8102939352612,15.9525734838153,30,11,0,0.0,0,0,0,
1,2.0,0.5,63.8102939352612,15.9525734838153,60,11,0,0.0,0,0,0,
1,2.0,0.75,63.8102939352612,23.92886022572295,15,11,0,0.0,0,0,0,
1,2.0,0.75,63.8102939352612,23.92886022572295,30,11,0,0.0,0,0,0,
1,2.0,0.75,63.8102939352612,23.92886022572295,60,11,0,0.0,0,0,0,
1,2.0,1.0,63.8102939352612,31.9051469676306,15,11,0,0.0,0,0,0,
1,2.0,1.0,63.8102939352612,31.9051469676306,30,11,0,0.0,0,0,0,
1,2.0,1.0,63.8102939352612,31.9051469676306,60,11,0,0.0,0,0,0,
1,2.0,1.5,63.8102939352612,47.8577204514459,15,11,0,0.0,0,0,0,
1,2.0,1.5,63.8102939352612,47.8577204514459,30,11,0,0.0,0,0,0,
1,2.0,1.5,63.8102939352612,47.8577204514459,60,11,0,0.0,0,0,0,
1,3.0,0.5,95.7154409028918,15.9525734838153,15,11,0,0.0,0,0,0,
1,3.0,0.5,95.7154409028918,15.9525734838153,30,11,0,0.0,0,0,0,
1,3.0,0.5,95.7154409028918,15.9525734838153,60,11,0,0.0,0,0,0,
1,3.0,0.75,95.7154409028918,23.92886022572295,15,11,0,0.0,0,0,0,
1,3.0,0.75,95.7154409028918,23.92886022572295,30,11,0,0.0,0,0,0,
1,3.0,0.75,95.7154409028918,23.92886022572295,60,11,0,0.0,0,0,0,
1,3.0,1.0,95.7154409028918,31.9051469676306,15,11,0,0.0,0,0,0,
1,3.0,1.0,95.7154409028918,31.9051469676306,30,11,0,0.0,0,0,0,
1,3.0,1.0,95.7154409028918,31.9051469676306,60,11,0,0.0,0,0,0,
1,3.0,1.5,95.7154409028918,47.8577204514459,15,11,0,0.0,0,0,0,
1,3.0,1.5,95.7154409028918,47.8577204514459,30,11,0,0.0,0,0,0,
1,3.0,1.5,95.7154409028918,47.8577204514459,60,11,0,0.0,0,0,0,
1,4.0,0.5,127.6205878705224,15.9525734838153,15,11,0,0.0,0,0,0,
1,4.0,0.5,127.6205878705224,15.9525734838153,30,11,0,0.0,0,0,0,
1,4.0,0.5,127.6205878705224,15.9525734838153,60,11,0,0.0,0,0,0,
1,4.0,0.75,127.6205878705224,23.92886022572295,15,11,0,0.0,0,0,0,
1,4.0,0.75,127.6205878705224,23.92886022572295,30,11,0,0.0,0,0,0,
1,4.0,0.75,127.6205878705224,23.92886022572295,60,11,0,0.0,0,0,0,
1,4.0,1.0,127.6205878705224,31.9051469676306,15,11,0,0.0,0,0,0,
1,4.0,1.0,127.6205878705224,31.9051469676306,30,11,0,0.0,0,0,0,
1,4.0,1.0,127.6205878705224,31.9051469676306,60,11,0,0.0,0,0,0,
1,4.0,1.5,127.6205878705224,47.8577204514459,15,11,0,0.0,0,0,0,
1,4.0,1.5,127.6205878705224,47.8577204514459,30,11,0,0.0,0,0,0,
1,4.0,1.5,127.6205878705224,47.8577204514459,60,11,0,0.0,0,0,0,
1,0.75,0.5,28.124426259427032,18.74961750628469,15,28,1,0.03571428571428571,0,1,0,82251594430.0
1,0.75,0.5,28.124426259427032,18.74961750628469,30,28,1,0.03571428571428571,0,1,0,82251594430.0
1,0.75,0.5,28.124426259427032,18.74961750628469,60,28,1,0.03571428571428571,0,1,0,82251594430.0
1,0.75,0.75,28.124426259427032,28.124426259427032,15,28,0,0.0,0,0,0,
1,0.75,0.75,28.124426259427032,28.124426259427032,30,28,0,0.0,0,0,0,
1,0.75,0.75,28.124426259427032,28.124426259427032,60,28,0,0.0,0,0,0,
1,0.75,1.0,28.124426259427032,37.49923501256938,15,28,0,0.0,0,0,0,
1,0.75,1.0,28.124426259427032,37.49923501256938,30,28,0,0.0,0,0,0,
1,0.75,1.0,28.124426259427032,37.49923501256938,60,28,0,0.0,0,0,0,
1,0.75,1.5,28.124426259427032,56.248852518854065,15,28,0,0.0,0,0,0,
1,0.75,1.5,28.124426259427032,56.248852518854065,30,28,0,0.0,0,0,0,
1,0.75,1.5,28.124426259427032,56.248852518854065,60,28,0,0.0,0,0,0,
1,1.0,0.5,37.49923501256938,18.74961750628469,15,28,1,0.03571428571428571,0,1,0,83171384310.0
1,1.0,0.5,37.49923501256938,18.74961750628469,30,28,1,0.03571428571428571,0,1,0,83171384310.0
1,1.0,0.5,37.49923501256938,18.74961750628469,60,28,1,0.03571428571428571,0,1,0,83171384310.0
1,1.0,0.75,37.49923501256938,28.124426259427032,15,28,0,0.0,0,0,0,
1,1.0,0.75,37.49923501256938,28.124426259427032,30,28,0,0.0,0,0,0,
1,1.0,0.75,37.49923501256938,28.124426259427032,60,28,0,0.0,0,0,0,
1,1.0,1.0,37.49923501256938,37.49923501256938,15,28,0,0.0,0,0,0,
1,1.0,1.0,37.49923501256938,37.49923501256938,30,28,0,0.0,0,0,0,
1,1.0,1.0,37.49923501256938,37.49923501256938,60,28,0,0.0,0,0,0,
1,1.0,1.5,37.49923501256938,56.248852518854065,15,28,0,0.0,0,0,0,
1,1.0,1.5,37.49923501256938,56.248852518854065,30,28,0,0.0,0,0,0,
1,1.0,1.5,37.49923501256938,56.248852518854065,60,28,0,0.0,0,0,0,
1,1.5,0.5,56.248852518854065,18.74961750628469,15,28,0,0.0,0,0,0,
1,1.5,0.5,56.248852518854065,18.74961750628469,30,28,0,0.0,0,0,0,
1,1.5,0.5,56.248852518854065,18.74961750628469,60,28,0,0.0,0,0,0,
1,1.5,0.75,56.248852518854065,28.124426259427032,15,28,0,0.0,0,0,0,
1,1.5,0.75,56.248852518854065,28.124426259427032,30,28,0,0.0,0,0,0,
1,1.5,0.75,56.248852518854065,28.124426259427032,60,28,0,0.0,0,0,0,
1,1.5,1.0,56.248852518854065,37.49923501256938,15,28,0,0.0,0,0,0,
1,1.5,1.0,56.248852518854065,37.49923501256938,30,28,0,0.0,0,0,0,
1,1.5,1.0,56.248852518854065,37.49923501256938,60,28,0,0.0,0,0,0,
1,1.5,1.5,56.248852518854065,56.248852518854065,15,28,0,0.0,0,0,0,
1,1.5,1.5,56.248852518854065,56.248852518854065,30,28,0,0.0,0,0,0,
1,1.5,1.5,56.248852518854065,56.248852518854065,60,28,0,0.0,0,0,0,
1,2.0,0.5,74.99847002513876,18.74961750628469,15,28,0,0.0,0,0,0,
1,2.0,0.5,74.99847002513876,18.74961750628469,30,28,0,0.0,0,0,0,
1,2.0,0.5,74.99847002513876,18.74961750628469,60,28,0,0.0,0,0,0,
1,2.0,0.75,74.99847002513876,28.124426259427032,15,28,0,0.0,0,0,0,
1,2.0,0.75,74.99847002513876,28.124426259427032,30,28,0,0.0,0,0,0,
1,2.0,0.75,74.99847002513876,28.124426259427032,60,28,0,0.0,0,0,0,
1,2.0,1.0,74.99847002513876,37.49923501256938,15,28,0,0.0,0,0,0,
1,2.0,1.0,74.99847002513876,37.49923501256938,30,28,0,0.0,0,0,0,
1,2.0,1.0,74.99847002513876,37.49923501256938,60,28,0,0.0,0,0,0,
1,2.0,1.5,74.99847002513876,56.248852518854065,15,28,0,0.0,0,0,0,
1,2.0,1.5,74.99847002513876,56.248852518854065,30,28,0,0.0,0,0,0,
1,2.0,1.5,74.99847002513876,56.248852518854065,60,28,0,0.0,0,0,0,
1,3.0,0.5,112.49770503770813,18.74961750628469,15,28,0,0.0,0,0,0,
1,3.0,0.5,112.49770503770813,18.74961750628469,30,28,0,0.0,0,0,0,
1,3.0,0.5,112.49770503770813,18.74961750628469,60,28,0,0.0,0,0,0,
1,3.0,0.75,112.49770503770813,28.124426259427032,15,28,0,0.0,0,0,0,
1,3.0,0.75,112.49770503770813,28.124426259427032,30,28,0,0.0,0,0,0,
1,3.0,0.75,112.49770503770813,28.124426259427032,60,28,0,0.0,0,0,0,
1,3.0,1.0,112.49770503770813,37.49923501256938,15,28,0,0.0,0,0,0,
1,3.0,1.0,112.49770503770813,37.49923501256938,30,28,0,0.0,0,0,0,
1,3.0,1.0,112.49770503770813,37.49923501256938,60,28,0,0.0,0,0,0,
1,3.0,1.5,112.49770503770813,56.248852518854065,15,28,0,0.0,0,0,0,
1,3.0,1.5,112.49770503770813,56.248852518854065,30,28,0,0.0,0,0,0,
1,3.0,1.5,112.49770503770813,56.248852518854065,60,28,0,0.0,0,0,0,
1,4.0,0.5,149.99694005027752,18.74961750628469,15,28,0,0.0,0,0,0,
1,4.0,0.5,149.99694005027752,18.74961750628469,30,28,0,0.0,0,0,0,
1,4.0,0.5,149.99694005027752,18.74961750628469,60,28,0,0.0,0,0,0,
1,4.0,0.75,149.99694005027752,28.124426259427032,15,28,0,0.0,0,0,0,
1,4.0,0.75,149.99694005027752,28.124426259427032,30,28,0,0.0,0,0,0,
1,4.0,0.75,149.99694005027752,28.124426259427032,60,28,0,0.0,0,0,0,
1,4.0,1.0,149.99694005027752,37.49923501256938,15,28,0,0.0,0,0,0,
1,4.0,1.0,149.99694005027752,37.49923501256938,30,28,0,0.0,0,0,0,
1,4.0,1.0,149.99694005027752,37.49923501256938,60,28,0,0.0,0,0,0,
1,4.0,1.5,149.99694005027752,56.248852518854065,15,28,0,0.0,0,0,0,
1,4.0,1.5,149.99694005027752,56.248852518854065,30,28,0,0.0,0,0,0,
1,4.0,1.5,149.99694005027752,56.248852518854065,60,28,0,0.0,0,0,0,
1,0.75,0.5,27.127649974056503,18.085099982704335,15,62,0,0.0,0,0,0,
1,0.75,0.5,27.127649974056503,18.085099982704335,30,62,0,0.0,0,0,0,
1,0.75,0.5,27.127649974056503,18.085099982704335,60,62,0,0.0,0,0,0,
1,0.75,0.75,27.127649974056503,27.127649974056503,15,62,1,0.016129032258064516,0,1,0,283035212884.0
1,0.75,0.75,27.127649974056503,27.127649974056503,30,62,1,0.016129032258064516,0,1,0,283035212884.0
1,0.75,0.75,27.127649974056503,27.127649974056503,60,62,1,0.016129032258064516,0,1,0,283035212884.0
1,0.75,1.0,27.127649974056503,36.17019996540867,15,62,0,0.0,0,0,0,
1,0.75,1.0,27.127649974056503,36.17019996540867,30,62,0,0.0,0,0,0,
1,0.75,1.0,27.127649974056503,36.17019996540867,60,62,0,0.0,0,0,0,
1,0.75,1.5,27.127649974056503,54.255299948113006,15,62,0,0.0,0,0,0,
1,0.75,1.5,27.127649974056503,54.255299948113006,30,62,0,0.0,0,0,0,
1,0.75,1.5,27.127649974056503,54.255299948113006,60,62,0,0.0,0,0,0,
1,1.0,0.5,36.17019996540867,18.085099982704335,15,62,0,0.0,0,0,0,
1,1.0,0.5,36.17019996540867,18.085099982704335,30,62,0,0.0,0,0,0,
1,1.0,0.5,36.17019996540867,18.085099982704335,60,62,0,0.0,0,0,0,
1,1.0,0.75,36.17019996540867,27.127649974056503,15,62,0,0.0,0,0,0,
1,1.0,0.75,36.17019996540867,27.127649974056503,30,62,0,0.0,0,0,0,
1,1.0,0.75,36.17019996540867,27.127649974056503,60,62,0,0.0,0,0,0,
1,1.0,1.0,36.17019996540867,36.17019996540867,15,62,0,0.0,0,0,0,
1,1.0,1.0,36.17019996540867,36.17019996540867,30,62,0,0.0,0,0,0,
1,1.0,1.0,36.17019996540867,36.17019996540867,60,62,0,0.0,0,0,0,
1,1.0,1.5,36.17019996540867,54.255299948113006,15,62,0,0.0,0,0,0,
1,1.0,1.5,36.17019996540867,54.255299948113006,30,62,0,0.0,0,0,0,
1,1.0,1.5,36.17019996540867,54.255299948113006,60,62,0,0.0,0,0,0,
1,1.5,0.5,54.255299948113006,18.085099982704335,15,62,0,0.0,0,0,0,
1,1.5,0.5,54.255299948113006,18.085099982704335,30,62,0,0.0,0,0,0,
1,1.5,0.5,54.255299948113006,18.085099982704335,60,62,0,0.0,0,0,0,
1,1.5,0.75,54.255299948113006,27.127649974056503,15,62,0,0.0,0,0,0,
1,1.5,0.75,54.255299948113006,27.127649974056503,30,62,0,0.0,0,0,0,
1,1.5,0.75,54.255299948113006,27.127649974056503,60,62,0,0.0,0,0,0,
1,1.5,1.0,54.255299948113006,36.17019996540867,15,62,0,0.0,0,0,0,
1,1.5,1.0,54.255299948113006,36.17019996540867,30,62,0,0.0,0,0,0,
1,1.5,1.0,54.255299948113006,36.17019996540867,60,62,0,0.0,0,0,0,
1,1.5,1.5,54.255299948113006,54.255299948113006,15,62,0,0.0,0,0,0,
1,1.5,1.5,54.255299948113006,54.255299948113006,30,62,0,0.0,0,0,0,
1,1.5,1.5,54.255299948113006,54.255299948113006,60,62,0,0.0,0,0,0,
1,2.0,0.5,72.34039993081734,18.085099982704335,15,62,0,0.0,0,0,0,
1,2.0,0.5,72.34039993081734,18.085099982704335,30,62,0,0.0,0,0,0,
1,2.0,0.5,72.34039993081734,18.085099982704335,60,62,0,0.0,0,0,0,
1,2.0,0.75,72.34039993081734,27.127649974056503,15,62,0,0.0,0,0,0,
1,2.0,0.75,72.34039993081734,27.127649974056503,30,62,0,0.0,0,0,0,
1,2.0,0.75,72.34039993081734,27.127649974056503,60,62,0,0.0,0,0,0,
1,2.0,1.0,72.34039993081734,36.17019996540867,15,62,0,0.0,0,0,0,
1,2.0,1.0,72.34039993081734,36.17019996540867,30,62,0,0.0,0,0,0,
1,2.0,1.0,72.34039993081734,36.17019996540867,60,62,0,0.0,0,0,0,
1,2.0,1.5,72.34039993081734,54.255299948113006,15,62,0,0.0,0,0,0,
1,2.0,1.5,72.34039993081734,54.255299948113006,30,62,0,0.0,0,0,0,
1,2.0,1.5,72.34039993081734,54.255299948113006,60,62,0,0.0,0,0,0,
1,3.0,0.5,108.51059989622601,18.085099982704335,15,62,0,0.0,0,0,0,
1,3.0,0.5,108.51059989622601,18.085099982704335,30,62,0,0.0,0,0,0,
1,3.0,0.5,108.51059989622601,18.085099982704335,60,62,0,0.0,0,0,0,
1,3.0,0.75,108.51059989622601,27.127649974056503,15,62,0,0.0,0,0,0,
1,3.0,0.75,108.51059989622601,27.127649974056503,30,62,0,0.0,0,0,0,
1,3.0,0.75,108.51059989622601,27.127649974056503,60,62,0,0.0,0,0,0,
1,3.0,1.0,108.51059989622601,36.17019996540867,15,62,0,0.0,0,0,0,
1,3.0,1.0,108.51059989622601,36.17019996540867,30,62,0,0.0,0,0,0,
1,3.0,1.0,108.51059989622601,36.17019996540867,60,62,0,0.0,0,0,0,
1,3.0,1.5,108.51059989622601,54.255299948113006,15,62,0,0.0,0,0,0,
1,3.0,1.5,108.51059989622601,54.255299948113006,30,62,0,0.0,0,0,0,
1,3.0,1.5,108.51059989622601,54.255299948113006,60,62,0,0.0,0,0,0,
1,4.0,0.5,144.68079986163468,18.085099982704335,15,62,0,0.0,0,0,0,
1,4.0,0.5,144.68079986163468,18.085099982704335,30,62,0,0.0,0,0,0,
1,4.0,0.5,144.68079986163468,18.085099982704335,60,62,0,0.0,0,0,0,
1,4.0,0.75,144.68079986163468,27.127649974056503,15,62,0,0.0,0,0,0,
1,4.0,0.75,144.68079986163468,27.127649974056503,30,62,0,0.0,0,0,0,
1,4.0,0.75,144.68079986163468,27.127649974056503,60,62,0,0.0,0,0,0,
1,4.0,1.0,144.68079986163468,36.17019996540867,15,62,0,0.0,0,0,0,
1,4.0,1.0,144.68079986163468,36.17019996540867,30,62,0,0.0,0,0,0,
1,4.0,1.0,144.68079986163468,36.17019996540867,60,62,0,0.0,0,0,0,
1,4.0,1.5,144.68079986163468,54.255299948113006,15,62,0,0.0,0,0,0,
1,4.0,1.5,144.68079986163468,54.255299948113006,30,62,0,0.0,0,0,0,
1,4.0,1.5,144.68079986163468,54.255299948113006,60,62,0,0.0,0,0,0,
1,0.75,0.5,24.557928503056942,16.371952335371294,15,186,11,0.05913978494623656,4,7,0,158263894978.0
1,0.75,0.5,24.557928503056942,16.371952335371294,30,186,11,0.05913978494623656,4,7,0,158263894978.0
1,0.75,0.5,24.557928503056942,16.371952335371294,60,186,11,0.05913978494623656,4,7,0,158263894978.0
1,0.75,0.75,24.557928503056942,24.557928503056942,15,186,3,0.016129032258064516,1,2,0,245062751194.0
1,0.75,0.75,24.557928503056942,24.557928503056942,30,186,3,0.016129032258064516,1,2,0,245062751194.0
1,0.75,0.75,24.557928503056942,24.557928503056942,60,186,3,0.016129032258064516,1,2,0,245062751194.0
1,0.75,1.0,24.557928503056942,32.74390467074259,15,186,1,0.005376344086021506,1,0,0,245881751756.0
1,0.75,1.0,24.557928503056942,32.74390467074259,30,186,1,0.005376344086021506,1,0,0,245881751756.0
1,0.75,1.0,24.557928503056942,32.74390467074259,60,186,1,0.005376344086021506,1,0,0,245881751756.0
1,0.75,1.5,24.557928503056942,49.115857006113885,15,186,0,0.0,0,0,0,
1,0.75,1.5,24.557928503056942,49.115857006113885,30,186,0,0.0,0,0,0,
1,0.75,1.5,24.557928503056942,49.115857006113885,60,186,0,0.0,0,0,0,
1,1.0,0.5,32.74390467074259,16.371952335371294,15,186,5,0.026881720430107527,1,4,0,217782129782.0
1,1.0,0.5,32.74390467074259,16.371952335371294,30,186,5,0.026881720430107527,1,4,0,217782129782.0
1,1.0,0.5,32.74390467074259,16.371952335371294,60,186,5,0.026881720430107527,1,4,0,217782129782.0
1,1.0,0.75,32.74390467074259,24.557928503056942,15,186,1,0.005376344086021506,0,1,0,267419959646.0
1,1.0,0.75,32.74390467074259,24.557928503056942,30,186,1,0.005376344086021506,0,1,0,267419959646.0
1,1.0,0.75,32.74390467074259,24.557928503056942,60,186,1,0.005376344086021506,0,1,0,267419959646.0
1,1.0,1.0,32.74390467074259,32.74390467074259,15,186,0,0.0,0,0,0,
1,1.0,1.0,32.74390467074259,32.74390467074259,30,186,0,0.0,0,0,0,
1,1.0,1.0,32.74390467074259,32.74390467074259,60,186,0,0.0,0,0,0,
1,1.0,1.5,32.74390467074259,49.115857006113885,15,186,0,0.0,0,0,0,
1,1.0,1.5,32.74390467074259,49.115857006113885,30,186,0,0.0,0,0,0,
1,1.0,1.5,32.74390467074259,49.115857006113885,60,186,0,0.0,0,0,0,
1,1.5,0.5,49.115857006113885,16.371952335371294,15,186,0,0.0,0,0,0,
1,1.5,0.5,49.115857006113885,16.371952335371294,30,186,0,0.0,0,0,0,
1,1.5,0.5,49.115857006113885,16.371952335371294,60,186,0,0.0,0,0,0,
1,1.5,0.75,49.115857006113885,24.557928503056942,15,186,0,0.0,0,0,0,
1,1.5,0.75,49.115857006113885,24.557928503056942,30,186,0,0.0,0,0,0,
1,1.5,0.75,49.115857006113885,24.557928503056942,60,186,0,0.0,0,0,0,
1,1.5,1.0,49.115857006113885,32.74390467074259,15,186,0,0.0,0,0,0,
1,1.5,1.0,49.115857006113885,32.74390467074259,30,186,0,0.0,0,0,0,
1,1.5,1.0,49.115857006113885,32.74390467074259,60,186,0,0.0,0,0,0,
1,1.5,1.5,49.115857006113885,49.115857006113885,15,186,0,0.0,0,0,0,
1,1.5,1.5,49.115857006113885,49.115857006113885,30,186,0,0.0,0,0,0,
1,1.5,1.5,49.115857006113885,49.115857006113885,60,186,0,0.0,0,0,0,
1,2.0,0.5,65.48780934148517,16.371952335371294,15,186,0,0.0,0,0,0,
1,2.0,0.5,65.48780934148517,16.371952335371294,30,186,0,0.0,0,0,0,
1,2.0,0.5,65.48780934148517,16.371952335371294,60,186,0,0.0,0,0,0,
1,2.0,0.75,65.48780934148517,24.557928503056942,15,186,0,0.0,0,0,0,
1,2.0,0.75,65.48780934148517,24.557928503056942,30,186,0,0.0,0,0,0,
1,2.0,0.75,65.48780934148517,24.557928503056942,60,186,0,0.0,0,0,0,
1,2.0,1.0,65.48780934148517,32.74390467074259,15,186,0,0.0,0,0,0,
1,2.0,1.0,65.48780934148517,32.74390467074259,30,186,0,0.0,0,0,0,
1,2.0,1.0,65.48780934148517,32.74390467074259,60,186,0,0.0,0,0,0,
1,2.0,1.5,65.48780934148517,49.115857006113885,15,186,0,0.0,0,0,0,
1,2.0,1.5,65.48780934148517,49.115857006113885,30,186,0,0.0,0,0,0,
1,2.0,1.5,65.48780934148517,49.115857006113885,60,186,0,0.0,0,0,0,
1,3.0,0.5,98.23171401222777,16.371952335371294,15,186,0,0.0,0,0,0,
1,3.0,0.5,98.23171401222777,16.371952335371294,30,186,0,0.0,0,0,0,
1,3.0,0.5,98.23171401222777,16.371952335371294,60,186,0,0.0,0,0,0,
1,3.0,0.75,98.23171401222777,24.557928503056942,15,186,0,0.0,0,0,0,
1,3.0,0.75,98.23171401222777,24.557928503056942,30,186,0,0.0,0,0,0,
1,3.0,0.75,98.23171401222777,24.557928503056942,60,186,0,0.0,0,0,0,
1,3.0,1.0,98.23171401222777,32.74390467074259,15,186,0,0.0,0,0,0,
1,3.0,1.0,98.23171401222777,32.74390467074259,30,186,0,0.0,0,0,0,
1,3.0,1.0,98.23171401222777,32.74390467074259,60,186,0,0.0,0,0,0,
1,3.0,1.5,98.23171401222777,49.115857006113885,15,186,0,0.0,0,0,0,
1,3.0,1.5,98.23171401222777,49.115857006113885,30,186,0,0.0,0,0,0,
1,3.0,1.5,98.23171401222777,49.115857006113885,60,186,0,0.0,0,0,0,
1,4.0,0.5,130.97561868297035,16.371952335371294,15,186,0,0.0,0,0,0,
1,4.0,0.5,130.97561868297035,16.371952335371294,30,186,0,0.0,0,0,0,
1,4.0,0.5,130.97561868297035,16.371952335371294,60,186,0,0.0,0,0,0,
1,4.0,0.75,130.97561868297035,24.557928503056942,15,186,0,0.0,0,0,0,
1,4.0,0.75,130.97561868297035,24.557928503056942,30,186,0,0.0,0,0,0,
1,4.0,0.75,130.97561868297035,24.557928503056942,60,186,0,0.0,0,0,0,
1,4.0,1.0,130.97561868297035,32.74390467074259,15,186,0,0.0,0,0,0,
1,4.0,1.0,130.97561868297035,32.74390467074259,30,186,0,0.0,0,0,0,
1,4.0,1.0,130.97561868297035,32.74390467074259,60,186,0,0.0,0,0,0,
1,4.0,1.5,130.97561868297035,49.115857006113885,15,186,0,0.0,0,0,0,
1,4.0,1.5,130.97561868297035,49.115857006113885,30,186,0,0.0,0,0,0,
1,4.0,1.5,130.97561868297035,49.115857006113885,60,186,0,0.0,0,0,0,
1,0.75,0.5,27.78872622490539,18.52581748327026,15,58,3,0.05172413793103448,1,2,0,214004707810.0
1,0.75,0.5,27.78872622490539,18.52581748327026,30,58,3,0.05172413793103448,1,2,0,214004707810.0
1,0.75,0.5,27.78872622490539,18.52581748327026,60,58,3,0.05172413793103448,1,2,0,214004707810.0
1,0.75,0.75,27.78872622490539,27.78872622490539,15,58,2,0.034482758620689655,1,1,0,147424287777.0
1,0.75,0.75,27.78872622490539,27.78872622490539,30,58,2,0.034482758620689655,1,1,0,147424287777.0
1,0.75,0.75,27.78872622490539,27.78872622490539,60,58,2,0.034482758620689655,1,1,0,147424287777.0
1,0.75,1.0,27.78872622490539,37.05163496654052,15,58,1,0.017241379310344827,1,0,0,214743041460.0
1,0.75,1.0,27.78872622490539,37.05163496654052,30,58,1,0.017241379310344827,1,0,0,214743041460.0
1,0.75,1.0,27.78872622490539,37.05163496654052,60,58,1,0.017241379310344827,1,0,0,214743041460.0
1,0.75,1.5,27.78872622490539,55.57745244981078,15,58,1,0.017241379310344827,1,0,0,215934590656.0
1,0.75,1.5,27.78872622490539,55.57745244981078,30,58,1,0.017241379310344827,1,0,0,215934590656.0
1,0.75,1.5,27.78872622490539,55.57745244981078,60,58,1,0.017241379310344827,1,0,0,215934590656.0
1,1.0,0.5,37.05163496654052,18.52581748327026,15,58,2,0.034482758620689655,1,1,0,194410873753.0
1,1.0,0.5,37.05163496654052,18.52581748327026,30,58,2,0.034482758620689655,1,1,0,194410873753.0
1,1.0,0.5,37.05163496654052,18.52581748327026,60,58,2,0.034482758620689655,1,1,0,194410873753.0
1,1.0,0.75,37.05163496654052,27.78872622490539,15,58,2,0.034482758620689655,1,1,0,147033738429.0
1,1.0,0.75,37.05163496654052,27.78872622490539,30,58,2,0.034482758620689655,1,1,0,147033738429.0
1,1.0,0.75,37.05163496654052,27.78872622490539,60,58,2,0.034482758620689655,1,1,0,147033738429.0
1,1.0,1.0,37.05163496654052,37.05163496654052,15,58,1,0.017241379310344827,1,0,0,195328757456.0
1,1.0,1.0,37.05163496654052,37.05163496654052,30,58,1,0.017241379310344827,1,0,0,195328757456.0
1,1.0,1.0,37.05163496654052,37.05163496654052,60,58,1,0.017241379310344827,1,0,0,195328757456.0
1,1.0,1.5,37.05163496654052,55.57745244981078,15,58,1,0.017241379310344827,1,0,0,196520306652.0
1,1.0,1.5,37.05163496654052,55.57745244981078,30,58,1,0.017241379310344827,1,0,0,196520306652.0
1,1.0,1.5,37.05163496654052,55.57745244981078,60,58,1,0.017241379310344827,1,0,0,196520306652.0
1,1.5,0.5,55.57745244981078,18.52581748327026,15,58,2,0.034482758620689655,2,0,0,223715603735.0
1,1.5,0.5,55.57745244981078,18.52581748327026,30,58,2,0.034482758620689655,2,0,0,223715603735.0
1,1.5,0.5,55.57745244981078,18.52581748327026,60,58,2,0.034482758620689655,2,0,0,223715603735.0
1,1.5,0.75,55.57745244981078,27.78872622490539,15,58,2,0.034482758620689655,2,0,0,223845885815.0
1,1.5,0.75,55.57745244981078,27.78872622490539,30,58,2,0.034482758620689655,2,0,0,223845885815.0
1,1.5,0.75,55.57745244981078,27.78872622490539,60,58,2,0.034482758620689655,2,0,0,223845885815.0
1,1.5,1.0,55.57745244981078,37.05163496654052,15,58,1,0.017241379310344827,1,0,0,174835092334.0
1,1.5,1.0,55.57745244981078,37.05163496654052,30,58,1,0.017241379310344827,1,0,0,174835092334.0
1,1.5,1.0,55.57745244981078,37.05163496654052,60,58,1,0.017241379310344827,1,0,0,174835092334.0
1,1.5,1.5,55.57745244981078,55.57745244981078,15,58,1,0.017241379310344827,1,0,0,176026641530.0
1,1.5,1.5,55.57745244981078,55.57745244981078,30,58,1,0.017241379310344827,1,0,0,176026641530.0
1,1.5,1.5,55.57745244981078,55.57745244981078,60,58,1,0.017241379310344827,1,0,0,176026641530.0
1,2.0,0.5,74.10326993308104,18.52581748327026,15,58,3,0.05172413793103448,3,0,0,215168529692.0
1,2.0,0.5,74.10326993308104,18.52581748327026,30,58,3,0.05172413793103448,3,0,0,215168529692.0
1,2.0,0.5,74.10326993308104,18.52581748327026,60,58,3,0.05172413793103448,3,0,0,215168529692.0
1,2.0,0.75,74.10326993308104,27.78872622490539,15,58,2,0.034482758620689655,2,0,0,135724499610.0
1,2.0,0.75,74.10326993308104,27.78872622490539,30,58,2,0.034482758620689655,2,0,0,135724499610.0
1,2.0,0.75,74.10326993308104,27.78872622490539,60,58,2,0.034482758620689655,2,0,0,135724499610.0
1,2.0,1.0,74.10326993308104,37.05163496654052,15,58,1,0.017241379310344827,1,0,0,56758239018.0
1,2.0,1.0,74.10326993308104,37.05163496654052,30,58,1,0.017241379310344827,1,0,0,56758239018.0
1,2.0,1.0,74.10326993308104,37.05163496654052,60,58,1,0.017241379310344827,1,0,0,56758239018.0
1,2.0,1.5,74.10326993308104,55.57745244981078,15,58,1,0.017241379310344827,1,0,0,57949788214.0
1,2.0,1.5,74.10326993308104,55.57745244981078,30,58,1,0.017241379310344827,1,0,0,57949788214.0
1,2.0,1.5,74.10326993308104,55.57745244981078,60,58,1,0.017241379310344827,1,0,0,57949788214.0
1,3.0,0.5,111.15490489962156,18.52581748327026,15,58,2,0.034482758620689655,2,0,0,117047661187.0
1,3.0,0.5,111.15490489962156,18.52581748327026,30,58,2,0.034482758620689655,2,0,0,117047661187.0
1,3.0,0.5,111.15490489962156,18.52581748327026,60,58,2,0.034482758620689655,2,0,0,117047661187.0
1,3.0,0.75,111.15490489962156,27.78872622490539,15,58,1,0.017241379310344827,1,0,0,58068680844.0
1,3.0,0.75,111.15490489962156,27.78872622490539,30,58,1,0.017241379310344827,1,0,0,58068680844.0
1,3.0,0.75,111.15490489962156,27.78872622490539,60,58,1,0.017241379310344827,1,0,0,58068680844.0
1,3.0,1.0,111.15490489962156,37.05163496654052,15,58,0,0.0,0,0,0,
1,3.0,1.0,111.15490489962156,37.05163496654052,30,58,0,0.0,0,0,0,
1,3.0,1.0,111.15490489962156,37.05163496654052,60,58,0,0.0,0,0,0,
1,3.0,1.5,111.15490489962156,55.57745244981078,15,58,0,0.0,0,0,0,
1,3.0,1.5,111.15490489962156,55.57745244981078,30,58,0,0.0,0,0,0,
1,3.0,1.5,111.15490489962156,55.57745244981078,60,58,0,0.0,0,0,0,
1,4.0,0.5,148.20653986616207,18.52581748327026,15,58,0,0.0,0,0,0,
1,4.0,0.5,148.20653986616207,18.52581748327026,30,58,0,0.0,0,0,0,
1,4.0,0.5,148.20653986616207,18.52581748327026,60,58,0,0.0,0,0,0,
1,4.0,0.75,148.20653986616207,27.78872622490539,15,58,0,0.0,0,0,0,
1,4.0,0.75,148.20653986616207,27.78872622490539,30,58,0,0.0,0,0,0,
1,4.0,0.75,148.20653986616207,27.78872622490539,60,58,0,0.0,0,0,0,
1,4.0,1.0,148.20653986616207,37.05163496654052,15,58,0,0.0,0,0,0,
1,4.0,1.0,148.20653986616207,37.05163496654052,30,58,0,0.0,0,0,0,
1,4.0,1.0,148.20653986616207,37.05163496654052,60,58,0,0.0,0,0,0,
1,4.0,1.5,148.20653986616207,55.57745244981078,15,58,0,0.0,0,0,0,
1,4.0,1.5,148.20653986616207,55.57745244981078,30,58,0,0.0,0,0,0,
1,4.0,1.5,148.20653986616207,55.57745244981078,60,58,0,0.0,0,0,0,
1,0.75,0.5,26.505411625133718,17.670274416755813,15,483,19,0.039337474120082816,7,12,0,170762544042.0
1,0.75,0.5,26.505411625133718,17.670274416755813,30,483,19,0.039337474120082816,7,12,0,170762544042.0
1,0.75,0.5,26.505411625133718,17.670274416755813,60,483,19,0.039337474120082816,7,12,0,170762544042.0
1,0.75,0.75,26.505411625133718,26.505411625133718,15,483,9,0.018633540372670808,5,4,0,168578287824.0
1,0.75,0.75,26.505411625133718,26.505411625133718,30,483,10,0.020703933747412008,5,5,0,173116892795.0
1,0.75,0.75,26.505411625133718,26.505411625133718,60,483,10,0.020703933747412008,5,5,0,173116892795.0
1,0.75,1.0,26.505411625133718,35.340548833511626,15,483,1,0.002070393374741201,1,0,0,146611399604.0
1,0.75,1.0,26.505411625133718,35.340548833511626,30,483,1,0.002070393374741201,1,0,0,146611399604.0
1,0.75,1.0,26.505411625133718,35.340548833511626,60,483,1,0.002070393374741201,1,0,0,146611399604.0
1,0.75,1.5,26.505411625133718,53.010823250267435,15,483,0,0.0,0,0,0,
1,0.75,1.5,26.505411625133718,53.010823250267435,30,483,0,0.0,0,0,0,
1,0.75,1.5,26.505411625133718,53.010823250267435,60,483,0,0.0,0,0,0,
1,1.0,0.5,35.340548833511626,17.670274416755813,15,483,6,0.012422360248447204,2,4,0,203112959858.0
1,1.0,0.5,35.340548833511626,17.670274416755813,30,483,6,0.012422360248447204,2,4,0,203112959858.0
1,1.0,0.5,35.340548833511626,17.670274416755813,60,483,6,0.012422360248447204,2,4,0,203112959858.0
1,1.0,0.75,35.340548833511626,26.505411625133718,15,483,2,0.004140786749482402,1,1,0,186866839010.0
1,1.0,0.75,35.340548833511626,26.505411625133718,30,483,3,0.006211180124223602,2,1,0,196078180254.0
1,1.0,0.75,35.340548833511626,26.505411625133718,60,483,3,0.006211180124223602,2,1,0,196078180254.0
1,1.0,1.0,35.340548833511626,35.340548833511626,15,483,0,0.0,0,0,0,
1,1.0,1.0,35.340548833511626,35.340548833511626,30,483,1,0.002070393374741201,1,0,0,224520471096.0
1,1.0,1.0,35.340548833511626,35.340548833511626,60,483,1,0.002070393374741201,1,0,0,224520471096.0
1,1.0,1.5,35.340548833511626,53.010823250267435,15,483,0,0.0,0,0,0,
1,1.0,1.5,35.340548833511626,53.010823250267435,30,483,0,0.0,0,0,0,
1,1.0,1.5,35.340548833511626,53.010823250267435,60,483,0,0.0,0,0,0,
1,1.5,0.5,53.010823250267435,17.670274416755813,15,483,0,0.0,0,0,0,
1,1.5,0.5,53.010823250267435,17.670274416755813,30,483,0,0.0,0,0,0,
1,1.5,0.5,53.010823250267435,17.670274416755813,60,483,0,0.0,0,0,0,
1,1.5,0.75,53.010823250267435,26.505411625133718,15,483,0,0.0,0,0,0,
1,1.5,0.75,53.010823250267435,26.505411625133718,30,483,0,0.0,0,0,0,
1,1.5,0.75,53.010823250267435,26.505411625133718,60,483,0,0.0,0,0,0,
1,1.5,1.0,53.010823250267435,35.340548833511626,15,483,0,0.0,0,0,0,
1,1.5,1.0,53.010823250267435,35.340548833511626,30,483,0,0.0,0,0,0,
1,1.5,1.0,53.010823250267435,35.340548833511626,60,483,0,0.0,0,0,0,
1,1.5,1.5,53.010823250267435,53.010823250267435,15,483,0,0.0,0,0,0,
1,1.5,1.5,53.010823250267435,53.010823250267435,30,483,0,0.0,0,0,0,
1,1.5,1.5,53.010823250267435,53.010823250267435,60,483,0,0.0,0,0,0,
1,2.0,0.5,70.68109766702325,17.670274416755813,15,483,0,0.0,0,0,0,
1,2.0,0.5,70.68109766702325,17.670274416755813,30,483,0,0.0,0,0,0,
1,2.0,0.5,70.68109766702325,17.670274416755813,60,483,0,0.0,0,0,0,
1,2.0,0.75,70.68109766702325,26.505411625133718,15,483,0,0.0,0,0,0,
1,2.0,0.75,70.68109766702325,26.505411625133718,30,483,0,0.0,0,0,0,
1,2.0,0.75,70.68109766702325,26.505411625133718,60,483,0,0.0,0,0,0,
1,2.0,1.0,70.68109766702325,35.340548833511626,15,483,0,0.0,0,0,0,
1,2.0,1.0,70.68109766702325,35.340548833511626,30,483,0,0.0,0,0,0,
1,2.0,1.0,70.68109766702325,35.340548833511626,60,483,0,0.0,0,0,0,
1,2.0,1.5,70.68109766702325,53.010823250267435,15,483,0,0.0,0,0,0,
1,2.0,1.5,70.68109766702325,53.010823250267435,30,483,0,0.0,0,0,0,
1,2.0,1.5,70.68109766702325,53.010823250267435,60,483,0,0.0,0,0,0,
1,3.0,0.5,106.02164650053487,17.670274416755813,15,483,0,0.0,0,0,0,
1,3.0,0.5,106.02164650053487,17.670274416755813,30,483,0,0.0,0,0,0,
1,3.0,0.5,106.02164650053487,17.670274416755813,60,483,0,0.0,0,0,0,
1,3.0,0.75,106.02164650053487,26.505411625133718,15,483,0,0.0,0,0,0,
1,3.0,0.75,106.02164650053487,26.505411625133718,30,483,0,0.0,0,0,0,
1,3.0,0.75,106.02164650053487,26.505411625133718,60,483,0,0.0,0,0,0,
1,3.0,1.0,106.02164650053487,35.340548833511626,15,483,0,0.0,0,0,0,
1,3.0,1.0,106.02164650053487,35.340548833511626,30,483,0,0.0,0,0,0,
1,3.0,1.0,106.02164650053487,35.340548833511626,60,483,0,0.0,0,0,0,
1,3.0,1.5,106.02164650053487,53.010823250267435,15,483,0,0.0,0,0,0,
1,3.0,1.5,106.02164650053487,53.010823250267435,30,483,0,0.0,0,0,0,
1,3.0,1.5,106.02164650053487,53.010823250267435,60,483,0,0.0,0,0,0,
1,4.0,0.5,141.3621953340465,17.670274416755813,15,483,0,0.0,0,0,0,
1,4.0,0.5,141.3621953340465,17.670274416755813,30,483,0,0.0,0,0,0,
1,4.0,0.5,141.3621953340465,17.670274416755813,60,483,0,0.0,0,0,0,
1,4.0,0.75,141.3621953340465,26.505411625133718,15,483,0,0.0,0,0,0,
1,4.0,0.75,141.3621953340465,26.505411625133718,30,483,0,0.0,0,0,0,
1,4.0,0.75,141.3621953340465,26.505411625133718,60,483,0,0.0,0,0,0,
1,4.0,1.0,141.3621953340465,35.340548833511626,15,483,0,0.0,0,0,0,
1,4.0,1.0,141.3621953340465,35.340548833511626,30,483,0,0.0,0,0,0,
1,4.0,1.0,141.3621953340465,35.340548833511626,60,483,0,0.0,0,0,0,
1,4.0,1.5,141.3621953340465,53.010823250267435,15,483,0,0.0,0,0,0,
1,4.0,1.5,141.3621953340465,53.010823250267435,30,483,0,0.0,0,0,0,
1,4.0,1.5,141.3621953340465,53.010823250267435,60,483,0,0.0,0,0,0,
1,0.75,0.5,22.876126070690106,15.250750713793403,15,3,0,0.0,0,0,0,
1,0.75,0.5,22.876126070690106,15.250750713793403,30,3,0,0.0,0,0,0,
1,0.75,0.5,22.876126070690106,15.250750713793403,60,3,0,0.0,0,0,0,
1,0.75,0.75,22.876126070690106,22.876126070690106,15,3,0,0.0,0,0,0,
1,0.75,0.75,22.876126070690106,22.876126070690106,30,3,0,0.0,0,0,0,
1,0.75,0.75,22.876126070690106,22.876126070690106,60,3,0,0.0,0,0,0,
1,0.75,1.0,22.876126070690106,30.501501427586806,15,3,0,0.0,0,0,0,
1,0.75,1.0,22.876126070690106,30.501501427586806,30,3,0,0.0,0,0,0,
1,0.75,1.0,22.876126070690106,30.501501427586806,60,3,0,0.0,0,0,0,
1,0.75,1.5,22.876126070690106,45.75225214138021,15,3,0,0.0,0,0,0,
1,0.75,1.5,22.876126070690106,45.75225214138021,30,3,0,0.0,0,0,0,
1,0.75,1.5,22.876126070690106,45.75225214138021,60,3,0,0.0,0,0,0,
1,1.0,0.5,30.501501427586806,15.250750713793403,15,3,0,0.0,0,0,0,
1,1.0,0.5,30.501501427586806,15.250750713793403,30,3,0,0.0,0,0,0,
1,1.0,0.5,30.501501427586806,15.250750713793403,60,3,0,0.0,0,0,0,
1,1.0,0.75,30.501501427586806,22.876126070690106,15,3,0,0.0,0,0,0,
1,1.0,0.75,30.501501427586806,22.876126070690106,30,3,0,0.0,0,0,0,
1,1.0,0.75,30.501501427586806,22.876126070690106,60,3,0,0.0,0,0,0,
1,1.0,1.0,30.501501427586806,30.501501427586806,15,3,0,0.0,0,0,0,
1,1.0,1.0,30.501501427586806,30.501501427586806,30,3,0,0.0,0,0,0,
1,1.0,1.0,30.501501427586806,30.501501427586806,60,3,0,0.0,0,0,0,
1,1.0,1.5,30.501501427586806,45.75225214138021,15,3,0,0.0,0,0,0,
1,1.0,1.5,30.501501427586806,45.75225214138021,30,3,0,0.0,0,0,0,
1,1.0,1.5,30.501501427586806,45.75225214138021,60,3,0,0.0,0,0,0,
1,1.5,0.5,45.75225214138021,15.250750713793403,15,3,0,0.0,0,0,0,
1,1.5,0.5,45.75225214138021,15.250750713793403,30,3,0,0.0,0,0,0,
1,1.5,0.5,45.75225214138021,15.250750713793403,60,3,0,0.0,0,0,0,
1,1.5,0.75,45.75225214138021,22.876126070690106,15,3,0,0.0,0,0,0,
1,1.5,0.75,45.75225214138021,22.876126070690106,30,3,0,0.0,0,0,0,
1,1.5,0.75,45.75225214138021,22.876126070690106,60,3,0,0.0,0,0,0,
1,1.5,1.0,45.75225214138021,30.501501427586806,15,3,0,0.0,0,0,0,
1,1.5,1.0,45.75225214138021,30.501501427586806,30,3,0,0.0,0,0,0,
1,1.5,1.0,45.75225214138021,30.501501427586806,60,3,0,0.0,0,0,0,
1,1.5,1.5,45.75225214138021,45.75225214138021,15,3,0,0.0,0,0,0,
1,1.5,1.5,45.75225214138021,45.75225214138021,30,3,0,0.0,0,0,0,
1,1.5,1.5,45.75225214138021,45.75225214138021,60,3,0,0.0,0,0,0,
1,2.0,0.5,61.00300285517361,15.250750713793403,15,3,0,0.0,0,0,0,
1,2.0,0.5,61.00300285517361,15.250750713793403,30,3,0,0.0,0,0,0,
1,2.0,0.5,61.00300285517361,15.250750713793403,60,3,0,0.0,0,0,0,
1,2.0,0.75,61.00300285517361,22.876126070690106,15,3,0,0.0,0,0,0,
1,2.0,0.75,61.00300285517361,22.876126070690106,30,3,0,0.0,0,0,0,
1,2.0,0.75,61.00300285517361,22.876126070690106,60,3,0,0.0,0,0,0,
1,2.0,1.0,61.00300285517361,30.501501427586806,15,3,0,0.0,0,0,0,
1,2.0,1.0,61.00300285517361,30.501501427586806,30,3,0,0.0,0,0,0,
1,2.0,1.0,61.00300285517361,30.501501427586806,60,3,0,0.0,0,0,0,
1,2.0,1.5,61.00300285517361,45.75225214138021,15,3,0,0.0,0,0,0,
1,2.0,1.5,61.00300285517361,45.75225214138021,30,3,0,0.0,0,0,0,
1,2.0,1.5,61.00300285517361,45.75225214138021,60,3,0,0.0,0,0,0,
1,3.0,0.5,91.50450428276042,15.250750713793403,15,3,0,0.0,0,0,0,
1,3.0,0.5,91.50450428276042,15.250750713793403,30,3,0,0.0,0,0,0,
1,3.0,0.5,91.50450428276042,15.250750713793403,60,3,0,0.0,0,0,0,
1,3.0,0.75,91.50450428276042,22.876126070690106,15,3,0,0.0,0,0,0,
1,3.0,0.75,91.50450428276042,22.876126070690106,30,3,0,0.0,0,0,0,
1,3.0,0.75,91.50450428276042,22.876126070690106,60,3,0,0.0,0,0,0,
1,3.0,1.0,91.50450428276042,30.501501427586806,15,3,0,0.0,0,0,0,
1,3.0,1.0,91.50450428276042,30.501501427586806,30,3,0,0.0,0,0,0,
1,3.0,1.0,91.50450428276042,30.501501427586806,60,3,0,0.0,0,0,0,
1,3.0,1.5,91.50450428276042,45.75225214138021,15,3,0,0.0,0,0,0,
1,3.0,1.5,91.50450428276042,45.75225214138021,30,3,0,0.0,0,0,0,
1,3.0,1.5,91.50450428276042,45.75225214138021,60,3,0,0.0,0,0,0,
1,4.0,0.5,122.00600571034722,15.250750713793403,15,3,0,0.0,0,0,0,
1,4.0,0.5,122.00600571034722,15.250750713793403,30,3,0,0.0,0,0,0,
1,4.0,0.5,122.00600571034722,15.250750713793403,60,3,0,0.0,0,0,0,
1,4.0,0.75,122.00600571034722,22.876126070690106,15,3,0,0.0,0,0,0,
1,4.0,0.75,122.00600571034722,22.876126070690106,30,3,0,0.0,0,0,0,
1,4.0,0.75,122.00600571034722,22.876126070690106,60,3,0,0.0,0,0,0,
1,4.0,1.0,122.00600571034722,30.501501427586806,15,3,0,0.0,0,0,0,
1,4.0,1.0,122.00600571034722,30.501501427586806,30,3,0,0.0,0,0,0,
1,4.0,1.0,122.00600571034722,30.501501427586806,60,3,0,0.0,0,0,0,
1,4.0,1.5,122.00600571034722,45.75225214138021,15,3,0,0.0,0,0,0,
1,4.0,1.5,122.00600571034722,45.75225214138021,30,3,0,0.0,0,0,0,
1,4.0,1.5,122.00600571034722,45.75225214138021,60,3,0,0.0,0,0,0,
1,0.75,0.5,29.005207027304206,19.33680468486947,15,32,2,0.0625,0,2,0,62362382508.0
1,0.75,0.5,29.005207027304206,19.33680468486947,30,32,2,0.0625,0,2,0,62362382508.0
1,0.75,0.5,29.005207027304206,19.33680468486947,60,32,2,0.0625,0,2,0,62362382508.0
1,0.75,0.75,29.005207027304206,29.005207027304206,15,32,2,0.0625,0,2,0,61886748472.0
1,0.75,0.75,29.005207027304206,29.005207027304206,30,32,2,0.0625,0,2,0,61886748472.0
1,0.75,0.75,29.005207027304206,29.005207027304206,60,32,2,0.0625,0,2,0,61886748472.0
1,0.75,1.0,29.005207027304206,38.67360936973894,15,32,2,0.0625,0,2,0,186858524067.0
1,0.75,1.0,29.005207027304206,38.67360936973894,30,32,2,0.0625,0,2,0,186858524067.0
1,0.75,1.0,29.005207027304206,38.67360936973894,60,32,2,0.0625,0,2,0,186858524067.0
1,0.75,1.5,29.005207027304206,58.01041405460841,15,32,1,0.03125,0,1,0,291493966258.0
1,0.75,1.5,29.005207027304206,58.01041405460841,30,32,1,0.03125,0,1,0,291493966258.0
1,0.75,1.5,29.005207027304206,58.01041405460841,60,32,1,0.03125,0,1,0,291493966258.0
1,1.0,0.5,38.67360936973894,19.33680468486947,15,32,3,0.09375,1,2,0,254557095720.0
1,1.0,0.5,38.67360936973894,19.33680468486947,30,32,3,0.09375,1,2,0,254557095720.0
1,1.0,0.5,38.67360936973894,19.33680468486947,60,32,3,0.09375,1,2,0,254557095720.0
1,1.0,0.75,38.67360936973894,29.005207027304206,15,32,2,0.0625,0,2,0,148087540758.0
1,1.0,0.75,38.67360936973894,29.005207027304206,30,32,2,0.0625,0,2,0,148087540758.0
1,1.0,0.75,38.67360936973894,29.005207027304206,60,32,2,0.0625,0,2,0,148087540758.0
1,1.0,1.0,38.67360936973894,38.67360936973894,15,32,1,0.03125,0,1,0,253168638242.0
1,1.0,1.0,38.67360936973894,38.67360936973894,30,32,1,0.03125,0,1,0,253168638242.0
1,1.0,1.0,38.67360936973894,38.67360936973894,60,32,1,0.03125,0,1,0,253168638242.0
1,1.0,1.5,38.67360936973894,58.01041405460841,15,32,0,0.0,0,0,0,
1,1.0,1.5,38.67360936973894,58.01041405460841,30,32,0,0.0,0,0,0,
1,1.0,1.5,38.67360936973894,58.01041405460841,60,32,0,0.0,0,0,0,
1,1.5,0.5,58.01041405460841,19.33680468486947,15,32,0,0.0,0,0,0,
1,1.5,0.5,58.01041405460841,19.33680468486947,30,32,0,0.0,0,0,0,
1,1.5,0.5,58.01041405460841,19.33680468486947,60,32,0,0.0,0,0,0,
1,1.5,0.75,58.01041405460841,29.005207027304206,15,32,0,0.0,0,0,0,
1,1.5,0.75,58.01041405460841,29.005207027304206,30,32,0,0.0,0,0,0,
1,1.5,0.75,58.01041405460841,29.005207027304206,60,32,0,0.0,0,0,0,
1,1.5,1.0,58.01041405460841,38.67360936973894,15,32,0,0.0,0,0,0,
1,1.5,1.0,58.01041405460841,38.67360936973894,30,32,0,0.0,0,0,0,
1,1.5,1.0,58.01041405460841,38.67360936973894,60,32,0,0.0,0,0,0,
1,1.5,1.5,58.01041405460841,58.01041405460841,15,32,0,0.0,0,0,0,
1,1.5,1.5,58.01041405460841,58.01041405460841,30,32,0,0.0,0,0,0,
1,1.5,1.5,58.01041405460841,58.01041405460841,60,32,0,0.0,0,0,0,
1,2.0,0.5,77.34721873947788,19.33680468486947,15,32,0,0.0,0,0,0,
1,2.0,0.5,77.34721873947788,19.33680468486947,30,32,0,0.0,0,0,0,
1,2.0,0.5,77.34721873947788,19.33680468486947,60,32,0,0.0,0,0,0,
1,2.0,0.75,77.34721873947788,29.005207027304206,15,32,0,0.0,0,0,0,
1,2.0,0.75,77.34721873947788,29.005207027304206,30,32,0,0.0,0,0,0,
1,2.0,0.75,77.34721873947788,29.005207027304206,60,32,0,0.0,0,0,0,
1,2.0,1.0,77.34721873947788,38.67360936973894,15,32,0,0.0,0,0,0,
1,2.0,1.0,77.34721873947788,38.67360936973894,30,32,0,0.0,0,0,0,
1,2.0,1.0,77.34721873947788,38.67360936973894,60,32,0,0.0,0,0,0,
1,2.0,1.5,77.34721873947788,58.01041405460841,15,32,0,0.0,0,0,0,
1,2.0,1.5,77.34721873947788,58.01041405460841,30,32,0,0.0,0,0,0,
1,2.0,1.5,77.34721873947788,58.01041405460841,60,32,0,0.0,0,0,0,
1,3.0,0.5,116.02082810921682,19.33680468486947,15,32,0,0.0,0,0,0,
1,3.0,0.5,116.02082810921682,19.33680468486947,30,32,0,0.0,0,0,0,
1,3.0,0.5,116.02082810921682,19.33680468486947,60,32,0,0.0,0,0,0,
1,3.0,0.75,116.02082810921682,29.005207027304206,15,32,0,0.0,0,0,0,
1,3.0,0.75,116.02082810921682,29.005207027304206,30,32,0,0.0,0,0,0,
1,3.0,0.75,116.02082810921682,29.005207027304206,60,32,0,0.0,0,0,0,
1,3.0,1.0,116.02082810921682,38.67360936973894,15,32,0,0.0,0,0,0,
1,3.0,1.0,116.02082810921682,38.67360936973894,30,32,0,0.0,0,0,0,
1,3.0,1.0,116.02082810921682,38.67360936973894,60,32,0,0.0,0,0,0,
1,3.0,1.5,116.02082810921682,58.01041405460841,15,32,0,0.0,0,0,0,
1,3.0,1.5,116.02082810921682,58.01041405460841,30,32,0,0.0,0,0,0,
1,3.0,1.5,116.02082810921682,58.01041405460841,60,32,0,0.0,0,0,0,
1,4.0,0.5,154.69443747895576,19.33680468486947,15,32,0,0.0,0,0,0,
1,4.0,0.5,154.69443747895576,19.33680468486947,30,32,0,0.0,0,0,0,
1,4.0,0.5,154.69443747895576,19.33680468486947,60,32,0,0.0,0,0,0,
1,4.0,0.75,154.69443747895576,29.005207027304206,15,32,0,0.0,0,0,0,
1,4.0,0.75,154.69443747895576,29.005207027304206,30,32,0,0.0,0,0,0,
1,4.0,0.75,154.69443747895576,29.005207027304206,60,32,0,0.0,0,0,0,
1,4.0,1.0,154.69443747895576,38.67360936973894,15,32,0,0.0,0,0,0,
1,4.0,1.0,154.69443747895576,38.67360936973894,30,32,0,0.0,0,0,0,
1,4.0,1.0,154.69443747895576,38.67360936973894,60,32,0,0.0,0,0,0,
1,4.0,1.5,154.69443747895576,58.01041405460841,15,32,0,0.0,0,0,0,
1,4.0,1.5,154.69443747895576,58.01041405460841,30,32,0,0.0,0,0,0,
1,4.0,1.5,154.69443747895576,58.01041405460841,60,32,0,0.0,0,0,0,
1,0.75,0.5,26.727380628569783,17.818253752379857,15,37,0,0.0,0,0,0,
1,0.75,0.5,26.727380628569783,17.818253752379857,30,37,0,0.0,0,0,0,
1,0.75,0.5,26.727380628569783,17.818253752379857,60,37,0,0.0,0,0,0,
1,0.75,0.75,26.727380628569783,26.727380628569783,15,37,0,0.0,0,0,0,
1,0.75,0.75,26.727380628569783,26.727380628569783,30,37,0,0.0,0,0,0,
1,0.75,0.75,26.727380628569783,26.727380628569783,60,37,0,0.0,0,0,0,
1,0.75,1.0,26.727380628569783,35.63650750475971,15,37,0,0.0,0,0,0,
1,0.75,1.0,26.727380628569783,35.63650750475971,30,37,0,0.0,0,0,0,
1,0.75,1.0,26.727380628569783,35.63650750475971,60,37,0,0.0,0,0,0,
1,0.75,1.5,26.727380628569783,53.454761257139566,15,37,0,0.0,0,0,0,
1,0.75,1.5,26.727380628569783,53.454761257139566,30,37,0,0.0,0,0,0,
1,0.75,1.5,26.727380628569783,53.454761257139566,60,37,0,0.0,0,0,0,
1,1.0,0.5,35.63650750475971,17.818253752379857,15,37,0,0.0,0,0,0,
1,1.0,0.5,35.63650750475971,17.818253752379857,30,37,0,0.0,0,0,0,
1,1.0,0.5,35.63650750475971,17.818253752379857,60,37,0,0.0,0,0,0,
1,1.0,0.75,35.63650750475971,26.727380628569783,15,37,0,0.0,0,0,0,
1,1.0,0.75,35.63650750475971,26.727380628569783,30,37,0,0.0,0,0,0,
1,1.0,0.75,35.63650750475971,26.727380628569783,60,37,0,0.0,0,0,0,
1,1.0,1.0,35.63650750475971,35.63650750475971,15,37,0,0.0,0,0,0,
1,1.0,1.0,35.63650750475971,35.63650750475971,30,37,0,0.0,0,0,0,
1,1.0,1.0,35.63650750475971,35.63650750475971,60,37,0,0.0,0,0,0,
1,1.0,1.5,35.63650750475971,53.454761257139566,15,37,0,0.0,0,0,0,
1,1.0,1.5,35.63650750475971,53.454761257139566,30,37,0,0.0,0,0,0,
1,1.0,1.5,35.63650750475971,53.454761257139566,60,37,0,0.0,0,0,0,
1,1.5,0.5,53.454761257139566,17.818253752379857,15,37,0,0.0,0,0,0,
1,1.5,0.5,53.454761257139566,17.818253752379857,30,37,0,0.0,0,0,0,
1,1.5,0.5,53.454761257139566,17.818253752379857,60,37,0,0.0,0,0,0,
1,1.5,0.75,53.454761257139566,26.727380628569783,15,37,0,0.0,0,0,0,
1,1.5,0.75,53.454761257139566,26.727380628569783,30,37,0,0.0,0,0,0,
1,1.5,0.75,53.454761257139566,26.727380628569783,60,37,0,0.0,0,0,0,
1,1.5,1.0,53.454761257139566,35.63650750475971,15,37,0,0.0,0,0,0,
1,1.5,1.0,53.454761257139566,35.63650750475971,30,37,0,0.0,0,0,0,
1,1.5,1.0,53.454761257139566,35.63650750475971,60,37,0,0.0,0,0,0,
1,1.5,1.5,53.454761257139566,53.454761257139566,15,37,0,0.0,0,0,0,
1,1.5,1.5,53.454761257139566,53.454761257139566,30,37,0,0.0,0,0,0,
1,1.5,1.5,53.454761257139566,53.454761257139566,60,37,0,0.0,0,0,0,
1,2.0,0.5,71.27301500951943,17.818253752379857,15,37,0,0.0,0,0,0,
1,2.0,0.5,71.27301500951943,17.818253752379857,30,37,0,0.0,0,0,0,
1,2.0,0.5,71.27301500951943,17.818253752379857,60,37,0,0.0,0,0,0,
1,2.0,0.75,71.27301500951943,26.727380628569783,15,37,0,0.0,0,0,0,
1,2.0,0.75,71.27301500951943,26.727380628569783,30,37,0,0.0,0,0,0,
1,2.0,0.75,71.27301500951943,26.727380628569783,60,37,0,0.0,0,0,0,
1,2.0,1.0,71.27301500951943,35.63650750475971,15,37,0,0.0,0,0,0,
1,2.0,1.0,71.27301500951943,35.63650750475971,30,37,0,0.0,0,0,0,
1,2.0,1.0,71.27301500951943,35.63650750475971,60,37,0,0.0,0,0,0,
1,2.0,1.5,71.27301500951943,53.454761257139566,15,37,0,0.0,0,0,0,
1,2.0,1.5,71.27301500951943,53.454761257139566,30,37,0,0.0,0,0,0,
1,2.0,1.5,71.27301500951943,53.454761257139566,60,37,0,0.0,0,0,0,
1,3.0,0.5,106.90952251427913,17.818253752379857,15,37,0,0.0,0,0,0,
1,3.0,0.5,106.90952251427913,17.818253752379857,30,37,0,0.0,0,0,0,
1,3.0,0.5,106.90952251427913,17.818253752379857,60,37,0,0.0,0,0,0,
1,3.0,0.75,106.90952251427913,26.727380628569783,15,37,0,0.0,0,0,0,
1,3.0,0.75,106.90952251427913,26.727380628569783,30,37,0,0.0,0,0,0,
1,3.0,0.75,106.90952251427913,26.727380628569783,60,37,0,0.0,0,0,0,
1,3.0,1.0,106.90952251427913,35.63650750475971,15,37,0,0.0,0,0,0,
1,3.0,1.0,106.90952251427913,35.63650750475971,30,37,0,0.0,0,0,0,
1,3.0,1.0,106.90952251427913,35.63650750475971,60,37,0,0.0,0,0,0,
1,3.0,1.5,106.90952251427913,53.454761257139566,15,37,0,0.0,0,0,0,
1,3.0,1.5,106.90952251427913,53.454761257139566,30,37,0,0.0,0,0,0,
1,3.0,1.5,106.90952251427913,53.454761257139566,60,37,0,0.0,0,0,0,
1,4.0,0.5,142.54603001903885,17.818253752379857,15,37,0,0.0,0,0,0,
1,4.0,0.5,142.54603001903885,17.818253752379857,30,37,0,0.0,0,0,0,
1,4.0,0.5,142.54603001903885,17.818253752379857,60,37,0,0.0,0,0,0,
1,4.0,0.75,142.54603001903885,26.727380628569783,15,37,0,0.0,0,0,0,
1,4.0,0.75,142.54603001903885,26.727380628569783,30,37,0,0.0,0,0,0,
1,4.0,0.75,142.54603001903885,26.727380628569783,60,37,0,0.0,0,0,0,
1,4.0,1.0,142.54603001903885,35.63650750475971,15,37,0,0.0,0,0,0,
1,4.0,1.0,142.54603001903885,35.63650750475971,30,37,0,0.0,0,0,0,
1,4.0,1.0,142.54603001903885,35.63650750475971,60,37,0,0.0,0,0,0,
1,4.0,1.5,142.54603001903885,53.454761257139566,15,37,0,0.0,0,0,0,
1,4.0,1.5,142.54603001903885,53.454761257139566,30,37,0,0.0,0,0,0,
1,4.0,1.5,142.54603001903885,53.454761257139566,60,37,0,0.0,0,0,0,
1,0.75,0.5,25.879009653021832,17.252673102014555,15,116,1,0.008620689655172414,0,1,0,154004597384.0
1,0.75,0.5,25.879009653021832,17.252673102014555,30,116,1,0.008620689655172414,0,1,0,154004597384.0
1,0.75,0.5,25.879009653021832,17.252673102014555,60,116,1,0.008620689655172414,0,1,0,154004597384.0
1,0.75,0.75,25.879009653021832,25.879009653021832,15,116,0,0.0,0,0,0,
1,0.75,0.75,25.879009653021832,25.879009653021832,30,116,0,0.0,0,0,0,
1,0.75,0.75,25.879009653021832,25.879009653021832,60,116,0,0.0,0,0,0,
1,0.75,1.0,25.879009653021832,34.50534620402911,15,116,1,0.008620689655172414,0,1,0,169999037782.0
1,0.75,1.0,25.879009653021832,34.50534620402911,30,116,2,0.017241379310344827,0,2,0,169601174599.0
1,0.75,1.0,25.879009653021832,34.50534620402911,60,116,2,0.017241379310344827,0,2,0,169601174599.0
1,0.75,1.5,25.879009653021832,51.758019306043664,15,116,0,0.0,0,0,0,
1,0.75,1.5,25.879009653021832,51.758019306043664,30,116,0,0.0,0,0,0,
1,0.75,1.5,25.879009653021832,51.758019306043664,60,116,0,0.0,0,0,0,
1,1.0,0.5,34.50534620402911,17.252673102014555,15,116,0,0.0,0,0,0,
1,1.0,0.5,34.50534620402911,17.252673102014555,30,116,0,0.0,0,0,0,
1,1.0,0.5,34.50534620402911,17.252673102014555,60,116,0,0.0,0,0,0,
1,1.0,0.75,34.50534620402911,25.879009653021832,15,116,0,0.0,0,0,0,
1,1.0,0.75,34.50534620402911,25.879009653021832,30,116,0,0.0,0,0,0,
1,1.0,0.75,34.50534620402911,25.879009653021832,60,116,1,0.008620689655172414,0,1,0,55286625828.0
1,1.0,1.0,34.50534620402911,34.50534620402911,15,116,1,0.008620689655172414,0,1,0,187179966464.0
1,1.0,1.0,34.50534620402911,34.50534620402911,30,116,2,0.017241379310344827,0,2,0,186992407295.0
1,1.0,1.0,34.50534620402911,34.50534620402911,60,116,2,0.017241379310344827,0,2,0,186992407295.0
1,1.0,1.5,34.50534620402911,51.758019306043664,15,116,0,0.0,0,0,0,
1,1.0,1.5,34.50534620402911,51.758019306043664,30,116,0,0.0,0,0,0,
1,1.0,1.5,34.50534620402911,51.758019306043664,60,116,0,0.0,0,0,0,
1,1.5,0.5,51.758019306043664,17.252673102014555,15,116,0,0.0,0,0,0,
1,1.5,0.5,51.758019306043664,17.252673102014555,30,116,0,0.0,0,0,0,
1,1.5,0.5,51.758019306043664,17.252673102014555,60,116,0,0.0,0,0,0,
1,1.5,0.75,51.758019306043664,25.879009653021832,15,116,0,0.0,0,0,0,
1,1.5,0.75,51.758019306043664,25.879009653021832,30,116,0,0.0,0,0,0,
1,1.5,0.75,51.758019306043664,25.879009653021832,60,116,0,0.0,0,0,0,
1,1.5,1.0,51.758019306043664,34.50534620402911,15,116,0,0.0,0,0,0,
1,1.5,1.0,51.758019306043664,34.50534620402911,30,116,0,0.0,0,0,0,
1,1.5,1.0,51.758019306043664,34.50534620402911,60,116,0,0.0,0,0,0,
1,1.5,1.5,51.758019306043664,51.758019306043664,15,116,0,0.0,0,0,0,
1,1.5,1.5,51.758019306043664,51.758019306043664,30,116,0,0.0,0,0,0,
1,1.5,1.5,51.758019306043664,51.758019306043664,60,116,0,0.0,0,0,0,
1,2.0,0.5,69.01069240805822,17.252673102014555,15,116,0,0.0,0,0,0,
1,2.0,0.5,69.01069240805822,17.252673102014555,30,116,0,0.0,0,0,0,
1,2.0,0.5,69.01069240805822,17.252673102014555,60,116,0,0.0,0,0,0,
1,2.0,0.75,69.01069240805822,25.879009653021832,15,116,0,0.0,0,0,0,
1,2.0,0.75,69.01069240805822,25.879009653021832,30,116,0,0.0,0,0,0,
1,2.0,0.75,69.01069240805822,25.879009653021832,60,116,0,0.0,0,0,0,
1,2.0,1.0,69.01069240805822,34.50534620402911,15,116,0,0.0,0,0,0,
1,2.0,1.0,69.01069240805822,34.50534620402911,30,116,0,0.0,0,0,0,
1,2.0,1.0,69.01069240805822,34.50534620402911,60,116,0,0.0,0,0,0,
1,2.0,1.5,69.01069240805822,51.758019306043664,15,116,0,0.0,0,0,0,
1,2.0,1.5,69.01069240805822,51.758019306043664,30,116,0,0.0,0,0,0,
1,2.0,1.5,69.01069240805822,51.758019306043664,60,116,0,0.0,0,0,0,
1,3.0,0.5,103.51603861208733,17.252673102014555,15,116,0,0.0,0,0,0,
1,3.0,0.5,103.51603861208733,17.252673102014555,30,116,0,0.0,0,0,0,
1,3.0,0.5,103.51603861208733,17.252673102014555,60,116,0,0.0,0,0,0,
1,3.0,0.75,103.51603861208733,25.879009653021832,15,116,0,0.0,0,0,0,
1,3.0,0.75,103.51603861208733,25.879009653021832,30,116,0,0.0,0,0,0,
1,3.0,0.75,103.51603861208733,25.879009653021832,60,116,0,0.0,0,0,0,
1,3.0,1.0,103.51603861208733,34.50534620402911,15,116,0,0.0,0,0,0,
1,3.0,1.0,103.51603861208733,34.50534620402911,30,116,0,0.0,0,0,0,
1,3.0,1.0,103.51603861208733,34.50534620402911,60,116,0,0.0,0,0,0,
1,3.0,1.5,103.51603861208733,51.758019306043664,15,116,0,0.0,0,0,0,
1,3.0,1.5,103.51603861208733,51.758019306043664,30,116,0,0.0,0,0,0,
1,3.0,1.5,103.51603861208733,51.758019306043664,60,116,0,0.0,0,0,0,
1,4.0,0.5,138.02138481611644,17.252673102014555,15,116,0,0.0,0,0,0,
1,4.0,0.5,138.02138481611644,17.252673102014555,30,116,0,0.0,0,0,0,
1,4.0,0.5,138.02138481611644,17.252673102014555,60,116,0,0.0,0,0,0,
1,4.0,0.75,138.02138481611644,25.879009653021832,15,116,0,0.0,0,0,0,
1,4.0,0.75,138.02138481611644,25.879009653021832,30,116,0,0.0,0,0,0,
1,4.0,0.75,138.02138481611644,25.879009653021832,60,116,0,0.0,0,0,0,
1,4.0,1.0,138.02138481611644,34.50534620402911,15,116,0,0.0,0,0,0,
1,4.0,1.0,138.02138481611644,34.50534620402911,30,116,0,0.0,0,0,0,
1,4.0,1.0,138.02138481611644,34.50534620402911,60,116,0,0.0,0,0,0,
1,4.0,1.5,138.02138481611644,51.758019306043664,15,116,0,0.0,0,0,0,
1,4.0,1.5,138.02138481611644,51.758019306043664,30,116,0,0.0,0,0,0,
1,4.0,1.5,138.02138481611644,51.758019306043664,60,116,0,0.0,0,0,0,
1,0.75,0.5,26.935487786658648,17.956991857772433,15,3,0,0.0,0,0,0,
1,0.75,0.5,26.935487786658648,17.956991857772433,30,3,0,0.0,0,0,0,
1,0.75,0.5,26.935487786658648,17.956991857772433,60,3,0,0.0,0,0,0,
1,0.75,0.75,26.935487786658648,26.935487786658648,15,3,0,0.0,0,0,0,
1,0.75,0.75,26.935487786658648,26.935487786658648,30,3,0,0.0,0,0,0,
1,0.75,0.75,26.935487786658648,26.935487786658648,60,3,0,0.0,0,0,0,
1,0.75,1.0,26.935487786658648,35.913983715544866,15,3,0,0.0,0,0,0,
1,0.75,1.0,26.935487786658648,35.913983715544866,30,3,0,0.0,0,0,0,
1,0.75,1.0,26.935487786658648,35.913983715544866,60,3,0,0.0,0,0,0,
1,0.75,1.5,26.935487786658648,53.870975573317295,15,3,0,0.0,0,0,0,
1,0.75,1.5,26.935487786658648,53.870975573317295,30,3,0,0.0,0,0,0,
1,0.75,1.5,26.935487786658648,53.870975573317295,60,3,0,0.0,0,0,0,
1,1.0,0.5,35.913983715544866,17.956991857772433,15,3,0,0.0,0,0,0,
1,1.0,0.5,35.913983715544866,17.956991857772433,30,3,0,0.0,0,0,0,
1,1.0,0.5,35.913983715544866,17.956991857772433,60,3,0,0.0,0,0,0,
1,1.0,0.75,35.913983715544866,26.935487786658648,15,3,0,0.0,0,0,0,
1,1.0,0.75,35.913983715544866,26.935487786658648,30,3,0,0.0,0,0,0,
1,1.0,0.75,35.913983715544866,26.935487786658648,60,3,0,0.0,0,0,0,
1,1.0,1.0,35.913983715544866,35.913983715544866,15,3,0,0.0,0,0,0,
1,1.0,1.0,35.913983715544866,35.913983715544866,30,3,0,0.0,0,0,0,
1,1.0,1.0,35.913983715544866,35.913983715544866,60,3,0,0.0,0,0,0,
1,1.0,1.5,35.913983715544866,53.870975573317295,15,3,0,0.0,0,0,0,
1,1.0,1.5,35.913983715544866,53.870975573317295,30,3,0,0.0,0,0,0,
1,1.0,1.5,35.913983715544866,53.870975573317295,60,3,0,0.0,0,0,0,
1,1.5,0.5,53.870975573317295,17.956991857772433,15,3,0,0.0,0,0,0,
1,1.5,0.5,53.870975573317295,17.956991857772433,30,3,0,0.0,0,0,0,
1,1.5,0.5,53.870975573317295,17.956991857772433,60,3,0,0.0,0,0,0,
1,1.5,0.75,53.870975573317295,26.935487786658648,15,3,0,0.0,0,0,0,
1,1.5,0.75,53.870975573317295,26.935487786658648,30,3,0,0.0,0,0,0,
1,1.5,0.75,53.870975573317295,26.935487786658648,60,3,0,0.0,0,0,0,
1,1.5,1.0,53.870975573317295,35.913983715544866,15,3,0,0.0,0,0,0,
1,1.5,1.0,53.870975573317295,35.913983715544866,30,3,0,0.0,0,0,0,
1,1.5,1.0,53.870975573317295,35.913983715544866,60,3,0,0.0,0,0,0,
1,1.5,1.5,53.870975573317295,53.870975573317295,15,3,0,0.0,0,0,0,
1,1.5,1.5,53.870975573317295,53.870975573317295,30,3,0,0.0,0,0,0,
1,1.5,1.5,53.870975573317295,53.870975573317295,60,3,0,0.0,0,0,0,
1,2.0,0.5,71.82796743108973,17.956991857772433,15,3,0,0.0,0,0,0,
1,2.0,0.5,71.82796743108973,17.956991857772433,30,3,0,0.0,0,0,0,
1,2.0,0.5,71.82796743108973,17.956991857772433,60,3,0,0.0,0,0,0,
1,2.0,0.75,71.82796743108973,26.935487786658648,15,3,0,0.0,0,0,0,
1,2.0,0.75,71.82796743108973,26.935487786658648,30,3,0,0.0,0,0,0,
1,2.0,0.75,71.82796743108973,26.935487786658648,60,3,0,0.0,0,0,0,
1,2.0,1.0,71.82796743108973,35.913983715544866,15,3,0,0.0,0,0,0,
1,2.0,1.0,71.82796743108973,35.913983715544866,30,3,0,0.0,0,0,0,
1,2.0,1.0,71.82796743108973,35.913983715544866,60,3,0,0.0,0,0,0,
1,2.0,1.5,71.82796743108973,53.870975573317295,15,3,0,0.0,0,0,0,
1,2.0,1.5,71.82796743108973,53.870975573317295,30,3,0,0.0,0,0,0,
1,2.0,1.5,71.82796743108973,53.870975573317295,60,3,0,0.0,0,0,0,
1,3.0,0.5,107.74195114663459,17.956991857772433,15,3,0,0.0,0,0,0,
1,3.0,0.5,107.74195114663459,17.956991857772433,30,3,0,0.0,0,0,0,
1,3.0,0.5,107.74195114663459,17.956991857772433,60,3,0,0.0,0,0,0,
1,3.0,0.75,107.74195114663459,26.935487786658648,15,3,0,0.0,0,0,0,
1,3.0,0.75,107.74195114663459,26.935487786658648,30,3,0,0.0,0,0,0,
1,3.0,0.75,107.74195114663459,26.935487786658648,60,3,0,0.0,0,0,0,
1,3.0,1.0,107.74195114663459,35.913983715544866,15,3,0,0.0,0,0,0,
1,3.0,1.0,107.74195114663459,35.913983715544866,30,3,0,0.0,0,0,0,
1,3.0,1.0,107.74195114663459,35.913983715544866,60,3,0,0.0,0,0,0,
1,3.0,1.5,107.74195114663459,53.870975573317295,15,3,0,0.0,0,0,0,
1,3.0,1.5,107.74195114663459,53.870975573317295,30,3,0,0.0,0,0,0,
1,3.0,1.5,107.74195114663459,53.870975573317295,60,3,0,0.0,0,0,0,
1,4.0,0.5,143.65593486217946,17.956991857772433,15,3,0,0.0,0,0,0,
1,4.0,0.5,143.65593486217946,17.956991857772433,30,3,0,0.0,0,0,0,
1,4.0,0.5,143.65593486217946,17.956991857772433,60,3,0,0.0,0,0,0,
1,4.0,0.75,143.65593486217946,26.935487786658648,15,3,0,0.0,0,0,0,
1,4.0,0.75,143.65593486217946,26.935487786658648,30,3,0,0.0,0,0,0,
1,4.0,0.75,143.65593486217946,26.935487786658648,60,3,0,0.0,0,0,0,
1,4.0,1.0,143.65593486217946,35.913983715544866,15,3,0,0.0,0,0,0,
1,4.0,1.0,143.65593486217946,35.913983715544866,30,3,0,0.0,0,0,0,
1,4.0,1.0,143.65593486217946,35.913983715544866,60,3,0,0.0,0,0,0,
1,4.0,1.5,143.65593486217946,53.870975573317295,15,3,0,0.0,0,0,0,
1,4.0,1.5,143.65593486217946,53.870975573317295,30,3,0,0.0,0,0,0,
1,4.0,1.5,143.65593486217946,53.870975573317295,60,3,0,0.0,0,0,0,
1,0.75,0.5,28.197179230248047,18.798119486832032,15,59,4,0.06779661016949153,1,3,0,171897972573.0
1,0.75,0.5,28.197179230248047,18.798119486832032,30,59,4,0.06779661016949153,1,3,0,171897972573.0
1,0.75,0.5,28.197179230248047,18.798119486832032,60,59,4,0.06779661016949153,1,3,0,171897972573.0
1,0.75,0.75,28.197179230248047,28.197179230248047,15,59,0,0.0,0,0,0,
1,0.75,0.75,28.197179230248047,28.197179230248047,30,59,0,0.0,0,0,0,
1,0.75,0.75,28.197179230248047,28.197179230248047,60,59,0,0.0,0,0,0,
1,0.75,1.0,28.197179230248047,37.596238973664065,15,59,0,0.0,0,0,0,
1,0.75,1.0,28.197179230248047,37.596238973664065,30,59,0,0.0,0,0,0,
1,0.75,1.0,28.197179230248047,37.596238973664065,60,59,0,0.0,0,0,0,
1,0.75,1.5,28.197179230248047,56.39435846049609,15,59,0,0.0,0,0,0,
1,0.75,1.5,28.197179230248047,56.39435846049609,30,59,0,0.0,0,0,0,
1,0.75,1.5,28.197179230248047,56.39435846049609,60,59,0,0.0,0,0,0,
1,1.0,0.5,37.596238973664065,18.798119486832032,15,59,3,0.05084745762711865,0,3,0,174539499266.0
1,1.0,0.5,37.596238973664065,18.798119486832032,30,59,3,0.05084745762711865,0,3,0,174539499266.0
1,1.0,0.5,37.596238973664065,18.798119486832032,60,59,3,0.05084745762711865,0,3,0,174539499266.0
1,1.0,0.75,37.596238973664065,28.197179230248047,15,59,0,0.0,0,0,0,
1,1.0,0.75,37.596238973664065,28.197179230248047,30,59,0,0.0,0,0,0,
1,1.0,0.75,37.596238973664065,28.197179230248047,60,59,0,0.0,0,0,0,
1,1.0,1.0,37.596238973664065,37.596238973664065,15,59,0,0.0,0,0,0,
1,1.0,1.0,37.596238973664065,37.596238973664065,30,59,0,0.0,0,0,0,
1,1.0,1.0,37.596238973664065,37.596238973664065,60,59,0,0.0,0,0,0,
1,1.0,1.5,37.596238973664065,56.39435846049609,15,59,0,0.0,0,0,0,
1,1.0,1.5,37.596238973664065,56.39435846049609,30,59,0,0.0,0,0,0,
1,1.0,1.5,37.596238973664065,56.39435846049609,60,59,0,0.0,0,0,0,
1,1.5,0.5,56.39435846049609,18.798119486832032,15,59,2,0.03389830508474576,0,2,0,139511262796.0
1,1.5,0.5,56.39435846049609,18.798119486832032,30,59,2,0.03389830508474576,0,2,0,139511262796.0
1,1.5,0.5,56.39435846049609,18.798119486832032,60,59,2,0.03389830508474576,0,2,0,139511262796.0
1,1.5,0.75,56.39435846049609,28.197179230248047,15,59,0,0.0,0,0,0,
1,1.5,0.75,56.39435846049609,28.197179230248047,30,59,0,0.0,0,0,0,
1,1.5,0.75,56.39435846049609,28.197179230248047,60,59,0,0.0,0,0,0,
1,1.5,1.0,56.39435846049609,37.596238973664065,15,59,0,0.0,0,0,0,
1,1.5,1.0,56.39435846049609,37.596238973664065,30,59,0,0.0,0,0,0,
1,1.5,1.0,56.39435846049609,37.596238973664065,60,59,0,0.0,0,0,0,
1,1.5,1.5,56.39435846049609,56.39435846049609,15,59,0,0.0,0,0,0,
1,1.5,1.5,56.39435846049609,56.39435846049609,30,59,0,0.0,0,0,0,
1,1.5,1.5,56.39435846049609,56.39435846049609,60,59,0,0.0,0,0,0,
1,2.0,0.5,75.19247794732813,18.798119486832032,15,59,0,0.0,0,0,0,
1,2.0,0.5,75.19247794732813,18.798119486832032,30,59,0,0.0,0,0,0,
1,2.0,0.5,75.19247794732813,18.798119486832032,60,59,0,0.0,0,0,0,
1,2.0,0.75,75.19247794732813,28.197179230248047,15,59,0,0.0,0,0,0,
1,2.0,0.75,75.19247794732813,28.197179230248047,30,59,0,0.0,0,0,0,
1,2.0,0.75,75.19247794732813,28.197179230248047,60,59,0,0.0,0,0,0,
1,2.0,1.0,75.19247794732813,37.596238973664065,15,59,0,0.0,0,0,0,
1,2.0,1.0,75.19247794732813,37.596238973664065,30,59,0,0.0,0,0,0,
1,2.0,1.0,75.19247794732813,37.596238973664065,60,59,0,0.0,0,0,0,
1,2.0,1.5,75.19247794732813,56.39435846049609,15,59,0,0.0,0,0,0,
1,2.0,1.5,75.19247794732813,56.39435846049609,30,59,0,0.0,0,0,0,
1,2.0,1.5,75.19247794732813,56.39435846049609,60,59,0,0.0,0,0,0,
1,3.0,0.5,112.78871692099219,18.798119486832032,15,59,0,0.0,0,0,0,
1,3.0,0.5,112.78871692099219,18.798119486832032,30,59,0,0.0,0,0,0,
1,3.0,0.5,112.78871692099219,18.798119486832032,60,59,0,0.0,0,0,0,
1,3.0,0.75,112.78871692099219,28.197179230248047,15,59,0,0.0,0,0,0,
1,3.0,0.75,112.78871692099219,28.197179230248047,30,59,0,0.0,0,0,0,
1,3.0,0.75,112.78871692099219,28.197179230248047,60,59,0,0.0,0,0,0,
1,3.0,1.0,112.78871692099219,37.596238973664065,15,59,0,0.0,0,0,0,
1,3.0,1.0,112.78871692099219,37.596238973664065,30,59,0,0.0,0,0,0,
1,3.0,1.0,112.78871692099219,37.596238973664065,60,59,0,0.0,0,0,0,
1,3.0,1.5,112.78871692099219,56.39435846049609,15,59,0,0.0,0,0,0,
1,3.0,1.5,112.78871692099219,56.39435846049609,30,59,0,0.0,0,0,0,
1,3.0,1.5,112.78871692099219,56.39435846049609,60,59,0,0.0,0,0,0,
1,4.0,0.5,150.38495589465626,18.798119486832032,15,59,0,0.0,0,0,0,
1,4.0,0.5,150.38495589465626,18.798119486832032,30,59,0,0.0,0,0,0,
1,4.0,0.5,150.38495589465626,18.798119486832032,60,59,0,0.0,0,0,0,
1,4.0,0.75,150.38495589465626,28.197179230248047,15,59,0,0.0,0,0,0,
1,4.0,0.75,150.38495589465626,28.197179230248047,30,59,0,0.0,0,0,0,
1,4.0,0.75,150.38495589465626,28.197179230248047,60,59,0,0.0,0,0,0,
1,4.0,1.0,150.38495589465626,37.596238973664065,15,59,0,0.0,0,0,0,
1,4.0,1.0,150.38495589465626,37.596238973664065,30,59,0,0.0,0,0,0,
1,4.0,1.0,150.38495589465626,37.596238973664065,60,59,0,0.0,0,0,0,
1,4.0,1.5,150.38495589465626,56.39435846049609,15,59,0,0.0,0,0,0,
1,4.0,1.5,150.38495589465626,56.39435846049609,30,59,0,0.0,0,0,0,
1,4.0,1.5,150.38495589465626,56.39435846049609,60,59,0,0.0,0,0,0,
1,0.75,0.5,24.462851218411682,16.30856747894112,15,95,3,0.031578947368421054,1,2,0,87117992086.0
1,0.75,0.5,24.462851218411682,16.30856747894112,30,88,3,0.03409090909090909,1,2,0,87117992086.0
1,0.75,0.5,24.462851218411682,16.30856747894112,60,76,2,0.02631578947368421,0,2,0,78087629971.0
1,0.75,0.75,24.462851218411682,24.462851218411682,15,95,0,0.0,0,0,0,
1,0.75,0.75,24.462851218411682,24.462851218411682,30,88,0,0.0,0,0,0,
1,0.75,0.75,24.462851218411682,24.462851218411682,60,76,0,0.0,0,0,0,
1,0.75,1.0,24.462851218411682,32.61713495788224,15,95,0,0.0,0,0,0,
1,0.75,1.0,24.462851218411682,32.61713495788224,30,88,0,0.0,0,0,0,
1,0.75,1.0,24.462851218411682,32.61713495788224,60,76,0,0.0,0,0,0,
1,0.75,1.5,24.462851218411682,48.925702436823364,15,95,0,0.0,0,0,0,
1,0.75,1.5,24.462851218411682,48.925702436823364,30,88,0,0.0,0,0,0,
1,0.75,1.5,24.462851218411682,48.925702436823364,60,76,0,0.0,0,0,0,
1,1.0,0.5,32.61713495788224,16.30856747894112,15,95,1,0.010526315789473684,0,1,0,70539957838.0
1,1.0,0.5,32.61713495788224,16.30856747894112,30,88,1,0.011363636363636364,0,1,0,70539957838.0
1,1.0,0.5,32.61713495788224,16.30856747894112,60,76,1,0.013157894736842105,0,1,0,70539957838.0
1,1.0,0.75,32.61713495788224,24.462851218411682,15,95,0,0.0,0,0,0,
1,1.0,0.75,32.61713495788224,24.462851218411682,30,88,0,0.0,0,0,0,
1,1.0,0.75,32.61713495788224,24.462851218411682,60,76,0,0.0,0,0,0,
1,1.0,1.0,32.61713495788224,32.61713495788224,15,95,0,0.0,0,0,0,
1,1.0,1.0,32.61713495788224,32.61713495788224,30,88,0,0.0,0,0,0,
1,1.0,1.0,32.61713495788224,32.61713495788224,60,76,0,0.0,0,0,0,
1,1.0,1.5,32.61713495788224,48.925702436823364,15,95,0,0.0,0,0,0,
1,1.0,1.5,32.61713495788224,48.925702436823364,30,88,0,0.0,0,0,0,
1,1.0,1.5,32.61713495788224,48.925702436823364,60,76,0,0.0,0,0,0,
1,1.5,0.5,48.925702436823364,16.30856747894112,15,95,1,0.010526315789473684,0,1,0,110634095650.0
1,1.5,0.5,48.925702436823364,16.30856747894112,30,88,1,0.011363636363636364,0,1,0,110634095650.0
1,1.5,0.5,48.925702436823364,16.30856747894112,60,76,1,0.013157894736842105,0,1,0,110634095650.0
1,1.5,0.75,48.925702436823364,24.462851218411682,15,95,0,0.0,0,0,0,
1,1.5,0.75,48.925702436823364,24.462851218411682,30,88,0,0.0,0,0,0,
1,1.5,0.75,48.925702436823364,24.462851218411682,60,76,0,0.0,0,0,0,
1,1.5,1.0,48.925702436823364,32.61713495788224,15,95,0,0.0,0,0,0,
1,1.5,1.0,48.925702436823364,32.61713495788224,30,88,0,0.0,0,0,0,
1,1.5,1.0,48.925702436823364,32.61713495788224,60,76,0,0.0,0,0,0,
1,1.5,1.5,48.925702436823364,48.925702436823364,15,95,0,0.0,0,0,0,
1,1.5,1.5,48.925702436823364,48.925702436823364,30,88,0,0.0,0,0,0,
1,1.5,1.5,48.925702436823364,48.925702436823364,60,76,0,0.0,0,0,0,
1,2.0,0.5,65.23426991576449,16.30856747894112,15,95,1,0.010526315789473684,0,1,0,139406550056.0
1,2.0,0.5,65.23426991576449,16.30856747894112,30,88,1,0.011363636363636364,0,1,0,139406550056.0
1,2.0,0.5,65.23426991576449,16.30856747894112,60,76,1,0.013157894736842105,0,1,0,139406550056.0
1,2.0,0.75,65.23426991576449,24.462851218411682,15,95,0,0.0,0,0,0,
1,2.0,0.75,65.23426991576449,24.462851218411682,30,88,0,0.0,0,0,0,
1,2.0,0.75,65.23426991576449,24.462851218411682,60,76,0,0.0,0,0,0,
1,2.0,1.0,65.23426991576449,32.61713495788224,15,95,0,0.0,0,0,0,
1,2.0,1.0,65.23426991576449,32.61713495788224,30,88,0,0.0,0,0,0,
1,2.0,1.0,65.23426991576449,32.61713495788224,60,76,0,0.0,0,0,0,
1,2.0,1.5,65.23426991576449,48.925702436823364,15,95,0,0.0,0,0,0,
1,2.0,1.5,65.23426991576449,48.925702436823364,30,88,0,0.0,0,0,0,
1,2.0,1.5,65.23426991576449,48.925702436823364,60,76,0,0.0,0,0,0,
1,3.0,0.5,97.85140487364673,16.30856747894112,15,95,0,0.0,0,0,0,
1,3.0,0.5,97.85140487364673,16.30856747894112,30,88,0,0.0,0,0,0,
1,3.0,0.5,97.85140487364673,16.30856747894112,60,76,0,0.0,0,0,0,
1,3.0,0.75,97.85140487364673,24.462851218411682,15,95,0,0.0,0,0,0,
1,3.0,0.75,97.85140487364673,24.462851218411682,30,88,0,0.0,0,0,0,
1,3.0,0.75,97.85140487364673,24.462851218411682,60,76,0,0.0,0,0,0,
1,3.0,1.0,97.85140487364673,32.61713495788224,15,95,0,0.0,0,0,0,
1,3.0,1.0,97.85140487364673,32.61713495788224,30,88,0,0.0,0,0,0,
1,3.0,1.0,97.85140487364673,32.61713495788224,60,76,0,0.0,0,0,0,
1,3.0,1.5,97.85140487364673,48.925702436823364,15,95,0,0.0,0,0,0,
1,3.0,1.5,97.85140487364673,48.925702436823364,30,88,0,0.0,0,0,0,
1,3.0,1.5,97.85140487364673,48.925702436823364,60,76,0,0.0,0,0,0,
1,4.0,0.5,130.46853983152897,16.30856747894112,15,95,0,0.0,0,0,0,
1,4.0,0.5,130.46853983152897,16.30856747894112,30,88,0,0.0,0,0,0,
1,4.0,0.5,130.46853983152897,16.30856747894112,60,76,0,0.0,0,0,0,
1,4.0,0.75,130.46853983152897,24.462851218411682,15,95,0,0.0,0,0,0,
1,4.0,0.75,130.46853983152897,24.462851218411682,30,88,0,0.0,0,0,0,
1,4.0,0.75,130.46853983152897,24.462851218411682,60,76,0,0.0,0,0,0,
1,4.0,1.0,130.46853983152897,32.61713495788224,15,95,0,0.0,0,0,0,
1,4.0,1.0,130.46853983152897,32.61713495788224,30,88,0,0.0,0,0,0,
1,4.0,1.0,130.46853983152897,32.61713495788224,60,76,0,0.0,0,0,0,
1,4.0,1.5,130.46853983152897,48.925702436823364,15,95,0,0.0,0,0,0,
1,4.0,1.5,130.46853983152897,48.925702436823364,30,88,0,0.0,0,0,0,
1,4.0,1.5,130.46853983152897,48.925702436823364,60,76,0,0.0,0,0,0,
1,0.75,0.5,27.924932301276392,18.61662153418426,15,69,2,0.028985507246376812,0,2,0,146394889131.0
1,0.75,0.5,27.924932301276392,18.61662153418426,30,66,2,0.030303030303030304,0,2,0,146394889131.0
1,0.75,0.5,27.924932301276392,18.61662153418426,60,56,2,0.03571428571428571,0,2,0,146394889131.0
1,0.75,0.75,27.924932301276392,27.924932301276392,15,69,0,0.0,0,0,0,
1,0.75,0.75,27.924932301276392,27.924932301276392,30,66,0,0.0,0,0,0,
1,0.75,0.75,27.924932301276392,27.924932301276392,60,56,0,0.0,0,0,0,
1,0.75,1.0,27.924932301276392,37.23324306836852,15,69,0,0.0,0,0,0,
1,0.75,1.0,27.924932301276392,37.23324306836852,30,66,0,0.0,0,0,0,
1,0.75,1.0,27.924932301276392,37.23324306836852,60,56,0,0.0,0,0,0,
1,0.75,1.5,27.924932301276392,55.849864602552785,15,69,0,0.0,0,0,0,
1,0.75,1.5,27.924932301276392,55.849864602552785,30,66,0,0.0,0,0,0,
1,0.75,1.5,27.924932301276392,55.849864602552785,60,56,0,0.0,0,0,0,
1,1.0,0.5,37.23324306836852,18.61662153418426,15,69,2,0.028985507246376812,0,2,0,166498683077.0
1,1.0,0.5,37.23324306836852,18.61662153418426,30,66,2,0.030303030303030304,0,2,0,166498683077.0
1,1.0,0.5,37.23324306836852,18.61662153418426,60,56,2,0.03571428571428571,0,2,0,166498683077.0
1,1.0,0.75,37.23324306836852,27.924932301276392,15,69,0,0.0,0,0,0,
1,1.0,0.75,37.23324306836852,27.924932301276392,30,66,0,0.0,0,0,0,
1,1.0,0.75,37.23324306836852,27.924932301276392,60,56,0,0.0,0,0,0,
1,1.0,1.0,37.23324306836852,37.23324306836852,15,69,0,0.0,0,0,0,
1,1.0,1.0,37.23324306836852,37.23324306836852,30,66,0,0.0,0,0,0,
1,1.0,1.0,37.23324306836852,37.23324306836852,60,56,0,0.0,0,0,0,
1,1.0,1.5,37.23324306836852,55.849864602552785,15,69,0,0.0,0,0,0,
1,1.0,1.5,37.23324306836852,55.849864602552785,30,66,0,0.0,0,0,0,
1,1.0,1.5,37.23324306836852,55.849864602552785,60,56,0,0.0,0,0,0,
1,1.5,0.5,55.849864602552785,18.61662153418426,15,69,0,0.0,0,0,0,
1,1.5,0.5,55.849864602552785,18.61662153418426,30,66,0,0.0,0,0,0,
1,1.5,0.5,55.849864602552785,18.61662153418426,60,56,0,0.0,0,0,0,
1,1.5,0.75,55.849864602552785,27.924932301276392,15,69,0,0.0,0,0,0,
1,1.5,0.75,55.849864602552785,27.924932301276392,30,66,0,0.0,0,0,0,
1,1.5,0.75,55.849864602552785,27.924932301276392,60,56,0,0.0,0,0,0,
1,1.5,1.0,55.849864602552785,37.23324306836852,15,69,0,0.0,0,0,0,
1,1.5,1.0,55.849864602552785,37.23324306836852,30,66,0,0.0,0,0,0,
1,1.5,1.0,55.849864602552785,37.23324306836852,60,56,0,0.0,0,0,0,
1,1.5,1.5,55.849864602552785,55.849864602552785,15,69,0,0.0,0,0,0,
1,1.5,1.5,55.849864602552785,55.849864602552785,30,66,0,0.0,0,0,0,
1,1.5,1.5,55.849864602552785,55.849864602552785,60,56,0,0.0,0,0,0,
1,2.0,0.5,74.46648613673705,18.61662153418426,15,69,0,0.0,0,0,0,
1,2.0,0.5,74.46648613673705,18.61662153418426,30,66,0,0.0,0,0,0,
1,2.0,0.5,74.46648613673705,18.61662153418426,60,56,0,0.0,0,0,0,
1,2.0,0.75,74.46648613673705,27.924932301276392,15,69,0,0.0,0,0,0,
1,2.0,0.75,74.46648613673705,27.924932301276392,30,66,0,0.0,0,0,0,
1,2.0,0.75,74.46648613673705,27.924932301276392,60,56,0,0.0,0,0,0,
1,2.0,1.0,74.46648613673705,37.23324306836852,15,69,0,0.0,0,0,0,
1,2.0,1.0,74.46648613673705,37.23324306836852,30,66,0,0.0,0,0,0,
1,2.0,1.0,74.46648613673705,37.23324306836852,60,56,0,0.0,0,0,0,
1,2.0,1.5,74.46648613673705,55.849864602552785,15,69,0,0.0,0,0,0,
1,2.0,1.5,74.46648613673705,55.849864602552785,30,66,0,0.0,0,0,0,
1,2.0,1.5,74.46648613673705,55.849864602552785,60,56,0,0.0,0,0,0,
1,3.0,0.5,111.69972920510557,18.61662153418426,15,69,0,0.0,0,0,0,
1,3.0,0.5,111.69972920510557,18.61662153418426,30,66,0,0.0,0,0,0,
1,3.0,0.5,111.69972920510557,18.61662153418426,60,56,0,0.0,0,0,0,
1,3.0,0.75,111.69972920510557,27.924932301276392,15,69,0,0.0,0,0,0,
1,3.0,0.75,111.69972920510557,27.924932301276392,30,66,0,0.0,0,0,0,
1,3.0,0.75,111.69972920510557,27.924932301276392,60,56,0,0.0,0,0,0,
1,3.0,1.0,111.69972920510557,37.23324306836852,15,69,0,0.0,0,0,0,
1,3.0,1.0,111.69972920510557,37.23324306836852,30,66,0,0.0,0,0,0,
1,3.0,1.0,111.69972920510557,37.23324306836852,60,56,0,0.0,0,0,0,
1,3.0,1.5,111.69972920510557,55.849864602552785,15,69,0,0.0,0,0,0,
1,3.0,1.5,111.69972920510557,55.849864602552785,30,66,0,0.0,0,0,0,
1,3.0,1.5,111.69972920510557,55.849864602552785,60,56,0,0.0,0,0,0,
1,4.0,0.5,148.9329722734741,18.61662153418426,15,69,0,0.0,0,0,0,
1,4.0,0.5,148.9329722734741,18.61662153418426,30,66,0,0.0,0,0,0,
1,4.0,0.5,148.9329722734741,18.61662153418426,60,56,0,0.0,0,0,0,
1,4.0,0.75,148.9329722734741,27.924932301276392,15,69,0,0.0,0,0,0,
1,4.0,0.75,148.9329722734741,27.924932301276392,30,66,0,0.0,0,0,0,
1,4.0,0.75,148.9329722734741,27.924932301276392,60,56,0,0.0,0,0,0,
1,4.0,1.0,148.9329722734741,37.23324306836852,15,69,0,0.0,0,0,0,
1,4.0,1.0,148.9329722734741,37.23324306836852,30,66,0,0.0,0,0,0,
1,4.0,1.0,148.9329722734741,37.23324306836852,60,56,0,0.0,0,0,0,
1,4.0,1.5,148.9329722734741,55.849864602552785,15,69,0,0.0,0,0,0,
1,4.0,1.5,148.9329722734741,55.849864602552785,30,66,0,0.0,0,0,0,
1,4.0,1.5,148.9329722734741,55.849864602552785,60,56,0,0.0,0,0,0,
1,0.75,0.5,25.40044175131775,16.933627834211833,15,200,3,0.015,1,2,0,175818768906.0
1,0.75,0.5,25.40044175131775,16.933627834211833,30,187,3,0.016042780748663103,1,2,0,175818768906.0
1,0.75,0.5,25.40044175131775,16.933627834211833,60,158,3,0.0189873417721519,1,2,0,175818768906.0
1,0.75,0.75,25.40044175131775,25.40044175131775,15,200,1,0.005,1,0,0,249421943668.0
1,0.75,0.75,25.40044175131775,25.40044175131775,30,187,1,0.0053475935828877,1,0,0,249421943668.0
1,0.75,0.75,25.40044175131775,25.40044175131775,60,158,1,0.006329113924050633,1,0,0,249421943668.0
1,0.75,1.0,25.40044175131775,33.86725566842367,15,200,0,0.0,0,0,0,
1,0.75,1.0,25.40044175131775,33.86725566842367,30,187,0,0.0,0,0,0,
1,0.75,1.0,25.40044175131775,33.86725566842367,60,158,0,0.0,0,0,0,
1,0.75,1.5,25.40044175131775,50.8008835026355,15,200,0,0.0,0,0,0,
1,0.75,1.5,25.40044175131775,50.8008835026355,30,187,0,0.0,0,0,0,
1,0.75,1.5,25.40044175131775,50.8008835026355,60,158,0,0.0,0,0,0,
1,1.0,0.5,33.86725566842367,16.933627834211833,15,200,0,0.0,0,0,0,
1,1.0,0.5,33.86725566842367,16.933627834211833,30,187,0,0.0,0,0,0,
1,1.0,0.5,33.86725566842367,16.933627834211833,60,158,0,0.0,0,0,0,
1,1.0,0.75,33.86725566842367,25.40044175131775,15,200,0,0.0,0,0,0,
1,1.0,0.75,33.86725566842367,25.40044175131775,30,187,0,0.0,0,0,0,
1,1.0,0.75,33.86725566842367,25.40044175131775,60,158,0,0.0,0,0,0,
1,1.0,1.0,33.86725566842367,33.86725566842367,15,200,0,0.0,0,0,0,
1,1.0,1.0,33.86725566842367,33.86725566842367,30,187,0,0.0,0,0,0,
1,1.0,1.0,33.86725566842367,33.86725566842367,60,158,0,0.0,0,0,0,
1,1.0,1.5,33.86725566842367,50.8008835026355,15,200,0,0.0,0,0,0,
1,1.0,1.5,33.86725566842367,50.8008835026355,30,187,0,0.0,0,0,0,
1,1.0,1.5,33.86725566842367,50.8008835026355,60,158,0,0.0,0,0,0,
1,1.5,0.5,50.8008835026355,16.933627834211833,15,200,0,0.0,0,0,0,
1,1.5,0.5,50.8008835026355,16.933627834211833,30,187,0,0.0,0,0,0,
1,1.5,0.5,50.8008835026355,16.933627834211833,60,158,0,0.0,0,0,0,
1,1.5,0.75,50.8008835026355,25.40044175131775,15,200,0,0.0,0,0,0,
1,1.5,0.75,50.8008835026355,25.40044175131775,30,187,0,0.0,0,0,0,
1,1.5,0.75,50.8008835026355,25.40044175131775,60,158,0,0.0,0,0,0,
1,1.5,1.0,50.8008835026355,33.86725566842367,15,200,0,0.0,0,0,0,
1,1.5,1.0,50.8008835026355,33.86725566842367,30,187,0,0.0,0,0,0,
1,1.5,1.0,50.8008835026355,33.86725566842367,60,158,0,0.0,0,0,0,
1,1.5,1.5,50.8008835026355,50.8008835026355,15,200,0,0.0,0,0,0,
1,1.5,1.5,50.8008835026355,50.8008835026355,30,187,0,0.0,0,0,0,
1,1.5,1.5,50.8008835026355,50.8008835026355,60,158,0,0.0,0,0,0,
1,2.0,0.5,67.73451133684733,16.933627834211833,15,200,0,0.0,0,0,0,
1,2.0,0.5,67.73451133684733,16.933627834211833,30,187,0,0.0,0,0,0,
1,2.0,0.5,67.73451133684733,16.933627834211833,60,158,0,0.0,0,0,0,
1,2.0,0.75,67.73451133684733,25.40044175131775,15,200,0,0.0,0,0,0,
1,2.0,0.75,67.73451133684733,25.40044175131775,30,187,0,0.0,0,0,0,
1,2.0,0.75,67.73451133684733,25.40044175131775,60,158,0,0.0,0,0,0,
1,2.0,1.0,67.73451133684733,33.86725566842367,15,200,0,0.0,0,0,0,
1,2.0,1.0,67.73451133684733,33.86725566842367,30,187,0,0.0,0,0,0,
1,2.0,1.0,67.73451133684733,33.86725566842367,60,158,0,0.0,0,0,0,
1,2.0,1.5,67.73451133684733,50.8008835026355,15,200,0,0.0,0,0,0,
1,2.0,1.5,67.73451133684733,50.8008835026355,30,187,0,0.0,0,0,0,
1,2.0,1.5,67.73451133684733,50.8008835026355,60,158,0,0.0,0,0,0,
1,3.0,0.5,101.601767005271,16.933627834211833,15,200,0,0.0,0,0,0,
1,3.0,0.5,101.601767005271,16.933627834211833,30,187,0,0.0,0,0,0,
1,3.0,0.5,101.601767005271,16.933627834211833,60,158,0,0.0,0,0,0,
1,3.0,0.75,101.601767005271,25.40044175131775,15,200,0,0.0,0,0,0,
1,3.0,0.75,101.601767005271,25.40044175131775,30,187,0,0.0,0,0,0,
1,3.0,0.75,101.601767005271,25.40044175131775,60,158,0,0.0,0,0,0,
1,3.0,1.0,101.601767005271,33.86725566842367,15,200,0,0.0,0,0,0,
1,3.0,1.0,101.601767005271,33.86725566842367,30,187,0,0.0,0,0,0,
1,3.0,1.0,101.601767005271,33.86725566842367,60,158,0,0.0,0,0,0,
1,3.0,1.5,101.601767005271,50.8008835026355,15,200,0,0.0,0,0,0,
1,3.0,1.5,101.601767005271,50.8008835026355,30,187,0,0.0,0,0,0,
1,3.0,1.5,101.601767005271,50.8008835026355,60,158,0,0.0,0,0,0,
1,4.0,0.5,135.46902267369467,16.933627834211833,15,200,0,0.0,0,0,0,
1,4.0,0.5,135.46902267369467,16.933627834211833,30,187,0,0.0,0,0,0,
1,4.0,0.5,135.46902267369467,16.933627834211833,60,158,0,0.0,0,0,0,
1,4.0,0.75,135.46902267369467,25.40044175131775,15,200,0,0.0,0,0,0,
1,4.0,0.75,135.46902267369467,25.40044175131775,30,187,0,0.0,0,0,0,
1,4.0,0.75,135.46902267369467,25.40044175131775,60,158,0,0.0,0,0,0,
1,4.0,1.0,135.46902267369467,33.86725566842367,15,200,0,0.0,0,0,0,
1,4.0,1.0,135.46902267369467,33.86725566842367,30,187,0,0.0,0,0,0,
1,4.0,1.0,135.46902267369467,33.86725566842367,60,158,0,0.0,0,0,0,
1,4.0,1.5,135.46902267369467,50.8008835026355,15,200,0,0.0,0,0,0,
1,4.0,1.5,135.46902267369467,50.8008835026355,30,187,0,0.0,0,0,0,
1,4.0,1.5,135.46902267369467,50.8008835026355,60,158,0,0.0,0,0,0,
1,0.75,0.5,34.8142138717062,23.2094759144708,15,175,2,0.011428571428571429,0,2,0,165679549231.0
1,0.75,0.5,34.8142138717062,23.2094759144708,30,175,2,0.011428571428571429,0,2,0,165679549231.0
1,0.75,0.5,34.8142138717062,23.2094759144708,60,175,2,0.011428571428571429,0,2,0,165679549231.0
1,0.75,0.75,34.8142138717062,34.8142138717062,15,175,0,0.0,0,0,0,
1,0.75,0.75,34.8142138717062,34.8142138717062,30,175,0,0.0,0,0,0,
1,0.75,0.75,34.8142138717062,34.8142138717062,60,175,0,0.0,0,0,0,
1,0.75,1.0,34.8142138717062,46.4189518289416,15,175,0,0.0,0,0,0,
1,0.75,1.0,34.8142138717062,46.4189518289416,30,175,0,0.0,0,0,0,
1,0.75,1.0,34.8142138717062,46.4189518289416,60,175,0,0.0,0,0,0,
1,0.75,1.5,34.8142138717062,69.6284277434124,15,175,0,0.0,0,0,0,
1,0.75,1.5,34.8142138717062,69.6284277434124,30,175,0,0.0,0,0,0,
1,0.75,1.5,34.8142138717062,69.6284277434124,60,175,0,0.0,0,0,0,
1,1.0,0.5,46.4189518289416,23.2094759144708,15,175,1,0.005714285714285714,0,1,0,153987455684.0
1,1.0,0.5,46.4189518289416,23.2094759144708,30,175,1,0.005714285714285714,0,1,0,153987455684.0
1,1.0,0.5,46.4189518289416,23.2094759144708,60,175,1,0.005714285714285714,0,1,0,153987455684.0
1,1.0,0.75,46.4189518289416,34.8142138717062,15,175,0,0.0,0,0,0,
1,1.0,0.75,46.4189518289416,34.8142138717062,30,175,0,0.0,0,0,0,
1,1.0,0.75,46.4189518289416,34.8142138717062,60,175,0,0.0,0,0,0,
1,1.0,1.0,46.4189518289416,46.4189518289416,15,175,0,0.0,0,0,0,
1,1.0,1.0,46.4189518289416,46.4189518289416,30,175,0,0.0,0,0,0,
1,1.0,1.0,46.4189518289416,46.4189518289416,60,175,0,0.0,0,0,0,
1,1.0,1.5,46.4189518289416,69.6284277434124,15,175,0,0.0,0,0,0,
1,1.0,1.5,46.4189518289416,69.6284277434124,30,175,0,0.0,0,0,0,
1,1.0,1.5,46.4189518289416,69.6284277434124,60,175,0,0.0,0,0,0,
1,1.5,0.5,69.6284277434124,23.2094759144708,15,175,0,0.0,0,0,0,
1,1.5,0.5,69.6284277434124,23.2094759144708,30,175,0,0.0,0,0,0,
1,1.5,0.5,69.6284277434124,23.2094759144708,60,175,0,0.0,0,0,0,
1,1.5,0.75,69.6284277434124,34.8142138717062,15,175,0,0.0,0,0,0,
1,1.5,0.75,69.6284277434124,34.8142138717062,30,175,0,0.0,0,0,0,
1,1.5,0.75,69.6284277434124,34.8142138717062,60,175,0,0.0,0,0,0,
1,1.5,1.0,69.6284277434124,46.4189518289416,15,175,0,0.0,0,0,0,
1,1.5,1.0,69.6284277434124,46.4189518289416,30,175,0,0.0,0,0,0,
1,1.5,1.0,69.6284277434124,46.4189518289416,60,175,0,0.0,0,0,0,
1,1.5,1.5,69.6284277434124,69.6284277434124,15,175,0,0.0,0,0,0,
1,1.5,1.5,69.6284277434124,69.6284277434124,30,175,0,0.0,0,0,0,
1,1.5,1.5,69.6284277434124,69.6284277434124,60,175,0,0.0,0,0,0,
1,2.0,0.5,92.8379036578832,23.2094759144708,15,175,0,0.0,0,0,0,
1,2.0,0.5,92.8379036578832,23.2094759144708,30,175,0,0.0,0,0,0,
1,2.0,0.5,92.8379036578832,23.2094759144708,60,175,0,0.0,0,0,0,
1,2.0,0.75,92.8379036578832,34.8142138717062,15,175,0,0.0,0,0,0,
1,2.0,0.75,92.8379036578832,34.8142138717062,30,175,0,0.0,0,0,0,
1,2.0,0.75,92.8379036578832,34.8142138717062,60,175,0,0.0,0,0,0,
1,2.0,1.0,92.8379036578832,46.4189518289416,15,175,0,0.0,0,0,0,
1,2.0,1.0,92.8379036578832,46.4189518289416,30,175,0,0.0,0,0,0,
1,2.0,1.0,92.8379036578832,46.4189518289416,60,175,0,0.0,0,0,0,
1,2.0,1.5,92.8379036578832,69.6284277434124,15,175,0,0.0,0,0,0,
1,2.0,1.5,92.8379036578832,69.6284277434124,30,175,0,0.0,0,0,0,
1,2.0,1.5,92.8379036578832,69.6284277434124,60,175,0,0.0,0,0,0,
1,3.0,0.5,139.2568554868248,23.2094759144708,15,175,0,0.0,0,0,0,
1,3.0,0.5,139.2568554868248,23.2094759144708,30,175,0,0.0,0,0,0,
1,3.0,0.5,139.2568554868248,23.2094759144708,60,175,0,0.0,0,0,0,
1,3.0,0.75,139.2568554868248,34.8142138717062,15,175,0,0.0,0,0,0,
1,3.0,0.75,139.2568554868248,34.8142138717062,30,175,0,0.0,0,0,0,
1,3.0,0.75,139.2568554868248,34.8142138717062,60,175,0,0.0,0,0,0,
1,3.0,1.0,139.2568554868248,46.4189518289416,15,175,0,0.0,0,0,0,
1,3.0,1.0,139.2568554868248,46.4189518289416,30,175,0,0.0,0,0,0,
1,3.0,1.0,139.2568554868248,46.4189518289416,60,175,0,0.0,0,0,0,
1,3.0,1.5,139.2568554868248,69.6284277434124,15,175,0,0.0,0,0,0,
1,3.0,1.5,139.2568554868248,69.6284277434124,30,175,0,0.0,0,0,0,
1,3.0,1.5,139.2568554868248,69.6284277434124,60,175,0,0.0,0,0,0,
1,4.0,0.5,185.6758073157664,23.2094759144708,15,175,0,0.0,0,0,0,
1,4.0,0.5,185.6758073157664,23.2094759144708,30,175,0,0.0,0,0,0,
1,4.0,0.5,185.6758073157664,23.2094759144708,60,175,0,0.0,0,0,0,
1,4.0,0.75,185.6758073157664,34.8142138717062,15,175,0,0.0,0,0,0,
1,4.0,0.75,185.6758073157664,34.8142138717062,30,175,0,0.0,0,0,0,
1,4.0,0.75,185.6758073157664,34.8142138717062,60,175,0,0.0,0,0,0,
1,4.0,1.0,185.6758073157664,46.4189518289416,15,175,0,0.0,0,0,0,
1,4.0,1.0,185.6758073157664,46.4189518289416,30,175,0,0.0,0,0,0,
1,4.0,1.0,185.6758073157664,46.4189518289416,60,175,0,0.0,0,0,0,
1,4.0,1.5,185.6758073157664,69.6284277434124,15,175,0,0.0,0,0,0,
1,4.0,1.5,185.6758073157664,69.6284277434124,30,175,0,0.0,0,0,0,
1,4.0,1.5,185.6758073157664,69.6284277434124,60,175,0,0.0,0,0,0,
1,0.75,0.5,36.50789311281182,24.338595408541213,15,185,9,0.04864864864864865,4,5,0,143962540522.0
1,0.75,0.5,36.50789311281182,24.338595408541213,30,185,9,0.04864864864864865,4,5,0,143962540522.0
1,0.75,0.5,36.50789311281182,24.338595408541213,60,185,9,0.04864864864864865,4,5,0,143962540522.0
1,0.75,0.75,36.50789311281182,36.50789311281182,15,185,5,0.02702702702702703,3,2,0,162163354234.0
1,0.75,0.75,36.50789311281182,36.50789311281182,30,185,5,0.02702702702702703,3,2,0,162163354234.0
1,0.75,0.75,36.50789311281182,36.50789311281182,60,185,5,0.02702702702702703,3,2,0,162163354234.0
1,0.75,1.0,36.50789311281182,48.677190817082426,15,185,3,0.016216216216216217,1,2,0,196041437594.0
1,0.75,1.0,36.50789311281182,48.677190817082426,30,185,3,0.016216216216216217,1,2,0,196041437594.0
1,0.75,1.0,36.50789311281182,48.677190817082426,60,185,3,0.016216216216216217,1,2,0,196041437594.0
1,0.75,1.5,36.50789311281182,73.01578622562364,15,185,0,0.0,0,0,0,
1,0.75,1.5,36.50789311281182,73.01578622562364,30,185,0,0.0,0,0,0,
1,0.75,1.5,36.50789311281182,73.01578622562364,60,185,0,0.0,0,0,0,
1,1.0,0.5,48.677190817082426,24.338595408541213,15,185,5,0.02702702702702703,3,2,0,143531388634.0
1,1.0,0.5,48.677190817082426,24.338595408541213,30,185,5,0.02702702702702703,3,2,0,143531388634.0
1,1.0,0.5,48.677190817082426,24.338595408541213,60,185,5,0.02702702702702703,3,2,0,143531388634.0
1,1.0,0.75,48.677190817082426,36.50789311281182,15,185,1,0.005405405405405406,1,0,0,161573347298.0
1,1.0,0.75,48.677190817082426,36.50789311281182,30,185,1,0.005405405405405406,1,0,0,161573347298.0
1,1.0,0.75,48.677190817082426,36.50789311281182,60,185,1,0.005405405405405406,1,0,0,161573347298.0
1,1.0,1.0,48.677190817082426,48.677190817082426,15,185,1,0.005405405405405406,1,0,0,195451430658.0
1,1.0,1.0,48.677190817082426,48.677190817082426,30,185,1,0.005405405405405406,1,0,0,195451430658.0
1,1.0,1.0,48.677190817082426,48.677190817082426,60,185,1,0.005405405405405406,1,0,0,195451430658.0
1,1.0,1.5,48.677190817082426,73.01578622562364,15,185,0,0.0,0,0,0,
1,1.0,1.5,48.677190817082426,73.01578622562364,30,185,0,0.0,0,0,0,
1,1.0,1.5,48.677190817082426,73.01578622562364,60,185,0,0.0,0,0,0,
1,1.5,0.5,73.01578622562364,24.338595408541213,15,185,0,0.0,0,0,0,
1,1.5,0.5,73.01578622562364,24.338595408541213,30,185,0,0.0,0,0,0,
1,1.5,0.5,73.01578622562364,24.338595408541213,60,185,0,0.0,0,0,0,
1,1.5,0.75,73.01578622562364,36.50789311281182,15,185,0,0.0,0,0,0,
1,1.5,0.75,73.01578622562364,36.50789311281182,30,185,0,0.0,0,0,0,
1,1.5,0.75,73.01578622562364,36.50789311281182,60,185,0,0.0,0,0,0,
1,1.5,1.0,73.01578622562364,48.677190817082426,15,185,0,0.0,0,0,0,
1,1.5,1.0,73.01578622562364,48.677190817082426,30,185,0,0.0,0,0,0,
1,1.5,1.0,73.01578622562364,48.677190817082426,60,185,0,0.0,0,0,0,
1,1.5,1.5,73.01578622562364,73.01578622562364,15,185,0,0.0,0,0,0,
1,1.5,1.5,73.01578622562364,73.01578622562364,30,185,0,0.0,0,0,0,
1,1.5,1.5,73.01578622562364,73.01578622562364,60,185,0,0.0,0,0,0,
1,2.0,0.5,97.35438163416485,24.338595408541213,15,185,0,0.0,0,0,0,
1,2.0,0.5,97.35438163416485,24.338595408541213,30,185,0,0.0,0,0,0,
1,2.0,0.5,97.35438163416485,24.338595408541213,60,185,0,0.0,0,0,0,
1,2.0,0.75,97.35438163416485,36.50789311281182,15,185,0,0.0,0,0,0,
1,2.0,0.75,97.35438163416485,36.50789311281182,30,185,0,0.0,0,0,0,
1,2.0,0.75,97.35438163416485,36.50789311281182,60,185,0,0.0,0,0,0,
1,2.0,1.0,97.35438163416485,48.677190817082426,15,185,0,0.0,0,0,0,
1,2.0,1.0,97.35438163416485,48.677190817082426,30,185,0,0.0,0,0,0,
1,2.0,1.0,97.35438163416485,48.677190817082426,60,185,0,0.0,0,0,0,
1,2.0,1.5,97.35438163416485,73.01578622562364,15,185,0,0.0,0,0,0,
1,2.0,1.5,97.35438163416485,73.01578622562364,30,185,0,0.0,0,0,0,
1,2.0,1.5,97.35438163416485,73.01578622562364,60,185,0,0.0,0,0,0,
1,3.0,0.5,146.03157245124729,24.338595408541213,15,185,0,0.0,0,0,0,
1,3.0,0.5,146.03157245124729,24.338595408541213,30,185,0,0.0,0,0,0,
1,3.0,0.5,146.03157245124729,24.338595408541213,60,185,0,0.0,0,0,0,
1,3.0,0.75,146.03157245124729,36.50789311281182,15,185,0,0.0,0,0,0,
1,3.0,0.75,146.03157245124729,36.50789311281182,30,185,0,0.0,0,0,0,
1,3.0,0.75,146.03157245124729,36.50789311281182,60,185,0,0.0,0,0,0,
1,3.0,1.0,146.03157245124729,48.677190817082426,15,185,0,0.0,0,0,0,
1,3.0,1.0,146.03157245124729,48.677190817082426,30,185,0,0.0,0,0,0,
1,3.0,1.0,146.03157245124729,48.677190817082426,60,185,0,0.0,0,0,0,
1,3.0,1.5,146.03157245124729,73.01578622562364,15,185,0,0.0,0,0,0,
1,3.0,1.5,146.03157245124729,73.01578622562364,30,185,0,0.0,0,0,0,
1,3.0,1.5,146.03157245124729,73.01578622562364,60,185,0,0.0,0,0,0,
1,4.0,0.5,194.7087632683297,24.338595408541213,15,185,0,0.0,0,0,0,
1,4.0,0.5,194.7087632683297,24.338595408541213,30,185,0,0.0,0,0,0,
1,4.0,0.5,194.7087632683297,24.338595408541213,60,185,0,0.0,0,0,0,
1,4.0,0.75,194.7087632683297,36.50789311281182,15,185,0,0.0,0,0,0,
1,4.0,0.75,194.7087632683297,36.50789311281182,30,185,0,0.0,0,0,0,
1,4.0,0.75,194.7087632683297,36.50789311281182,60,185,0,0.0,0,0,0,
1,4.0,1.0,194.7087632683297,48.677190817082426,15,185,0,0.0,0,0,0,
1,4.0,1.0,194.7087632683297,48.677190817082426,30,185,0,0.0,0,0,0,
1,4.0,1.0,194.7087632683297,48.677190817082426,60,185,0,0.0,0,0,0,
1,4.0,1.5,194.7087632683297,73.01578622562364,15,185,0,0.0,0,0,0,
1,4.0,1.5,194.7087632683297,73.01578622562364,30,185,0,0.0,0,0,0,
1,4.0,1.5,194.7087632683297,73.01578622562364,60,185,0,0.0,0,0,0,
1,0.75,0.5,35.31176497222791,23.541176648151943,15,261,3,0.011494252873563218,2,1,0,162887766204.0
1,0.75,0.5,35.31176497222791,23.541176648151943,30,261,3,0.011494252873563218,2,1,0,162887766204.0
1,0.75,0.5,35.31176497222791,23.541176648151943,60,261,3,0.011494252873563218,2,1,0,162887766204.0
1,0.75,0.75,35.31176497222791,35.31176497222791,15,261,1,0.0038314176245210726,0,1,0,279890192384.0
1,0.75,0.75,35.31176497222791,35.31176497222791,30,261,1,0.0038314176245210726,0,1,0,279890192384.0
1,0.75,0.75,35.31176497222791,35.31176497222791,60,261,1,0.0038314176245210726,0,1,0,279890192384.0
1,0.75,1.0,35.31176497222791,47.082353296303886,15,261,0,0.0,0,0,0,
1,0.75,1.0,35.31176497222791,47.082353296303886,30,261,0,0.0,0,0,0,
1,0.75,1.0,35.31176497222791,47.082353296303886,60,261,0,0.0,0,0,0,
1,0.75,1.5,35.31176497222791,70.62352994445583,15,261,0,0.0,0,0,0,
1,0.75,1.5,35.31176497222791,70.62352994445583,30,261,0,0.0,0,0,0,
1,0.75,1.5,35.31176497222791,70.62352994445583,60,261,0,0.0,0,0,0,
1,1.0,0.5,47.082353296303886,23.541176648151943,15,261,1,0.0038314176245210726,0,1,0,290468943490.0
1,1.0,0.5,47.082353296303886,23.541176648151943,30,261,1,0.0038314176245210726,0,1,0,290468943490.0
1,1.0,0.5,47.082353296303886,23.541176648151943,60,261,1,0.0038314176245210726,0,1,0,290468943490.0
1,1.0,0.75,47.082353296303886,35.31176497222791,15,261,1,0.0038314176245210726,0,1,0,286497773254.0
1,1.0,0.75,47.082353296303886,35.31176497222791,30,261,1,0.0038314176245210726,0,1,0,286497773254.0
1,1.0,0.75,47.082353296303886,35.31176497222791,60,261,1,0.0038314176245210726,0,1,0,286497773254.0
1,1.0,1.0,47.082353296303886,47.082353296303886,15,261,0,0.0,0,0,0,
1,1.0,1.0,47.082353296303886,47.082353296303886,30,261,0,0.0,0,0,0,
1,1.0,1.0,47.082353296303886,47.082353296303886,60,261,0,0.0,0,0,0,
1,1.0,1.5,47.082353296303886,70.62352994445583,15,261,0,0.0,0,0,0,
1,1.0,1.5,47.082353296303886,70.62352994445583,30,261,0,0.0,0,0,0,
1,1.0,1.5,47.082353296303886,70.62352994445583,60,261,0,0.0,0,0,0,
1,1.5,0.5,70.62352994445583,23.541176648151943,15,261,0,0.0,0,0,0,
1,1.5,0.5,70.62352994445583,23.541176648151943,30,261,0,0.0,0,0,0,
1,1.5,0.5,70.62352994445583,23.541176648151943,60,261,0,0.0,0,0,0,
1,1.5,0.75,70.62352994445583,35.31176497222791,15,261,0,0.0,0,0,0,
1,1.5,0.75,70.62352994445583,35.31176497222791,30,261,0,0.0,0,0,0,
1,1.5,0.75,70.62352994445583,35.31176497222791,60,261,0,0.0,0,0,0,
1,1.5,1.0,70.62352994445583,47.082353296303886,15,261,0,0.0,0,0,0,
1,1.5,1.0,70.62352994445583,47.082353296303886,30,261,0,0.0,0,0,0,
1,1.5,1.0,70.62352994445583,47.082353296303886,60,261,0,0.0,0,0,0,
1,1.5,1.5,70.62352994445583,70.62352994445583,15,261,0,0.0,0,0,0,
1,1.5,1.5,70.62352994445583,70.62352994445583,30,261,0,0.0,0,0,0,
1,1.5,1.5,70.62352994445583,70.62352994445583,60,261,0,0.0,0,0,0,
1,2.0,0.5,94.16470659260777,23.541176648151943,15,261,0,0.0,0,0,0,
1,2.0,0.5,94.16470659260777,23.541176648151943,30,261,0,0.0,0,0,0,
1,2.0,0.5,94.16470659260777,23.541176648151943,60,261,0,0.0,0,0,0,
1,2.0,0.75,94.16470659260777,35.31176497222791,15,261,0,0.0,0,0,0,
1,2.0,0.75,94.16470659260777,35.31176497222791,30,261,0,0.0,0,0,0,
1,2.0,0.75,94.16470659260777,35.31176497222791,60,261,0,0.0,0,0,0,
1,2.0,1.0,94.16470659260777,47.082353296303886,15,261,0,0.0,0,0,0,
1,2.0,1.0,94.16470659260777,47.082353296303886,30,261,0,0.0,0,0,0,
1,2.0,1.0,94.16470659260777,47.082353296303886,60,261,0,0.0,0,0,0,
1,2.0,1.5,94.16470659260777,70.62352994445583,15,261,0,0.0,0,0,0,
1,2.0,1.5,94.16470659260777,70.62352994445583,30,261,0,0.0,0,0,0,
1,2.0,1.5,94.16470659260777,70.62352994445583,60,261,0,0.0,0,0,0,
1,3.0,0.5,141.24705988891165,23.541176648151943,15,261,0,0.0,0,0,0,
1,3.0,0.5,141.24705988891165,23.541176648151943,30,261,0,0.0,0,0,0,
1,3.0,0.5,141.24705988891165,23.541176648151943,60,261,0,0.0,0,0,0,
1,3.0,0.75,141.24705988891165,35.31176497222791,15,261,0,0.0,0,0,0,
1,3.0,0.75,141.24705988891165,35.31176497222791,30,261,0,0.0,0,0,0,
1,3.0,0.75,141.24705988891165,35.31176497222791,60,261,0,0.0,0,0,0,
1,3.0,1.0,141.24705988891165,47.082353296303886,15,261,0,0.0,0,0,0,
1,3.0,1.0,141.24705988891165,47.082353296303886,30,261,0,0.0,0,0,0,
1,3.0,1.0,141.24705988891165,47.082353296303886,60,261,0,0.0,0,0,0,
1,3.0,1.5,141.24705988891165,70.62352994445583,15,261,0,0.0,0,0,0,
1,3.0,1.5,141.24705988891165,70.62352994445583,30,261,0,0.0,0,0,0,
1,3.0,1.5,141.24705988891165,70.62352994445583,60,261,0,0.0,0,0,0,
1,4.0,0.5,188.32941318521554,23.541176648151943,15,261,0,0.0,0,0,0,
1,4.0,0.5,188.32941318521554,23.541176648151943,30,261,0,0.0,0,0,0,
1,4.0,0.5,188.32941318521554,23.541176648151943,60,261,0,0.0,0,0,0,
1,4.0,0.75,188.32941318521554,35.31176497222791,15,261,0,0.0,0,0,0,
1,4.0,0.75,188.32941318521554,35.31176497222791,30,261,0,0.0,0,0,0,
1,4.0,0.75,188.32941318521554,35.31176497222791,60,261,0,0.0,0,0,0,
1,4.0,1.0,188.32941318521554,47.082353296303886,15,261,0,0.0,0,0,0,
1,4.0,1.0,188.32941318521554,47.082353296303886,30,261,0,0.0,0,0,0,
1,4.0,1.0,188.32941318521554,47.082353296303886,60,261,0,0.0,0,0,0,
1,4.0,1.5,188.32941318521554,70.62352994445583,15,261,0,0.0,0,0,0,
1,4.0,1.5,188.32941318521554,70.62352994445583,30,261,0,0.0,0,0,0,
1,4.0,1.5,188.32941318521554,70.62352994445583,60,261,0,0.0,0,0,0,
1,0.75,0.5,37.24093583671129,24.827290557807526,15,8,0,0.0,0,0,0,
1,0.75,0.5,37.24093583671129,24.827290557807526,30,8,0,0.0,0,0,0,
1,0.75,0.5,37.24093583671129,24.827290557807526,60,8,0,0.0,0,0,0,
1,0.75,0.75,37.24093583671129,37.24093583671129,15,8,0,0.0,0,0,0,
1,0.75,0.75,37.24093583671129,37.24093583671129,30,8,0,0.0,0,0,0,
1,0.75,0.75,37.24093583671129,37.24093583671129,60,8,0,0.0,0,0,0,
1,0.75,1.0,37.24093583671129,49.65458111561505,15,8,0,0.0,0,0,0,
1,0.75,1.0,37.24093583671129,49.65458111561505,30,8,0,0.0,0,0,0,
1,0.75,1.0,37.24093583671129,49.65458111561505,60,8,0,0.0,0,0,0,
1,0.75,1.5,37.24093583671129,74.48187167342257,15,8,0,0.0,0,0,0,
1,0.75,1.5,37.24093583671129,74.48187167342257,30,8,0,0.0,0,0,0,
1,0.75,1.5,37.24093583671129,74.48187167342257,60,8,0,0.0,0,0,0,
1,1.0,0.5,49.65458111561505,24.827290557807526,15,8,0,0.0,0,0,0,
1,1.0,0.5,49.65458111561505,24.827290557807526,30,8,0,0.0,0,0,0,
1,1.0,0.5,49.65458111561505,24.827290557807526,60,8,0,0.0,0,0,0,
1,1.0,0.75,49.65458111561505,37.24093583671129,15,8,0,0.0,0,0,0,
1,1.0,0.75,49.65458111561505,37.24093583671129,30,8,0,0.0,0,0,0,
1,1.0,0.75,49.65458111561505,37.24093583671129,60,8,0,0.0,0,0,0,
1,1.0,1.0,49.65458111561505,49.65458111561505,15,8,0,0.0,0,0,0,
1,1.0,1.0,49.65458111561505,49.65458111561505,30,8,0,0.0,0,0,0,
1,1.0,1.0,49.65458111561505,49.65458111561505,60,8,0,0.0,0,0,0,
1,1.0,1.5,49.65458111561505,74.48187167342257,15,8,0,0.0,0,0,0,
1,1.0,1.5,49.65458111561505,74.48187167342257,30,8,0,0.0,0,0,0,
1,1.0,1.5,49.65458111561505,74.48187167342257,60,8,0,0.0,0,0,0,
1,1.5,0.5,74.48187167342257,24.827290557807526,15,8,0,0.0,0,0,0,
1,1.5,0.5,74.48187167342257,24.827290557807526,30,8,0,0.0,0,0,0,
1,1.5,0.5,74.48187167342257,24.827290557807526,60,8,0,0.0,0,0,0,
1,1.5,0.75,74.48187167342257,37.24093583671129,15,8,0,0.0,0,0,0,
1,1.5,0.75,74.48187167342257,37.24093583671129,30,8,0,0.0,0,0,0,
1,1.5,0.75,74.48187167342257,37.24093583671129,60,8,0,0.0,0,0,0,
1,1.5,1.0,74.48187167342257,49.65458111561505,15,8,0,0.0,0,0,0,
1,1.5,1.0,74.48187167342257,49.65458111561505,30,8,0,0.0,0,0,0,
1,1.5,1.0,74.48187167342257,49.65458111561505,60,8,0,0.0,0,0,0,
1,1.5,1.5,74.48187167342257,74.48187167342257,15,8,0,0.0,0,0,0,
1,1.5,1.5,74.48187167342257,74.48187167342257,30,8,0,0.0,0,0,0,
1,1.5,1.5,74.48187167342257,74.48187167342257,60,8,0,0.0,0,0,0,
1,2.0,0.5,99.3091622312301,24.827290557807526,15,8,0,0.0,0,0,0,
1,2.0,0.5,99.3091622312301,24.827290557807526,30,8,0,0.0,0,0,0,
1,2.0,0.5,99.3091622312301,24.827290557807526,60,8,0,0.0,0,0,0,
1,2.0,0.75,99.3091622312301,37.24093583671129,15,8,0,0.0,0,0,0,
1,2.0,0.75,99.3091622312301,37.24093583671129,30,8,0,0.0,0,0,0,
1,2.0,0.75,99.3091622312301,37.24093583671129,60,8,0,0.0,0,0,0,
1,2.0,1.0,99.3091622312301,49.65458111561505,15,8,0,0.0,0,0,0,
1,2.0,1.0,99.3091622312301,49.65458111561505,30,8,0,0.0,0,0,0,
1,2.0,1.0,99.3091622312301,49.65458111561505,60,8,0,0.0,0,0,0,
1,2.0,1.5,99.3091622312301,74.48187167342257,15,8,0,0.0,0,0,0,
1,2.0,1.5,99.3091622312301,74.48187167342257,30,8,0,0.0,0,0,0,
1,2.0,1.5,99.3091622312301,74.48187167342257,60,8,0,0.0,0,0,0,
1,3.0,0.5,148.96374334684515,24.827290557807526,15,8,0,0.0,0,0,0,
1,3.0,0.5,148.96374334684515,24.827290557807526,30,8,0,0.0,0,0,0,
1,3.0,0.5,148.96374334684515,24.827290557807526,60,8,0,0.0,0,0,0,
1,3.0,0.75,148.96374334684515,37.24093583671129,15,8,0,0.0,0,0,0,
1,3.0,0.75,148.96374334684515,37.24093583671129,30,8,0,0.0,0,0,0,
1,3.0,0.75,148.96374334684515,37.24093583671129,60,8,0,0.0,0,0,0,
1,3.0,1.0,148.96374334684515,49.65458111561505,15,8,0,0.0,0,0,0,
1,3.0,1.0,148.96374334684515,49.65458111561505,30,8,0,0.0,0,0,0,
1,3.0,1.0,148.96374334684515,49.65458111561505,60,8,0,0.0,0,0,0,
1,3.0,1.5,148.96374334684515,74.48187167342257,15,8,0,0.0,0,0,0,
1,3.0,1.5,148.96374334684515,74.48187167342257,30,8,0,0.0,0,0,0,
1,3.0,1.5,148.96374334684515,74.48187167342257,60,8,0,0.0,0,0,0,
1,4.0,0.5,198.6183244624602,24.827290557807526,15,8,0,0.0,0,0,0,
1,4.0,0.5,198.6183244624602,24.827290557807526,30,8,0,0.0,0,0,0,
1,4.0,0.5,198.6183244624602,24.827290557807526,60,8,0,0.0,0,0,0,
1,4.0,0.75,198.6183244624602,37.24093583671129,15,8,0,0.0,0,0,0,
1,4.0,0.75,198.6183244624602,37.24093583671129,30,8,0,0.0,0,0,0,
1,4.0,0.75,198.6183244624602,37.24093583671129,60,8,0,0.0,0,0,0,
1,4.0,1.0,198.6183244624602,49.65458111561505,15,8,0,0.0,0,0,0,
1,4.0,1.0,198.6183244624602,49.65458111561505,30,8,0,0.0,0,0,0,
1,4.0,1.0,198.6183244624602,49.65458111561505,60,8,0,0.0,0,0,0,
1,4.0,1.5,198.6183244624602,74.48187167342257,15,8,0,0.0,0,0,0,
1,4.0,1.5,198.6183244624602,74.48187167342257,30,8,0,0.0,0,0,0,
1,4.0,1.5,198.6183244624602,74.48187167342257,60,8,0,0.0,0,0,0,
1,0.75,0.5,35.56131175172863,23.707541167819087,15,85,1,0.011764705882352941,0,1,0,222007668164.0
1,0.75,0.5,35.56131175172863,23.707541167819087,30,85,1,0.011764705882352941,0,1,0,222007668164.0
1,0.75,0.5,35.56131175172863,23.707541167819087,60,85,1,0.011764705882352941,0,1,0,222007668164.0
1,0.75,0.75,35.56131175172863,35.56131175172863,15,85,0,0.0,0,0,0,
1,0.75,0.75,35.56131175172863,35.56131175172863,30,85,0,0.0,0,0,0,
1,0.75,0.75,35.56131175172863,35.56131175172863,60,85,0,0.0,0,0,0,
1,0.75,1.0,35.56131175172863,47.415082335638175,15,85,0,0.0,0,0,0,
1,0.75,1.0,35.56131175172863,47.415082335638175,30,85,0,0.0,0,0,0,
1,0.75,1.0,35.56131175172863,47.415082335638175,60,85,0,0.0,0,0,0,
1,0.75,1.5,35.56131175172863,71.12262350345726,15,85,0,0.0,0,0,0,
1,0.75,1.5,35.56131175172863,71.12262350345726,30,85,0,0.0,0,0,0,
1,0.75,1.5,35.56131175172863,71.12262350345726,60,85,0,0.0,0,0,0,
1,1.0,0.5,47.415082335638175,23.707541167819087,15,85,0,0.0,0,0,0,
1,1.0,0.5,47.415082335638175,23.707541167819087,30,85,0,0.0,0,0,0,
1,1.0,0.5,47.415082335638175,23.707541167819087,60,85,0,0.0,0,0,0,
1,1.0,0.75,47.415082335638175,35.56131175172863,15,85,0,0.0,0,0,0,
1,1.0,0.75,47.415082335638175,35.56131175172863,30,85,0,0.0,0,0,0,
1,1.0,0.75,47.415082335638175,35.56131175172863,60,85,0,0.0,0,0,0,
1,1.0,1.0,47.415082335638175,47.415082335638175,15,85,0,0.0,0,0,0,
1,1.0,1.0,47.415082335638175,47.415082335638175,30,85,0,0.0,0,0,0,
1,1.0,1.0,47.415082335638175,47.415082335638175,60,85,0,0.0,0,0,0,
1,1.0,1.5,47.415082335638175,71.12262350345726,15,85,0,0.0,0,0,0,
1,1.0,1.5,47.415082335638175,71.12262350345726,30,85,0,0.0,0,0,0,
1,1.0,1.5,47.415082335638175,71.12262350345726,60,85,0,0.0,0,0,0,
1,1.5,0.5,71.12262350345726,23.707541167819087,15,85,0,0.0,0,0,0,
1,1.5,0.5,71.12262350345726,23.707541167819087,30,85,0,0.0,0,0,0,
1,1.5,0.5,71.12262350345726,23.707541167819087,60,85,0,0.0,0,0,0,
1,1.5,0.75,71.12262350345726,35.56131175172863,15,85,0,0.0,0,0,0,
1,1.5,0.75,71.12262350345726,35.56131175172863,30,85,0,0.0,0,0,0,
1,1.5,0.75,71.12262350345726,35.56131175172863,60,85,0,0.0,0,0,0,
1,1.5,1.0,71.12262350345726,47.415082335638175,15,85,0,0.0,0,0,0,
1,1.5,1.0,71.12262350345726,47.415082335638175,30,85,0,0.0,0,0,0,
1,1.5,1.0,71.12262350345726,47.415082335638175,60,85,0,0.0,0,0,0,
1,1.5,1.5,71.12262350345726,71.12262350345726,15,85,0,0.0,0,0,0,
1,1.5,1.5,71.12262350345726,71.12262350345726,30,85,0,0.0,0,0,0,
1,1.5,1.5,71.12262350345726,71.12262350345726,60,85,0,0.0,0,0,0,
1,2.0,0.5,94.83016467127635,23.707541167819087,15,85,0,0.0,0,0,0,
1,2.0,0.5,94.83016467127635,23.707541167819087,30,85,0,0.0,0,0,0,
1,2.0,0.5,94.83016467127635,23.707541167819087,60,85,0,0.0,0,0,0,
1,2.0,0.75,94.83016467127635,35.56131175172863,15,85,0,0.0,0,0,0,
1,2.0,0.75,94.83016467127635,35.56131175172863,30,85,0,0.0,0,0,0,
1,2.0,0.75,94.83016467127635,35.56131175172863,60,85,0,0.0,0,0,0,
1,2.0,1.0,94.83016467127635,47.415082335638175,15,85,0,0.0,0,0,0,
1,2.0,1.0,94.83016467127635,47.415082335638175,30,85,0,0.0,0,0,0,
1,2.0,1.0,94.83016467127635,47.415082335638175,60,85,0,0.0,0,0,0,
1,2.0,1.5,94.83016467127635,71.12262350345726,15,85,0,0.0,0,0,0,
1,2.0,1.5,94.83016467127635,71.12262350345726,30,85,0,0.0,0,0,0,
1,2.0,1.5,94.83016467127635,71.12262350345726,60,85,0,0.0,0,0,0,
1,3.0,0.5,142.24524700691452,23.707541167819087,15,85,0,0.0,0,0,0,
1,3.0,0.5,142.24524700691452,23.707541167819087,30,85,0,0.0,0,0,0,
1,3.0,0.5,142.24524700691452,23.707541167819087,60,85,0,0.0,0,0,0,
1,3.0,0.75,142.24524700691452,35.56131175172863,15,85,0,0.0,0,0,0,
1,3.0,0.75,142.24524700691452,35.56131175172863,30,85,0,0.0,0,0,0,
1,3.0,0.75,142.24524700691452,35.56131175172863,60,85,0,0.0,0,0,0,
1,3.0,1.0,142.24524700691452,47.415082335638175,15,85,0,0.0,0,0,0,
1,3.0,1.0,142.24524700691452,47.415082335638175,30,85,0,0.0,0,0,0,
1,3.0,1.0,142.24524700691452,47.415082335638175,60,85,0,0.0,0,0,0,
1,3.0,1.5,142.24524700691452,71.12262350345726,15,85,0,0.0,0,0,0,
1,3.0,1.5,142.24524700691452,71.12262350345726,30,85,0,0.0,0,0,0,
1,3.0,1.5,142.24524700691452,71.12262350345726,60,85,0,0.0,0,0,0,
1,4.0,0.5,189.6603293425527,23.707541167819087,15,85,0,0.0,0,0,0,
1,4.0,0.5,189.6603293425527,23.707541167819087,30,85,0,0.0,0,0,0,
1,4.0,0.5,189.6603293425527,23.707541167819087,60,85,0,0.0,0,0,0,
1,4.0,0.75,189.6603293425527,35.56131175172863,15,85,0,0.0,0,0,0,
1,4.0,0.75,189.6603293425527,35.56131175172863,30,85,0,0.0,0,0,0,
1,4.0,0.75,189.6603293425527,35.56131175172863,60,85,0,0.0,0,0,0,
1,4.0,1.0,189.6603293425527,47.415082335638175,15,85,0,0.0,0,0,0,
1,4.0,1.0,189.6603293425527,47.415082335638175,30,85,0,0.0,0,0,0,
1,4.0,1.0,189.6603293425527,47.415082335638175,60,85,0,0.0,0,0,0,
1,4.0,1.5,189.6603293425527,71.12262350345726,15,85,0,0.0,0,0,0,
1,4.0,1.5,189.6603293425527,71.12262350345726,30,85,0,0.0,0,0,0,
1,4.0,1.5,189.6603293425527,71.12262350345726,60,85,0,0.0,0,0,0,
1,0.75,0.5,35.55068062250696,23.70045374833797,15,40,0,0.0,0,0,0,
1,0.75,0.5,35.55068062250696,23.70045374833797,30,40,0,0.0,0,0,0,
1,0.75,0.5,35.55068062250696,23.70045374833797,60,40,0,0.0,0,0,0,
1,0.75,0.75,35.55068062250696,35.55068062250696,15,40,0,0.0,0,0,0,
1,0.75,0.75,35.55068062250696,35.55068062250696,30,40,0,0.0,0,0,0,
1,0.75,0.75,35.55068062250696,35.55068062250696,60,40,0,0.0,0,0,0,
1,0.75,1.0,35.55068062250696,47.40090749667594,15,40,0,0.0,0,0,0,
1,0.75,1.0,35.55068062250696,47.40090749667594,30,40,0,0.0,0,0,0,
1,0.75,1.0,35.55068062250696,47.40090749667594,60,40,0,0.0,0,0,0,
1,0.75,1.5,35.55068062250696,71.10136124501392,15,40,0,0.0,0,0,0,
1,0.75,1.5,35.55068062250696,71.10136124501392,30,40,0,0.0,0,0,0,
1,0.75,1.5,35.55068062250696,71.10136124501392,60,40,0,0.0,0,0,0,
1,1.0,0.5,47.40090749667594,23.70045374833797,15,40,0,0.0,0,0,0,
1,1.0,0.5,47.40090749667594,23.70045374833797,30,40,0,0.0,0,0,0,
1,1.0,0.5,47.40090749667594,23.70045374833797,60,40,0,0.0,0,0,0,
1,1.0,0.75,47.40090749667594,35.55068062250696,15,40,0,0.0,0,0,0,
1,1.0,0.75,47.40090749667594,35.55068062250696,30,40,0,0.0,0,0,0,
1,1.0,0.75,47.40090749667594,35.55068062250696,60,40,0,0.0,0,0,0,
1,1.0,1.0,47.40090749667594,47.40090749667594,15,40,0,0.0,0,0,0,
1,1.0,1.0,47.40090749667594,47.40090749667594,30,40,0,0.0,0,0,0,
1,1.0,1.0,47.40090749667594,47.40090749667594,60,40,0,0.0,0,0,0,
1,1.0,1.5,47.40090749667594,71.10136124501392,15,40,0,0.0,0,0,0,
1,1.0,1.5,47.40090749667594,71.10136124501392,30,40,0,0.0,0,0,0,
1,1.0,1.5,47.40090749667594,71.10136124501392,60,40,0,0.0,0,0,0,
1,1.5,0.5,71.10136124501392,23.70045374833797,15,40,0,0.0,0,0,0,
1,1.5,0.5,71.10136124501392,23.70045374833797,30,40,0,0.0,0,0,0,
1,1.5,0.5,71.10136124501392,23.70045374833797,60,40,0,0.0,0,0,0,
1,1.5,0.75,71.10136124501392,35.55068062250696,15,40,0,0.0,0,0,0,
1,1.5,0.75,71.10136124501392,35.55068062250696,30,40,0,0.0,0,0,0,
1,1.5,0.75,71.10136124501392,35.55068062250696,60,40,0,0.0,0,0,0,
1,1.5,1.0,71.10136124501392,47.40090749667594,15,40,0,0.0,0,0,0,
1,1.5,1.0,71.10136124501392,47.40090749667594,30,40,0,0.0,0,0,0,
1,1.5,1.0,71.10136124501392,47.40090749667594,60,40,0,0.0,0,0,0,
1,1.5,1.5,71.10136124501392,71.10136124501392,15,40,0,0.0,0,0,0,
1,1.5,1.5,71.10136124501392,71.10136124501392,30,40,0,0.0,0,0,0,
1,1.5,1.5,71.10136124501392,71.10136124501392,60,40,0,0.0,0,0,0,
1,2.0,0.5,94.80181499335188,23.70045374833797,15,40,0,0.0,0,0,0,
1,2.0,0.5,94.80181499335188,23.70045374833797,30,40,0,0.0,0,0,0,
1,2.0,0.5,94.80181499335188,23.70045374833797,60,40,0,0.0,0,0,0,
1,2.0,0.75,94.80181499335188,35.55068062250696,15,40,0,0.0,0,0,0,
1,2.0,0.75,94.80181499335188,35.55068062250696,30,40,0,0.0,0,0,0,
1,2.0,0.75,94.80181499335188,35.55068062250696,60,40,0,0.0,0,0,0,
1,2.0,1.0,94.80181499335188,47.40090749667594,15,40,0,0.0,0,0,0,
1,2.0,1.0,94.80181499335188,47.40090749667594,30,40,0,0.0,0,0,0,
1,2.0,1.0,94.80181499335188,47.40090749667594,60,40,0,0.0,0,0,0,
1,2.0,1.5,94.80181499335188,71.10136124501392,15,40,0,0.0,0,0,0,
1,2.0,1.5,94.80181499335188,71.10136124501392,30,40,0,0.0,0,0,0,
1,2.0,1.5,94.80181499335188,71.10136124501392,60,40,0,0.0,0,0,0,
1,3.0,0.5,142.20272249002784,23.70045374833797,15,40,0,0.0,0,0,0,
1,3.0,0.5,142.20272249002784,23.70045374833797,30,40,0,0.0,0,0,0,
1,3.0,0.5,142.20272249002784,23.70045374833797,60,40,0,0.0,0,0,0,
1,3.0,0.75,142.20272249002784,35.55068062250696,15,40,0,0.0,0,0,0,
1,3.0,0.75,142.20272249002784,35.55068062250696,30,40,0,0.0,0,0,0,
1,3.0,0.75,142.20272249002784,35.55068062250696,60,40,0,0.0,0,0,0,
1,3.0,1.0,142.20272249002784,47.40090749667594,15,40,0,0.0,0,0,0,
1,3.0,1.0,142.20272249002784,47.40090749667594,30,40,0,0.0,0,0,0,
1,3.0,1.0,142.20272249002784,47.40090749667594,60,40,0,0.0,0,0,0,
1,3.0,1.5,142.20272249002784,71.10136124501392,15,40,0,0.0,0,0,0,
1,3.0,1.5,142.20272249002784,71.10136124501392,30,40,0,0.0,0,0,0,
1,3.0,1.5,142.20272249002784,71.10136124501392,60,40,0,0.0,0,0,0,
1,4.0,0.5,189.60362998670377,23.70045374833797,15,40,0,0.0,0,0,0,
1,4.0,0.5,189.60362998670377,23.70045374833797,30,40,0,0.0,0,0,0,
1,4.0,0.5,189.60362998670377,23.70045374833797,60,40,0,0.0,0,0,0,
1,4.0,0.75,189.60362998670377,35.55068062250696,15,40,0,0.0,0,0,0,
1,4.0,0.75,189.60362998670377,35.55068062250696,30,40,0,0.0,0,0,0,
1,4.0,0.75,189.60362998670377,35.55068062250696,60,40,0,0.0,0,0,0,
1,4.0,1.0,189.60362998670377,47.40090749667594,15,40,0,0.0,0,0,0,
1,4.0,1.0,189.60362998670377,47.40090749667594,30,40,0,0.0,0,0,0,
1,4.0,1.0,189.60362998670377,47.40090749667594,60,40,0,0.0,0,0,0,
1,4.0,1.5,189.60362998670377,71.10136124501392,15,40,0,0.0,0,0,0,
1,4.0,1.5,189.60362998670377,71.10136124501392,30,40,0,0.0,0,0,0,
1,4.0,1.5,189.60362998670377,71.10136124501392,60,40,0,0.0,0,0,0,
1,0.75,0.5,34.727354572472706,23.151569714981804,15,60,2,0.03333333333333333,1,1,0,150916791855.0
1,0.75,0.5,34.727354572472706,23.151569714981804,30,60,2,0.03333333333333333,1,1,0,150916791855.0
1,0.75,0.5,34.727354572472706,23.151569714981804,60,60,2,0.03333333333333333,1,1,0,150916791855.0
1,0.75,0.75,34.727354572472706,34.727354572472706,15,60,0,0.0,0,0,0,
1,0.75,0.75,34.727354572472706,34.727354572472706,30,60,0,0.0,0,0,0,
1,0.75,0.75,34.727354572472706,34.727354572472706,60,60,1,0.016666666666666666,0,1,0,269157655516.0
1,0.75,1.0,34.727354572472706,46.30313942996361,15,60,0,0.0,0,0,0,
1,0.75,1.0,34.727354572472706,46.30313942996361,30,60,0,0.0,0,0,0,
1,0.75,1.0,34.727354572472706,46.30313942996361,60,60,0,0.0,0,0,0,
1,0.75,1.5,34.727354572472706,69.45470914494541,15,60,0,0.0,0,0,0,
1,0.75,1.5,34.727354572472706,69.45470914494541,30,60,0,0.0,0,0,0,
1,0.75,1.5,34.727354572472706,69.45470914494541,60,60,0,0.0,0,0,0,
1,1.0,0.5,46.30313942996361,23.151569714981804,15,60,1,0.016666666666666666,0,1,0,112309890810.0
1,1.0,0.5,46.30313942996361,23.151569714981804,30,60,1,0.016666666666666666,0,1,0,112309890810.0
1,1.0,0.5,46.30313942996361,23.151569714981804,60,60,1,0.016666666666666666,0,1,0,112309890810.0
1,1.0,0.75,46.30313942996361,34.727354572472706,15,60,0,0.0,0,0,0,
1,1.0,0.75,46.30313942996361,34.727354572472706,30,60,0,0.0,0,0,0,
1,1.0,0.75,46.30313942996361,34.727354572472706,60,60,0,0.0,0,0,0,
1,1.0,1.0,46.30313942996361,46.30313942996361,15,60,0,0.0,0,0,0,
1,1.0,1.0,46.30313942996361,46.30313942996361,30,60,0,0.0,0,0,0,
1,1.0,1.0,46.30313942996361,46.30313942996361,60,60,0,0.0,0,0,0,
1,1.0,1.5,46.30313942996361,69.45470914494541,15,60,0,0.0,0,0,0,
1,1.0,1.5,46.30313942996361,69.45470914494541,30,60,0,0.0,0,0,0,
1,1.0,1.5,46.30313942996361,69.45470914494541,60,60,0,0.0,0,0,0,
1,1.5,0.5,69.45470914494541,23.151569714981804,15,60,0,0.0,0,0,0,
1,1.5,0.5,69.45470914494541,23.151569714981804,30,60,0,0.0,0,0,0,
1,1.5,0.5,69.45470914494541,23.151569714981804,60,60,0,0.0,0,0,0,
1,1.5,0.75,69.45470914494541,34.727354572472706,15,60,0,0.0,0,0,0,
1,1.5,0.75,69.45470914494541,34.727354572472706,30,60,0,0.0,0,0,0,
1,1.5,0.75,69.45470914494541,34.727354572472706,60,60,0,0.0,0,0,0,
1,1.5,1.0,69.45470914494541,46.30313942996361,15,60,0,0.0,0,0,0,
1,1.5,1.0,69.45470914494541,46.30313942996361,30,60,0,0.0,0,0,0,
1,1.5,1.0,69.45470914494541,46.30313942996361,60,60,0,0.0,0,0,0,
1,1.5,1.5,69.45470914494541,69.45470914494541,15,60,0,0.0,0,0,0,
1,1.5,1.5,69.45470914494541,69.45470914494541,30,60,0,0.0,0,0,0,
1,1.5,1.5,69.45470914494541,69.45470914494541,60,60,0,0.0,0,0,0,
1,2.0,0.5,92.60627885992722,23.151569714981804,15,60,0,0.0,0,0,0,
1,2.0,0.5,92.60627885992722,23.151569714981804,30,60,0,0.0,0,0,0,
1,2.0,0.5,92.60627885992722,23.151569714981804,60,60,0,0.0,0,0,0,
1,2.0,0.75,92.60627885992722,34.727354572472706,15,60,0,0.0,0,0,0,
1,2.0,0.75,92.60627885992722,34.727354572472706,30,60,0,0.0,0,0,0,
1,2.0,0.75,92.60627885992722,34.727354572472706,60,60,0,0.0,0,0,0,
1,2.0,1.0,92.60627885992722,46.30313942996361,15,60,0,0.0,0,0,0,
1,2.0,1.0,92.60627885992722,46.30313942996361,30,60,0,0.0,0,0,0,
1,2.0,1.0,92.60627885992722,46.30313942996361,60,60,0,0.0,0,0,0,
1,2.0,1.5,92.60627885992722,69.45470914494541,15,60,0,0.0,0,0,0,
1,2.0,1.5,92.60627885992722,69.45470914494541,30,60,0,0.0,0,0,0,
1,2.0,1.5,92.60627885992722,69.45470914494541,60,60,0,0.0,0,0,0,
1,3.0,0.5,138.90941828989082,23.151569714981804,15,60,0,0.0,0,0,0,
1,3.0,0.5,138.90941828989082,23.151569714981804,30,60,0,0.0,0,0,0,
1,3.0,0.5,138.90941828989082,23.151569714981804,60,60,0,0.0,0,0,0,
1,3.0,0.75,138.90941828989082,34.727354572472706,15,60,0,0.0,0,0,0,
1,3.0,0.75,138.90941828989082,34.727354572472706,30,60,0,0.0,0,0,0,
1,3.0,0.75,138.90941828989082,34.727354572472706,60,60,0,0.0,0,0,0,
1,3.0,1.0,138.90941828989082,46.30313942996361,15,60,0,0.0,0,0,0,
1,3.0,1.0,138.90941828989082,46.30313942996361,30,60,0,0.0,0,0,0,
1,3.0,1.0,138.90941828989082,46.30313942996361,60,60,0,0.0,0,0,0,
1,3.0,1.5,138.90941828989082,69.45470914494541,15,60,0,0.0,0,0,0,
1,3.0,1.5,138.90941828989082,69.45470914494541,30,60,0,0.0,0,0,0,
1,3.0,1.5,138.90941828989082,69.45470914494541,60,60,0,0.0,0,0,0,
1,4.0,0.5,185.21255771985443,23.151569714981804,15,60,0,0.0,0,0,0,
1,4.0,0.5,185.21255771985443,23.151569714981804,30,60,0,0.0,0,0,0,
1,4.0,0.5,185.21255771985443,23.151569714981804,60,60,0,0.0,0,0,0,
1,4.0,0.75,185.21255771985443,34.727354572472706,15,60,0,0.0,0,0,0,
1,4.0,0.75,185.21255771985443,34.727354572472706,30,60,0,0.0,0,0,0,
1,4.0,0.75,185.21255771985443,34.727354572472706,60,60,0,0.0,0,0,0,
1,4.0,1.0,185.21255771985443,46.30313942996361,15,60,0,0.0,0,0,0,
1,4.0,1.0,185.21255771985443,46.30313942996361,30,60,0,0.0,0,0,0,
1,4.0,1.0,185.21255771985443,46.30313942996361,60,60,0,0.0,0,0,0,
1,4.0,1.5,185.21255771985443,69.45470914494541,15,60,0,0.0,0,0,0,
1,4.0,1.5,185.21255771985443,69.45470914494541,30,60,0,0.0,0,0,0,
1,4.0,1.5,185.21255771985443,69.45470914494541,60,60,0,0.0,0,0,0,
1,0.75,0.5,35.04013260151544,23.360088401010294,15,113,4,0.035398230088495575,0,4,0,212292539860.0
1,0.75,0.5,35.04013260151544,23.360088401010294,30,113,4,0.035398230088495575,0,4,0,212292539860.0
1,0.75,0.5,35.04013260151544,23.360088401010294,60,113,4,0.035398230088495575,0,4,0,212292539860.0
1,0.75,0.75,35.04013260151544,35.04013260151544,15,113,0,0.0,0,0,0,
1,0.75,0.75,35.04013260151544,35.04013260151544,30,113,0,0.0,0,0,0,
1,0.75,0.75,35.04013260151544,35.04013260151544,60,113,0,0.0,0,0,0,
1,0.75,1.0,35.04013260151544,46.72017680202059,15,113,1,0.008849557522123894,0,1,0,236838588396.0
1,0.75,1.0,35.04013260151544,46.72017680202059,30,113,1,0.008849557522123894,0,1,0,236838588396.0
1,0.75,1.0,35.04013260151544,46.72017680202059,60,113,1,0.008849557522123894,0,1,0,236838588396.0
1,0.75,1.5,35.04013260151544,70.08026520303088,15,113,0,0.0,0,0,0,
1,0.75,1.5,35.04013260151544,70.08026520303088,30,113,0,0.0,0,0,0,
1,0.75,1.5,35.04013260151544,70.08026520303088,60,113,0,0.0,0,0,0,
1,1.0,0.5,46.72017680202059,23.360088401010294,15,113,1,0.008849557522123894,0,1,0,126830449962.0
1,1.0,0.5,46.72017680202059,23.360088401010294,30,113,1,0.008849557522123894,0,1,0,126830449962.0
1,1.0,0.5,46.72017680202059,23.360088401010294,60,113,1,0.008849557522123894,0,1,0,126830449962.0
1,1.0,0.75,46.72017680202059,35.04013260151544,15,113,0,0.0,0,0,0,
1,1.0,0.75,46.72017680202059,35.04013260151544,30,113,0,0.0,0,0,0,
1,1.0,0.75,46.72017680202059,35.04013260151544,60,113,0,0.0,0,0,0,
1,1.0,1.0,46.72017680202059,46.72017680202059,15,113,0,0.0,0,0,0,
1,1.0,1.0,46.72017680202059,46.72017680202059,30,113,0,0.0,0,0,0,
1,1.0,1.0,46.72017680202059,46.72017680202059,60,113,0,0.0,0,0,0,
1,1.0,1.5,46.72017680202059,70.08026520303088,15,113,0,0.0,0,0,0,
1,1.0,1.5,46.72017680202059,70.08026520303088,30,113,0,0.0,0,0,0,
1,1.0,1.5,46.72017680202059,70.08026520303088,60,113,0,0.0,0,0,0,
1,1.5,0.5,70.08026520303088,23.360088401010294,15,113,1,0.008849557522123894,0,1,0,248490735086.0
1,1.5,0.5,70.08026520303088,23.360088401010294,30,113,1,0.008849557522123894,0,1,0,248490735086.0
1,1.5,0.5,70.08026520303088,23.360088401010294,60,113,1,0.008849557522123894,0,1,0,248490735086.0
1,1.5,0.75,70.08026520303088,35.04013260151544,15,113,0,0.0,0,0,0,
1,1.5,0.75,70.08026520303088,35.04013260151544,30,113,0,0.0,0,0,0,
1,1.5,0.75,70.08026520303088,35.04013260151544,60,113,0,0.0,0,0,0,
1,1.5,1.0,70.08026520303088,46.72017680202059,15,113,0,0.0,0,0,0,
1,1.5,1.0,70.08026520303088,46.72017680202059,30,113,0,0.0,0,0,0,
1,1.5,1.0,70.08026520303088,46.72017680202059,60,113,0,0.0,0,0,0,
1,1.5,1.5,70.08026520303088,70.08026520303088,15,113,0,0.0,0,0,0,
1,1.5,1.5,70.08026520303088,70.08026520303088,30,113,0,0.0,0,0,0,
1,1.5,1.5,70.08026520303088,70.08026520303088,60,113,0,0.0,0,0,0,
1,2.0,0.5,93.44035360404118,23.360088401010294,15,113,0,0.0,0,0,0,
1,2.0,0.5,93.44035360404118,23.360088401010294,30,113,0,0.0,0,0,0,
1,2.0,0.5,93.44035360404118,23.360088401010294,60,113,0,0.0,0,0,0,
1,2.0,0.75,93.44035360404118,35.04013260151544,15,113,0,0.0,0,0,0,
1,2.0,0.75,93.44035360404118,35.04013260151544,30,113,0,0.0,0,0,0,
1,2.0,0.75,93.44035360404118,35.04013260151544,60,113,0,0.0,0,0,0,
1,2.0,1.0,93.44035360404118,46.72017680202059,15,113,0,0.0,0,0,0,
1,2.0,1.0,93.44035360404118,46.72017680202059,30,113,0,0.0,0,0,0,
1,2.0,1.0,93.44035360404118,46.72017680202059,60,113,0,0.0,0,0,0,
1,2.0,1.5,93.44035360404118,70.08026520303088,15,113,0,0.0,0,0,0,
1,2.0,1.5,93.44035360404118,70.08026520303088,30,113,0,0.0,0,0,0,
1,2.0,1.5,93.44035360404118,70.08026520303088,60,113,0,0.0,0,0,0,
1,3.0,0.5,140.16053040606175,23.360088401010294,15,113,0,0.0,0,0,0,
1,3.0,0.5,140.16053040606175,23.360088401010294,30,113,0,0.0,0,0,0,
1,3.0,0.5,140.16053040606175,23.360088401010294,60,113,0,0.0,0,0,0,
1,3.0,0.75,140.16053040606175,35.04013260151544,15,113,0,0.0,0,0,0,
1,3.0,0.75,140.16053040606175,35.04013260151544,30,113,0,0.0,0,0,0,
1,3.0,0.75,140.16053040606175,35.04013260151544,60,113,0,0.0,0,0,0,
1,3.0,1.0,140.16053040606175,46.72017680202059,15,113,0,0.0,0,0,0,
1,3.0,1.0,140.16053040606175,46.72017680202059,30,113,0,0.0,0,0,0,
1,3.0,1.0,140.16053040606175,46.72017680202059,60,113,0,0.0,0,0,0,
1,3.0,1.5,140.16053040606175,70.08026520303088,15,113,0,0.0,0,0,0,
1,3.0,1.5,140.16053040606175,70.08026520303088,30,113,0,0.0,0,0,0,
1,3.0,1.5,140.16053040606175,70.08026520303088,60,113,0,0.0,0,0,0,
1,4.0,0.5,186.88070720808236,23.360088401010294,15,113,0,0.0,0,0,0,
1,4.0,0.5,186.88070720808236,23.360088401010294,30,113,0,0.0,0,0,0,
1,4.0,0.5,186.88070720808236,23.360088401010294,60,113,0,0.0,0,0,0,
1,4.0,0.75,186.88070720808236,35.04013260151544,15,113,0,0.0,0,0,0,
1,4.0,0.75,186.88070720808236,35.04013260151544,30,113,0,0.0,0,0,0,
1,4.0,0.75,186.88070720808236,35.04013260151544,60,113,0,0.0,0,0,0,
1,4.0,1.0,186.88070720808236,46.72017680202059,15,113,0,0.0,0,0,0,
1,4.0,1.0,186.88070720808236,46.72017680202059,30,113,0,0.0,0,0,0,
1,4.0,1.0,186.88070720808236,46.72017680202059,60,113,0,0.0,0,0,0,
1,4.0,1.5,186.88070720808236,70.08026520303088,15,113,0,0.0,0,0,0,
1,4.0,1.5,186.88070720808236,70.08026520303088,30,113,0,0.0,0,0,0,
1,4.0,1.5,186.88070720808236,70.08026520303088,60,113,0,0.0,0,0,0,
1,0.75,0.5,34.021460551181754,22.680973700787835,15,248,6,0.024193548387096774,4,2,0,140821957506.0
1,0.75,0.5,34.021460551181754,22.680973700787835,30,248,7,0.028225806451612902,4,3,0,170583732958.0
1,0.75,0.5,34.021460551181754,22.680973700787835,60,248,7,0.028225806451612902,4,3,0,170583732958.0
1,0.75,0.75,34.021460551181754,34.021460551181754,15,248,2,0.008064516129032258,2,0,0,107208174996.0
1,0.75,0.75,34.021460551181754,34.021460551181754,30,248,2,0.008064516129032258,2,0,0,107208174996.0
1,0.75,0.75,34.021460551181754,34.021460551181754,60,248,2,0.008064516129032258,2,0,0,107208174996.0
1,0.75,1.0,34.021460551181754,45.36194740157567,15,248,1,0.004032258064516129,1,0,0,102590227750.0
1,0.75,1.0,34.021460551181754,45.36194740157567,30,248,1,0.004032258064516129,1,0,0,102590227750.0
1,0.75,1.0,34.021460551181754,45.36194740157567,60,248,1,0.004032258064516129,1,0,0,102590227750.0
1,0.75,1.5,34.021460551181754,68.04292110236351,15,248,1,0.004032258064516129,1,0,0,108605978666.0
1,0.75,1.5,34.021460551181754,68.04292110236351,30,248,1,0.004032258064516129,1,0,0,108605978666.0
1,0.75,1.5,34.021460551181754,68.04292110236351,60,248,1,0.004032258064516129,1,0,0,108605978666.0
1,1.0,0.5,45.36194740157567,22.680973700787835,15,248,1,0.004032258064516129,1,0,0,244564525212.0
1,1.0,0.5,45.36194740157567,22.680973700787835,30,248,1,0.004032258064516129,1,0,0,244564525212.0
1,1.0,0.5,45.36194740157567,22.680973700787835,60,248,1,0.004032258064516129,1,0,0,244564525212.0
1,1.0,0.75,45.36194740157567,34.021460551181754,15,248,0,0.0,0,0,0,
1,1.0,0.75,45.36194740157567,34.021460551181754,30,248,0,0.0,0,0,0,
1,1.0,0.75,45.36194740157567,34.021460551181754,60,248,0,0.0,0,0,0,
1,1.0,1.0,45.36194740157567,45.36194740157567,15,248,0,0.0,0,0,0,
1,1.0,1.0,45.36194740157567,45.36194740157567,30,248,0,0.0,0,0,0,
1,1.0,1.0,45.36194740157567,45.36194740157567,60,248,0,0.0,0,0,0,
1,1.0,1.5,45.36194740157567,68.04292110236351,15,248,0,0.0,0,0,0,
1,1.0,1.5,45.36194740157567,68.04292110236351,30,248,0,0.0,0,0,0,
1,1.0,1.5,45.36194740157567,68.04292110236351,60,248,0,0.0,0,0,0,
1,1.5,0.5,68.04292110236351,22.680973700787835,15,248,0,0.0,0,0,0,
1,1.5,0.5,68.04292110236351,22.680973700787835,30,248,0,0.0,0,0,0,
1,1.5,0.5,68.04292110236351,22.680973700787835,60,248,0,0.0,0,0,0,
1,1.5,0.75,68.04292110236351,34.021460551181754,15,248,0,0.0,0,0,0,
1,1.5,0.75,68.04292110236351,34.021460551181754,30,248,0,0.0,0,0,0,
1,1.5,0.75,68.04292110236351,34.021460551181754,60,248,0,0.0,0,0,0,
1,1.5,1.0,68.04292110236351,45.36194740157567,15,248,0,0.0,0,0,0,
1,1.5,1.0,68.04292110236351,45.36194740157567,30,248,0,0.0,0,0,0,
1,1.5,1.0,68.04292110236351,45.36194740157567,60,248,0,0.0,0,0,0,
1,1.5,1.5,68.04292110236351,68.04292110236351,15,248,0,0.0,0,0,0,
1,1.5,1.5,68.04292110236351,68.04292110236351,30,248,0,0.0,0,0,0,
1,1.5,1.5,68.04292110236351,68.04292110236351,60,248,0,0.0,0,0,0,
1,2.0,0.5,90.72389480315134,22.680973700787835,15,248,0,0.0,0,0,0,
1,2.0,0.5,90.72389480315134,22.680973700787835,30,248,0,0.0,0,0,0,
1,2.0,0.5,90.72389480315134,22.680973700787835,60,248,0,0.0,0,0,0,
1,2.0,0.75,90.72389480315134,34.021460551181754,15,248,0,0.0,0,0,0,
1,2.0,0.75,90.72389480315134,34.021460551181754,30,248,0,0.0,0,0,0,
1,2.0,0.75,90.72389480315134,34.021460551181754,60,248,0,0.0,0,0,0,
1,2.0,1.0,90.72389480315134,45.36194740157567,15,248,0,0.0,0,0,0,
1,2.0,1.0,90.72389480315134,45.36194740157567,30,248,0,0.0,0,0,0,
1,2.0,1.0,90.72389480315134,45.36194740157567,60,248,0,0.0,0,0,0,
1,2.0,1.5,90.72389480315134,68.04292110236351,15,248,0,0.0,0,0,0,
1,2.0,1.5,90.72389480315134,68.04292110236351,30,248,0,0.0,0,0,0,
1,2.0,1.5,90.72389480315134,68.04292110236351,60,248,0,0.0,0,0,0,
1,3.0,0.5,136.08584220472702,22.680973700787835,15,248,0,0.0,0,0,0,
1,3.0,0.5,136.08584220472702,22.680973700787835,30,248,0,0.0,0,0,0,
1,3.0,0.5,136.08584220472702,22.680973700787835,60,248,0,0.0,0,0,0,
1,3.0,0.75,136.08584220472702,34.021460551181754,15,248,0,0.0,0,0,0,
1,3.0,0.75,136.08584220472702,34.021460551181754,30,248,0,0.0,0,0,0,
1,3.0,0.75,136.08584220472702,34.021460551181754,60,248,0,0.0,0,0,0,
1,3.0,1.0,136.08584220472702,45.36194740157567,15,248,0,0.0,0,0,0,
1,3.0,1.0,136.08584220472702,45.36194740157567,30,248,0,0.0,0,0,0,
1,3.0,1.0,136.08584220472702,45.36194740157567,60,248,0,0.0,0,0,0,
1,3.0,1.5,136.08584220472702,68.04292110236351,15,248,0,0.0,0,0,0,
1,3.0,1.5,136.08584220472702,68.04292110236351,30,248,0,0.0,0,0,0,
1,3.0,1.5,136.08584220472702,68.04292110236351,60,248,0,0.0,0,0,0,
1,4.0,0.5,181.44778960630268,22.680973700787835,15,248,0,0.0,0,0,0,
1,4.0,0.5,181.44778960630268,22.680973700787835,30,248,0,0.0,0,0,0,
1,4.0,0.5,181.44778960630268,22.680973700787835,60,248,0,0.0,0,0,0,
1,4.0,0.75,181.44778960630268,34.021460551181754,15,248,0,0.0,0,0,0,
1,4.0,0.75,181.44778960630268,34.021460551181754,30,248,0,0.0,0,0,0,
1,4.0,0.75,181.44778960630268,34.021460551181754,60,248,0,0.0,0,0,0,
1,4.0,1.0,181.44778960630268,45.36194740157567,15,248,0,0.0,0,0,0,
1,4.0,1.0,181.44778960630268,45.36194740157567,30,248,0,0.0,0,0,0,
1,4.0,1.0,181.44778960630268,45.36194740157567,60,248,0,0.0,0,0,0,
1,4.0,1.5,181.44778960630268,68.04292110236351,15,248,0,0.0,0,0,0,
1,4.0,1.5,181.44778960630268,68.04292110236351,30,248,0,0.0,0,0,0,
1,4.0,1.5,181.44778960630268,68.04292110236351,60,248,0,0.0,0,0,0,
1,0.75,0.5,37.562500000000504,25.041666666667002,15,15,1,0.06666666666666667,1,0,0,70073478384.0
1,0.75,0.5,37.562500000000504,25.041666666667002,30,15,1,0.06666666666666667,1,0,0,70073478384.0
1,0.75,0.5,37.562500000000504,25.041666666667002,60,15,1,0.06666666666666667,1,0,0,70073478384.0
1,0.75,0.75,37.562500000000504,37.562500000000504,15,15,0,0.0,0,0,0,
1,0.75,0.75,37.562500000000504,37.562500000000504,30,15,0,0.0,0,0,0,
1,0.75,0.75,37.562500000000504,37.562500000000504,60,15,0,0.0,0,0,0,
1,0.75,1.0,37.562500000000504,50.083333333334004,15,15,0,0.0,0,0,0,
1,0.75,1.0,37.562500000000504,50.083333333334004,30,15,0,0.0,0,0,0,
1,0.75,1.0,37.562500000000504,50.083333333334004,60,15,0,0.0,0,0,0,
1,0.75,1.5,37.562500000000504,75.12500000000101,15,15,0,0.0,0,0,0,
1,0.75,1.5,37.562500000000504,75.12500000000101,30,15,0,0.0,0,0,0,
1,0.75,1.5,37.562500000000504,75.12500000000101,60,15,0,0.0,0,0,0,
1,1.0,0.5,50.083333333334004,25.041666666667002,15,15,0,0.0,0,0,0,
1,1.0,0.5,50.083333333334004,25.041666666667002,30,15,0,0.0,0,0,0,
1,1.0,0.5,50.083333333334004,25.041666666667002,60,15,0,0.0,0,0,0,
1,1.0,0.75,50.083333333334004,37.562500000000504,15,15,0,0.0,0,0,0,
1,1.0,0.75,50.083333333334004,37.562500000000504,30,15,0,0.0,0,0,0,
1,1.0,0.75,50.083333333334004,37.562500000000504,60,15,0,0.0,0,0,0,
1,1.0,1.0,50.083333333334004,50.083333333334004,15,15,0,0.0,0,0,0,
1,1.0,1.0,50.083333333334004,50.083333333334004,30,15,0,0.0,0,0,0,
1,1.0,1.0,50.083333333334004,50.083333333334004,60,15,0,0.0,0,0,0,
1,1.0,1.5,50.083333333334004,75.12500000000101,15,15,0,0.0,0,0,0,
1,1.0,1.5,50.083333333334004,75.12500000000101,30,15,0,0.0,0,0,0,
1,1.0,1.5,50.083333333334004,75.12500000000101,60,15,0,0.0,0,0,0,
1,1.5,0.5,75.12500000000101,25.041666666667002,15,15,0,0.0,0,0,0,
1,1.5,0.5,75.12500000000101,25.041666666667002,30,15,0,0.0,0,0,0,
1,1.5,0.5,75.12500000000101,25.041666666667002,60,15,0,0.0,0,0,0,
1,1.5,0.75,75.12500000000101,37.562500000000504,15,15,0,0.0,0,0,0,
1,1.5,0.75,75.12500000000101,37.562500000000504,30,15,0,0.0,0,0,0,
1,1.5,0.75,75.12500000000101,37.562500000000504,60,15,0,0.0,0,0,0,
1,1.5,1.0,75.12500000000101,50.083333333334004,15,15,0,0.0,0,0,0,
1,1.5,1.0,75.12500000000101,50.083333333334004,30,15,0,0.0,0,0,0,
1,1.5,1.0,75.12500000000101,50.083333333334004,60,15,0,0.0,0,0,0,
1,1.5,1.5,75.12500000000101,75.12500000000101,15,15,0,0.0,0,0,0,
1,1.5,1.5,75.12500000000101,75.12500000000101,30,15,0,0.0,0,0,0,
1,1.5,1.5,75.12500000000101,75.12500000000101,60,15,0,0.0,0,0,0,
1,2.0,0.5,100.16666666666801,25.041666666667002,15,15,0,0.0,0,0,0,
1,2.0,0.5,100.16666666666801,25.041666666667002,30,15,0,0.0,0,0,0,
1,2.0,0.5,100.16666666666801,25.041666666667002,60,15,0,0.0,0,0,0,
1,2.0,0.75,100.16666666666801,37.562500000000504,15,15,0,0.0,0,0,0,
1,2.0,0.75,100.16666666666801,37.562500000000504,30,15,0,0.0,0,0,0,
1,2.0,0.75,100.16666666666801,37.562500000000504,60,15,0,0.0,0,0,0,
1,2.0,1.0,100.16666666666801,50.083333333334004,15,15,0,0.0,0,0,0,
1,2.0,1.0,100.16666666666801,50.083333333334004,30,15,0,0.0,0,0,0,
1,2.0,1.0,100.16666666666801,50.083333333334004,60,15,0,0.0,0,0,0,
1,2.0,1.5,100.16666666666801,75.12500000000101,15,15,0,0.0,0,0,0,
1,2.0,1.5,100.16666666666801,75.12500000000101,30,15,0,0.0,0,0,0,
1,2.0,1.5,100.16666666666801,75.12500000000101,60,15,0,0.0,0,0,0,
1,3.0,0.5,150.25000000000202,25.041666666667002,15,15,0,0.0,0,0,0,
1,3.0,0.5,150.25000000000202,25.041666666667002,30,15,0,0.0,0,0,0,
1,3.0,0.5,150.25000000000202,25.041666666667002,60,15,0,0.0,0,0,0,
1,3.0,0.75,150.25000000000202,37.562500000000504,15,15,0,0.0,0,0,0,
1,3.0,0.75,150.25000000000202,37.562500000000504,30,15,0,0.0,0,0,0,
1,3.0,0.75,150.25000000000202,37.562500000000504,60,15,0,0.0,0,0,0,
1,3.0,1.0,150.25000000000202,50.083333333334004,15,15,0,0.0,0,0,0,
1,3.0,1.0,150.25000000000202,50.083333333334004,30,15,0,0.0,0,0,0,
1,3.0,1.0,150.25000000000202,50.083333333334004,60,15,0,0.0,0,0,0,
1,3.0,1.5,150.25000000000202,75.12500000000101,15,15,0,0.0,0,0,0,
1,3.0,1.5,150.25000000000202,75.12500000000101,30,15,0,0.0,0,0,0,
1,3.0,1.5,150.25000000000202,75.12500000000101,60,15,0,0.0,0,0,0,
1,4.0,0.5,200.33333333333601,25.041666666667002,15,15,0,0.0,0,0,0,
1,4.0,0.5,200.33333333333601,25.041666666667002,30,15,0,0.0,0,0,0,
1,4.0,0.5,200.33333333333601,25.041666666667002,60,15,0,0.0,0,0,0,
1,4.0,0.75,200.33333333333601,37.562500000000504,15,15,0,0.0,0,0,0,
1,4.0,0.75,200.33333333333601,37.562500000000504,30,15,0,0.0,0,0,0,
1,4.0,0.75,200.33333333333601,37.562500000000504,60,15,0,0.0,0,0,0,
1,4.0,1.0,200.33333333333601,50.083333333334004,15,15,0,0.0,0,0,0,
1,4.0,1.0,200.33333333333601,50.083333333334004,30,15,0,0.0,0,0,0,
1,4.0,1.0,200.33333333333601,50.083333333334004,60,15,0,0.0,0,0,0,
1,4.0,1.5,200.33333333333601,75.12500000000101,15,15,0,0.0,0,0,0,
1,4.0,1.5,200.33333333333601,75.12500000000101,30,15,0,0.0,0,0,0,
1,4.0,1.5,200.33333333333601,75.12500000000101,60,15,0,0.0,0,0,0,
1,0.75,0.5,37.7765857649805,25.184390509987,15,117,8,0.06837606837606838,4,4,0,172307668807.0
1,0.75,0.5,37.7765857649805,25.184390509987,30,117,8,0.06837606837606838,4,4,0,172307668807.0
1,0.75,0.5,37.7765857649805,25.184390509987,60,117,8,0.06837606837606838,4,4,0,172307668807.0
1,0.75,0.75,37.7765857649805,37.7765857649805,15,117,4,0.03418803418803419,1,3,0,139373556323.0
1,0.75,0.75,37.7765857649805,37.7765857649805,30,117,4,0.03418803418803419,1,3,0,139373556323.0
1,0.75,0.75,37.7765857649805,37.7765857649805,60,117,4,0.03418803418803419,1,3,0,139373556323.0
1,0.75,1.0,37.7765857649805,50.368781019974,15,117,1,0.008547008547008548,0,1,0,167383397480.0
1,0.75,1.0,37.7765857649805,50.368781019974,30,117,1,0.008547008547008548,0,1,0,167383397480.0
1,0.75,1.0,37.7765857649805,50.368781019974,60,117,1,0.008547008547008548,0,1,0,167383397480.0
1,0.75,1.5,37.7765857649805,75.553171529961,15,117,0,0.0,0,0,0,
1,0.75,1.5,37.7765857649805,75.553171529961,30,117,0,0.0,0,0,0,
1,0.75,1.5,37.7765857649805,75.553171529961,60,117,0,0.0,0,0,0,
1,1.0,0.5,50.368781019974,25.184390509987,15,117,1,0.008547008547008548,0,1,0,167487537456.0
1,1.0,0.5,50.368781019974,25.184390509987,30,117,1,0.008547008547008548,0,1,0,167487537456.0
1,1.0,0.5,50.368781019974,25.184390509987,60,117,1,0.008547008547008548,0,1,0,167487537456.0
1,1.0,0.75,50.368781019974,37.7765857649805,15,117,1,0.008547008547008548,0,1,0,167383397480.0
1,1.0,0.75,50.368781019974,37.7765857649805,30,117,1,0.008547008547008548,0,1,0,167383397480.0
1,1.0,0.75,50.368781019974,37.7765857649805,60,117,1,0.008547008547008548,0,1,0,167383397480.0
1,1.0,1.0,50.368781019974,50.368781019974,15,117,0,0.0,0,0,0,
1,1.0,1.0,50.368781019974,50.368781019974,30,117,0,0.0,0,0,0,
1,1.0,1.0,50.368781019974,50.368781019974,60,117,0,0.0,0,0,0,
1,1.0,1.5,50.368781019974,75.553171529961,15,117,0,0.0,0,0,0,
1,1.0,1.5,50.368781019974,75.553171529961,30,117,0,0.0,0,0,0,
1,1.0,1.5,50.368781019974,75.553171529961,60,117,0,0.0,0,0,0,
1,1.5,0.5,75.553171529961,25.184390509987,15,117,0,0.0,0,0,0,
1,1.5,0.5,75.553171529961,25.184390509987,30,117,0,0.0,0,0,0,
1,1.5,0.5,75.553171529961,25.184390509987,60,117,0,0.0,0,0,0,
1,1.5,0.75,75.553171529961,37.7765857649805,15,117,0,0.0,0,0,0,
1,1.5,0.75,75.553171529961,37.7765857649805,30,117,0,0.0,0,0,0,
1,1.5,0.75,75.553171529961,37.7765857649805,60,117,0,0.0,0,0,0,
1,1.5,1.0,75.553171529961,50.368781019974,15,117,0,0.0,0,0,0,
1,1.5,1.0,75.553171529961,50.368781019974,30,117,0,0.0,0,0,0,
1,1.5,1.0,75.553171529961,50.368781019974,60,117,0,0.0,0,0,0,
1,1.5,1.5,75.553171529961,75.553171529961,15,117,0,0.0,0,0,0,
1,1.5,1.5,75.553171529961,75.553171529961,30,117,0,0.0,0,0,0,
1,1.5,1.5,75.553171529961,75.553171529961,60,117,0,0.0,0,0,0,
1,2.0,0.5,100.737562039948,25.184390509987,15,117,0,0.0,0,0,0,
1,2.0,0.5,100.737562039948,25.184390509987,30,117,0,0.0,0,0,0,
1,2.0,0.5,100.737562039948,25.184390509987,60,117,0,0.0,0,0,0,
1,2.0,0.75,100.737562039948,37.7765857649805,15,117,0,0.0,0,0,0,
1,2.0,0.75,100.737562039948,37.7765857649805,30,117,0,0.0,0,0,0,
1,2.0,0.75,100.737562039948,37.7765857649805,60,117,0,0.0,0,0,0,
1,2.0,1.0,100.737562039948,50.368781019974,15,117,0,0.0,0,0,0,
1,2.0,1.0,100.737562039948,50.368781019974,30,117,0,0.0,0,0,0,
1,2.0,1.0,100.737562039948,50.368781019974,60,117,0,0.0,0,0,0,
1,2.0,1.5,100.737562039948,75.553171529961,15,117,0,0.0,0,0,0,
1,2.0,1.5,100.737562039948,75.553171529961,30,117,0,0.0,0,0,0,
1,2.0,1.5,100.737562039948,75.553171529961,60,117,0,0.0,0,0,0,
1,3.0,0.5,151.106343059922,25.184390509987,15,117,0,0.0,0,0,0,
1,3.0,0.5,151.106343059922,25.184390509987,30,117,0,0.0,0,0,0,
1,3.0,0.5,151.106343059922,25.184390509987,60,117,0,0.0,0,0,0,
1,3.0,0.75,151.106343059922,37.7765857649805,15,117,0,0.0,0,0,0,
1,3.0,0.75,151.106343059922,37.7765857649805,30,117,0,0.0,0,0,0,
1,3.0,0.75,151.106343059922,37.7765857649805,60,117,0,0.0,0,0,0,
1,3.0,1.0,151.106343059922,50.368781019974,15,117,0,0.0,0,0,0,
1,3.0,1.0,151.106343059922,50.368781019974,30,117,0,0.0,0,0,0,
1,3.0,1.0,151.106343059922,50.368781019974,60,117,0,0.0,0,0,0,
1,3.0,1.5,151.106343059922,75.553171529961,15,117,0,0.0,0,0,0,
1,3.0,1.5,151.106343059922,75.553171529961,30,117,0,0.0,0,0,0,
1,3.0,1.5,151.106343059922,75.553171529961,60,117,0,0.0,0,0,0,
1,4.0,0.5,201.475124079896,25.184390509987,15,117,0,0.0,0,0,0,
1,4.0,0.5,201.475124079896,25.184390509987,30,117,0,0.0,0,0,0,
1,4.0,0.5,201.475124079896,25.184390509987,60,117,0,0.0,0,0,0,
1,4.0,0.75,201.475124079896,37.7765857649805,15,117,0,0.0,0,0,0,
1,4.0,0.75,201.475124079896,37.7765857649805,30,117,0,0.0,0,0,0,
1,4.0,0.75,201.475124079896,37.7765857649805,60,117,0,0.0,0,0,0,
1,4.0,1.0,201.475124079896,50.368781019974,15,117,0,0.0,0,0,0,
1,4.0,1.0,201.475124079896,50.368781019974,30,117,0,0.0,0,0,0,
1,4.0,1.0,201.475124079896,50.368781019974,60,117,0,0.0,0,0,0,
1,4.0,1.5,201.475124079896,75.553171529961,15,117,0,0.0,0,0,0,
1,4.0,1.5,201.475124079896,75.553171529961,30,117,0,0.0,0,0,0,
1,4.0,1.5,201.475124079896,75.553171529961,60,117,0,0.0,0,0,0,
1,0.75,0.5,34.3330846145316,22.888723076354403,15,36,1,0.027777777777777776,1,0,0,85717791782.0
1,0.75,0.5,34.3330846145316,22.888723076354403,30,36,1,0.027777777777777776,1,0,0,85717791782.0
1,0.75,0.5,34.3330846145316,22.888723076354403,60,36,1,0.027777777777777776,1,0,0,85717791782.0
1,0.75,0.75,34.3330846145316,34.3330846145316,15,36,1,0.027777777777777776,1,0,0,87104093310.0
1,0.75,0.75,34.3330846145316,34.3330846145316,30,36,1,0.027777777777777776,1,0,0,87104093310.0
1,0.75,0.75,34.3330846145316,34.3330846145316,60,36,1,0.027777777777777776,1,0,0,87104093310.0
1,0.75,1.0,34.3330846145316,45.777446152708805,15,36,1,0.027777777777777776,1,0,0,94645142892.0
1,0.75,1.0,34.3330846145316,45.777446152708805,30,36,1,0.027777777777777776,1,0,0,94645142892.0
1,0.75,1.0,34.3330846145316,45.777446152708805,60,36,1,0.027777777777777776,1,0,0,94645142892.0
1,0.75,1.5,34.3330846145316,68.6661692290632,15,36,0,0.0,0,0,0,
1,0.75,1.5,34.3330846145316,68.6661692290632,30,36,0,0.0,0,0,0,
1,0.75,1.5,34.3330846145316,68.6661692290632,60,36,0,0.0,0,0,0,
1,1.0,0.5,45.777446152708805,22.888723076354403,15,36,1,0.027777777777777776,1,0,0,84429267926.0
1,1.0,0.5,45.777446152708805,22.888723076354403,30,36,1,0.027777777777777776,1,0,0,84429267926.0
1,1.0,0.5,45.777446152708805,22.888723076354403,60,36,1,0.027777777777777776,1,0,0,84429267926.0
1,1.0,0.75,45.777446152708805,34.3330846145316,15,36,1,0.027777777777777776,1,0,0,85815569454.0
1,1.0,0.75,45.777446152708805,34.3330846145316,30,36,1,0.027777777777777776,1,0,0,85815569454.0
1,1.0,0.75,45.777446152708805,34.3330846145316,60,36,1,0.027777777777777776,1,0,0,85815569454.0
1,1.0,1.0,45.777446152708805,45.777446152708805,15,36,1,0.027777777777777776,1,0,0,93356619036.0
1,1.0,1.0,45.777446152708805,45.777446152708805,30,36,1,0.027777777777777776,1,0,0,93356619036.0
1,1.0,1.0,45.777446152708805,45.777446152708805,60,36,1,0.027777777777777776,1,0,0,93356619036.0
1,1.0,1.5,45.777446152708805,68.6661692290632,15,36,0,0.0,0,0,0,
1,1.0,1.5,45.777446152708805,68.6661692290632,30,36,0,0.0,0,0,0,
1,1.0,1.5,45.777446152708805,68.6661692290632,60,36,0,0.0,0,0,0,
1,1.5,0.5,68.6661692290632,22.888723076354403,15,36,2,0.05555555555555555,2,0,0,82712228523.0
1,1.5,0.5,68.6661692290632,22.888723076354403,30,36,2,0.05555555555555555,2,0,0,82712228523.0
1,1.5,0.5,68.6661692290632,22.888723076354403,60,36,2,0.05555555555555555,2,0,0,82712228523.0
1,1.5,0.75,68.6661692290632,34.3330846145316,15,36,2,0.05555555555555555,2,0,0,87562381564.0
1,1.5,0.75,68.6661692290632,34.3330846145316,30,36,2,0.05555555555555555,2,0,0,87562381564.0
1,1.5,0.75,68.6661692290632,34.3330846145316,60,36,2,0.05555555555555555,2,0,0,87562381564.0
1,1.5,1.0,68.6661692290632,45.777446152708805,15,36,2,0.05555555555555555,2,0,0,113918449170.0
1,1.5,1.0,68.6661692290632,45.777446152708805,30,36,2,0.05555555555555555,2,0,0,113918449170.0
1,1.5,1.0,68.6661692290632,45.777446152708805,60,36,2,0.05555555555555555,2,0,0,113918449170.0
1,1.5,1.5,68.6661692290632,68.6661692290632,15,36,0,0.0,0,0,0,
1,1.5,1.5,68.6661692290632,68.6661692290632,30,36,0,0.0,0,0,0,
1,1.5,1.5,68.6661692290632,68.6661692290632,60,36,0,0.0,0,0,0,
1,2.0,0.5,91.55489230541761,22.888723076354403,15,36,2,0.05555555555555555,2,0,0,74591760287.0
1,2.0,0.5,91.55489230541761,22.888723076354403,30,36,2,0.05555555555555555,2,0,0,74591760287.0
1,2.0,0.5,91.55489230541761,22.888723076354403,60,36,2,0.05555555555555555,2,0,0,74591760287.0
1,2.0,0.75,91.55489230541761,34.3330846145316,15,36,2,0.05555555555555555,2,0,0,79441913328.0
1,2.0,0.75,91.55489230541761,34.3330846145316,30,36,2,0.05555555555555555,2,0,0,79441913328.0
1,2.0,0.75,91.55489230541761,34.3330846145316,60,36,2,0.05555555555555555,2,0,0,79441913328.0
1,2.0,1.0,91.55489230541761,45.777446152708805,15,36,2,0.05555555555555555,2,0,0,105797980934.0
1,2.0,1.0,91.55489230541761,45.777446152708805,30,36,2,0.05555555555555555,2,0,0,105797980934.0
1,2.0,1.0,91.55489230541761,45.777446152708805,60,36,2,0.05555555555555555,2,0,0,105797980934.0
1,2.0,1.5,91.55489230541761,68.6661692290632,15,36,0,0.0,0,0,0,
1,2.0,1.5,91.55489230541761,68.6661692290632,30,36,0,0.0,0,0,0,
1,2.0,1.5,91.55489230541761,68.6661692290632,60,36,0,0.0,0,0,0,
1,3.0,0.5,137.3323384581264,22.888723076354403,15,36,0,0.0,0,0,0,
1,3.0,0.5,137.3323384581264,22.888723076354403,30,36,0,0.0,0,0,0,
1,3.0,0.5,137.3323384581264,22.888723076354403,60,36,0,0.0,0,0,0,
1,3.0,0.75,137.3323384581264,34.3330846145316,15,36,0,0.0,0,0,0,
1,3.0,0.75,137.3323384581264,34.3330846145316,30,36,0,0.0,0,0,0,
1,3.0,0.75,137.3323384581264,34.3330846145316,60,36,0,0.0,0,0,0,
1,3.0,1.0,137.3323384581264,45.777446152708805,15,36,0,0.0,0,0,0,
1,3.0,1.0,137.3323384581264,45.777446152708805,30,36,0,0.0,0,0,0,
1,3.0,1.0,137.3323384581264,45.777446152708805,60,36,0,0.0,0,0,0,
1,3.0,1.5,137.3323384581264,68.6661692290632,15,36,0,0.0,0,0,0,
1,3.0,1.5,137.3323384581264,68.6661692290632,30,36,0,0.0,0,0,0,
1,3.0,1.5,137.3323384581264,68.6661692290632,60,36,0,0.0,0,0,0,
1,4.0,0.5,183.10978461083522,22.888723076354403,15,36,0,0.0,0,0,0,
1,4.0,0.5,183.10978461083522,22.888723076354403,30,36,0,0.0,0,0,0,
1,4.0,0.5,183.10978461083522,22.888723076354403,60,36,0,0.0,0,0,0,
1,4.0,0.75,183.10978461083522,34.3330846145316,15,36,0,0.0,0,0,0,
1,4.0,0.75,183.10978461083522,34.3330846145316,30,36,0,0.0,0,0,0,
1,4.0,0.75,183.10978461083522,34.3330846145316,60,36,0,0.0,0,0,0,
1,4.0,1.0,183.10978461083522,45.777446152708805,15,36,0,0.0,0,0,0,
1,4.0,1.0,183.10978461083522,45.777446152708805,30,36,0,0.0,0,0,0,
1,4.0,1.0,183.10978461083522,45.777446152708805,60,36,0,0.0,0,0,0,
1,4.0,1.5,183.10978461083522,68.6661692290632,15,36,0,0.0,0,0,0,
1,4.0,1.5,183.10978461083522,68.6661692290632,30,36,0,0.0,0,0,0,
1,4.0,1.5,183.10978461083522,68.6661692290632,60,36,0,0.0,0,0,0,
1,0.75,0.5,35.22173068208638,23.481153788057586,15,194,5,0.02577319587628866,3,2,0,138041964316.0
1,0.75,0.5,35.22173068208638,23.481153788057586,30,194,5,0.02577319587628866,3,2,0,138041964316.0
1,0.75,0.5,35.22173068208638,23.481153788057586,60,194,5,0.02577319587628866,3,2,0,138041964316.0
1,0.75,0.75,35.22173068208638,35.22173068208638,15,194,1,0.005154639175257732,1,0,0,128249715130.0
1,0.75,0.75,35.22173068208638,35.22173068208638,30,194,1,0.005154639175257732,1,0,0,128249715130.0
1,0.75,0.75,35.22173068208638,35.22173068208638,60,194,1,0.005154639175257732,1,0,0,128249715130.0
1,0.75,1.0,35.22173068208638,46.96230757611517,15,194,1,0.005154639175257732,1,0,0,130461179212.0
1,0.75,1.0,35.22173068208638,46.96230757611517,30,194,1,0.005154639175257732,1,0,0,130461179212.0
1,0.75,1.0,35.22173068208638,46.96230757611517,60,194,1,0.005154639175257732,1,0,0,130461179212.0
1,0.75,1.5,35.22173068208638,70.44346136417276,15,194,0,0.0,0,0,0,
1,0.75,1.5,35.22173068208638,70.44346136417276,30,194,0,0.0,0,0,0,
1,0.75,1.5,35.22173068208638,70.44346136417276,60,194,0,0.0,0,0,0,
1,1.0,0.5,46.96230757611517,23.481153788057586,15,194,4,0.020618556701030927,2,2,0,123602010103.0
1,1.0,0.5,46.96230757611517,23.481153788057586,30,194,4,0.020618556701030927,2,2,0,123602010103.0
1,1.0,0.5,46.96230757611517,23.481153788057586,60,194,4,0.020618556701030927,2,2,0,123602010103.0
1,1.0,0.75,46.96230757611517,35.22173068208638,15,194,1,0.005154639175257732,1,0,0,127307737390.0
1,1.0,0.75,46.96230757611517,35.22173068208638,30,194,1,0.005154639175257732,1,0,0,127307737390.0
1,1.0,0.75,46.96230757611517,35.22173068208638,60,194,1,0.005154639175257732,1,0,0,127307737390.0
1,1.0,1.0,46.96230757611517,46.96230757611517,15,194,1,0.005154639175257732,1,0,0,129519201472.0
1,1.0,1.0,46.96230757611517,46.96230757611517,30,194,1,0.005154639175257732,1,0,0,129519201472.0
1,1.0,1.0,46.96230757611517,46.96230757611517,60,194,1,0.005154639175257732,1,0,0,129519201472.0
1,1.0,1.5,46.96230757611517,70.44346136417276,15,194,0,0.0,0,0,0,
1,1.0,1.5,46.96230757611517,70.44346136417276,30,194,0,0.0,0,0,0,
1,1.0,1.5,46.96230757611517,70.44346136417276,60,194,0,0.0,0,0,0,
1,1.5,0.5,70.44346136417276,23.481153788057586,15,194,2,0.010309278350515464,1,1,0,134454918266.0
1,1.5,0.5,70.44346136417276,23.481153788057586,30,194,2,0.010309278350515464,1,1,0,134454918266.0
1,1.5,0.5,70.44346136417276,23.481153788057586,60,194,2,0.010309278350515464,1,1,0,134454918266.0
1,1.5,0.75,70.44346136417276,35.22173068208638,15,194,0,0.0,0,0,0,
1,1.5,0.75,70.44346136417276,35.22173068208638,30,194,0,0.0,0,0,0,
1,1.5,0.75,70.44346136417276,35.22173068208638,60,194,0,0.0,0,0,0,
1,1.5,1.0,70.44346136417276,46.96230757611517,15,194,0,0.0,0,0,0,
1,1.5,1.0,70.44346136417276,46.96230757611517,30,194,0,0.0,0,0,0,
1,1.5,1.0,70.44346136417276,46.96230757611517,60,194,0,0.0,0,0,0,
1,1.5,1.5,70.44346136417276,70.44346136417276,15,194,0,0.0,0,0,0,
1,1.5,1.5,70.44346136417276,70.44346136417276,30,194,0,0.0,0,0,0,
1,1.5,1.5,70.44346136417276,70.44346136417276,60,194,0,0.0,0,0,0,
1,2.0,0.5,93.92461515223034,23.481153788057586,15,194,0,0.0,0,0,0,
1,2.0,0.5,93.92461515223034,23.481153788057586,30,194,0,0.0,0,0,0,
1,2.0,0.5,93.92461515223034,23.481153788057586,60,194,0,0.0,0,0,0,
1,2.0,0.75,93.92461515223034,35.22173068208638,15,194,0,0.0,0,0,0,
1,2.0,0.75,93.92461515223034,35.22173068208638,30,194,0,0.0,0,0,0,
1,2.0,0.75,93.92461515223034,35.22173068208638,60,194,0,0.0,0,0,0,
1,2.0,1.0,93.92461515223034,46.96230757611517,15,194,0,0.0,0,0,0,
1,2.0,1.0,93.92461515223034,46.96230757611517,30,194,0,0.0,0,0,0,
1,2.0,1.0,93.92461515223034,46.96230757611517,60,194,0,0.0,0,0,0,
1,2.0,1.5,93.92461515223034,70.44346136417276,15,194,0,0.0,0,0,0,
1,2.0,1.5,93.92461515223034,70.44346136417276,30,194,0,0.0,0,0,0,
1,2.0,1.5,93.92461515223034,70.44346136417276,60,194,0,0.0,0,0,0,
1,3.0,0.5,140.88692272834552,23.481153788057586,15,194,0,0.0,0,0,0,
1,3.0,0.5,140.88692272834552,23.481153788057586,30,194,0,0.0,0,0,0,
1,3.0,0.5,140.88692272834552,23.481153788057586,60,194,0,0.0,0,0,0,
1,3.0,0.75,140.88692272834552,35.22173068208638,15,194,0,0.0,0,0,0,
1,3.0,0.75,140.88692272834552,35.22173068208638,30,194,0,0.0,0,0,0,
1,3.0,0.75,140.88692272834552,35.22173068208638,60,194,0,0.0,0,0,0,
1,3.0,1.0,140.88692272834552,46.96230757611517,15,194,0,0.0,0,0,0,
1,3.0,1.0,140.88692272834552,46.96230757611517,30,194,0,0.0,0,0,0,
1,3.0,1.0,140.88692272834552,46.96230757611517,60,194,0,0.0,0,0,0,
1,3.0,1.5,140.88692272834552,70.44346136417276,15,194,0,0.0,0,0,0,
1,3.0,1.5,140.88692272834552,70.44346136417276,30,194,0,0.0,0,0,0,
1,3.0,1.5,140.88692272834552,70.44346136417276,60,194,0,0.0,0,0,0,
1,4.0,0.5,187.8492303044607,23.481153788057586,15,194,0,0.0,0,0,0,
1,4.0,0.5,187.8492303044607,23.481153788057586,30,194,0,0.0,0,0,0,
1,4.0,0.5,187.8492303044607,23.481153788057586,60,194,0,0.0,0,0,0,
1,4.0,0.75,187.8492303044607,35.22173068208638,15,194,0,0.0,0,0,0,
1,4.0,0.75,187.8492303044607,35.22173068208638,30,194,0,0.0,0,0,0,
1,4.0,0.75,187.8492303044607,35.22173068208638,60,194,0,0.0,0,0,0,
1,4.0,1.0,187.8492303044607,46.96230757611517,15,194,0,0.0,0,0,0,
1,4.0,1.0,187.8492303044607,46.96230757611517,30,194,0,0.0,0,0,0,
1,4.0,1.0,187.8492303044607,46.96230757611517,60,194,0,0.0,0,0,0,
1,4.0,1.5,187.8492303044607,70.44346136417276,15,194,0,0.0,0,0,0,
1,4.0,1.5,187.8492303044607,70.44346136417276,30,194,0,0.0,0,0,0,
1,4.0,1.5,187.8492303044607,70.44346136417276,60,194,0,0.0,0,0,0,
1,0.75,0.5,34.69690541332676,23.131270275551174,15,22,0,0.0,0,0,0,
1,0.75,0.5,34.69690541332676,23.131270275551174,30,22,0,0.0,0,0,0,
1,0.75,0.5,34.69690541332676,23.131270275551174,60,22,0,0.0,0,0,0,
1,0.75,0.75,34.69690541332676,34.69690541332676,15,22,0,0.0,0,0,0,
1,0.75,0.75,34.69690541332676,34.69690541332676,30,22,0,0.0,0,0,0,
1,0.75,0.75,34.69690541332676,34.69690541332676,60,22,0,0.0,0,0,0,
1,0.75,1.0,34.69690541332676,46.26254055110235,15,22,0,0.0,0,0,0,
1,0.75,1.0,34.69690541332676,46.26254055110235,30,22,0,0.0,0,0,0,
1,0.75,1.0,34.69690541332676,46.26254055110235,60,22,0,0.0,0,0,0,
1,0.75,1.5,34.69690541332676,69.39381082665352,15,22,0,0.0,0,0,0,
1,0.75,1.5,34.69690541332676,69.39381082665352,30,22,0,0.0,0,0,0,
1,0.75,1.5,34.69690541332676,69.39381082665352,60,22,0,0.0,0,0,0,
1,1.0,0.5,46.26254055110235,23.131270275551174,15,22,0,0.0,0,0,0,
1,1.0,0.5,46.26254055110235,23.131270275551174,30,22,0,0.0,0,0,0,
1,1.0,0.5,46.26254055110235,23.131270275551174,60,22,0,0.0,0,0,0,
1,1.0,0.75,46.26254055110235,34.69690541332676,15,22,0,0.0,0,0,0,
1,1.0,0.75,46.26254055110235,34.69690541332676,30,22,0,0.0,0,0,0,
1,1.0,0.75,46.26254055110235,34.69690541332676,60,22,0,0.0,0,0,0,
1,1.0,1.0,46.26254055110235,46.26254055110235,15,22,0,0.0,0,0,0,
1,1.0,1.0,46.26254055110235,46.26254055110235,30,22,0,0.0,0,0,0,
1,1.0,1.0,46.26254055110235,46.26254055110235,60,22,0,0.0,0,0,0,
1,1.0,1.5,46.26254055110235,69.39381082665352,15,22,0,0.0,0,0,0,
1,1.0,1.5,46.26254055110235,69.39381082665352,30,22,0,0.0,0,0,0,
1,1.0,1.5,46.26254055110235,69.39381082665352,60,22,0,0.0,0,0,0,
1,1.5,0.5,69.39381082665352,23.131270275551174,15,22,0,0.0,0,0,0,
1,1.5,0.5,69.39381082665352,23.131270275551174,30,22,0,0.0,0,0,0,
1,1.5,0.5,69.39381082665352,23.131270275551174,60,22,0,0.0,0,0,0,
1,1.5,0.75,69.39381082665352,34.69690541332676,15,22,0,0.0,0,0,0,
1,1.5,0.75,69.39381082665352,34.69690541332676,30,22,0,0.0,0,0,0,
1,1.5,0.75,69.39381082665352,34.69690541332676,60,22,0,0.0,0,0,0,
1,1.5,1.0,69.39381082665352,46.26254055110235,15,22,0,0.0,0,0,0,
1,1.5,1.0,69.39381082665352,46.26254055110235,30,22,0,0.0,0,0,0,
1,1.5,1.0,69.39381082665352,46.26254055110235,60,22,0,0.0,0,0,0,
1,1.5,1.5,69.39381082665352,69.39381082665352,15,22,0,0.0,0,0,0,
1,1.5,1.5,69.39381082665352,69.39381082665352,30,22,0,0.0,0,0,0,
1,1.5,1.5,69.39381082665352,69.39381082665352,60,22,0,0.0,0,0,0,
1,2.0,0.5,92.5250811022047,23.131270275551174,15,22,0,0.0,0,0,0,
1,2.0,0.5,92.5250811022047,23.131270275551174,30,22,0,0.0,0,0,0,
1,2.0,0.5,92.5250811022047,23.131270275551174,60,22,0,0.0,0,0,0,
1,2.0,0.75,92.5250811022047,34.69690541332676,15,22,0,0.0,0,0,0,
1,2.0,0.75,92.5250811022047,34.69690541332676,30,22,0,0.0,0,0,0,
1,2.0,0.75,92.5250811022047,34.69690541332676,60,22,0,0.0,0,0,0,
1,2.0,1.0,92.5250811022047,46.26254055110235,15,22,0,0.0,0,0,0,
1,2.0,1.0,92.5250811022047,46.26254055110235,30,22,0,0.0,0,0,0,
1,2.0,1.0,92.5250811022047,46.26254055110235,60,22,0,0.0,0,0,0,
1,2.0,1.5,92.5250811022047,69.39381082665352,15,22,0,0.0,0,0,0,
1,2.0,1.5,92.5250811022047,69.39381082665352,30,22,0,0.0,0,0,0,
1,2.0,1.5,92.5250811022047,69.39381082665352,60,22,0,0.0,0,0,0,
1,3.0,0.5,138.78762165330704,23.131270275551174,15,22,0,0.0,0,0,0,
1,3.0,0.5,138.78762165330704,23.131270275551174,30,22,0,0.0,0,0,0,
1,3.0,0.5,138.78762165330704,23.131270275551174,60,22,0,0.0,0,0,0,
1,3.0,0.75,138.78762165330704,34.69690541332676,15,22,0,0.0,0,0,0,
1,3.0,0.75,138.78762165330704,34.69690541332676,30,22,0,0.0,0,0,0,
1,3.0,0.75,138.78762165330704,34.69690541332676,60,22,0,0.0,0,0,0,
1,3.0,1.0,138.78762165330704,46.26254055110235,15,22,0,0.0,0,0,0,
1,3.0,1.0,138.78762165330704,46.26254055110235,30,22,0,0.0,0,0,0,
1,3.0,1.0,138.78762165330704,46.26254055110235,60,22,0,0.0,0,0,0,
1,3.0,1.5,138.78762165330704,69.39381082665352,15,22,0,0.0,0,0,0,
1,3.0,1.5,138.78762165330704,69.39381082665352,30,22,0,0.0,0,0,0,
1,3.0,1.5,138.78762165330704,69.39381082665352,60,22,0,0.0,0,0,0,
1,4.0,0.5,185.0501622044094,23.131270275551174,15,22,0,0.0,0,0,0,
1,4.0,0.5,185.0501622044094,23.131270275551174,30,22,0,0.0,0,0,0,
1,4.0,0.5,185.0501622044094,23.131270275551174,60,22,0,0.0,0,0,0,
1,4.0,0.75,185.0501622044094,34.69690541332676,15,22,0,0.0,0,0,0,
1,4.0,0.75,185.0501622044094,34.69690541332676,30,22,0,0.0,0,0,0,
1,4.0,0.75,185.0501622044094,34.69690541332676,60,22,0,0.0,0,0,0,
1,4.0,1.0,185.0501622044094,46.26254055110235,15,22,0,0.0,0,0,0,
1,4.0,1.0,185.0501622044094,46.26254055110235,30,22,0,0.0,0,0,0,
1,4.0,1.0,185.0501622044094,46.26254055110235,60,22,0,0.0,0,0,0,
1,4.0,1.5,185.0501622044094,69.39381082665352,15,22,0,0.0,0,0,0,
1,4.0,1.5,185.0501622044094,69.39381082665352,30,22,0,0.0,0,0,0,
1,4.0,1.5,185.0501622044094,69.39381082665352,60,22,0,0.0,0,0,0,
1,0.75,0.5,38.64768501472748,25.765123343151654,15,127,3,0.023622047244094488,1,2,0,113076045366.0
1,0.75,0.5,38.64768501472748,25.765123343151654,30,127,3,0.023622047244094488,1,2,0,113076045366.0
1,0.75,0.5,38.64768501472748,25.765123343151654,60,127,3,0.023622047244094488,1,2,0,113076045366.0
1,0.75,0.75,38.64768501472748,38.64768501472748,15,127,2,0.015748031496062992,1,1,0,131829267195.0
1,0.75,0.75,38.64768501472748,38.64768501472748,30,127,2,0.015748031496062992,1,1,0,131829267195.0
1,0.75,0.75,38.64768501472748,38.64768501472748,60,127,2,0.015748031496062992,1,1,0,131829267195.0
1,0.75,1.0,38.64768501472748,51.53024668630331,15,127,1,0.007874015748031496,0,1,0,241067593516.0
1,0.75,1.0,38.64768501472748,51.53024668630331,30,127,1,0.007874015748031496,0,1,0,241067593516.0
1,0.75,1.0,38.64768501472748,51.53024668630331,60,127,1,0.007874015748031496,0,1,0,241067593516.0
1,0.75,1.5,38.64768501472748,77.29537002945496,15,127,1,0.007874015748031496,0,1,0,240953008812.0
1,0.75,1.5,38.64768501472748,77.29537002945496,30,127,1,0.007874015748031496,0,1,0,240953008812.0
1,0.75,1.5,38.64768501472748,77.29537002945496,60,127,1,0.007874015748031496,0,1,0,240953008812.0
1,1.0,0.5,51.53024668630331,25.765123343151654,15,127,1,0.007874015748031496,0,1,0,208559920088.0
1,1.0,0.5,51.53024668630331,25.765123343151654,30,127,1,0.007874015748031496,0,1,0,208559920088.0
1,1.0,0.5,51.53024668630331,25.765123343151654,60,127,1,0.007874015748031496,0,1,0,208559920088.0
1,1.0,0.75,51.53024668630331,38.64768501472748,15,127,1,0.007874015748031496,0,1,0,208300539564.0
1,1.0,0.75,51.53024668630331,38.64768501472748,30,127,1,0.007874015748031496,0,1,0,208300539564.0
1,1.0,0.75,51.53024668630331,38.64768501472748,60,127,1,0.007874015748031496,0,1,0,208300539564.0
1,1.0,1.0,51.53024668630331,51.53024668630331,15,127,0,0.0,0,0,0,
1,1.0,1.0,51.53024668630331,51.53024668630331,30,127,0,0.0,0,0,0,
1,1.0,1.0,51.53024668630331,51.53024668630331,60,127,0,0.0,0,0,0,
1,1.0,1.5,51.53024668630331,77.29537002945496,15,127,0,0.0,0,0,0,
1,1.0,1.5,51.53024668630331,77.29537002945496,30,127,0,0.0,0,0,0,
1,1.0,1.5,51.53024668630331,77.29537002945496,60,127,0,0.0,0,0,0,
1,1.5,0.5,77.29537002945496,25.765123343151654,15,127,1,0.007874015748031496,0,1,0,218605736324.0
1,1.5,0.5,77.29537002945496,25.765123343151654,30,127,1,0.007874015748031496,0,1,0,218605736324.0
1,1.5,0.5,77.29537002945496,25.765123343151654,60,127,1,0.007874015748031496,0,1,0,218605736324.0
1,1.5,0.75,77.29537002945496,38.64768501472748,15,127,1,0.007874015748031496,0,1,0,218346355800.0
1,1.5,0.75,77.29537002945496,38.64768501472748,30,127,1,0.007874015748031496,0,1,0,218346355800.0
1,1.5,0.75,77.29537002945496,38.64768501472748,60,127,1,0.007874015748031496,0,1,0,218346355800.0
1,1.5,1.0,77.29537002945496,51.53024668630331,15,127,0,0.0,0,0,0,
1,1.5,1.0,77.29537002945496,51.53024668630331,30,127,0,0.0,0,0,0,
1,1.5,1.0,77.29537002945496,51.53024668630331,60,127,0,0.0,0,0,0,
1,1.5,1.5,77.29537002945496,77.29537002945496,15,127,0,0.0,0,0,0,
1,1.5,1.5,77.29537002945496,77.29537002945496,30,127,0,0.0,0,0,0,
1,1.5,1.5,77.29537002945496,77.29537002945496,60,127,0,0.0,0,0,0,
1,2.0,0.5,103.06049337260662,25.765123343151654,15,127,0,0.0,0,0,0,
1,2.0,0.5,103.06049337260662,25.765123343151654,30,127,0,0.0,0,0,0,
1,2.0,0.5,103.06049337260662,25.765123343151654,60,127,0,0.0,0,0,0,
1,2.0,0.75,103.06049337260662,38.64768501472748,15,127,0,0.0,0,0,0,
1,2.0,0.75,103.06049337260662,38.64768501472748,30,127,0,0.0,0,0,0,
1,2.0,0.75,103.06049337260662,38.64768501472748,60,127,0,0.0,0,0,0,
1,2.0,1.0,103.06049337260662,51.53024668630331,15,127,0,0.0,0,0,0,
1,2.0,1.0,103.06049337260662,51.53024668630331,30,127,0,0.0,0,0,0,
1,2.0,1.0,103.06049337260662,51.53024668630331,60,127,0,0.0,0,0,0,
1,2.0,1.5,103.06049337260662,77.29537002945496,15,127,0,0.0,0,0,0,
1,2.0,1.5,103.06049337260662,77.29537002945496,30,127,0,0.0,0,0,0,
1,2.0,1.5,103.06049337260662,77.29537002945496,60,127,0,0.0,0,0,0,
1,3.0,0.5,154.59074005890992,25.765123343151654,15,127,0,0.0,0,0,0,
1,3.0,0.5,154.59074005890992,25.765123343151654,30,127,0,0.0,0,0,0,
1,3.0,0.5,154.59074005890992,25.765123343151654,60,127,0,0.0,0,0,0,
1,3.0,0.75,154.59074005890992,38.64768501472748,15,127,0,0.0,0,0,0,
1,3.0,0.75,154.59074005890992,38.64768501472748,30,127,0,0.0,0,0,0,
1,3.0,0.75,154.59074005890992,38.64768501472748,60,127,0,0.0,0,0,0,
1,3.0,1.0,154.59074005890992,51.53024668630331,15,127,0,0.0,0,0,0,
1,3.0,1.0,154.59074005890992,51.53024668630331,30,127,0,0.0,0,0,0,
1,3.0,1.0,154.59074005890992,51.53024668630331,60,127,0,0.0,0,0,0,
1,3.0,1.5,154.59074005890992,77.29537002945496,15,127,0,0.0,0,0,0,
1,3.0,1.5,154.59074005890992,77.29537002945496,30,127,0,0.0,0,0,0,
1,3.0,1.5,154.59074005890992,77.29537002945496,60,127,0,0.0,0,0,0,
1,4.0,0.5,206.12098674521323,25.765123343151654,15,127,0,0.0,0,0,0,
1,4.0,0.5,206.12098674521323,25.765123343151654,30,127,0,0.0,0,0,0,
1,4.0,0.5,206.12098674521323,25.765123343151654,60,127,0,0.0,0,0,0,
1,4.0,0.75,206.12098674521323,38.64768501472748,15,127,0,0.0,0,0,0,
1,4.0,0.75,206.12098674521323,38.64768501472748,30,127,0,0.0,0,0,0,
1,4.0,0.75,206.12098674521323,38.64768501472748,60,127,0,0.0,0,0,0,
1,4.0,1.0,206.12098674521323,51.53024668630331,15,127,0,0.0,0,0,0,
1,4.0,1.0,206.12098674521323,51.53024668630331,30,127,0,0.0,0,0,0,
1,4.0,1.0,206.12098674521323,51.53024668630331,60,127,0,0.0,0,0,0,
1,4.0,1.5,206.12098674521323,77.29537002945496,15,127,0,0.0,0,0,0,
1,4.0,1.5,206.12098674521323,77.29537002945496,30,127,0,0.0,0,0,0,
1,4.0,1.5,206.12098674521323,77.29537002945496,60,127,0,0.0,0,0,0,
1,0.75,0.5,35.47312867827326,23.648752452182176,15,35,1,0.02857142857142857,0,1,0,37683729214.0
1,0.75,0.5,35.47312867827326,23.648752452182176,30,35,1,0.02857142857142857,0,1,0,37683729214.0
1,0.75,0.5,35.47312867827326,23.648752452182176,60,32,1,0.03125,0,1,0,37683729214.0
1,0.75,0.75,35.47312867827326,35.47312867827326,15,35,2,0.05714285714285714,0,2,0,64336699234.0
1,0.75,0.75,35.47312867827326,35.47312867827326,30,35,2,0.05714285714285714,0,2,0,64336699234.0
1,0.75,0.75,35.47312867827326,35.47312867827326,60,32,2,0.0625,0,2,0,64336699234.0
1,0.75,1.0,35.47312867827326,47.29750490436435,15,35,0,0.0,0,0,0,
1,0.75,1.0,35.47312867827326,47.29750490436435,30,35,0,0.0,0,0,0,
1,0.75,1.0,35.47312867827326,47.29750490436435,60,32,0,0.0,0,0,0,
1,0.75,1.5,35.47312867827326,70.94625735654652,15,35,0,0.0,0,0,0,
1,0.75,1.5,35.47312867827326,70.94625735654652,30,35,0,0.0,0,0,0,
1,0.75,1.5,35.47312867827326,70.94625735654652,60,32,0,0.0,0,0,0,
1,1.0,0.5,47.29750490436435,23.648752452182176,15,35,1,0.02857142857142857,0,1,0,58515284146.0
1,1.0,0.5,47.29750490436435,23.648752452182176,30,35,1,0.02857142857142857,0,1,0,58515284146.0
1,1.0,0.5,47.29750490436435,23.648752452182176,60,32,1,0.03125,0,1,0,58515284146.0
1,1.0,0.75,47.29750490436435,35.47312867827326,15,35,2,0.05714285714285714,0,2,0,104641064700.0
1,1.0,0.75,47.29750490436435,35.47312867827326,30,35,2,0.05714285714285714,0,2,0,104641064700.0
1,1.0,0.75,47.29750490436435,35.47312867827326,60,32,2,0.0625,0,2,0,104641064700.0
1,1.0,1.0,47.29750490436435,47.29750490436435,15,35,0,0.0,0,0,0,
1,1.0,1.0,47.29750490436435,47.29750490436435,30,35,0,0.0,0,0,0,
1,1.0,1.0,47.29750490436435,47.29750490436435,60,32,0,0.0,0,0,0,
1,1.0,1.5,47.29750490436435,70.94625735654652,15,35,0,0.0,0,0,0,
1,1.0,1.5,47.29750490436435,70.94625735654652,30,35,0,0.0,0,0,0,
1,1.0,1.5,47.29750490436435,70.94625735654652,60,32,0,0.0,0,0,0,
1,1.5,0.5,70.94625735654652,23.648752452182176,15,35,1,0.02857142857142857,0,1,0,101293402728.0
1,1.5,0.5,70.94625735654652,23.648752452182176,30,35,1,0.02857142857142857,0,1,0,101293402728.0
1,1.5,0.5,70.94625735654652,23.648752452182176,60,32,1,0.03125,0,1,0,101293402728.0
1,1.5,0.75,70.94625735654652,35.47312867827326,15,35,2,0.05714285714285714,0,2,0,116621501452.0
1,1.5,0.75,70.94625735654652,35.47312867827326,30,35,2,0.05714285714285714,0,2,0,116621501452.0
1,1.5,0.75,70.94625735654652,35.47312867827326,60,32,2,0.0625,0,2,0,116621501452.0
1,1.5,1.0,70.94625735654652,47.29750490436435,15,35,0,0.0,0,0,0,
1,1.5,1.0,70.94625735654652,47.29750490436435,30,35,0,0.0,0,0,0,
1,1.5,1.0,70.94625735654652,47.29750490436435,60,32,0,0.0,0,0,0,
1,1.5,1.5,70.94625735654652,70.94625735654652,15,35,0,0.0,0,0,0,
1,1.5,1.5,70.94625735654652,70.94625735654652,30,35,0,0.0,0,0,0,
1,1.5,1.5,70.94625735654652,70.94625735654652,60,32,0,0.0,0,0,0,
1,2.0,0.5,94.5950098087287,23.648752452182176,15,35,0,0.0,0,0,0,
1,2.0,0.5,94.5950098087287,23.648752452182176,30,35,0,0.0,0,0,0,
1,2.0,0.5,94.5950098087287,23.648752452182176,60,32,0,0.0,0,0,0,
1,2.0,0.75,94.5950098087287,35.47312867827326,15,35,0,0.0,0,0,0,
1,2.0,0.75,94.5950098087287,35.47312867827326,30,35,0,0.0,0,0,0,
1,2.0,0.75,94.5950098087287,35.47312867827326,60,32,0,0.0,0,0,0,
1,2.0,1.0,94.5950098087287,47.29750490436435,15,35,0,0.0,0,0,0,
1,2.0,1.0,94.5950098087287,47.29750490436435,30,35,0,0.0,0,0,0,
1,2.0,1.0,94.5950098087287,47.29750490436435,60,32,0,0.0,0,0,0,
1,2.0,1.5,94.5950098087287,70.94625735654652,15,35,0,0.0,0,0,0,
1,2.0,1.5,94.5950098087287,70.94625735654652,30,35,0,0.0,0,0,0,
1,2.0,1.5,94.5950098087287,70.94625735654652,60,32,0,0.0,0,0,0,
1,3.0,0.5,141.89251471309305,23.648752452182176,15,35,0,0.0,0,0,0,
1,3.0,0.5,141.89251471309305,23.648752452182176,30,35,0,0.0,0,0,0,
1,3.0,0.5,141.89251471309305,23.648752452182176,60,32,0,0.0,0,0,0,
1,3.0,0.75,141.89251471309305,35.47312867827326,15,35,0,0.0,0,0,0,
1,3.0,0.75,141.89251471309305,35.47312867827326,30,35,0,0.0,0,0,0,
1,3.0,0.75,141.89251471309305,35.47312867827326,60,32,0,0.0,0,0,0,
1,3.0,1.0,141.89251471309305,47.29750490436435,15,35,0,0.0,0,0,0,
1,3.0,1.0,141.89251471309305,47.29750490436435,30,35,0,0.0,0,0,0,
1,3.0,1.0,141.89251471309305,47.29750490436435,60,32,0,0.0,0,0,0,
1,3.0,1.5,141.89251471309305,70.94625735654652,15,35,0,0.0,0,0,0,
1,3.0,1.5,141.89251471309305,70.94625735654652,30,35,0,0.0,0,0,0,
1,3.0,1.5,141.89251471309305,70.94625735654652,60,32,0,0.0,0,0,0,
1,4.0,0.5,189.1900196174574,23.648752452182176,15,35,0,0.0,0,0,0,
1,4.0,0.5,189.1900196174574,23.648752452182176,30,35,0,0.0,0,0,0,
1,4.0,0.5,189.1900196174574,23.648752452182176,60,32,0,0.0,0,0,0,
1,4.0,0.75,189.1900196174574,35.47312867827326,15,35,0,0.0,0,0,0,
1,4.0,0.75,189.1900196174574,35.47312867827326,30,35,0,0.0,0,0,0,
1,4.0,0.75,189.1900196174574,35.47312867827326,60,32,0,0.0,0,0,0,
1,4.0,1.0,189.1900196174574,47.29750490436435,15,35,0,0.0,0,0,0,
1,4.0,1.0,189.1900196174574,47.29750490436435,30,35,0,0.0,0,0,0,
1,4.0,1.0,189.1900196174574,47.29750490436435,60,32,0,0.0,0,0,0,
1,4.0,1.5,189.1900196174574,70.94625735654652,15,35,0,0.0,0,0,0,
1,4.0,1.5,189.1900196174574,70.94625735654652,30,35,0,0.0,0,0,0,
1,4.0,1.5,189.1900196174574,70.94625735654652,60,32,0,0.0,0,0,0,
1,0.75,0.5,35.507059082306284,23.671372721537523,15,32,0,0.0,0,0,0,
1,0.75,0.5,35.507059082306284,23.671372721537523,30,29,0,0.0,0,0,0,
1,0.75,0.5,35.507059082306284,23.671372721537523,60,23,0,0.0,0,0,0,
1,0.75,0.75,35.507059082306284,35.507059082306284,15,32,0,0.0,0,0,0,
1,0.75,0.75,35.507059082306284,35.507059082306284,30,29,0,0.0,0,0,0,
1,0.75,0.75,35.507059082306284,35.507059082306284,60,23,0,0.0,0,0,0,
1,0.75,1.0,35.507059082306284,47.342745443075046,15,32,0,0.0,0,0,0,
1,0.75,1.0,35.507059082306284,47.342745443075046,30,29,0,0.0,0,0,0,
1,0.75,1.0,35.507059082306284,47.342745443075046,60,23,0,0.0,0,0,0,
1,0.75,1.5,35.507059082306284,71.01411816461257,15,32,0,0.0,0,0,0,
1,0.75,1.5,35.507059082306284,71.01411816461257,30,29,0,0.0,0,0,0,
1,0.75,1.5,35.507059082306284,71.01411816461257,60,23,0,0.0,0,0,0,
1,1.0,0.5,47.342745443075046,23.671372721537523,15,32,0,0.0,0,0,0,
1,1.0,0.5,47.342745443075046,23.671372721537523,30,29,0,0.0,0,0,0,
1,1.0,0.5,47.342745443075046,23.671372721537523,60,23,0,0.0,0,0,0,
1,1.0,0.75,47.342745443075046,35.507059082306284,15,32,0,0.0,0,0,0,
1,1.0,0.75,47.342745443075046,35.507059082306284,30,29,0,0.0,0,0,0,
1,1.0,0.75,47.342745443075046,35.507059082306284,60,23,0,0.0,0,0,0,
1,1.0,1.0,47.342745443075046,47.342745443075046,15,32,0,0.0,0,0,0,
1,1.0,1.0,47.342745443075046,47.342745443075046,30,29,0,0.0,0,0,0,
1,1.0,1.0,47.342745443075046,47.342745443075046,60,23,0,0.0,0,0,0,
1,1.0,1.5,47.342745443075046,71.01411816461257,15,32,0,0.0,0,0,0,
1,1.0,1.5,47.342745443075046,71.01411816461257,30,29,0,0.0,0,0,0,
1,1.0,1.5,47.342745443075046,71.01411816461257,60,23,0,0.0,0,0,0,
1,1.5,0.5,71.01411816461257,23.671372721537523,15,32,0,0.0,0,0,0,
1,1.5,0.5,71.01411816461257,23.671372721537523,30,29,0,0.0,0,0,0,
1,1.5,0.5,71.01411816461257,23.671372721537523,60,23,0,0.0,0,0,0,
1,1.5,0.75,71.01411816461257,35.507059082306284,15,32,0,0.0,0,0,0,
1,1.5,0.75,71.01411816461257,35.507059082306284,30,29,0,0.0,0,0,0,
1,1.5,0.75,71.01411816461257,35.507059082306284,60,23,0,0.0,0,0,0,
1,1.5,1.0,71.01411816461257,47.342745443075046,15,32,0,0.0,0,0,0,
1,1.5,1.0,71.01411816461257,47.342745443075046,30,29,0,0.0,0,0,0,
1,1.5,1.0,71.01411816461257,47.342745443075046,60,23,0,0.0,0,0,0,
1,1.5,1.5,71.01411816461257,71.01411816461257,15,32,0,0.0,0,0,0,
1,1.5,1.5,71.01411816461257,71.01411816461257,30,29,0,0.0,0,0,0,
1,1.5,1.5,71.01411816461257,71.01411816461257,60,23,0,0.0,0,0,0,
1,2.0,0.5,94.68549088615009,23.671372721537523,15,32,0,0.0,0,0,0,
1,2.0,0.5,94.68549088615009,23.671372721537523,30,29,0,0.0,0,0,0,
1,2.0,0.5,94.68549088615009,23.671372721537523,60,23,0,0.0,0,0,0,
1,2.0,0.75,94.68549088615009,35.507059082306284,15,32,0,0.0,0,0,0,
1,2.0,0.75,94.68549088615009,35.507059082306284,30,29,0,0.0,0,0,0,
1,2.0,0.75,94.68549088615009,35.507059082306284,60,23,0,0.0,0,0,0,
1,2.0,1.0,94.68549088615009,47.342745443075046,15,32,0,0.0,0,0,0,
1,2.0,1.0,94.68549088615009,47.342745443075046,30,29,0,0.0,0,0,0,
1,2.0,1.0,94.68549088615009,47.342745443075046,60,23,0,0.0,0,0,0,
1,2.0,1.5,94.68549088615009,71.01411816461257,15,32,0,0.0,0,0,0,
1,2.0,1.5,94.68549088615009,71.01411816461257,30,29,0,0.0,0,0,0,
1,2.0,1.5,94.68549088615009,71.01411816461257,60,23,0,0.0,0,0,0,
1,3.0,0.5,142.02823632922514,23.671372721537523,15,32,0,0.0,0,0,0,
1,3.0,0.5,142.02823632922514,23.671372721537523,30,29,0,0.0,0,0,0,
1,3.0,0.5,142.02823632922514,23.671372721537523,60,23,0,0.0,0,0,0,
1,3.0,0.75,142.02823632922514,35.507059082306284,15,32,0,0.0,0,0,0,
1,3.0,0.75,142.02823632922514,35.507059082306284,30,29,0,0.0,0,0,0,
1,3.0,0.75,142.02823632922514,35.507059082306284,60,23,0,0.0,0,0,0,
1,3.0,1.0,142.02823632922514,47.342745443075046,15,32,0,0.0,0,0,0,
1,3.0,1.0,142.02823632922514,47.342745443075046,30,29,0,0.0,0,0,0,
1,3.0,1.0,142.02823632922514,47.342745443075046,60,23,0,0.0,0,0,0,
1,3.0,1.5,142.02823632922514,71.01411816461257,15,32,0,0.0,0,0,0,
1,3.0,1.5,142.02823632922514,71.01411816461257,30,29,0,0.0,0,0,0,
1,3.0,1.5,142.02823632922514,71.01411816461257,60,23,0,0.0,0,0,0,
1,4.0,0.5,189.37098177230018,23.671372721537523,15,32,0,0.0,0,0,0,
1,4.0,0.5,189.37098177230018,23.671372721537523,30,29,0,0.0,0,0,0,
1,4.0,0.5,189.37098177230018,23.671372721537523,60,23,0,0.0,0,0,0,
1,4.0,0.75,189.37098177230018,35.507059082306284,15,32,0,0.0,0,0,0,
1,4.0,0.75,189.37098177230018,35.507059082306284,30,29,0,0.0,0,0,0,
1,4.0,0.75,189.37098177230018,35.507059082306284,60,23,0,0.0,0,0,0,
1,4.0,1.0,189.37098177230018,47.342745443075046,15,32,0,0.0,0,0,0,
1,4.0,1.0,189.37098177230018,47.342745443075046,30,29,0,0.0,0,0,0,
1,4.0,1.0,189.37098177230018,47.342745443075046,60,23,0,0.0,0,0,0,
1,4.0,1.5,189.37098177230018,71.01411816461257,15,32,0,0.0,0,0,0,
1,4.0,1.5,189.37098177230018,71.01411816461257,30,29,0,0.0,0,0,0,
1,4.0,1.5,189.37098177230018,71.01411816461257,60,23,0,0.0,0,0,0,
1,0.75,0.5,34.16053737850683,22.773691585671223,15,101,0,0.0,0,0,0,
1,0.75,0.5,34.16053737850683,22.773691585671223,30,101,0,0.0,0,0,0,
1,0.75,0.5,34.16053737850683,22.773691585671223,60,93,0,0.0,0,0,0,
1,0.75,0.75,34.16053737850683,34.16053737850683,15,101,0,0.0,0,0,0,
1,0.75,0.75,34.16053737850683,34.16053737850683,30,101,0,0.0,0,0,0,
1,0.75,0.75,34.16053737850683,34.16053737850683,60,93,0,0.0,0,0,0,
1,0.75,1.0,34.16053737850683,45.547383171342446,15,101,0,0.0,0,0,0,
1,0.75,1.0,34.16053737850683,45.547383171342446,30,101,0,0.0,0,0,0,
1,0.75,1.0,34.16053737850683,45.547383171342446,60,93,0,0.0,0,0,0,
1,0.75,1.5,34.16053737850683,68.32107475701366,15,101,0,0.0,0,0,0,
1,0.75,1.5,34.16053737850683,68.32107475701366,30,101,0,0.0,0,0,0,
1,0.75,1.5,34.16053737850683,68.32107475701366,60,93,0,0.0,0,0,0,
1,1.0,0.5,45.547383171342446,22.773691585671223,15,101,0,0.0,0,0,0,
1,1.0,0.5,45.547383171342446,22.773691585671223,30,101,0,0.0,0,0,0,
1,1.0,0.5,45.547383171342446,22.773691585671223,60,93,0,0.0,0,0,0,
1,1.0,0.75,45.547383171342446,34.16053737850683,15,101,0,0.0,0,0,0,
1,1.0,0.75,45.547383171342446,34.16053737850683,30,101,0,0.0,0,0,0,
1,1.0,0.75,45.547383171342446,34.16053737850683,60,93,0,0.0,0,0,0,
1,1.0,1.0,45.547383171342446,45.547383171342446,15,101,0,0.0,0,0,0,
1,1.0,1.0,45.547383171342446,45.547383171342446,30,101,0,0.0,0,0,0,
1,1.0,1.0,45.547383171342446,45.547383171342446,60,93,0,0.0,0,0,0,
1,1.0,1.5,45.547383171342446,68.32107475701366,15,101,0,0.0,0,0,0,
1,1.0,1.5,45.547383171342446,68.32107475701366,30,101,0,0.0,0,0,0,
1,1.0,1.5,45.547383171342446,68.32107475701366,60,93,0,0.0,0,0,0,
1,1.5,0.5,68.32107475701366,22.773691585671223,15,101,0,0.0,0,0,0,
1,1.5,0.5,68.32107475701366,22.773691585671223,30,101,0,0.0,0,0,0,
1,1.5,0.5,68.32107475701366,22.773691585671223,60,93,0,0.0,0,0,0,
1,1.5,0.75,68.32107475701366,34.16053737850683,15,101,0,0.0,0,0,0,
1,1.5,0.75,68.32107475701366,34.16053737850683,30,101,0,0.0,0,0,0,
1,1.5,0.75,68.32107475701366,34.16053737850683,60,93,0,0.0,0,0,0,
1,1.5,1.0,68.32107475701366,45.547383171342446,15,101,0,0.0,0,0,0,
1,1.5,1.0,68.32107475701366,45.547383171342446,30,101,0,0.0,0,0,0,
1,1.5,1.0,68.32107475701366,45.547383171342446,60,93,0,0.0,0,0,0,
1,1.5,1.5,68.32107475701366,68.32107475701366,15,101,0,0.0,0,0,0,
1,1.5,1.5,68.32107475701366,68.32107475701366,30,101,0,0.0,0,0,0,
1,1.5,1.5,68.32107475701366,68.32107475701366,60,93,0,0.0,0,0,0,
1,2.0,0.5,91.09476634268489,22.773691585671223,15,101,0,0.0,0,0,0,
1,2.0,0.5,91.09476634268489,22.773691585671223,30,101,0,0.0,0,0,0,
1,2.0,0.5,91.09476634268489,22.773691585671223,60,93,0,0.0,0,0,0,
1,2.0,0.75,91.09476634268489,34.16053737850683,15,101,0,0.0,0,0,0,
1,2.0,0.75,91.09476634268489,34.16053737850683,30,101,0,0.0,0,0,0,
1,2.0,0.75,91.09476634268489,34.16053737850683,60,93,0,0.0,0,0,0,
1,2.0,1.0,91.09476634268489,45.547383171342446,15,101,0,0.0,0,0,0,
1,2.0,1.0,91.09476634268489,45.547383171342446,30,101,0,0.0,0,0,0,
1,2.0,1.0,91.09476634268489,45.547383171342446,60,93,0,0.0,0,0,0,
1,2.0,1.5,91.09476634268489,68.32107475701366,15,101,0,0.0,0,0,0,
1,2.0,1.5,91.09476634268489,68.32107475701366,30,101,0,0.0,0,0,0,
1,2.0,1.5,91.09476634268489,68.32107475701366,60,93,0,0.0,0,0,0,
1,3.0,0.5,136.64214951402732,22.773691585671223,15,101,0,0.0,0,0,0,
1,3.0,0.5,136.64214951402732,22.773691585671223,30,101,0,0.0,0,0,0,
1,3.0,0.5,136.64214951402732,22.773691585671223,60,93,0,0.0,0,0,0,
1,3.0,0.75,136.64214951402732,34.16053737850683,15,101,0,0.0,0,0,0,
1,3.0,0.75,136.64214951402732,34.16053737850683,30,101,0,0.0,0,0,0,
1,3.0,0.75,136.64214951402732,34.16053737850683,60,93,0,0.0,0,0,0,
1,3.0,1.0,136.64214951402732,45.547383171342446,15,101,0,0.0,0,0,0,
1,3.0,1.0,136.64214951402732,45.547383171342446,30,101,0,0.0,0,0,0,
1,3.0,1.0,136.64214951402732,45.547383171342446,60,93,0,0.0,0,0,0,
1,3.0,1.5,136.64214951402732,68.32107475701366,15,101,0,0.0,0,0,0,
1,3.0,1.5,136.64214951402732,68.32107475701366,30,101,0,0.0,0,0,0,
1,3.0,1.5,136.64214951402732,68.32107475701366,60,93,0,0.0,0,0,0,
1,4.0,0.5,182.18953268536978,22.773691585671223,15,101,0,0.0,0,0,0,
1,4.0,0.5,182.18953268536978,22.773691585671223,30,101,0,0.0,0,0,0,
1,4.0,0.5,182.18953268536978,22.773691585671223,60,93,0,0.0,0,0,0,
1,4.0,0.75,182.18953268536978,34.16053737850683,15,101,0,0.0,0,0,0,
1,4.0,0.75,182.18953268536978,34.16053737850683,30,101,0,0.0,0,0,0,
1,4.0,0.75,182.18953268536978,34.16053737850683,60,93,0,0.0,0,0,0,
1,4.0,1.0,182.18953268536978,45.547383171342446,15,101,0,0.0,0,0,0,
1,4.0,1.0,182.18953268536978,45.547383171342446,30,101,0,0.0,0,0,0,
1,4.0,1.0,182.18953268536978,45.547383171342446,60,93,0,0.0,0,0,0,
1,4.0,1.5,182.18953268536978,68.32107475701366,15,101,0,0.0,0,0,0,
1,4.0,1.5,182.18953268536978,68.32107475701366,30,101,0,0.0,0,0,0,
1,4.0,1.5,182.18953268536978,68.32107475701366,60,93,0,0.0,0,0,0,
1,0.75,0.5,47.54829538398031,31.698863589320208,15,18,0,0.0,0,0,0,
1,0.75,0.5,47.54829538398031,31.698863589320208,30,18,0,0.0,0,0,0,
1,0.75,0.5,47.54829538398031,31.698863589320208,60,18,0,0.0,0,0,0,
1,0.75,0.75,47.54829538398031,47.54829538398031,15,18,0,0.0,0,0,0,
1,0.75,0.75,47.54829538398031,47.54829538398031,30,18,0,0.0,0,0,0,
1,0.75,0.75,47.54829538398031,47.54829538398031,60,18,0,0.0,0,0,0,
1,0.75,1.0,47.54829538398031,63.397727178640416,15,18,0,0.0,0,0,0,
1,0.75,1.0,47.54829538398031,63.397727178640416,30,18,0,0.0,0,0,0,
1,0.75,1.0,47.54829538398031,63.397727178640416,60,18,0,0.0,0,0,0,
1,0.75,1.5,47.54829538398031,95.09659076796062,15,18,0,0.0,0,0,0,
1,0.75,1.5,47.54829538398031,95.09659076796062,30,18,0,0.0,0,0,0,
1,0.75,1.5,47.54829538398031,95.09659076796062,60,18,0,0.0,0,0,0,
1,1.0,0.5,63.397727178640416,31.698863589320208,15,18,0,0.0,0,0,0,
1,1.0,0.5,63.397727178640416,31.698863589320208,30,18,0,0.0,0,0,0,
1,1.0,0.5,63.397727178640416,31.698863589320208,60,18,0,0.0,0,0,0,
1,1.0,0.75,63.397727178640416,47.54829538398031,15,18,0,0.0,0,0,0,
1,1.0,0.75,63.397727178640416,47.54829538398031,30,18,0,0.0,0,0,0,
1,1.0,0.75,63.397727178640416,47.54829538398031,60,18,0,0.0,0,0,0,
1,1.0,1.0,63.397727178640416,63.397727178640416,15,18,0,0.0,0,0,0,
1,1.0,1.0,63.397727178640416,63.397727178640416,30,18,0,0.0,0,0,0,
1,1.0,1.0,63.397727178640416,63.397727178640416,60,18,0,0.0,0,0,0,
1,1.0,1.5,63.397727178640416,95.09659076796062,15,18,0,0.0,0,0,0,
1,1.0,1.5,63.397727178640416,95.09659076796062,30,18,0,0.0,0,0,0,
1,1.0,1.5,63.397727178640416,95.09659076796062,60,18,0,0.0,0,0,0,
1,1.5,0.5,95.09659076796062,31.698863589320208,15,18,0,0.0,0,0,0,
1,1.5,0.5,95.09659076796062,31.698863589320208,30,18,0,0.0,0,0,0,
1,1.5,0.5,95.09659076796062,31.698863589320208,60,18,0,0.0,0,0,0,
1,1.5,0.75,95.09659076796062,47.54829538398031,15,18,0,0.0,0,0,0,
1,1.5,0.75,95.09659076796062,47.54829538398031,30,18,0,0.0,0,0,0,
1,1.5,0.75,95.09659076796062,47.54829538398031,60,18,0,0.0,0,0,0,
1,1.5,1.0,95.09659076796062,63.397727178640416,15,18,0,0.0,0,0,0,
1,1.5,1.0,95.09659076796062,63.397727178640416,30,18,0,0.0,0,0,0,
1,1.5,1.0,95.09659076796062,63.397727178640416,60,18,0,0.0,0,0,0,
1,1.5,1.5,95.09659076796062,95.09659076796062,15,18,0,0.0,0,0,0,
1,1.5,1.5,95.09659076796062,95.09659076796062,30,18,0,0.0,0,0,0,
1,1.5,1.5,95.09659076796062,95.09659076796062,60,18,0,0.0,0,0,0,
1,2.0,0.5,126.79545435728083,31.698863589320208,15,18,0,0.0,0,0,0,
1,2.0,0.5,126.79545435728083,31.698863589320208,30,18,0,0.0,0,0,0,
1,2.0,0.5,126.79545435728083,31.698863589320208,60,18,0,0.0,0,0,0,
1,2.0,0.75,126.79545435728083,47.54829538398031,15,18,0,0.0,0,0,0,
1,2.0,0.75,126.79545435728083,47.54829538398031,30,18,0,0.0,0,0,0,
1,2.0,0.75,126.79545435728083,47.54829538398031,60,18,0,0.0,0,0,0,
1,2.0,1.0,126.79545435728083,63.397727178640416,15,18,0,0.0,0,0,0,
1,2.0,1.0,126.79545435728083,63.397727178640416,30,18,0,0.0,0,0,0,
1,2.0,1.0,126.79545435728083,63.397727178640416,60,18,0,0.0,0,0,0,
1,2.0,1.5,126.79545435728083,95.09659076796062,15,18,0,0.0,0,0,0,
1,2.0,1.5,126.79545435728083,95.09659076796062,30,18,0,0.0,0,0,0,
1,2.0,1.5,126.79545435728083,95.09659076796062,60,18,0,0.0,0,0,0,
1,3.0,0.5,190.19318153592124,31.698863589320208,15,18,0,0.0,0,0,0,
1,3.0,0.5,190.19318153592124,31.698863589320208,30,18,0,0.0,0,0,0,
1,3.0,0.5,190.19318153592124,31.698863589320208,60,18,0,0.0,0,0,0,
1,3.0,0.75,190.19318153592124,47.54829538398031,15,18,0,0.0,0,0,0,
1,3.0,0.75,190.19318153592124,47.54829538398031,30,18,0,0.0,0,0,0,
1,3.0,0.75,190.19318153592124,47.54829538398031,60,18,0,0.0,0,0,0,
1,3.0,1.0,190.19318153592124,63.397727178640416,15,18,0,0.0,0,0,0,
1,3.0,1.0,190.19318153592124,63.397727178640416,30,18,0,0.0,0,0,0,
1,3.0,1.0,190.19318153592124,63.397727178640416,60,18,0,0.0,0,0,0,
1,3.0,1.5,190.19318153592124,95.09659076796062,15,18,0,0.0,0,0,0,
1,3.0,1.5,190.19318153592124,95.09659076796062,30,18,0,0.0,0,0,0,
1,3.0,1.5,190.19318153592124,95.09659076796062,60,18,0,0.0,0,0,0,
1,4.0,0.5,253.59090871456166,31.698863589320208,15,18,0,0.0,0,0,0,
1,4.0,0.5,253.59090871456166,31.698863589320208,30,18,0,0.0,0,0,0,
1,4.0,0.5,253.59090871456166,31.698863589320208,60,18,0,0.0,0,0,0,
1,4.0,0.75,253.59090871456166,47.54829538398031,15,18,0,0.0,0,0,0,
1,4.0,0.75,253.59090871456166,47.54829538398031,30,18,0,0.0,0,0,0,
1,4.0,0.75,253.59090871456166,47.54829538398031,60,18,0,0.0,0,0,0,
1,4.0,1.0,253.59090871456166,63.397727178640416,15,18,0,0.0,0,0,0,
1,4.0,1.0,253.59090871456166,63.397727178640416,30,18,0,0.0,0,0,0,
1,4.0,1.0,253.59090871456166,63.397727178640416,60,18,0,0.0,0,0,0,
1,4.0,1.5,253.59090871456166,95.09659076796062,15,18,0,0.0,0,0,0,
1,4.0,1.5,253.59090871456166,95.09659076796062,30,18,0,0.0,0,0,0,
1,4.0,1.5,253.59090871456166,95.09659076796062,60,18,0,0.0,0,0,0,
1,0.75,0.5,50.51747573202111,33.67831715468074,15,196,8,0.04081632653061224,4,4,0,125812216809.0
1,0.75,0.5,50.51747573202111,33.67831715468074,30,196,8,0.04081632653061224,4,4,0,125812216809.0
1,0.75,0.5,50.51747573202111,33.67831715468074,60,196,8,0.04081632653061224,4,4,0,125812216809.0
1,0.75,0.75,50.51747573202111,50.51747573202111,15,196,4,0.02040816326530612,3,1,0,174369565207.0
1,0.75,0.75,50.51747573202111,50.51747573202111,30,196,4,0.02040816326530612,3,1,0,174369565207.0
1,0.75,0.75,50.51747573202111,50.51747573202111,60,196,4,0.02040816326530612,3,1,0,174369565207.0
1,0.75,1.0,50.51747573202111,67.35663430936148,15,196,1,0.00510204081632653,1,0,0,158201160940.0
1,0.75,1.0,50.51747573202111,67.35663430936148,30,196,1,0.00510204081632653,1,0,0,158201160940.0
1,0.75,1.0,50.51747573202111,67.35663430936148,60,196,1,0.00510204081632653,1,0,0,158201160940.0
1,0.75,1.5,50.51747573202111,101.03495146404222,15,196,0,0.0,0,0,0,
1,0.75,1.5,50.51747573202111,101.03495146404222,30,196,0,0.0,0,0,0,
1,0.75,1.5,50.51747573202111,101.03495146404222,60,196,0,0.0,0,0,0,
1,1.0,0.5,67.35663430936148,33.67831715468074,15,196,3,0.015306122448979591,1,2,0,163897993086.0
1,1.0,0.5,67.35663430936148,33.67831715468074,30,196,3,0.015306122448979591,1,2,0,163897993086.0
1,1.0,0.5,67.35663430936148,33.67831715468074,60,196,3,0.015306122448979591,1,2,0,163897993086.0
1,1.0,0.75,67.35663430936148,50.51747573202111,15,196,2,0.01020408163265306,1,1,0,175070137307.0
1,1.0,0.75,67.35663430936148,50.51747573202111,30,196,2,0.01020408163265306,1,1,0,175070137307.0
1,1.0,0.75,67.35663430936148,50.51747573202111,60,196,2,0.01020408163265306,1,1,0,175070137307.0
1,1.0,1.0,67.35663430936148,67.35663430936148,15,196,0,0.0,0,0,0,
1,1.0,1.0,67.35663430936148,67.35663430936148,30,196,0,0.0,0,0,0,
1,1.0,1.0,67.35663430936148,67.35663430936148,60,196,0,0.0,0,0,0,
1,1.0,1.5,67.35663430936148,101.03495146404222,15,196,0,0.0,0,0,0,
1,1.0,1.5,67.35663430936148,101.03495146404222,30,196,0,0.0,0,0,0,
1,1.0,1.5,67.35663430936148,101.03495146404222,60,196,0,0.0,0,0,0,
1,1.5,0.5,101.03495146404222,33.67831715468074,15,196,0,0.0,0,0,0,
1,1.5,0.5,101.03495146404222,33.67831715468074,30,196,0,0.0,0,0,0,
1,1.5,0.5,101.03495146404222,33.67831715468074,60,196,0,0.0,0,0,0,
1,1.5,0.75,101.03495146404222,50.51747573202111,15,196,0,0.0,0,0,0,
1,1.5,0.75,101.03495146404222,50.51747573202111,30,196,0,0.0,0,0,0,
1,1.5,0.75,101.03495146404222,50.51747573202111,60,196,0,0.0,0,0,0,
1,1.5,1.0,101.03495146404222,67.35663430936148,15,196,0,0.0,0,0,0,
1,1.5,1.0,101.03495146404222,67.35663430936148,30,196,0,0.0,0,0,0,
1,1.5,1.0,101.03495146404222,67.35663430936148,60,196,0,0.0,0,0,0,
1,1.5,1.5,101.03495146404222,101.03495146404222,15,196,0,0.0,0,0,0,
1,1.5,1.5,101.03495146404222,101.03495146404222,30,196,0,0.0,0,0,0,
1,1.5,1.5,101.03495146404222,101.03495146404222,60,196,0,0.0,0,0,0,
1,2.0,0.5,134.71326861872296,33.67831715468074,15,196,0,0.0,0,0,0,
1,2.0,0.5,134.71326861872296,33.67831715468074,30,196,0,0.0,0,0,0,
1,2.0,0.5,134.71326861872296,33.67831715468074,60,196,0,0.0,0,0,0,
1,2.0,0.75,134.71326861872296,50.51747573202111,15,196,0,0.0,0,0,0,
1,2.0,0.75,134.71326861872296,50.51747573202111,30,196,0,0.0,0,0,0,
1,2.0,0.75,134.71326861872296,50.51747573202111,60,196,0,0.0,0,0,0,
1,2.0,1.0,134.71326861872296,67.35663430936148,15,196,0,0.0,0,0,0,
1,2.0,1.0,134.71326861872296,67.35663430936148,30,196,0,0.0,0,0,0,
1,2.0,1.0,134.71326861872296,67.35663430936148,60,196,0,0.0,0,0,0,
1,2.0,1.5,134.71326861872296,101.03495146404222,15,196,0,0.0,0,0,0,
1,2.0,1.5,134.71326861872296,101.03495146404222,30,196,0,0.0,0,0,0,
1,2.0,1.5,134.71326861872296,101.03495146404222,60,196,0,0.0,0,0,0,
1,3.0,0.5,202.06990292808445,33.67831715468074,15,196,0,0.0,0,0,0,
1,3.0,0.5,202.06990292808445,33.67831715468074,30,196,0,0.0,0,0,0,
1,3.0,0.5,202.06990292808445,33.67831715468074,60,196,0,0.0,0,0,0,
1,3.0,0.75,202.06990292808445,50.51747573202111,15,196,0,0.0,0,0,0,
1,3.0,0.75,202.06990292808445,50.51747573202111,30,196,0,0.0,0,0,0,
1,3.0,0.75,202.06990292808445,50.51747573202111,60,196,0,0.0,0,0,0,
1,3.0,1.0,202.06990292808445,67.35663430936148,15,196,0,0.0,0,0,0,
1,3.0,1.0,202.06990292808445,67.35663430936148,30,196,0,0.0,0,0,0,
1,3.0,1.0,202.06990292808445,67.35663430936148,60,196,0,0.0,0,0,0,
1,3.0,1.5,202.06990292808445,101.03495146404222,15,196,0,0.0,0,0,0,
1,3.0,1.5,202.06990292808445,101.03495146404222,30,196,0,0.0,0,0,0,
1,3.0,1.5,202.06990292808445,101.03495146404222,60,196,0,0.0,0,0,0,
1,4.0,0.5,269.4265372374459,33.67831715468074,15,196,0,0.0,0,0,0,
1,4.0,0.5,269.4265372374459,33.67831715468074,30,196,0,0.0,0,0,0,
1,4.0,0.5,269.4265372374459,33.67831715468074,60,196,0,0.0,0,0,0,
1,4.0,0.75,269.4265372374459,50.51747573202111,15,196,0,0.0,0,0,0,
1,4.0,0.75,269.4265372374459,50.51747573202111,30,196,0,0.0,0,0,0,
1,4.0,0.75,269.4265372374459,50.51747573202111,60,196,0,0.0,0,0,0,
1,4.0,1.0,269.4265372374459,67.35663430936148,15,196,0,0.0,0,0,0,
1,4.0,1.0,269.4265372374459,67.35663430936148,30,196,0,0.0,0,0,0,
1,4.0,1.0,269.4265372374459,67.35663430936148,60,196,0,0.0,0,0,0,
1,4.0,1.5,269.4265372374459,101.03495146404222,15,196,0,0.0,0,0,0,
1,4.0,1.5,269.4265372374459,101.03495146404222,30,196,0,0.0,0,0,0,
1,4.0,1.5,269.4265372374459,101.03495146404222,60,196,0,0.0,0,0,0,
1,0.75,0.5,50.91303697051312,33.94202464700874,15,127,4,0.031496062992125984,2,2,0,152579889892.0
1,0.75,0.5,50.91303697051312,33.94202464700874,30,127,4,0.031496062992125984,2,2,0,152579889892.0
1,0.75,0.5,50.91303697051312,33.94202464700874,60,127,4,0.031496062992125984,2,2,0,152579889892.0
1,0.75,0.75,50.91303697051312,50.91303697051312,15,127,3,0.023622047244094488,2,1,0,161360077872.0
1,0.75,0.75,50.91303697051312,50.91303697051312,30,127,3,0.023622047244094488,2,1,0,161360077872.0
1,0.75,0.75,50.91303697051312,50.91303697051312,60,127,3,0.023622047244094488,2,1,0,161360077872.0
1,0.75,1.0,50.91303697051312,67.88404929401749,15,127,2,0.015748031496062992,1,1,0,160884357050.0
1,0.75,1.0,50.91303697051312,67.88404929401749,30,127,2,0.015748031496062992,1,1,0,160884357050.0
1,0.75,1.0,50.91303697051312,67.88404929401749,60,127,2,0.015748031496062992,1,1,0,160884357050.0
1,0.75,1.5,50.91303697051312,101.82607394102624,15,127,0,0.0,0,0,0,
1,0.75,1.5,50.91303697051312,101.82607394102624,30,127,0,0.0,0,0,0,
1,0.75,1.5,50.91303697051312,101.82607394102624,60,127,0,0.0,0,0,0,
1,1.0,0.5,67.88404929401749,33.94202464700874,15,127,1,0.007874015748031496,0,1,0,178957233218.0
1,1.0,0.5,67.88404929401749,33.94202464700874,30,127,1,0.007874015748031496,0,1,0,178957233218.0
1,1.0,0.5,67.88404929401749,33.94202464700874,60,127,1,0.007874015748031496,0,1,0,178957233218.0
1,1.0,0.75,67.88404929401749,50.91303697051312,15,127,1,0.007874015748031496,0,1,0,178154971436.0
1,1.0,0.75,67.88404929401749,50.91303697051312,30,127,1,0.007874015748031496,0,1,0,178154971436.0
1,1.0,0.75,67.88404929401749,50.91303697051312,60,127,1,0.007874015748031496,0,1,0,178154971436.0
1,1.0,1.0,67.88404929401749,67.88404929401749,15,127,1,0.007874015748031496,0,1,0,177402772832.0
1,1.0,1.0,67.88404929401749,67.88404929401749,30,127,1,0.007874015748031496,0,1,0,177402772832.0
1,1.0,1.0,67.88404929401749,67.88404929401749,60,127,1,0.007874015748031496,0,1,0,177402772832.0
1,1.0,1.5,67.88404929401749,101.82607394102624,15,127,1,0.007874015748031496,0,1,0,219474595286.0
1,1.0,1.5,67.88404929401749,101.82607394102624,30,127,1,0.007874015748031496,0,1,0,219474595286.0
1,1.0,1.5,67.88404929401749,101.82607394102624,60,127,1,0.007874015748031496,0,1,0,219474595286.0
1,1.5,0.5,101.82607394102624,33.94202464700874,15,127,1,0.007874015748031496,0,1,0,229658584730.0
1,1.5,0.5,101.82607394102624,33.94202464700874,30,127,1,0.007874015748031496,0,1,0,229658584730.0
1,1.5,0.5,101.82607394102624,33.94202464700874,60,127,1,0.007874015748031496,0,1,0,229658584730.0
1,1.5,0.75,101.82607394102624,50.91303697051312,15,127,1,0.007874015748031496,0,1,0,228856322948.0
1,1.5,0.75,101.82607394102624,50.91303697051312,30,127,1,0.007874015748031496,0,1,0,228856322948.0
1,1.5,0.75,101.82607394102624,50.91303697051312,60,127,1,0.007874015748031496,0,1,0,228856322948.0
1,1.5,1.0,101.82607394102624,67.88404929401749,15,127,1,0.007874015748031496,0,1,0,228104124344.0
1,1.5,1.0,101.82607394102624,67.88404929401749,30,127,1,0.007874015748031496,0,1,0,228104124344.0
1,1.5,1.0,101.82607394102624,67.88404929401749,60,127,1,0.007874015748031496,0,1,0,228104124344.0
1,1.5,1.5,101.82607394102624,101.82607394102624,15,127,0,0.0,0,0,0,
1,1.5,1.5,101.82607394102624,101.82607394102624,30,127,0,0.0,0,0,0,
1,1.5,1.5,101.82607394102624,101.82607394102624,60,127,0,0.0,0,0,0,
1,2.0,0.5,135.76809858803497,33.94202464700874,15,127,0,0.0,0,0,0,
1,2.0,0.5,135.76809858803497,33.94202464700874,30,127,0,0.0,0,0,0,
1,2.0,0.5,135.76809858803497,33.94202464700874,60,127,0,0.0,0,0,0,
1,2.0,0.75,135.76809858803497,50.91303697051312,15,127,0,0.0,0,0,0,
1,2.0,0.75,135.76809858803497,50.91303697051312,30,127,0,0.0,0,0,0,
1,2.0,0.75,135.76809858803497,50.91303697051312,60,127,0,0.0,0,0,0,
1,2.0,1.0,135.76809858803497,67.88404929401749,15,127,0,0.0,0,0,0,
1,2.0,1.0,135.76809858803497,67.88404929401749,30,127,0,0.0,0,0,0,
1,2.0,1.0,135.76809858803497,67.88404929401749,60,127,0,0.0,0,0,0,
1,2.0,1.5,135.76809858803497,101.82607394102624,15,127,0,0.0,0,0,0,
1,2.0,1.5,135.76809858803497,101.82607394102624,30,127,0,0.0,0,0,0,
1,2.0,1.5,135.76809858803497,101.82607394102624,60,127,0,0.0,0,0,0,
1,3.0,0.5,203.65214788205247,33.94202464700874,15,127,0,0.0,0,0,0,
1,3.0,0.5,203.65214788205247,33.94202464700874,30,127,0,0.0,0,0,0,
1,3.0,0.5,203.65214788205247,33.94202464700874,60,127,0,0.0,0,0,0,
1,3.0,0.75,203.65214788205247,50.91303697051312,15,127,0,0.0,0,0,0,
1,3.0,0.75,203.65214788205247,50.91303697051312,30,127,0,0.0,0,0,0,
1,3.0,0.75,203.65214788205247,50.91303697051312,60,127,0,0.0,0,0,0,
1,3.0,1.0,203.65214788205247,67.88404929401749,15,127,0,0.0,0,0,0,
1,3.0,1.0,203.65214788205247,67.88404929401749,30,127,0,0.0,0,0,0,
1,3.0,1.0,203.65214788205247,67.88404929401749,60,127,0,0.0,0,0,0,
1,3.0,1.5,203.65214788205247,101.82607394102624,15,127,0,0.0,0,0,0,
1,3.0,1.5,203.65214788205247,101.82607394102624,30,127,0,0.0,0,0,0,
1,3.0,1.5,203.65214788205247,101.82607394102624,60,127,0,0.0,0,0,0,
1,4.0,0.5,271.53619717606995,33.94202464700874,15,127,0,0.0,0,0,0,
1,4.0,0.5,271.53619717606995,33.94202464700874,30,127,0,0.0,0,0,0,
1,4.0,0.5,271.53619717606995,33.94202464700874,60,127,0,0.0,0,0,0,
1,4.0,0.75,271.53619717606995,50.91303697051312,15,127,0,0.0,0,0,0,
1,4.0,0.75,271.53619717606995,50.91303697051312,30,127,0,0.0,0,0,0,
1,4.0,0.75,271.53619717606995,50.91303697051312,60,127,0,0.0,0,0,0,
1,4.0,1.0,271.53619717606995,67.88404929401749,15,127,0,0.0,0,0,0,
1,4.0,1.0,271.53619717606995,67.88404929401749,30,127,0,0.0,0,0,0,
1,4.0,1.0,271.53619717606995,67.88404929401749,60,127,0,0.0,0,0,0,
1,4.0,1.5,271.53619717606995,101.82607394102624,15,127,0,0.0,0,0,0,
1,4.0,1.5,271.53619717606995,101.82607394102624,30,127,0,0.0,0,0,0,
1,4.0,1.5,271.53619717606995,101.82607394102624,60,127,0,0.0,0,0,0,
1,0.75,0.5,48.55749543414353,32.371663622762355,15,34,0,0.0,0,0,0,
1,0.75,0.5,48.55749543414353,32.371663622762355,30,34,0,0.0,0,0,0,
1,0.75,0.5,48.55749543414353,32.371663622762355,60,34,0,0.0,0,0,0,
1,0.75,0.75,48.55749543414353,48.55749543414353,15,34,0,0.0,0,0,0,
1,0.75,0.75,48.55749543414353,48.55749543414353,30,34,0,0.0,0,0,0,
1,0.75,0.75,48.55749543414353,48.55749543414353,60,34,0,0.0,0,0,0,
1,0.75,1.0,48.55749543414353,64.74332724552471,15,34,0,0.0,0,0,0,
1,0.75,1.0,48.55749543414353,64.74332724552471,30,34,0,0.0,0,0,0,
1,0.75,1.0,48.55749543414353,64.74332724552471,60,34,0,0.0,0,0,0,
1,0.75,1.5,48.55749543414353,97.11499086828707,15,34,0,0.0,0,0,0,
1,0.75,1.5,48.55749543414353,97.11499086828707,30,34,0,0.0,0,0,0,
1,0.75,1.5,48.55749543414353,97.11499086828707,60,34,0,0.0,0,0,0,
1,1.0,0.5,64.74332724552471,32.371663622762355,15,34,0,0.0,0,0,0,
1,1.0,0.5,64.74332724552471,32.371663622762355,30,34,0,0.0,0,0,0,
1,1.0,0.5,64.74332724552471,32.371663622762355,60,34,0,0.0,0,0,0,
1,1.0,0.75,64.74332724552471,48.55749543414353,15,34,0,0.0,0,0,0,
1,1.0,0.75,64.74332724552471,48.55749543414353,30,34,0,0.0,0,0,0,
1,1.0,0.75,64.74332724552471,48.55749543414353,60,34,0,0.0,0,0,0,
1,1.0,1.0,64.74332724552471,64.74332724552471,15,34,0,0.0,0,0,0,
1,1.0,1.0,64.74332724552471,64.74332724552471,30,34,0,0.0,0,0,0,
1,1.0,1.0,64.74332724552471,64.74332724552471,60,34,0,0.0,0,0,0,
1,1.0,1.5,64.74332724552471,97.11499086828707,15,34,0,0.0,0,0,0,
1,1.0,1.5,64.74332724552471,97.11499086828707,30,34,0,0.0,0,0,0,
1,1.0,1.5,64.74332724552471,97.11499086828707,60,34,0,0.0,0,0,0,
1,1.5,0.5,97.11499086828707,32.371663622762355,15,34,0,0.0,0,0,0,
1,1.5,0.5,97.11499086828707,32.371663622762355,30,34,0,0.0,0,0,0,
1,1.5,0.5,97.11499086828707,32.371663622762355,60,34,0,0.0,0,0,0,
1,1.5,0.75,97.11499086828707,48.55749543414353,15,34,0,0.0,0,0,0,
1,1.5,0.75,97.11499086828707,48.55749543414353,30,34,0,0.0,0,0,0,
1,1.5,0.75,97.11499086828707,48.55749543414353,60,34,0,0.0,0,0,0,
1,1.5,1.0,97.11499086828707,64.74332724552471,15,34,0,0.0,0,0,0,
1,1.5,1.0,97.11499086828707,64.74332724552471,30,34,0,0.0,0,0,0,
1,1.5,1.0,97.11499086828707,64.74332724552471,60,34,0,0.0,0,0,0,
1,1.5,1.5,97.11499086828707,97.11499086828707,15,34,0,0.0,0,0,0,
1,1.5,1.5,97.11499086828707,97.11499086828707,30,34,0,0.0,0,0,0,
1,1.5,1.5,97.11499086828707,97.11499086828707,60,34,0,0.0,0,0,0,
1,2.0,0.5,129.48665449104942,32.371663622762355,15,34,0,0.0,0,0,0,
1,2.0,0.5,129.48665449104942,32.371663622762355,30,34,0,0.0,0,0,0,
1,2.0,0.5,129.48665449104942,32.371663622762355,60,34,0,0.0,0,0,0,
1,2.0,0.75,129.48665449104942,48.55749543414353,15,34,0,0.0,0,0,0,
1,2.0,0.75,129.48665449104942,48.55749543414353,30,34,0,0.0,0,0,0,
1,2.0,0.75,129.48665449104942,48.55749543414353,60,34,0,0.0,0,0,0,
1,2.0,1.0,129.48665449104942,64.74332724552471,15,34,0,0.0,0,0,0,
1,2.0,1.0,129.48665449104942,64.74332724552471,30,34,0,0.0,0,0,0,
1,2.0,1.0,129.48665449104942,64.74332724552471,60,34,0,0.0,0,0,0,
1,2.0,1.5,129.48665449104942,97.11499086828707,15,34,0,0.0,0,0,0,
1,2.0,1.5,129.48665449104942,97.11499086828707,30,34,0,0.0,0,0,0,
1,2.0,1.5,129.48665449104942,97.11499086828707,60,34,0,0.0,0,0,0,
1,3.0,0.5,194.22998173657413,32.371663622762355,15,34,0,0.0,0,0,0,
1,3.0,0.5,194.22998173657413,32.371663622762355,30,34,0,0.0,0,0,0,
1,3.0,0.5,194.22998173657413,32.371663622762355,60,34,0,0.0,0,0,0,
1,3.0,0.75,194.22998173657413,48.55749543414353,15,34,0,0.0,0,0,0,
1,3.0,0.75,194.22998173657413,48.55749543414353,30,34,0,0.0,0,0,0,
1,3.0,0.75,194.22998173657413,48.55749543414353,60,34,0,0.0,0,0,0,
1,3.0,1.0,194.22998173657413,64.74332724552471,15,34,0,0.0,0,0,0,
1,3.0,1.0,194.22998173657413,64.74332724552471,30,34,0,0.0,0,0,0,
1,3.0,1.0,194.22998173657413,64.74332724552471,60,34,0,0.0,0,0,0,
1,3.0,1.5,194.22998173657413,97.11499086828707,15,34,0,0.0,0,0,0,
1,3.0,1.5,194.22998173657413,97.11499086828707,30,34,0,0.0,0,0,0,
1,3.0,1.5,194.22998173657413,97.11499086828707,60,34,0,0.0,0,0,0,
1,4.0,0.5,258.97330898209884,32.371663622762355,15,34,0,0.0,0,0,0,
1,4.0,0.5,258.97330898209884,32.371663622762355,30,34,0,0.0,0,0,0,
1,4.0,0.5,258.97330898209884,32.371663622762355,60,34,0,0.0,0,0,0,
1,4.0,0.75,258.97330898209884,48.55749543414353,15,34,0,0.0,0,0,0,
1,4.0,0.75,258.97330898209884,48.55749543414353,30,34,0,0.0,0,0,0,
1,4.0,0.75,258.97330898209884,48.55749543414353,60,34,0,0.0,0,0,0,
1,4.0,1.0,258.97330898209884,64.74332724552471,15,34,0,0.0,0,0,0,
1,4.0,1.0,258.97330898209884,64.74332724552471,30,34,0,0.0,0,0,0,
1,4.0,1.0,258.97330898209884,64.74332724552471,60,34,0,0.0,0,0,0,
1,4.0,1.5,258.97330898209884,97.11499086828707,15,34,0,0.0,0,0,0,
1,4.0,1.5,258.97330898209884,97.11499086828707,30,34,0,0.0,0,0,0,
1,4.0,1.5,258.97330898209884,97.11499086828707,60,34,0,0.0,0,0,0,
1,0.75,0.5,45.19132935191358,30.12755290127572,15,7,0,0.0,0,0,0,
1,0.75,0.5,45.19132935191358,30.12755290127572,30,7,0,0.0,0,0,0,
1,0.75,0.5,45.19132935191358,30.12755290127572,60,7,0,0.0,0,0,0,
1,0.75,0.75,45.19132935191358,45.19132935191358,15,7,0,0.0,0,0,0,
1,0.75,0.75,45.19132935191358,45.19132935191358,30,7,0,0.0,0,0,0,
1,0.75,0.75,45.19132935191358,45.19132935191358,60,7,0,0.0,0,0,0,
1,0.75,1.0,45.19132935191358,60.25510580255144,15,7,0,0.0,0,0,0,
1,0.75,1.0,45.19132935191358,60.25510580255144,30,7,0,0.0,0,0,0,
1,0.75,1.0,45.19132935191358,60.25510580255144,60,7,0,0.0,0,0,0,
1,0.75,1.5,45.19132935191358,90.38265870382716,15,7,0,0.0,0,0,0,
1,0.75,1.5,45.19132935191358,90.38265870382716,30,7,0,0.0,0,0,0,
1,0.75,1.5,45.19132935191358,90.38265870382716,60,7,0,0.0,0,0,0,
1,1.0,0.5,60.25510580255144,30.12755290127572,15,7,0,0.0,0,0,0,
1,1.0,0.5,60.25510580255144,30.12755290127572,30,7,0,0.0,0,0,0,
1,1.0,0.5,60.25510580255144,30.12755290127572,60,7,0,0.0,0,0,0,
1,1.0,0.75,60.25510580255144,45.19132935191358,15,7,0,0.0,0,0,0,
1,1.0,0.75,60.25510580255144,45.19132935191358,30,7,0,0.0,0,0,0,
1,1.0,0.75,60.25510580255144,45.19132935191358,60,7,0,0.0,0,0,0,
1,1.0,1.0,60.25510580255144,60.25510580255144,15,7,0,0.0,0,0,0,
1,1.0,1.0,60.25510580255144,60.25510580255144,30,7,0,0.0,0,0,0,
1,1.0,1.0,60.25510580255144,60.25510580255144,60,7,0,0.0,0,0,0,
1,1.0,1.5,60.25510580255144,90.38265870382716,15,7,0,0.0,0,0,0,
1,1.0,1.5,60.25510580255144,90.38265870382716,30,7,0,0.0,0,0,0,
1,1.0,1.5,60.25510580255144,90.38265870382716,60,7,0,0.0,0,0,0,
1,1.5,0.5,90.38265870382716,30.12755290127572,15,7,0,0.0,0,0,0,
1,1.5,0.5,90.38265870382716,30.12755290127572,30,7,0,0.0,0,0,0,
1,1.5,0.5,90.38265870382716,30.12755290127572,60,7,0,0.0,0,0,0,
1,1.5,0.75,90.38265870382716,45.19132935191358,15,7,0,0.0,0,0,0,
1,1.5,0.75,90.38265870382716,45.19132935191358,30,7,0,0.0,0,0,0,
1,1.5,0.75,90.38265870382716,45.19132935191358,60,7,0,0.0,0,0,0,
1,1.5,1.0,90.38265870382716,60.25510580255144,15,7,0,0.0,0,0,0,
1,1.5,1.0,90.38265870382716,60.25510580255144,30,7,0,0.0,0,0,0,
1,1.5,1.0,90.38265870382716,60.25510580255144,60,7,0,0.0,0,0,0,
1,1.5,1.5,90.38265870382716,90.38265870382716,15,7,0,0.0,0,0,0,
1,1.5,1.5,90.38265870382716,90.38265870382716,30,7,0,0.0,0,0,0,
1,1.5,1.5,90.38265870382716,90.38265870382716,60,7,0,0.0,0,0,0,
1,2.0,0.5,120.51021160510288,30.12755290127572,15,7,0,0.0,0,0,0,
1,2.0,0.5,120.51021160510288,30.12755290127572,30,7,0,0.0,0,0,0,
1,2.0,0.5,120.51021160510288,30.12755290127572,60,7,0,0.0,0,0,0,
1,2.0,0.75,120.51021160510288,45.19132935191358,15,7,0,0.0,0,0,0,
1,2.0,0.75,120.51021160510288,45.19132935191358,30,7,0,0.0,0,0,0,
1,2.0,0.75,120.51021160510288,45.19132935191358,60,7,0,0.0,0,0,0,
1,2.0,1.0,120.51021160510288,60.25510580255144,15,7,0,0.0,0,0,0,
1,2.0,1.0,120.51021160510288,60.25510580255144,30,7,0,0.0,0,0,0,
1,2.0,1.0,120.51021160510288,60.25510580255144,60,7,0,0.0,0,0,0,
1,2.0,1.5,120.51021160510288,90.38265870382716,15,7,0,0.0,0,0,0,
1,2.0,1.5,120.51021160510288,90.38265870382716,30,7,0,0.0,0,0,0,
1,2.0,1.5,120.51021160510288,90.38265870382716,60,7,0,0.0,0,0,0,
1,3.0,0.5,180.76531740765432,30.12755290127572,15,7,0,0.0,0,0,0,
1,3.0,0.5,180.76531740765432,30.12755290127572,30,7,0,0.0,0,0,0,
1,3.0,0.5,180.76531740765432,30.12755290127572,60,7,0,0.0,0,0,0,
1,3.0,0.75,180.76531740765432,45.19132935191358,15,7,0,0.0,0,0,0,
1,3.0,0.75,180.76531740765432,45.19132935191358,30,7,0,0.0,0,0,0,
1,3.0,0.75,180.76531740765432,45.19132935191358,60,7,0,0.0,0,0,0,
1,3.0,1.0,180.76531740765432,60.25510580255144,15,7,0,0.0,0,0,0,
1,3.0,1.0,180.76531740765432,60.25510580255144,30,7,0,0.0,0,0,0,
1,3.0,1.0,180.76531740765432,60.25510580255144,60,7,0,0.0,0,0,0,
1,3.0,1.5,180.76531740765432,90.38265870382716,15,7,0,0.0,0,0,0,
1,3.0,1.5,180.76531740765432,90.38265870382716,30,7,0,0.0,0,0,0,
1,3.0,1.5,180.76531740765432,90.38265870382716,60,7,0,0.0,0,0,0,
1,4.0,0.5,241.02042321020576,30.12755290127572,15,7,0,0.0,0,0,0,
1,4.0,0.5,241.02042321020576,30.12755290127572,30,7,0,0.0,0,0,0,
1,4.0,0.5,241.02042321020576,30.12755290127572,60,7,0,0.0,0,0,0,
1,4.0,0.75,241.02042321020576,45.19132935191358,15,7,0,0.0,0,0,0,
1,4.0,0.75,241.02042321020576,45.19132935191358,30,7,0,0.0,0,0,0,
1,4.0,0.75,241.02042321020576,45.19132935191358,60,7,0,0.0,0,0,0,
1,4.0,1.0,241.02042321020576,60.25510580255144,15,7,0,0.0,0,0,0,
1,4.0,1.0,241.02042321020576,60.25510580255144,30,7,0,0.0,0,0,0,
1,4.0,1.0,241.02042321020576,60.25510580255144,60,7,0,0.0,0,0,0,
1,4.0,1.5,241.02042321020576,90.38265870382716,15,7,0,0.0,0,0,0,
1,4.0,1.5,241.02042321020576,90.38265870382716,30,7,0,0.0,0,0,0,
1,4.0,1.5,241.02042321020576,90.38265870382716,60,7,0,0.0,0,0,0,
1,0.75,0.5,48.22476356859508,32.14984237906339,15,16,0,0.0,0,0,0,
1,0.75,0.5,48.22476356859508,32.14984237906339,30,16,0,0.0,0,0,0,
1,0.75,0.5,48.22476356859508,32.14984237906339,60,16,0,0.0,0,0,0,
1,0.75,0.75,48.22476356859508,48.22476356859508,15,16,0,0.0,0,0,0,
1,0.75,0.75,48.22476356859508,48.22476356859508,30,16,0,0.0,0,0,0,
1,0.75,0.75,48.22476356859508,48.22476356859508,60,16,0,0.0,0,0,0,
1,0.75,1.0,48.22476356859508,64.29968475812677,15,16,0,0.0,0,0,0,
1,0.75,1.0,48.22476356859508,64.29968475812677,30,16,0,0.0,0,0,0,
1,0.75,1.0,48.22476356859508,64.29968475812677,60,16,0,0.0,0,0,0,
1,0.75,1.5,48.22476356859508,96.44952713719016,15,16,0,0.0,0,0,0,
1,0.75,1.5,48.22476356859508,96.44952713719016,30,16,0,0.0,0,0,0,
1,0.75,1.5,48.22476356859508,96.44952713719016,60,16,0,0.0,0,0,0,
1,1.0,0.5,64.29968475812677,32.14984237906339,15,16,0,0.0,0,0,0,
1,1.0,0.5,64.29968475812677,32.14984237906339,30,16,0,0.0,0,0,0,
1,1.0,0.5,64.29968475812677,32.14984237906339,60,16,0,0.0,0,0,0,
1,1.0,0.75,64.29968475812677,48.22476356859508,15,16,0,0.0,0,0,0,
1,1.0,0.75,64.29968475812677,48.22476356859508,30,16,0,0.0,0,0,0,
1,1.0,0.75,64.29968475812677,48.22476356859508,60,16,0,0.0,0,0,0,
1,1.0,1.0,64.29968475812677,64.29968475812677,15,16,0,0.0,0,0,0,
1,1.0,1.0,64.29968475812677,64.29968475812677,30,16,0,0.0,0,0,0,
1,1.0,1.0,64.29968475812677,64.29968475812677,60,16,0,0.0,0,0,0,
1,1.0,1.5,64.29968475812677,96.44952713719016,15,16,0,0.0,0,0,0,
1,1.0,1.5,64.29968475812677,96.44952713719016,30,16,0,0.0,0,0,0,
1,1.0,1.5,64.29968475812677,96.44952713719016,60,16,0,0.0,0,0,0,
1,1.5,0.5,96.44952713719016,32.14984237906339,15,16,0,0.0,0,0,0,
1,1.5,0.5,96.44952713719016,32.14984237906339,30,16,0,0.0,0,0,0,
1,1.5,0.5,96.44952713719016,32.14984237906339,60,16,0,0.0,0,0,0,
1,1.5,0.75,96.44952713719016,48.22476356859508,15,16,0,0.0,0,0,0,
1,1.5,0.75,96.44952713719016,48.22476356859508,30,16,0,0.0,0,0,0,
1,1.5,0.75,96.44952713719016,48.22476356859508,60,16,0,0.0,0,0,0,
1,1.5,1.0,96.44952713719016,64.29968475812677,15,16,0,0.0,0,0,0,
1,1.5,1.0,96.44952713719016,64.29968475812677,30,16,0,0.0,0,0,0,
1,1.5,1.0,96.44952713719016,64.29968475812677,60,16,0,0.0,0,0,0,
1,1.5,1.5,96.44952713719016,96.44952713719016,15,16,0,0.0,0,0,0,
1,1.5,1.5,96.44952713719016,96.44952713719016,30,16,0,0.0,0,0,0,
1,1.5,1.5,96.44952713719016,96.44952713719016,60,16,0,0.0,0,0,0,
1,2.0,0.5,128.59936951625355,32.14984237906339,15,16,0,0.0,0,0,0,
1,2.0,0.5,128.59936951625355,32.14984237906339,30,16,0,0.0,0,0,0,
1,2.0,0.5,128.59936951625355,32.14984237906339,60,16,0,0.0,0,0,0,
1,2.0,0.75,128.59936951625355,48.22476356859508,15,16,0,0.0,0,0,0,
1,2.0,0.75,128.59936951625355,48.22476356859508,30,16,0,0.0,0,0,0,
1,2.0,0.75,128.59936951625355,48.22476356859508,60,16,0,0.0,0,0,0,
1,2.0,1.0,128.59936951625355,64.29968475812677,15,16,0,0.0,0,0,0,
1,2.0,1.0,128.59936951625355,64.29968475812677,30,16,0,0.0,0,0,0,
1,2.0,1.0,128.59936951625355,64.29968475812677,60,16,0,0.0,0,0,0,
1,2.0,1.5,128.59936951625355,96.44952713719016,15,16,0,0.0,0,0,0,
1,2.0,1.5,128.59936951625355,96.44952713719016,30,16,0,0.0,0,0,0,
1,2.0,1.5,128.59936951625355,96.44952713719016,60,16,0,0.0,0,0,0,
1,3.0,0.5,192.89905427438032,32.14984237906339,15,16,0,0.0,0,0,0,
1,3.0,0.5,192.89905427438032,32.14984237906339,30,16,0,0.0,0,0,0,
1,3.0,0.5,192.89905427438032,32.14984237906339,60,16,0,0.0,0,0,0,
1,3.0,0.75,192.89905427438032,48.22476356859508,15,16,0,0.0,0,0,0,
1,3.0,0.75,192.89905427438032,48.22476356859508,30,16,0,0.0,0,0,0,
1,3.0,0.75,192.89905427438032,48.22476356859508,60,16,0,0.0,0,0,0,
1,3.0,1.0,192.89905427438032,64.29968475812677,15,16,0,0.0,0,0,0,
1,3.0,1.0,192.89905427438032,64.29968475812677,30,16,0,0.0,0,0,0,
1,3.0,1.0,192.89905427438032,64.29968475812677,60,16,0,0.0,0,0,0,
1,3.0,1.5,192.89905427438032,96.44952713719016,15,16,0,0.0,0,0,0,
1,3.0,1.5,192.89905427438032,96.44952713719016,30,16,0,0.0,0,0,0,
1,3.0,1.5,192.89905427438032,96.44952713719016,60,16,0,0.0,0,0,0,
1,4.0,0.5,257.1987390325071,32.14984237906339,15,16,0,0.0,0,0,0,
1,4.0,0.5,257.1987390325071,32.14984237906339,30,16,0,0.0,0,0,0,
1,4.0,0.5,257.1987390325071,32.14984237906339,60,16,0,0.0,0,0,0,
1,4.0,0.75,257.1987390325071,48.22476356859508,15,16,0,0.0,0,0,0,
1,4.0,0.75,257.1987390325071,48.22476356859508,30,16,0,0.0,0,0,0,
1,4.0,0.75,257.1987390325071,48.22476356859508,60,16,0,0.0,0,0,0,
1,4.0,1.0,257.1987390325071,64.29968475812677,15,16,0,0.0,0,0,0,
1,4.0,1.0,257.1987390325071,64.29968475812677,30,16,0,0.0,0,0,0,
1,4.0,1.0,257.1987390325071,64.29968475812677,60,16,0,0.0,0,0,0,
1,4.0,1.5,257.1987390325071,96.44952713719016,15,16,0,0.0,0,0,0,
1,4.0,1.5,257.1987390325071,96.44952713719016,30,16,0,0.0,0,0,0,
1,4.0,1.5,257.1987390325071,96.44952713719016,60,16,0,0.0,0,0,0,
1,0.75,0.5,50.325837614153215,33.550558409435475,15,44,3,0.06818181818181818,1,2,0,75177516234.0
1,0.75,0.5,50.325837614153215,33.550558409435475,30,44,3,0.06818181818181818,1,2,0,75177516234.0
1,0.75,0.5,50.325837614153215,33.550558409435475,60,44,3,0.06818181818181818,1,2,0,75177516234.0
1,0.75,0.75,50.325837614153215,50.325837614153215,15,44,1,0.022727272727272728,1,0,0,273960170920.0
1,0.75,0.75,50.325837614153215,50.325837614153215,30,44,1,0.022727272727272728,1,0,0,273960170920.0
1,0.75,0.75,50.325837614153215,50.325837614153215,60,44,1,0.022727272727272728,1,0,0,273960170920.0
1,0.75,1.0,50.325837614153215,67.10111681887095,15,44,0,0.0,0,0,0,
1,0.75,1.0,50.325837614153215,67.10111681887095,30,44,0,0.0,0,0,0,
1,0.75,1.0,50.325837614153215,67.10111681887095,60,44,0,0.0,0,0,0,
1,0.75,1.5,50.325837614153215,100.65167522830643,15,44,0,0.0,0,0,0,
1,0.75,1.5,50.325837614153215,100.65167522830643,30,44,0,0.0,0,0,0,
1,0.75,1.5,50.325837614153215,100.65167522830643,60,44,0,0.0,0,0,0,
1,1.0,0.5,67.10111681887095,33.550558409435475,15,44,2,0.045454545454545456,1,1,0,140524553161.0
1,1.0,0.5,67.10111681887095,33.550558409435475,30,44,2,0.045454545454545456,1,1,0,140524553161.0
1,1.0,0.5,67.10111681887095,33.550558409435475,60,44,2,0.045454545454545456,1,1,0,140524553161.0
1,1.0,0.75,67.10111681887095,50.325837614153215,15,44,2,0.045454545454545456,2,0,0,196115014414.0
1,1.0,0.75,67.10111681887095,50.325837614153215,30,44,2,0.045454545454545456,2,0,0,196115014414.0
1,1.0,0.75,67.10111681887095,50.325837614153215,60,44,2,0.045454545454545456,2,0,0,196115014414.0
1,1.0,1.0,67.10111681887095,67.10111681887095,15,44,1,0.022727272727272728,1,0,0,121651990906.0
1,1.0,1.0,67.10111681887095,67.10111681887095,30,44,1,0.022727272727272728,1,0,0,121651990906.0
1,1.0,1.0,67.10111681887095,67.10111681887095,60,44,1,0.022727272727272728,1,0,0,121651990906.0
1,1.0,1.5,67.10111681887095,100.65167522830643,15,44,0,0.0,0,0,0,
1,1.0,1.5,67.10111681887095,100.65167522830643,30,44,0,0.0,0,0,0,
1,1.0,1.5,67.10111681887095,100.65167522830643,60,44,0,0.0,0,0,0,
1,1.5,0.5,100.65167522830643,33.550558409435475,15,44,0,0.0,0,0,0,
1,1.5,0.5,100.65167522830643,33.550558409435475,30,44,0,0.0,0,0,0,
1,1.5,0.5,100.65167522830643,33.550558409435475,60,44,0,0.0,0,0,0,
1,1.5,0.75,100.65167522830643,50.325837614153215,15,44,0,0.0,0,0,0,
1,1.5,0.75,100.65167522830643,50.325837614153215,30,44,0,0.0,0,0,0,
1,1.5,0.75,100.65167522830643,50.325837614153215,60,44,0,0.0,0,0,0,
1,1.5,1.0,100.65167522830643,67.10111681887095,15,44,0,0.0,0,0,0,
1,1.5,1.0,100.65167522830643,67.10111681887095,30,44,0,0.0,0,0,0,
1,1.5,1.0,100.65167522830643,67.10111681887095,60,44,0,0.0,0,0,0,
1,1.5,1.5,100.65167522830643,100.65167522830643,15,44,0,0.0,0,0,0,
1,1.5,1.5,100.65167522830643,100.65167522830643,30,44,0,0.0,0,0,0,
1,1.5,1.5,100.65167522830643,100.65167522830643,60,44,0,0.0,0,0,0,
1,2.0,0.5,134.2022336377419,33.550558409435475,15,44,0,0.0,0,0,0,
1,2.0,0.5,134.2022336377419,33.550558409435475,30,44,0,0.0,0,0,0,
1,2.0,0.5,134.2022336377419,33.550558409435475,60,44,0,0.0,0,0,0,
1,2.0,0.75,134.2022336377419,50.325837614153215,15,44,0,0.0,0,0,0,
1,2.0,0.75,134.2022336377419,50.325837614153215,30,44,0,0.0,0,0,0,
1,2.0,0.75,134.2022336377419,50.325837614153215,60,44,0,0.0,0,0,0,
1,2.0,1.0,134.2022336377419,67.10111681887095,15,44,0,0.0,0,0,0,
1,2.0,1.0,134.2022336377419,67.10111681887095,30,44,0,0.0,0,0,0,
1,2.0,1.0,134.2022336377419,67.10111681887095,60,44,0,0.0,0,0,0,
1,2.0,1.5,134.2022336377419,100.65167522830643,15,44,0,0.0,0,0,0,
1,2.0,1.5,134.2022336377419,100.65167522830643,30,44,0,0.0,0,0,0,
1,2.0,1.5,134.2022336377419,100.65167522830643,60,44,0,0.0,0,0,0,
1,3.0,0.5,201.30335045661286,33.550558409435475,15,44,0,0.0,0,0,0,
1,3.0,0.5,201.30335045661286,33.550558409435475,30,44,0,0.0,0,0,0,
1,3.0,0.5,201.30335045661286,33.550558409435475,60,44,0,0.0,0,0,0,
1,3.0,0.75,201.30335045661286,50.325837614153215,15,44,0,0.0,0,0,0,
1,3.0,0.75,201.30335045661286,50.325837614153215,30,44,0,0.0,0,0,0,
1,3.0,0.75,201.30335045661286,50.325837614153215,60,44,0,0.0,0,0,0,
1,3.0,1.0,201.30335045661286,67.10111681887095,15,44,0,0.0,0,0,0,
1,3.0,1.0,201.30335045661286,67.10111681887095,30,44,0,0.0,0,0,0,
1,3.0,1.0,201.30335045661286,67.10111681887095,60,44,0,0.0,0,0,0,
1,3.0,1.5,201.30335045661286,100.65167522830643,15,44,0,0.0,0,0,0,
1,3.0,1.5,201.30335045661286,100.65167522830643,30,44,0,0.0,0,0,0,
1,3.0,1.5,201.30335045661286,100.65167522830643,60,44,0,0.0,0,0,0,
1,4.0,0.5,268.4044672754838,33.550558409435475,15,44,0,0.0,0,0,0,
1,4.0,0.5,268.4044672754838,33.550558409435475,30,44,0,0.0,0,0,0,
1,4.0,0.5,268.4044672754838,33.550558409435475,60,44,0,0.0,0,0,0,
1,4.0,0.75,268.4044672754838,50.325837614153215,15,44,0,0.0,0,0,0,
1,4.0,0.75,268.4044672754838,50.325837614153215,30,44,0,0.0,0,0,0,
1,4.0,0.75,268.4044672754838,50.325837614153215,60,44,0,0.0,0,0,0,
1,4.0,1.0,268.4044672754838,67.10111681887095,15,44,0,0.0,0,0,0,
1,4.0,1.0,268.4044672754838,67.10111681887095,30,44,0,0.0,0,0,0,
1,4.0,1.0,268.4044672754838,67.10111681887095,60,44,0,0.0,0,0,0,
1,4.0,1.5,268.4044672754838,100.65167522830643,15,44,0,0.0,0,0,0,
1,4.0,1.5,268.4044672754838,100.65167522830643,30,44,0,0.0,0,0,0,
1,4.0,1.5,268.4044672754838,100.65167522830643,60,44,0,0.0,0,0,0,
1,0.75,0.5,45.840316168968144,30.560210779312097,15,18,0,0.0,0,0,0,
1,0.75,0.5,45.840316168968144,30.560210779312097,30,18,0,0.0,0,0,0,
1,0.75,0.5,45.840316168968144,30.560210779312097,60,18,0,0.0,0,0,0,
1,0.75,0.75,45.840316168968144,45.840316168968144,15,18,0,0.0,0,0,0,
1,0.75,0.75,45.840316168968144,45.840316168968144,30,18,0,0.0,0,0,0,
1,0.75,0.75,45.840316168968144,45.840316168968144,60,18,0,0.0,0,0,0,
1,0.75,1.0,45.840316168968144,61.120421558624194,15,18,0,0.0,0,0,0,
1,0.75,1.0,45.840316168968144,61.120421558624194,30,18,0,0.0,0,0,0,
1,0.75,1.0,45.840316168968144,61.120421558624194,60,18,0,0.0,0,0,0,
1,0.75,1.5,45.840316168968144,91.68063233793629,15,18,0,0.0,0,0,0,
1,0.75,1.5,45.840316168968144,91.68063233793629,30,18,0,0.0,0,0,0,
1,0.75,1.5,45.840316168968144,91.68063233793629,60,18,0,0.0,0,0,0,
1,1.0,0.5,61.120421558624194,30.560210779312097,15,18,0,0.0,0,0,0,
1,1.0,0.5,61.120421558624194,30.560210779312097,30,18,0,0.0,0,0,0,
1,1.0,0.5,61.120421558624194,30.560210779312097,60,18,0,0.0,0,0,0,
1,1.0,0.75,61.120421558624194,45.840316168968144,15,18,0,0.0,0,0,0,
1,1.0,0.75,61.120421558624194,45.840316168968144,30,18,0,0.0,0,0,0,
1,1.0,0.75,61.120421558624194,45.840316168968144,60,18,0,0.0,0,0,0,
1,1.0,1.0,61.120421558624194,61.120421558624194,15,18,0,0.0,0,0,0,
1,1.0,1.0,61.120421558624194,61.120421558624194,30,18,0,0.0,0,0,0,
1,1.0,1.0,61.120421558624194,61.120421558624194,60,18,0,0.0,0,0,0,
1,1.0,1.5,61.120421558624194,91.68063233793629,15,18,0,0.0,0,0,0,
1,1.0,1.5,61.120421558624194,91.68063233793629,30,18,0,0.0,0,0,0,
1,1.0,1.5,61.120421558624194,91.68063233793629,60,18,0,0.0,0,0,0,
1,1.5,0.5,91.68063233793629,30.560210779312097,15,18,0,0.0,0,0,0,
1,1.5,0.5,91.68063233793629,30.560210779312097,30,18,0,0.0,0,0,0,
1,1.5,0.5,91.68063233793629,30.560210779312097,60,18,0,0.0,0,0,0,
1,1.5,0.75,91.68063233793629,45.840316168968144,15,18,0,0.0,0,0,0,
1,1.5,0.75,91.68063233793629,45.840316168968144,30,18,0,0.0,0,0,0,
1,1.5,0.75,91.68063233793629,45.840316168968144,60,18,0,0.0,0,0,0,
1,1.5,1.0,91.68063233793629,61.120421558624194,15,18,0,0.0,0,0,0,
1,1.5,1.0,91.68063233793629,61.120421558624194,30,18,0,0.0,0,0,0,
1,1.5,1.0,91.68063233793629,61.120421558624194,60,18,0,0.0,0,0,0,
1,1.5,1.5,91.68063233793629,91.68063233793629,15,18,0,0.0,0,0,0,
1,1.5,1.5,91.68063233793629,91.68063233793629,30,18,0,0.0,0,0,0,
1,1.5,1.5,91.68063233793629,91.68063233793629,60,18,0,0.0,0,0,0,
1,2.0,0.5,122.24084311724839,30.560210779312097,15,18,0,0.0,0,0,0,
1,2.0,0.5,122.24084311724839,30.560210779312097,30,18,0,0.0,0,0,0,
1,2.0,0.5,122.24084311724839,30.560210779312097,60,18,0,0.0,0,0,0,
1,2.0,0.75,122.24084311724839,45.840316168968144,15,18,0,0.0,0,0,0,
1,2.0,0.75,122.24084311724839,45.840316168968144,30,18,0,0.0,0,0,0,
1,2.0,0.75,122.24084311724839,45.840316168968144,60,18,0,0.0,0,0,0,
1,2.0,1.0,122.24084311724839,61.120421558624194,15,18,0,0.0,0,0,0,
1,2.0,1.0,122.24084311724839,61.120421558624194,30,18,0,0.0,0,0,0,
1,2.0,1.0,122.24084311724839,61.120421558624194,60,18,0,0.0,0,0,0,
1,2.0,1.5,122.24084311724839,91.68063233793629,15,18,0,0.0,0,0,0,
1,2.0,1.5,122.24084311724839,91.68063233793629,30,18,0,0.0,0,0,0,
1,2.0,1.5,122.24084311724839,91.68063233793629,60,18,0,0.0,0,0,0,
1,3.0,0.5,183.36126467587258,30.560210779312097,15,18,0,0.0,0,0,0,
1,3.0,0.5,183.36126467587258,30.560210779312097,30,18,0,0.0,0,0,0,
1,3.0,0.5,183.36126467587258,30.560210779312097,60,18,0,0.0,0,0,0,
1,3.0,0.75,183.36126467587258,45.840316168968144,15,18,0,0.0,0,0,0,
1,3.0,0.75,183.36126467587258,45.840316168968144,30,18,0,0.0,0,0,0,
1,3.0,0.75,183.36126467587258,45.840316168968144,60,18,0,0.0,0,0,0,
1,3.0,1.0,183.36126467587258,61.120421558624194,15,18,0,0.0,0,0,0,
1,3.0,1.0,183.36126467587258,61.120421558624194,30,18,0,0.0,0,0,0,
1,3.0,1.0,183.36126467587258,61.120421558624194,60,18,0,0.0,0,0,0,
1,3.0,1.5,183.36126467587258,91.68063233793629,15,18,0,0.0,0,0,0,
1,3.0,1.5,183.36126467587258,91.68063233793629,30,18,0,0.0,0,0,0,
1,3.0,1.5,183.36126467587258,91.68063233793629,60,18,0,0.0,0,0,0,
1,4.0,0.5,244.48168623449678,30.560210779312097,15,18,0,0.0,0,0,0,
1,4.0,0.5,244.48168623449678,30.560210779312097,30,18,0,0.0,0,0,0,
1,4.0,0.5,244.48168623449678,30.560210779312097,60,18,0,0.0,0,0,0,
1,4.0,0.75,244.48168623449678,45.840316168968144,15,18,0,0.0,0,0,0,
1,4.0,0.75,244.48168623449678,45.840316168968144,30,18,0,0.0,0,0,0,
1,4.0,0.75,244.48168623449678,45.840316168968144,60,18,0,0.0,0,0,0,
1,4.0,1.0,244.48168623449678,61.120421558624194,15,18,0,0.0,0,0,0,
1,4.0,1.0,244.48168623449678,61.120421558624194,30,18,0,0.0,0,0,0,
1,4.0,1.0,244.48168623449678,61.120421558624194,60,18,0,0.0,0,0,0,
1,4.0,1.5,244.48168623449678,91.68063233793629,15,18,0,0.0,0,0,0,
1,4.0,1.5,244.48168623449678,91.68063233793629,30,18,0,0.0,0,0,0,
1,4.0,1.5,244.48168623449678,91.68063233793629,60,18,0,0.0,0,0,0,
1,0.75,0.5,49.73177477653489,33.15451651768993,15,3,0,0.0,0,0,0,
1,0.75,0.5,49.73177477653489,33.15451651768993,30,3,0,0.0,0,0,0,
1,0.75,0.5,49.73177477653489,33.15451651768993,60,3,0,0.0,0,0,0,
1,0.75,0.75,49.73177477653489,49.73177477653489,15,3,0,0.0,0,0,0,
1,0.75,0.75,49.73177477653489,49.73177477653489,30,3,0,0.0,0,0,0,
1,0.75,0.75,49.73177477653489,49.73177477653489,60,3,0,0.0,0,0,0,
1,0.75,1.0,49.73177477653489,66.30903303537985,15,3,0,0.0,0,0,0,
1,0.75,1.0,49.73177477653489,66.30903303537985,30,3,0,0.0,0,0,0,
1,0.75,1.0,49.73177477653489,66.30903303537985,60,3,0,0.0,0,0,0,
1,0.75,1.5,49.73177477653489,99.46354955306978,15,3,0,0.0,0,0,0,
1,0.75,1.5,49.73177477653489,99.46354955306978,30,3,0,0.0,0,0,0,
1,0.75,1.5,49.73177477653489,99.46354955306978,60,3,0,0.0,0,0,0,
1,1.0,0.5,66.30903303537985,33.15451651768993,15,3,0,0.0,0,0,0,
1,1.0,0.5,66.30903303537985,33.15451651768993,30,3,0,0.0,0,0,0,
1,1.0,0.5,66.30903303537985,33.15451651768993,60,3,0,0.0,0,0,0,
1,1.0,0.75,66.30903303537985,49.73177477653489,15,3,0,0.0,0,0,0,
1,1.0,0.75,66.30903303537985,49.73177477653489,30,3,0,0.0,0,0,0,
1,1.0,0.75,66.30903303537985,49.73177477653489,60,3,0,0.0,0,0,0,
1,1.0,1.0,66.30903303537985,66.30903303537985,15,3,0,0.0,0,0,0,
1,1.0,1.0,66.30903303537985,66.30903303537985,30,3,0,0.0,0,0,0,
1,1.0,1.0,66.30903303537985,66.30903303537985,60,3,0,0.0,0,0,0,
1,1.0,1.5,66.30903303537985,99.46354955306978,15,3,0,0.0,0,0,0,
1,1.0,1.5,66.30903303537985,99.46354955306978,30,3,0,0.0,0,0,0,
1,1.0,1.5,66.30903303537985,99.46354955306978,60,3,0,0.0,0,0,0,
1,1.5,0.5,99.46354955306978,33.15451651768993,15,3,0,0.0,0,0,0,
1,1.5,0.5,99.46354955306978,33.15451651768993,30,3,0,0.0,0,0,0,
1,1.5,0.5,99.46354955306978,33.15451651768993,60,3,0,0.0,0,0,0,
1,1.5,0.75,99.46354955306978,49.73177477653489,15,3,0,0.0,0,0,0,
1,1.5,0.75,99.46354955306978,49.73177477653489,30,3,0,0.0,0,0,0,
1,1.5,0.75,99.46354955306978,49.73177477653489,60,3,0,0.0,0,0,0,
1,1.5,1.0,99.46354955306978,66.30903303537985,15,3,0,0.0,0,0,0,
1,1.5,1.0,99.46354955306978,66.30903303537985,30,3,0,0.0,0,0,0,
1,1.5,1.0,99.46354955306978,66.30903303537985,60,3,0,0.0,0,0,0,
1,1.5,1.5,99.46354955306978,99.46354955306978,15,3,0,0.0,0,0,0,
1,1.5,1.5,99.46354955306978,99.46354955306978,30,3,0,0.0,0,0,0,
1,1.5,1.5,99.46354955306978,99.46354955306978,60,3,0,0.0,0,0,0,
1,2.0,0.5,132.6180660707597,33.15451651768993,15,3,0,0.0,0,0,0,
1,2.0,0.5,132.6180660707597,33.15451651768993,30,3,0,0.0,0,0,0,
1,2.0,0.5,132.6180660707597,33.15451651768993,60,3,0,0.0,0,0,0,
1,2.0,0.75,132.6180660707597,49.73177477653489,15,3,0,0.0,0,0,0,
1,2.0,0.75,132.6180660707597,49.73177477653489,30,3,0,0.0,0,0,0,
1,2.0,0.75,132.6180660707597,49.73177477653489,60,3,0,0.0,0,0,0,
1,2.0,1.0,132.6180660707597,66.30903303537985,15,3,0,0.0,0,0,0,
1,2.0,1.0,132.6180660707597,66.30903303537985,30,3,0,0.0,0,0,0,
1,2.0,1.0,132.6180660707597,66.30903303537985,60,3,0,0.0,0,0,0,
1,2.0,1.5,132.6180660707597,99.46354955306978,15,3,0,0.0,0,0,0,
1,2.0,1.5,132.6180660707597,99.46354955306978,30,3,0,0.0,0,0,0,
1,2.0,1.5,132.6180660707597,99.46354955306978,60,3,0,0.0,0,0,0,
1,3.0,0.5,198.92709910613956,33.15451651768993,15,3,0,0.0,0,0,0,
1,3.0,0.5,198.92709910613956,33.15451651768993,30,3,0,0.0,0,0,0,
1,3.0,0.5,198.92709910613956,33.15451651768993,60,3,0,0.0,0,0,0,
1,3.0,0.75,198.92709910613956,49.73177477653489,15,3,0,0.0,0,0,0,
1,3.0,0.75,198.92709910613956,49.73177477653489,30,3,0,0.0,0,0,0,
1,3.0,0.75,198.92709910613956,49.73177477653489,60,3,0,0.0,0,0,0,
1,3.0,1.0,198.92709910613956,66.30903303537985,15,3,0,0.0,0,0,0,
1,3.0,1.0,198.92709910613956,66.30903303537985,30,3,0,0.0,0,0,0,
1,3.0,1.0,198.92709910613956,66.30903303537985,60,3,0,0.0,0,0,0,
1,3.0,1.5,198.92709910613956,99.46354955306978,15,3,0,0.0,0,0,0,
1,3.0,1.5,198.92709910613956,99.46354955306978,30,3,0,0.0,0,0,0,
1,3.0,1.5,198.92709910613956,99.46354955306978,60,3,0,0.0,0,0,0,
1,4.0,0.5,265.2361321415194,33.15451651768993,15,3,0,0.0,0,0,0,
1,4.0,0.5,265.2361321415194,33.15451651768993,30,3,0,0.0,0,0,0,
1,4.0,0.5,265.2361321415194,33.15451651768993,60,3,0,0.0,0,0,0,
1,4.0,0.75,265.2361321415194,49.73177477653489,15,3,0,0.0,0,0,0,
1,4.0,0.75,265.2361321415194,49.73177477653489,30,3,0,0.0,0,0,0,
1,4.0,0.75,265.2361321415194,49.73177477653489,60,3,0,0.0,0,0,0,
1,4.0,1.0,265.2361321415194,66.30903303537985,15,3,0,0.0,0,0,0,
1,4.0,1.0,265.2361321415194,66.30903303537985,30,3,0,0.0,0,0,0,
1,4.0,1.0,265.2361321415194,66.30903303537985,60,3,0,0.0,0,0,0,
1,4.0,1.5,265.2361321415194,99.46354955306978,15,3,0,0.0,0,0,0,
1,4.0,1.5,265.2361321415194,99.46354955306978,30,3,0,0.0,0,0,0,
1,4.0,1.5,265.2361321415194,99.46354955306978,60,3,0,0.0,0,0,0,
1,0.75,0.5,56.5832975854887,37.7221983903258,15,123,9,0.07317073170731707,3,6,0,174479006396.0
1,0.75,0.5,56.5832975854887,37.7221983903258,30,123,9,0.07317073170731707,3,6,0,174479006396.0
1,0.75,0.5,56.5832975854887,37.7221983903258,60,123,9,0.07317073170731707,3,6,0,174479006396.0
1,0.75,0.75,56.5832975854887,56.5832975854887,15,123,7,0.056910569105691054,3,4,0,231066990948.0
1,0.75,0.75,56.5832975854887,56.5832975854887,30,123,8,0.06504065040650407,3,5,0,243982664019.0
1,0.75,0.75,56.5832975854887,56.5832975854887,60,123,8,0.06504065040650407,3,5,0,243982664019.0
1,0.75,1.0,56.5832975854887,75.4443967806516,15,123,3,0.024390243902439025,1,2,0,246659379216.0
1,0.75,1.0,56.5832975854887,75.4443967806516,30,123,4,0.032520325203252036,1,3,0,261848735836.0
1,0.75,1.0,56.5832975854887,75.4443967806516,60,123,4,0.032520325203252036,1,3,0,261848735836.0
1,0.75,1.5,56.5832975854887,113.1665951709774,15,123,0,0.0,0,0,0,
1,0.75,1.5,56.5832975854887,113.1665951709774,30,123,0,0.0,0,0,0,
1,0.75,1.5,56.5832975854887,113.1665951709774,60,123,0,0.0,0,0,0,
1,1.0,0.5,75.4443967806516,37.7221983903258,15,123,5,0.04065040650406504,1,4,0,196716457062.0
1,1.0,0.5,75.4443967806516,37.7221983903258,30,123,5,0.04065040650406504,1,4,0,196716457062.0
1,1.0,0.5,75.4443967806516,37.7221983903258,60,123,5,0.04065040650406504,1,4,0,196716457062.0
1,1.0,0.75,75.4443967806516,56.5832975854887,15,123,2,0.016260162601626018,0,2,0,227640874109.0
1,1.0,0.75,75.4443967806516,56.5832975854887,30,123,2,0.016260162601626018,0,2,0,227640874109.0
1,1.0,0.75,75.4443967806516,56.5832975854887,60,123,2,0.016260162601626018,0,2,0,227640874109.0
1,1.0,1.0,75.4443967806516,75.4443967806516,15,123,1,0.008130081300813009,0,1,0,185520951210.0
1,1.0,1.0,75.4443967806516,75.4443967806516,30,123,1,0.008130081300813009,0,1,0,185520951210.0
1,1.0,1.0,75.4443967806516,75.4443967806516,60,123,1,0.008130081300813009,0,1,0,185520951210.0
1,1.0,1.5,75.4443967806516,113.1665951709774,15,123,0,0.0,0,0,0,
1,1.0,1.5,75.4443967806516,113.1665951709774,30,123,0,0.0,0,0,0,
1,1.0,1.5,75.4443967806516,113.1665951709774,60,123,0,0.0,0,0,0,
1,1.5,0.5,113.1665951709774,37.7221983903258,15,123,0,0.0,0,0,0,
1,1.5,0.5,113.1665951709774,37.7221983903258,30,123,0,0.0,0,0,0,
1,1.5,0.5,113.1665951709774,37.7221983903258,60,123,0,0.0,0,0,0,
1,1.5,0.75,113.1665951709774,56.5832975854887,15,123,0,0.0,0,0,0,
1,1.5,0.75,113.1665951709774,56.5832975854887,30,123,0,0.0,0,0,0,
1,1.5,0.75,113.1665951709774,56.5832975854887,60,123,0,0.0,0,0,0,
1,1.5,1.0,113.1665951709774,75.4443967806516,15,123,0,0.0,0,0,0,
1,1.5,1.0,113.1665951709774,75.4443967806516,30,123,0,0.0,0,0,0,
1,1.5,1.0,113.1665951709774,75.4443967806516,60,123,0,0.0,0,0,0,
1,1.5,1.5,113.1665951709774,113.1665951709774,15,123,0,0.0,0,0,0,
1,1.5,1.5,113.1665951709774,113.1665951709774,30,123,0,0.0,0,0,0,
1,1.5,1.5,113.1665951709774,113.1665951709774,60,123,0,0.0,0,0,0,
1,2.0,0.5,150.8887935613032,37.7221983903258,15,123,0,0.0,0,0,0,
1,2.0,0.5,150.8887935613032,37.7221983903258,30,123,0,0.0,0,0,0,
1,2.0,0.5,150.8887935613032,37.7221983903258,60,123,0,0.0,0,0,0,
1,2.0,0.75,150.8887935613032,56.5832975854887,15,123,0,0.0,0,0,0,
1,2.0,0.75,150.8887935613032,56.5832975854887,30,123,0,0.0,0,0,0,
1,2.0,0.75,150.8887935613032,56.5832975854887,60,123,0,0.0,0,0,0,
1,2.0,1.0,150.8887935613032,75.4443967806516,15,123,0,0.0,0,0,0,
1,2.0,1.0,150.8887935613032,75.4443967806516,30,123,0,0.0,0,0,0,
1,2.0,1.0,150.8887935613032,75.4443967806516,60,123,0,0.0,0,0,0,
1,2.0,1.5,150.8887935613032,113.1665951709774,15,123,0,0.0,0,0,0,
1,2.0,1.5,150.8887935613032,113.1665951709774,30,123,0,0.0,0,0,0,
1,2.0,1.5,150.8887935613032,113.1665951709774,60,123,0,0.0,0,0,0,
1,3.0,0.5,226.3331903419548,37.7221983903258,15,123,0,0.0,0,0,0,
1,3.0,0.5,226.3331903419548,37.7221983903258,30,123,0,0.0,0,0,0,
1,3.0,0.5,226.3331903419548,37.7221983903258,60,123,0,0.0,0,0,0,
1,3.0,0.75,226.3331903419548,56.5832975854887,15,123,0,0.0,0,0,0,
1,3.0,0.75,226.3331903419548,56.5832975854887,30,123,0,0.0,0,0,0,
1,3.0,0.75,226.3331903419548,56.5832975854887,60,123,0,0.0,0,0,0,
1,3.0,1.0,226.3331903419548,75.4443967806516,15,123,0,0.0,0,0,0,
1,3.0,1.0,226.3331903419548,75.4443967806516,30,123,0,0.0,0,0,0,
1,3.0,1.0,226.3331903419548,75.4443967806516,60,123,0,0.0,0,0,0,
1,3.0,1.5,226.3331903419548,113.1665951709774,15,123,0,0.0,0,0,0,
1,3.0,1.5,226.3331903419548,113.1665951709774,30,123,0,0.0,0,0,0,
1,3.0,1.5,226.3331903419548,113.1665951709774,60,123,0,0.0,0,0,0,
1,4.0,0.5,301.7775871226064,37.7221983903258,15,123,0,0.0,0,0,0,
1,4.0,0.5,301.7775871226064,37.7221983903258,30,123,0,0.0,0,0,0,
1,4.0,0.5,301.7775871226064,37.7221983903258,60,123,0,0.0,0,0,0,
1,4.0,0.75,301.7775871226064,56.5832975854887,15,123,0,0.0,0,0,0,
1,4.0,0.75,301.7775871226064,56.5832975854887,30,123,0,0.0,0,0,0,
1,4.0,0.75,301.7775871226064,56.5832975854887,60,123,0,0.0,0,0,0,
1,4.0,1.0,301.7775871226064,75.4443967806516,15,123,0,0.0,0,0,0,
1,4.0,1.0,301.7775871226064,75.4443967806516,30,123,0,0.0,0,0,0,
1,4.0,1.0,301.7775871226064,75.4443967806516,60,123,0,0.0,0,0,0,
1,4.0,1.5,301.7775871226064,113.1665951709774,15,123,0,0.0,0,0,0,
1,4.0,1.5,301.7775871226064,113.1665951709774,30,123,0,0.0,0,0,0,
1,4.0,1.5,301.7775871226064,113.1665951709774,60,123,0,0.0,0,0,0,
1,0.75,0.5,47.81553031218905,31.87702020812603,15,43,1,0.023255813953488372,0,1,0,34072010196.0
1,0.75,0.5,47.81553031218905,31.87702020812603,30,43,1,0.023255813953488372,0,1,0,34072010196.0
1,0.75,0.5,47.81553031218905,31.87702020812603,60,43,1,0.023255813953488372,0,1,0,34072010196.0
1,0.75,0.75,47.81553031218905,47.81553031218905,15,43,0,0.0,0,0,0,
1,0.75,0.75,47.81553031218905,47.81553031218905,30,43,0,0.0,0,0,0,
1,0.75,0.75,47.81553031218905,47.81553031218905,60,43,0,0.0,0,0,0,
1,0.75,1.0,47.81553031218905,63.75404041625206,15,43,0,0.0,0,0,0,
1,0.75,1.0,47.81553031218905,63.75404041625206,30,43,0,0.0,0,0,0,
1,0.75,1.0,47.81553031218905,63.75404041625206,60,43,0,0.0,0,0,0,
1,0.75,1.5,47.81553031218905,95.6310606243781,15,43,0,0.0,0,0,0,
1,0.75,1.5,47.81553031218905,95.6310606243781,30,43,0,0.0,0,0,0,
1,0.75,1.5,47.81553031218905,95.6310606243781,60,43,0,0.0,0,0,0,
1,1.0,0.5,63.75404041625206,31.87702020812603,15,43,1,0.023255813953488372,0,1,0,49245899284.0
1,1.0,0.5,63.75404041625206,31.87702020812603,30,43,1,0.023255813953488372,0,1,0,49245899284.0
1,1.0,0.5,63.75404041625206,31.87702020812603,60,43,1,0.023255813953488372,0,1,0,49245899284.0
1,1.0,0.75,63.75404041625206,47.81553031218905,15,43,0,0.0,0,0,0,
1,1.0,0.75,63.75404041625206,47.81553031218905,30,43,0,0.0,0,0,0,
1,1.0,0.75,63.75404041625206,47.81553031218905,60,43,0,0.0,0,0,0,
1,1.0,1.0,63.75404041625206,63.75404041625206,15,43,0,0.0,0,0,0,
1,1.0,1.0,63.75404041625206,63.75404041625206,30,43,0,0.0,0,0,0,
1,1.0,1.0,63.75404041625206,63.75404041625206,60,43,0,0.0,0,0,0,
1,1.0,1.5,63.75404041625206,95.6310606243781,15,43,0,0.0,0,0,0,
1,1.0,1.5,63.75404041625206,95.6310606243781,30,43,0,0.0,0,0,0,
1,1.0,1.5,63.75404041625206,95.6310606243781,60,43,0,0.0,0,0,0,
1,1.5,0.5,95.6310606243781,31.87702020812603,15,43,1,0.023255813953488372,0,1,0,138318482654.0
1,1.5,0.5,95.6310606243781,31.87702020812603,30,43,1,0.023255813953488372,0,1,0,138318482654.0
1,1.5,0.5,95.6310606243781,31.87702020812603,60,43,1,0.023255813953488372,0,1,0,138318482654.0
1,1.5,0.75,95.6310606243781,47.81553031218905,15,43,0,0.0,0,0,0,
1,1.5,0.75,95.6310606243781,47.81553031218905,30,43,0,0.0,0,0,0,
1,1.5,0.75,95.6310606243781,47.81553031218905,60,43,0,0.0,0,0,0,
1,1.5,1.0,95.6310606243781,63.75404041625206,15,43,0,0.0,0,0,0,
1,1.5,1.0,95.6310606243781,63.75404041625206,30,43,0,0.0,0,0,0,
1,1.5,1.0,95.6310606243781,63.75404041625206,60,43,0,0.0,0,0,0,
1,1.5,1.5,95.6310606243781,95.6310606243781,15,43,0,0.0,0,0,0,
1,1.5,1.5,95.6310606243781,95.6310606243781,30,43,0,0.0,0,0,0,
1,1.5,1.5,95.6310606243781,95.6310606243781,60,43,0,0.0,0,0,0,
1,2.0,0.5,127.50808083250412,31.87702020812603,15,43,1,0.023255813953488372,0,1,0,203713331228.0
1,2.0,0.5,127.50808083250412,31.87702020812603,30,43,1,0.023255813953488372,0,1,0,203713331228.0
1,2.0,0.5,127.50808083250412,31.87702020812603,60,43,1,0.023255813953488372,0,1,0,203713331228.0
1,2.0,0.75,127.50808083250412,47.81553031218905,15,43,0,0.0,0,0,0,
1,2.0,0.75,127.50808083250412,47.81553031218905,30,43,0,0.0,0,0,0,
1,2.0,0.75,127.50808083250412,47.81553031218905,60,43,0,0.0,0,0,0,
1,2.0,1.0,127.50808083250412,63.75404041625206,15,43,0,0.0,0,0,0,
1,2.0,1.0,127.50808083250412,63.75404041625206,30,43,0,0.0,0,0,0,
1,2.0,1.0,127.50808083250412,63.75404041625206,60,43,0,0.0,0,0,0,
1,2.0,1.5,127.50808083250412,95.6310606243781,15,43,0,0.0,0,0,0,
1,2.0,1.5,127.50808083250412,95.6310606243781,30,43,0,0.0,0,0,0,
1,2.0,1.5,127.50808083250412,95.6310606243781,60,43,0,0.0,0,0,0,
1,3.0,0.5,191.2621212487562,31.87702020812603,15,43,0,0.0,0,0,0,
1,3.0,0.5,191.2621212487562,31.87702020812603,30,43,0,0.0,0,0,0,
1,3.0,0.5,191.2621212487562,31.87702020812603,60,43,0,0.0,0,0,0,
1,3.0,0.75,191.2621212487562,47.81553031218905,15,43,0,0.0,0,0,0,
1,3.0,0.75,191.2621212487562,47.81553031218905,30,43,0,0.0,0,0,0,
1,3.0,0.75,191.2621212487562,47.81553031218905,60,43,0,0.0,0,0,0,
1,3.0,1.0,191.2621212487562,63.75404041625206,15,43,0,0.0,0,0,0,
1,3.0,1.0,191.2621212487562,63.75404041625206,30,43,0,0.0,0,0,0,
1,3.0,1.0,191.2621212487562,63.75404041625206,60,43,0,0.0,0,0,0,
1,3.0,1.5,191.2621212487562,95.6310606243781,15,43,0,0.0,0,0,0,
1,3.0,1.5,191.2621212487562,95.6310606243781,30,43,0,0.0,0,0,0,
1,3.0,1.5,191.2621212487562,95.6310606243781,60,43,0,0.0,0,0,0,
1,4.0,0.5,255.01616166500824,31.87702020812603,15,43,0,0.0,0,0,0,
1,4.0,0.5,255.01616166500824,31.87702020812603,30,43,0,0.0,0,0,0,
1,4.0,0.5,255.01616166500824,31.87702020812603,60,43,0,0.0,0,0,0,
1,4.0,0.75,255.01616166500824,47.81553031218905,15,43,0,0.0,0,0,0,
1,4.0,0.75,255.01616166500824,47.81553031218905,30,43,0,0.0,0,0,0,
1,4.0,0.75,255.01616166500824,47.81553031218905,60,43,0,0.0,0,0,0,
1,4.0,1.0,255.01616166500824,63.75404041625206,15,43,0,0.0,0,0,0,
1,4.0,1.0,255.01616166500824,63.75404041625206,30,43,0,0.0,0,0,0,
1,4.0,1.0,255.01616166500824,63.75404041625206,60,43,0,0.0,0,0,0,
1,4.0,1.5,255.01616166500824,95.6310606243781,15,43,0,0.0,0,0,0,
1,4.0,1.5,255.01616166500824,95.6310606243781,30,43,0,0.0,0,0,0,
1,4.0,1.5,255.01616166500824,95.6310606243781,60,43,0,0.0,0,0,0,
1,0.75,0.5,56.31419787458304,37.54279858305536,15,130,1,0.007692307692307693,0,1,0,146949254908.0
1,0.75,0.5,56.31419787458304,37.54279858305536,30,130,1,0.007692307692307693,0,1,0,146949254908.0
1,0.75,0.5,56.31419787458304,37.54279858305536,60,130,1,0.007692307692307693,0,1,0,146949254908.0
1,0.75,0.75,56.31419787458304,56.31419787458304,15,130,1,0.007692307692307693,0,1,0,147118813966.0
1,0.75,0.75,56.31419787458304,56.31419787458304,30,130,1,0.007692307692307693,0,1,0,147118813966.0
1,0.75,0.75,56.31419787458304,56.31419787458304,60,130,1,0.007692307692307693,0,1,0,147118813966.0
1,0.75,1.0,56.31419787458304,75.08559716611072,15,130,0,0.0,0,0,0,
1,0.75,1.0,56.31419787458304,75.08559716611072,30,130,0,0.0,0,0,0,
1,0.75,1.0,56.31419787458304,75.08559716611072,60,130,0,0.0,0,0,0,
1,0.75,1.5,56.31419787458304,112.62839574916607,15,130,0,0.0,0,0,0,
1,0.75,1.5,56.31419787458304,112.62839574916607,30,130,0,0.0,0,0,0,
1,0.75,1.5,56.31419787458304,112.62839574916607,60,130,0,0.0,0,0,0,
1,1.0,0.5,75.08559716611072,37.54279858305536,15,130,1,0.007692307692307693,0,1,0,147103918102.0
1,1.0,0.5,75.08559716611072,37.54279858305536,30,130,1,0.007692307692307693,0,1,0,147103918102.0
1,1.0,0.5,75.08559716611072,37.54279858305536,60,130,1,0.007692307692307693,0,1,0,147103918102.0
1,1.0,0.75,75.08559716611072,56.31419787458304,15,130,1,0.007692307692307693,0,1,0,147437611426.0
1,1.0,0.75,75.08559716611072,56.31419787458304,30,130,1,0.007692307692307693,0,1,0,147437611426.0
1,1.0,0.75,75.08559716611072,56.31419787458304,60,130,1,0.007692307692307693,0,1,0,147437611426.0
1,1.0,1.0,75.08559716611072,75.08559716611072,15,130,0,0.0,0,0,0,
1,1.0,1.0,75.08559716611072,75.08559716611072,30,130,0,0.0,0,0,0,
1,1.0,1.0,75.08559716611072,75.08559716611072,60,130,0,0.0,0,0,0,
1,1.0,1.5,75.08559716611072,112.62839574916607,15,130,0,0.0,0,0,0,
1,1.0,1.5,75.08559716611072,112.62839574916607,30,130,0,0.0,0,0,0,
1,1.0,1.5,75.08559716611072,112.62839574916607,60,130,0,0.0,0,0,0,
1,1.5,0.5,112.62839574916607,37.54279858305536,15,130,1,0.007692307692307693,0,1,0,147976283428.0
1,1.5,0.5,112.62839574916607,37.54279858305536,30,130,1,0.007692307692307693,0,1,0,147976283428.0
1,1.5,0.5,112.62839574916607,37.54279858305536,60,130,1,0.007692307692307693,0,1,0,147976283428.0
1,1.5,0.75,112.62839574916607,56.31419787458304,15,130,1,0.007692307692307693,0,1,0,150169658186.0
1,1.5,0.75,112.62839574916607,56.31419787458304,30,130,1,0.007692307692307693,0,1,0,150169658186.0
1,1.5,0.75,112.62839574916607,56.31419787458304,60,130,1,0.007692307692307693,0,1,0,150169658186.0
1,1.5,1.0,112.62839574916607,75.08559716611072,15,130,0,0.0,0,0,0,
1,1.5,1.0,112.62839574916607,75.08559716611072,30,130,0,0.0,0,0,0,
1,1.5,1.0,112.62839574916607,75.08559716611072,60,130,0,0.0,0,0,0,
1,1.5,1.5,112.62839574916607,112.62839574916607,15,130,0,0.0,0,0,0,
1,1.5,1.5,112.62839574916607,112.62839574916607,30,130,0,0.0,0,0,0,
1,1.5,1.5,112.62839574916607,112.62839574916607,60,130,0,0.0,0,0,0,
1,2.0,0.5,150.17119433222143,37.54279858305536,15,130,0,0.0,0,0,0,
1,2.0,0.5,150.17119433222143,37.54279858305536,30,130,0,0.0,0,0,0,
1,2.0,0.5,150.17119433222143,37.54279858305536,60,130,0,0.0,0,0,0,
1,2.0,0.75,150.17119433222143,56.31419787458304,15,130,0,0.0,0,0,0,
1,2.0,0.75,150.17119433222143,56.31419787458304,30,130,0,0.0,0,0,0,
1,2.0,0.75,150.17119433222143,56.31419787458304,60,130,0,0.0,0,0,0,
1,2.0,1.0,150.17119433222143,75.08559716611072,15,130,0,0.0,0,0,0,
1,2.0,1.0,150.17119433222143,75.08559716611072,30,130,0,0.0,0,0,0,
1,2.0,1.0,150.17119433222143,75.08559716611072,60,130,0,0.0,0,0,0,
1,2.0,1.5,150.17119433222143,112.62839574916607,15,130,0,0.0,0,0,0,
1,2.0,1.5,150.17119433222143,112.62839574916607,30,130,0,0.0,0,0,0,
1,2.0,1.5,150.17119433222143,112.62839574916607,60,130,0,0.0,0,0,0,
1,3.0,0.5,225.25679149833215,37.54279858305536,15,130,0,0.0,0,0,0,
1,3.0,0.5,225.25679149833215,37.54279858305536,30,130,0,0.0,0,0,0,
1,3.0,0.5,225.25679149833215,37.54279858305536,60,130,0,0.0,0,0,0,
1,3.0,0.75,225.25679149833215,56.31419787458304,15,130,0,0.0,0,0,0,
1,3.0,0.75,225.25679149833215,56.31419787458304,30,130,0,0.0,0,0,0,
1,3.0,0.75,225.25679149833215,56.31419787458304,60,130,0,0.0,0,0,0,
1,3.0,1.0,225.25679149833215,75.08559716611072,15,130,0,0.0,0,0,0,
1,3.0,1.0,225.25679149833215,75.08559716611072,30,130,0,0.0,0,0,0,
1,3.0,1.0,225.25679149833215,75.08559716611072,60,130,0,0.0,0,0,0,
1,3.0,1.5,225.25679149833215,112.62839574916607,15,130,0,0.0,0,0,0,
1,3.0,1.5,225.25679149833215,112.62839574916607,30,130,0,0.0,0,0,0,
1,3.0,1.5,225.25679149833215,112.62839574916607,60,130,0,0.0,0,0,0,
1,4.0,0.5,300.34238866444286,37.54279858305536,15,130,0,0.0,0,0,0,
1,4.0,0.5,300.34238866444286,37.54279858305536,30,130,0,0.0,0,0,0,
1,4.0,0.5,300.34238866444286,37.54279858305536,60,130,0,0.0,0,0,0,
1,4.0,0.75,300.34238866444286,56.31419787458304,15,130,0,0.0,0,0,0,
1,4.0,0.75,300.34238866444286,56.31419787458304,30,130,0,0.0,0,0,0,
1,4.0,0.75,300.34238866444286,56.31419787458304,60,130,0,0.0,0,0,0,
1,4.0,1.0,300.34238866444286,75.08559716611072,15,130,0,0.0,0,0,0,
1,4.0,1.0,300.34238866444286,75.08559716611072,30,130,0,0.0,0,0,0,
1,4.0,1.0,300.34238866444286,75.08559716611072,60,130,0,0.0,0,0,0,
1,4.0,1.5,300.34238866444286,112.62839574916607,15,130,0,0.0,0,0,0,
1,4.0,1.5,300.34238866444286,112.62839574916607,30,130,0,0.0,0,0,0,
1,4.0,1.5,300.34238866444286,112.62839574916607,60,130,0,0.0,0,0,0,
1,0.75,0.5,56.47205469974512,37.64803646649675,15,177,9,0.05084745762711865,7,2,0,127475121332.0
1,0.75,0.5,56.47205469974512,37.64803646649675,30,177,9,0.05084745762711865,7,2,0,127475121332.0
1,0.75,0.5,56.47205469974512,37.64803646649675,60,177,9,0.05084745762711865,7,2,0,127475121332.0
1,0.75,0.75,56.47205469974512,56.47205469974512,15,177,5,0.02824858757062147,5,0,0,143188874212.0
1,0.75,0.75,56.47205469974512,56.47205469974512,30,177,5,0.02824858757062147,5,0,0,143188874212.0
1,0.75,0.75,56.47205469974512,56.47205469974512,60,177,5,0.02824858757062147,5,0,0,143188874212.0
1,0.75,1.0,56.47205469974512,75.2960729329935,15,177,1,0.005649717514124294,1,0,0,84349345062.0
1,0.75,1.0,56.47205469974512,75.2960729329935,30,177,1,0.005649717514124294,1,0,0,84349345062.0
1,0.75,1.0,56.47205469974512,75.2960729329935,60,177,1,0.005649717514124294,1,0,0,84349345062.0
1,0.75,1.5,56.47205469974512,112.94410939949024,15,177,1,0.005649717514124294,1,0,0,124975354984.0
1,0.75,1.5,56.47205469974512,112.94410939949024,30,177,1,0.005649717514124294,1,0,0,124975354984.0
1,0.75,1.5,56.47205469974512,112.94410939949024,60,177,1,0.005649717514124294,1,0,0,124975354984.0
1,1.0,0.5,75.2960729329935,37.64803646649675,15,177,7,0.03954802259887006,5,2,0,119208182864.0
1,1.0,0.5,75.2960729329935,37.64803646649675,30,177,7,0.03954802259887006,5,2,0,119208182864.0
1,1.0,0.5,75.2960729329935,37.64803646649675,60,177,7,0.03954802259887006,5,2,0,119208182864.0
1,1.0,0.75,75.2960729329935,56.47205469974512,15,177,4,0.022598870056497175,4,0,0,104053752846.0
1,1.0,0.75,75.2960729329935,56.47205469974512,30,177,4,0.022598870056497175,4,0,0,104053752846.0
1,1.0,0.75,75.2960729329935,56.47205469974512,60,177,4,0.022598870056497175,4,0,0,104053752846.0
1,1.0,1.0,75.2960729329935,75.2960729329935,15,177,1,0.005649717514124294,1,0,0,72518139082.0
1,1.0,1.0,75.2960729329935,75.2960729329935,30,177,1,0.005649717514124294,1,0,0,72518139082.0
1,1.0,1.0,75.2960729329935,75.2960729329935,60,177,1,0.005649717514124294,1,0,0,72518139082.0
1,1.0,1.5,75.2960729329935,112.94410939949024,15,177,1,0.005649717514124294,1,0,0,113144149004.0
1,1.0,1.5,75.2960729329935,112.94410939949024,30,177,1,0.005649717514124294,1,0,0,113144149004.0
1,1.0,1.5,75.2960729329935,112.94410939949024,60,177,1,0.005649717514124294,1,0,0,113144149004.0
1,1.5,0.5,112.94410939949024,37.64803646649675,15,177,2,0.011299435028248588,2,0,0,108438736183.0
1,1.5,0.5,112.94410939949024,37.64803646649675,30,177,2,0.011299435028248588,2,0,0,108438736183.0
1,1.5,0.5,112.94410939949024,37.64803646649675,60,177,2,0.011299435028248588,2,0,0,108438736183.0
1,1.5,0.75,112.94410939949024,56.47205469974512,15,177,2,0.011299435028248588,2,0,0,98250112865.0
1,1.5,0.75,112.94410939949024,56.47205469974512,30,177,2,0.011299435028248588,2,0,0,98250112865.0
1,1.5,0.75,112.94410939949024,56.47205469974512,60,177,2,0.011299435028248588,2,0,0,98250112865.0
1,1.5,1.0,112.94410939949024,75.2960729329935,15,177,1,0.005649717514124294,1,0,0,176060758198.0
1,1.5,1.0,112.94410939949024,75.2960729329935,30,177,1,0.005649717514124294,1,0,0,176060758198.0
1,1.5,1.0,112.94410939949024,75.2960729329935,60,177,1,0.005649717514124294,1,0,0,176060758198.0
1,1.5,1.5,112.94410939949024,112.94410939949024,15,177,0,0.0,0,0,0,
1,1.5,1.5,112.94410939949024,112.94410939949024,30,177,0,0.0,0,0,0,
1,1.5,1.5,112.94410939949024,112.94410939949024,60,177,0,0.0,0,0,0,
1,2.0,0.5,150.592145865987,37.64803646649675,15,177,0,0.0,0,0,0,
1,2.0,0.5,150.592145865987,37.64803646649675,30,177,0,0.0,0,0,0,
1,2.0,0.5,150.592145865987,37.64803646649675,60,177,0,0.0,0,0,0,
1,2.0,0.75,150.592145865987,56.47205469974512,15,177,0,0.0,0,0,0,
1,2.0,0.75,150.592145865987,56.47205469974512,30,177,0,0.0,0,0,0,
1,2.0,0.75,150.592145865987,56.47205469974512,60,177,0,0.0,0,0,0,
1,2.0,1.0,150.592145865987,75.2960729329935,15,177,0,0.0,0,0,0,
1,2.0,1.0,150.592145865987,75.2960729329935,30,177,0,0.0,0,0,0,
1,2.0,1.0,150.592145865987,75.2960729329935,60,177,0,0.0,0,0,0,
1,2.0,1.5,150.592145865987,112.94410939949024,15,177,0,0.0,0,0,0,
1,2.0,1.5,150.592145865987,112.94410939949024,30,177,0,0.0,0,0,0,
1,2.0,1.5,150.592145865987,112.94410939949024,60,177,0,0.0,0,0,0,
1,3.0,0.5,225.8882187989805,37.64803646649675,15,177,0,0.0,0,0,0,
1,3.0,0.5,225.8882187989805,37.64803646649675,30,177,0,0.0,0,0,0,
1,3.0,0.5,225.8882187989805,37.64803646649675,60,177,0,0.0,0,0,0,
1,3.0,0.75,225.8882187989805,56.47205469974512,15,177,0,0.0,0,0,0,
1,3.0,0.75,225.8882187989805,56.47205469974512,30,177,0,0.0,0,0,0,
1,3.0,0.75,225.8882187989805,56.47205469974512,60,177,0,0.0,0,0,0,
1,3.0,1.0,225.8882187989805,75.2960729329935,15,177,0,0.0,0,0,0,
1,3.0,1.0,225.8882187989805,75.2960729329935,30,177,0,0.0,0,0,0,
1,3.0,1.0,225.8882187989805,75.2960729329935,60,177,0,0.0,0,0,0,
1,3.0,1.5,225.8882187989805,112.94410939949024,15,177,0,0.0,0,0,0,
1,3.0,1.5,225.8882187989805,112.94410939949024,30,177,0,0.0,0,0,0,
1,3.0,1.5,225.8882187989805,112.94410939949024,60,177,0,0.0,0,0,0,
1,4.0,0.5,301.184291731974,37.64803646649675,15,177,0,0.0,0,0,0,
1,4.0,0.5,301.184291731974,37.64803646649675,30,177,0,0.0,0,0,0,
1,4.0,0.5,301.184291731974,37.64803646649675,60,177,0,0.0,0,0,0,
1,4.0,0.75,301.184291731974,56.47205469974512,15,177,0,0.0,0,0,0,
1,4.0,0.75,301.184291731974,56.47205469974512,30,177,0,0.0,0,0,0,
1,4.0,0.75,301.184291731974,56.47205469974512,60,177,0,0.0,0,0,0,
1,4.0,1.0,301.184291731974,75.2960729329935,15,177,0,0.0,0,0,0,
1,4.0,1.0,301.184291731974,75.2960729329935,30,177,0,0.0,0,0,0,
1,4.0,1.0,301.184291731974,75.2960729329935,60,177,0,0.0,0,0,0,
1,4.0,1.5,301.184291731974,112.94410939949024,15,177,0,0.0,0,0,0,
1,4.0,1.5,301.184291731974,112.94410939949024,30,177,0,0.0,0,0,0,
1,4.0,1.5,301.184291731974,112.94410939949024,60,177,0,0.0,0,0,0,
1,0.75,0.5,52.31289992514576,34.87526661676384,15,245,4,0.0163265306122449,1,3,0,187166359570.0
1,0.75,0.5,52.31289992514576,34.87526661676384,30,245,5,0.02040816326530612,2,3,0,172118416464.0
1,0.75,0.5,52.31289992514576,34.87526661676384,60,245,5,0.02040816326530612,2,3,0,172118416464.0
1,0.75,0.75,52.31289992514576,52.31289992514576,15,245,2,0.00816326530612245,1,1,0,181642698551.0
1,0.75,0.75,52.31289992514576,52.31289992514576,30,245,2,0.00816326530612245,1,1,0,181642698551.0
1,0.75,0.75,52.31289992514576,52.31289992514576,60,245,2,0.00816326530612245,1,1,0,181642698551.0
1,0.75,1.0,52.31289992514576,69.75053323352768,15,245,1,0.004081632653061225,1,0,0,256067363704.0
1,0.75,1.0,52.31289992514576,69.75053323352768,30,245,1,0.004081632653061225,1,0,0,256067363704.0
1,0.75,1.0,52.31289992514576,69.75053323352768,60,245,1,0.004081632653061225,1,0,0,256067363704.0
1,0.75,1.5,52.31289992514576,104.62579985029151,15,245,0,0.0,0,0,0,
1,0.75,1.5,52.31289992514576,104.62579985029151,30,245,0,0.0,0,0,0,
1,0.75,1.5,52.31289992514576,104.62579985029151,60,245,0,0.0,0,0,0,
1,1.0,0.5,69.75053323352768,34.87526661676384,15,245,3,0.012244897959183673,1,2,0,129355033584.0
1,1.0,0.5,69.75053323352768,34.87526661676384,30,245,3,0.012244897959183673,1,2,0,129355033584.0
1,1.0,0.5,69.75053323352768,34.87526661676384,60,245,3,0.012244897959183673,1,2,0,129355033584.0
1,1.0,0.75,69.75053323352768,52.31289992514576,15,245,1,0.004081632653061225,0,1,0,161331582848.0
1,1.0,0.75,69.75053323352768,52.31289992514576,30,245,1,0.004081632653061225,0,1,0,161331582848.0
1,1.0,0.75,69.75053323352768,52.31289992514576,60,245,1,0.004081632653061225,0,1,0,161331582848.0
1,1.0,1.0,69.75053323352768,69.75053323352768,15,245,0,0.0,0,0,0,
1,1.0,1.0,69.75053323352768,69.75053323352768,30,245,0,0.0,0,0,0,
1,1.0,1.0,69.75053323352768,69.75053323352768,60,245,0,0.0,0,0,0,
1,1.0,1.5,69.75053323352768,104.62579985029151,15,245,0,0.0,0,0,0,
1,1.0,1.5,69.75053323352768,104.62579985029151,30,245,0,0.0,0,0,0,
1,1.0,1.5,69.75053323352768,104.62579985029151,60,245,0,0.0,0,0,0,
1,1.5,0.5,104.62579985029151,34.87526661676384,15,245,1,0.004081632653061225,0,1,0,104556490256.0
1,1.5,0.5,104.62579985029151,34.87526661676384,30,245,1,0.004081632653061225,0,1,0,104556490256.0
1,1.5,0.5,104.62579985029151,34.87526661676384,60,245,1,0.004081632653061225,0,1,0,104556490256.0
1,1.5,0.75,104.62579985029151,52.31289992514576,15,245,0,0.0,0,0,0,
1,1.5,0.75,104.62579985029151,52.31289992514576,30,245,0,0.0,0,0,0,
1,1.5,0.75,104.62579985029151,52.31289992514576,60,245,0,0.0,0,0,0,
1,1.5,1.0,104.62579985029151,69.75053323352768,15,245,0,0.0,0,0,0,
1,1.5,1.0,104.62579985029151,69.75053323352768,30,245,0,0.0,0,0,0,
1,1.5,1.0,104.62579985029151,69.75053323352768,60,245,0,0.0,0,0,0,
1,1.5,1.5,104.62579985029151,104.62579985029151,15,245,0,0.0,0,0,0,
1,1.5,1.5,104.62579985029151,104.62579985029151,30,245,0,0.0,0,0,0,
1,1.5,1.5,104.62579985029151,104.62579985029151,60,245,0,0.0,0,0,0,
1,2.0,0.5,139.50106646705535,34.87526661676384,15,245,0,0.0,0,0,0,
1,2.0,0.5,139.50106646705535,34.87526661676384,30,245,0,0.0,0,0,0,
1,2.0,0.5,139.50106646705535,34.87526661676384,60,245,0,0.0,0,0,0,
1,2.0,0.75,139.50106646705535,52.31289992514576,15,245,0,0.0,0,0,0,
1,2.0,0.75,139.50106646705535,52.31289992514576,30,245,0,0.0,0,0,0,
1,2.0,0.75,139.50106646705535,52.31289992514576,60,245,0,0.0,0,0,0,
1,2.0,1.0,139.50106646705535,69.75053323352768,15,245,0,0.0,0,0,0,
1,2.0,1.0,139.50106646705535,69.75053323352768,30,245,0,0.0,0,0,0,
1,2.0,1.0,139.50106646705535,69.75053323352768,60,245,0,0.0,0,0,0,
1,2.0,1.5,139.50106646705535,104.62579985029151,15,245,0,0.0,0,0,0,
1,2.0,1.5,139.50106646705535,104.62579985029151,30,245,0,0.0,0,0,0,
1,2.0,1.5,139.50106646705535,104.62579985029151,60,245,0,0.0,0,0,0,
1,3.0,0.5,209.25159970058303,34.87526661676384,15,245,0,0.0,0,0,0,
1,3.0,0.5,209.25159970058303,34.87526661676384,30,245,0,0.0,0,0,0,
1,3.0,0.5,209.25159970058303,34.87526661676384,60,245,0,0.0,0,0,0,
1,3.0,0.75,209.25159970058303,52.31289992514576,15,245,0,0.0,0,0,0,
1,3.0,0.75,209.25159970058303,52.31289992514576,30,245,0,0.0,0,0,0,
1,3.0,0.75,209.25159970058303,52.31289992514576,60,245,0,0.0,0,0,0,
1,3.0,1.0,209.25159970058303,69.75053323352768,15,245,0,0.0,0,0,0,
1,3.0,1.0,209.25159970058303,69.75053323352768,30,245,0,0.0,0,0,0,
1,3.0,1.0,209.25159970058303,69.75053323352768,60,245,0,0.0,0,0,0,
1,3.0,1.5,209.25159970058303,104.62579985029151,15,245,0,0.0,0,0,0,
1,3.0,1.5,209.25159970058303,104.62579985029151,30,245,0,0.0,0,0,0,
1,3.0,1.5,209.25159970058303,104.62579985029151,60,245,0,0.0,0,0,0,
1,4.0,0.5,279.0021329341107,34.87526661676384,15,245,0,0.0,0,0,0,
1,4.0,0.5,279.0021329341107,34.87526661676384,30,245,0,0.0,0,0,0,
1,4.0,0.5,279.0021329341107,34.87526661676384,60,245,0,0.0,0,0,0,
1,4.0,0.75,279.0021329341107,52.31289992514576,15,245,0,0.0,0,0,0,
1,4.0,0.75,279.0021329341107,52.31289992514576,30,245,0,0.0,0,0,0,
1,4.0,0.75,279.0021329341107,52.31289992514576,60,245,0,0.0,0,0,0,
1,4.0,1.0,279.0021329341107,69.75053323352768,15,245,0,0.0,0,0,0,
1,4.0,1.0,279.0021329341107,69.75053323352768,30,245,0,0.0,0,0,0,
1,4.0,1.0,279.0021329341107,69.75053323352768,60,245,0,0.0,0,0,0,
1,4.0,1.5,279.0021329341107,104.62579985029151,15,245,0,0.0,0,0,0,
1,4.0,1.5,279.0021329341107,104.62579985029151,30,245,0,0.0,0,0,0,
1,4.0,1.5,279.0021329341107,104.62579985029151,60,245,0,0.0,0,0,0,
1,0.75,0.5,75.22612435615753,50.15074957077169,15,12,0,0.0,0,0,0,
1,0.75,0.5,75.22612435615753,50.15074957077169,30,9,0,0.0,0,0,0,
1,0.75,0.5,75.22612435615753,50.15074957077169,60,4,0,0.0,0,0,0,
1,0.75,0.75,75.22612435615753,75.22612435615753,15,12,0,0.0,0,0,0,
1,0.75,0.75,75.22612435615753,75.22612435615753,30,9,0,0.0,0,0,0,
1,0.75,0.75,75.22612435615753,75.22612435615753,60,4,0,0.0,0,0,0,
1,0.75,1.0,75.22612435615753,100.30149914154337,15,12,0,0.0,0,0,0,
1,0.75,1.0,75.22612435615753,100.30149914154337,30,9,0,0.0,0,0,0,
1,0.75,1.0,75.22612435615753,100.30149914154337,60,4,0,0.0,0,0,0,
1,0.75,1.5,75.22612435615753,150.45224871231505,15,12,0,0.0,0,0,0,
1,0.75,1.5,75.22612435615753,150.45224871231505,30,9,0,0.0,0,0,0,
1,0.75,1.5,75.22612435615753,150.45224871231505,60,4,0,0.0,0,0,0,
1,1.0,0.5,100.30149914154337,50.15074957077169,15,12,0,0.0,0,0,0,
1,1.0,0.5,100.30149914154337,50.15074957077169,30,9,0,0.0,0,0,0,
1,1.0,0.5,100.30149914154337,50.15074957077169,60,4,0,0.0,0,0,0,
1,1.0,0.75,100.30149914154337,75.22612435615753,15,12,0,0.0,0,0,0,
1,1.0,0.75,100.30149914154337,75.22612435615753,30,9,0,0.0,0,0,0,
1,1.0,0.75,100.30149914154337,75.22612435615753,60,4,0,0.0,0,0,0,
1,1.0,1.0,100.30149914154337,100.30149914154337,15,12,0,0.0,0,0,0,
1,1.0,1.0,100.30149914154337,100.30149914154337,30,9,0,0.0,0,0,0,
1,1.0,1.0,100.30149914154337,100.30149914154337,60,4,0,0.0,0,0,0,
1,1.0,1.5,100.30149914154337,150.45224871231505,15,12,0,0.0,0,0,0,
1,1.0,1.5,100.30149914154337,150.45224871231505,30,9,0,0.0,0,0,0,
1,1.0,1.5,100.30149914154337,150.45224871231505,60,4,0,0.0,0,0,0,
1,1.5,0.5,150.45224871231505,50.15074957077169,15,12,0,0.0,0,0,0,
1,1.5,0.5,150.45224871231505,50.15074957077169,30,9,0,0.0,0,0,0,
1,1.5,0.5,150.45224871231505,50.15074957077169,60,4,0,0.0,0,0,0,
1,1.5,0.75,150.45224871231505,75.22612435615753,15,12,0,0.0,0,0,0,
1,1.5,0.75,150.45224871231505,75.22612435615753,30,9,0,0.0,0,0,0,
1,1.5,0.75,150.45224871231505,75.22612435615753,60,4,0,0.0,0,0,0,
1,1.5,1.0,150.45224871231505,100.30149914154337,15,12,0,0.0,0,0,0,
1,1.5,1.0,150.45224871231505,100.30149914154337,30,9,0,0.0,0,0,0,
1,1.5,1.0,150.45224871231505,100.30149914154337,60,4,0,0.0,0,0,0,
1,1.5,1.5,150.45224871231505,150.45224871231505,15,12,0,0.0,0,0,0,
1,1.5,1.5,150.45224871231505,150.45224871231505,30,9,0,0.0,0,0,0,
1,1.5,1.5,150.45224871231505,150.45224871231505,60,4,0,0.0,0,0,0,
1,2.0,0.5,200.60299828308675,50.15074957077169,15,12,0,0.0,0,0,0,
1,2.0,0.5,200.60299828308675,50.15074957077169,30,9,0,0.0,0,0,0,
1,2.0,0.5,200.60299828308675,50.15074957077169,60,4,0,0.0,0,0,0,
1,2.0,0.75,200.60299828308675,75.22612435615753,15,12,0,0.0,0,0,0,
1,2.0,0.75,200.60299828308675,75.22612435615753,30,9,0,0.0,0,0,0,
1,2.0,0.75,200.60299828308675,75.22612435615753,60,4,0,0.0,0,0,0,
1,2.0,1.0,200.60299828308675,100.30149914154337,15,12,0,0.0,0,0,0,
1,2.0,1.0,200.60299828308675,100.30149914154337,30,9,0,0.0,0,0,0,
1,2.0,1.0,200.60299828308675,100.30149914154337,60,4,0,0.0,0,0,0,
1,2.0,1.5,200.60299828308675,150.45224871231505,15,12,0,0.0,0,0,0,
1,2.0,1.5,200.60299828308675,150.45224871231505,30,9,0,0.0,0,0,0,
1,2.0,1.5,200.60299828308675,150.45224871231505,60,4,0,0.0,0,0,0,
1,3.0,0.5,300.9044974246301,50.15074957077169,15,12,0,0.0,0,0,0,
1,3.0,0.5,300.9044974246301,50.15074957077169,30,9,0,0.0,0,0,0,
1,3.0,0.5,300.9044974246301,50.15074957077169,60,4,0,0.0,0,0,0,
1,3.0,0.75,300.9044974246301,75.22612435615753,15,12,0,0.0,0,0,0,
1,3.0,0.75,300.9044974246301,75.22612435615753,30,9,0,0.0,0,0,0,
1,3.0,0.75,300.9044974246301,75.22612435615753,60,4,0,0.0,0,0,0,
1,3.0,1.0,300.9044974246301,100.30149914154337,15,12,0,0.0,0,0,0,
1,3.0,1.0,300.9044974246301,100.30149914154337,30,9,0,0.0,0,0,0,
1,3.0,1.0,300.9044974246301,100.30149914154337,60,4,0,0.0,0,0,0,
1,3.0,1.5,300.9044974246301,150.45224871231505,15,12,0,0.0,0,0,0,
1,3.0,1.5,300.9044974246301,150.45224871231505,30,9,0,0.0,0,0,0,
1,3.0,1.5,300.9044974246301,150.45224871231505,60,4,0,0.0,0,0,0,
1,4.0,0.5,401.2059965661735,50.15074957077169,15,12,0,0.0,0,0,0,
1,4.0,0.5,401.2059965661735,50.15074957077169,30,9,0,0.0,0,0,0,
1,4.0,0.5,401.2059965661735,50.15074957077169,60,4,0,0.0,0,0,0,
1,4.0,0.75,401.2059965661735,75.22612435615753,15,12,0,0.0,0,0,0,
1,4.0,0.75,401.2059965661735,75.22612435615753,30,9,0,0.0,0,0,0,
1,4.0,0.75,401.2059965661735,75.22612435615753,60,4,0,0.0,0,0,0,
1,4.0,1.0,401.2059965661735,100.30149914154337,15,12,0,0.0,0,0,0,
1,4.0,1.0,401.2059965661735,100.30149914154337,30,9,0,0.0,0,0,0,
1,4.0,1.0,401.2059965661735,100.30149914154337,60,4,0,0.0,0,0,0,
1,4.0,1.5,401.2059965661735,150.45224871231505,15,12,0,0.0,0,0,0,
1,4.0,1.5,401.2059965661735,150.45224871231505,30,9,0,0.0,0,0,0,
1,4.0,1.5,401.2059965661735,150.45224871231505,60,4,0,0.0,0,0,0,
1,0.75,0.5,62.33831124384797,41.55887416256531,15,36,5,0.1388888888888889,2,3,0,162221952790.0
1,0.75,0.5,62.33831124384797,41.55887416256531,30,36,5,0.1388888888888889,2,3,0,162221952790.0
1,0.75,0.5,62.33831124384797,41.55887416256531,60,34,5,0.14705882352941177,2,3,0,162221952790.0
1,0.75,0.75,62.33831124384797,62.33831124384797,15,36,2,0.05555555555555555,1,1,0,100353404937.0
1,0.75,0.75,62.33831124384797,62.33831124384797,30,36,2,0.05555555555555555,1,1,0,100353404937.0
1,0.75,0.75,62.33831124384797,62.33831124384797,60,34,2,0.058823529411764705,1,1,0,100353404937.0
1,0.75,1.0,62.33831124384797,83.11774832513062,15,36,1,0.027777777777777776,1,0,0,36239465344.0
1,0.75,1.0,62.33831124384797,83.11774832513062,30,36,1,0.027777777777777776,1,0,0,36239465344.0
1,0.75,1.0,62.33831124384797,83.11774832513062,60,34,1,0.029411764705882353,1,0,0,36239465344.0
1,0.75,1.5,62.33831124384797,124.67662248769594,15,36,1,0.027777777777777776,1,0,0,71688525066.0
1,0.75,1.5,62.33831124384797,124.67662248769594,30,36,1,0.027777777777777776,1,0,0,71688525066.0
1,0.75,1.5,62.33831124384797,124.67662248769594,60,34,1,0.029411764705882353,1,0,0,71688525066.0
1,1.0,0.5,83.11774832513062,41.55887416256531,15,36,4,0.1111111111111111,1,3,0,175724668338.0
1,1.0,0.5,83.11774832513062,41.55887416256531,30,36,4,0.1111111111111111,1,3,0,175724668338.0
1,1.0,0.5,83.11774832513062,41.55887416256531,60,34,4,0.11764705882352941,1,3,0,175724668338.0
1,1.0,0.75,83.11774832513062,62.33831124384797,15,36,1,0.027777777777777776,0,1,0,193067582756.0
1,1.0,0.75,83.11774832513062,62.33831124384797,30,36,1,0.027777777777777776,0,1,0,193067582756.0
1,1.0,0.75,83.11774832513062,62.33831124384797,60,34,1,0.029411764705882353,0,1,0,193067582756.0
1,1.0,1.0,83.11774832513062,83.11774832513062,15,36,0,0.0,0,0,0,
1,1.0,1.0,83.11774832513062,83.11774832513062,30,36,0,0.0,0,0,0,
1,1.0,1.0,83.11774832513062,83.11774832513062,60,34,0,0.0,0,0,0,
1,1.0,1.5,83.11774832513062,124.67662248769594,15,36,0,0.0,0,0,0,
1,1.0,1.5,83.11774832513062,124.67662248769594,30,36,0,0.0,0,0,0,
1,1.0,1.5,83.11774832513062,124.67662248769594,60,34,0,0.0,0,0,0,
1,1.5,0.5,124.67662248769594,41.55887416256531,15,36,1,0.027777777777777776,0,1,0,252797355678.0
1,1.5,0.5,124.67662248769594,41.55887416256531,30,36,1,0.027777777777777776,0,1,0,252797355678.0
1,1.5,0.5,124.67662248769594,41.55887416256531,60,34,1,0.029411764705882353,0,1,0,252797355678.0
1,1.5,0.75,124.67662248769594,62.33831124384797,15,36,0,0.0,0,0,0,
1,1.5,0.75,124.67662248769594,62.33831124384797,30,36,0,0.0,0,0,0,
1,1.5,0.75,124.67662248769594,62.33831124384797,60,34,0,0.0,0,0,0,
1,1.5,1.0,124.67662248769594,83.11774832513062,15,36,0,0.0,0,0,0,
1,1.5,1.0,124.67662248769594,83.11774832513062,30,36,0,0.0,0,0,0,
1,1.5,1.0,124.67662248769594,83.11774832513062,60,34,0,0.0,0,0,0,
1,1.5,1.5,124.67662248769594,124.67662248769594,15,36,0,0.0,0,0,0,
1,1.5,1.5,124.67662248769594,124.67662248769594,30,36,0,0.0,0,0,0,
1,1.5,1.5,124.67662248769594,124.67662248769594,60,34,0,0.0,0,0,0,
1,2.0,0.5,166.23549665026124,41.55887416256531,15,36,0,0.0,0,0,0,
1,2.0,0.5,166.23549665026124,41.55887416256531,30,36,0,0.0,0,0,0,
1,2.0,0.5,166.23549665026124,41.55887416256531,60,34,0,0.0,0,0,0,
1,2.0,0.75,166.23549665026124,62.33831124384797,15,36,0,0.0,0,0,0,
1,2.0,0.75,166.23549665026124,62.33831124384797,30,36,0,0.0,0,0,0,
1,2.0,0.75,166.23549665026124,62.33831124384797,60,34,0,0.0,0,0,0,
1,2.0,1.0,166.23549665026124,83.11774832513062,15,36,0,0.0,0,0,0,
1,2.0,1.0,166.23549665026124,83.11774832513062,30,36,0,0.0,0,0,0,
1,2.0,1.0,166.23549665026124,83.11774832513062,60,34,0,0.0,0,0,0,
1,2.0,1.5,166.23549665026124,124.67662248769594,15,36,0,0.0,0,0,0,
1,2.0,1.5,166.23549665026124,124.67662248769594,30,36,0,0.0,0,0,0,
1,2.0,1.5,166.23549665026124,124.67662248769594,60,34,0,0.0,0,0,0,
1,3.0,0.5,249.35324497539187,41.55887416256531,15,36,0,0.0,0,0,0,
1,3.0,0.5,249.35324497539187,41.55887416256531,30,36,0,0.0,0,0,0,
1,3.0,0.5,249.35324497539187,41.55887416256531,60,34,0,0.0,0,0,0,
1,3.0,0.75,249.35324497539187,62.33831124384797,15,36,0,0.0,0,0,0,
1,3.0,0.75,249.35324497539187,62.33831124384797,30,36,0,0.0,0,0,0,
1,3.0,0.75,249.35324497539187,62.33831124384797,60,34,0,0.0,0,0,0,
1,3.0,1.0,249.35324497539187,83.11774832513062,15,36,0,0.0,0,0,0,
1,3.0,1.0,249.35324497539187,83.11774832513062,30,36,0,0.0,0,0,0,
1,3.0,1.0,249.35324497539187,83.11774832513062,60,34,0,0.0,0,0,0,
1,3.0,1.5,249.35324497539187,124.67662248769594,15,36,0,0.0,0,0,0,
1,3.0,1.5,249.35324497539187,124.67662248769594,30,36,0,0.0,0,0,0,
1,3.0,1.5,249.35324497539187,124.67662248769594,60,34,0,0.0,0,0,0,
1,4.0,0.5,332.4709933005225,41.55887416256531,15,36,0,0.0,0,0,0,
1,4.0,0.5,332.4709933005225,41.55887416256531,30,36,0,0.0,0,0,0,
1,4.0,0.5,332.4709933005225,41.55887416256531,60,34,0,0.0,0,0,0,
1,4.0,0.75,332.4709933005225,62.33831124384797,15,36,0,0.0,0,0,0,
1,4.0,0.75,332.4709933005225,62.33831124384797,30,36,0,0.0,0,0,0,
1,4.0,0.75,332.4709933005225,62.33831124384797,60,34,0,0.0,0,0,0,
1,4.0,1.0,332.4709933005225,83.11774832513062,15,36,0,0.0,0,0,0,
1,4.0,1.0,332.4709933005225,83.11774832513062,30,36,0,0.0,0,0,0,
1,4.0,1.0,332.4709933005225,83.11774832513062,60,34,0,0.0,0,0,0,
1,4.0,1.5,332.4709933005225,124.67662248769594,15,36,0,0.0,0,0,0,
1,4.0,1.5,332.4709933005225,124.67662248769594,30,36,0,0.0,0,0,0,
1,4.0,1.5,332.4709933005225,124.67662248769594,60,34,0,0.0,0,0,0,
1,0.75,0.5,72.24282968270109,48.16188645513405,15,18,0,0.0,0,0,0,
1,0.75,0.5,72.24282968270109,48.16188645513405,30,18,0,0.0,0,0,0,
1,0.75,0.5,72.24282968270109,48.16188645513405,60,14,0,0.0,0,0,0,
1,0.75,0.75,72.24282968270109,72.24282968270109,15,18,0,0.0,0,0,0,
1,0.75,0.75,72.24282968270109,72.24282968270109,30,18,0,0.0,0,0,0,
1,0.75,0.75,72.24282968270109,72.24282968270109,60,14,0,0.0,0,0,0,
1,0.75,1.0,72.24282968270109,96.3237729102681,15,18,0,0.0,0,0,0,
1,0.75,1.0,72.24282968270109,96.3237729102681,30,18,0,0.0,0,0,0,
1,0.75,1.0,72.24282968270109,96.3237729102681,60,14,0,0.0,0,0,0,
1,0.75,1.5,72.24282968270109,144.48565936540217,15,18,0,0.0,0,0,0,
1,0.75,1.5,72.24282968270109,144.48565936540217,30,18,0,0.0,0,0,0,
1,0.75,1.5,72.24282968270109,144.48565936540217,60,14,0,0.0,0,0,0,
1,1.0,0.5,96.3237729102681,48.16188645513405,15,18,0,0.0,0,0,0,
1,1.0,0.5,96.3237729102681,48.16188645513405,30,18,0,0.0,0,0,0,
1,1.0,0.5,96.3237729102681,48.16188645513405,60,14,0,0.0,0,0,0,
1,1.0,0.75,96.3237729102681,72.24282968270109,15,18,0,0.0,0,0,0,
1,1.0,0.75,96.3237729102681,72.24282968270109,30,18,0,0.0,0,0,0,
1,1.0,0.75,96.3237729102681,72.24282968270109,60,14,0,0.0,0,0,0,
1,1.0,1.0,96.3237729102681,96.3237729102681,15,18,0,0.0,0,0,0,
1,1.0,1.0,96.3237729102681,96.3237729102681,30,18,0,0.0,0,0,0,
1,1.0,1.0,96.3237729102681,96.3237729102681,60,14,0,0.0,0,0,0,
1,1.0,1.5,96.3237729102681,144.48565936540217,15,18,0,0.0,0,0,0,
1,1.0,1.5,96.3237729102681,144.48565936540217,30,18,0,0.0,0,0,0,
1,1.0,1.5,96.3237729102681,144.48565936540217,60,14,0,0.0,0,0,0,
1,1.5,0.5,144.48565936540217,48.16188645513405,15,18,0,0.0,0,0,0,
1,1.5,0.5,144.48565936540217,48.16188645513405,30,18,0,0.0,0,0,0,
1,1.5,0.5,144.48565936540217,48.16188645513405,60,14,0,0.0,0,0,0,
1,1.5,0.75,144.48565936540217,72.24282968270109,15,18,0,0.0,0,0,0,
1,1.5,0.75,144.48565936540217,72.24282968270109,30,18,0,0.0,0,0,0,
1,1.5,0.75,144.48565936540217,72.24282968270109,60,14,0,0.0,0,0,0,
1,1.5,1.0,144.48565936540217,96.3237729102681,15,18,0,0.0,0,0,0,
1,1.5,1.0,144.48565936540217,96.3237729102681,30,18,0,0.0,0,0,0,
1,1.5,1.0,144.48565936540217,96.3237729102681,60,14,0,0.0,0,0,0,
1,1.5,1.5,144.48565936540217,144.48565936540217,15,18,0,0.0,0,0,0,
1,1.5,1.5,144.48565936540217,144.48565936540217,30,18,0,0.0,0,0,0,
1,1.5,1.5,144.48565936540217,144.48565936540217,60,14,0,0.0,0,0,0,
1,2.0,0.5,192.6475458205362,48.16188645513405,15,18,0,0.0,0,0,0,
1,2.0,0.5,192.6475458205362,48.16188645513405,30,18,0,0.0,0,0,0,
1,2.0,0.5,192.6475458205362,48.16188645513405,60,14,0,0.0,0,0,0,
1,2.0,0.75,192.6475458205362,72.24282968270109,15,18,0,0.0,0,0,0,
1,2.0,0.75,192.6475458205362,72.24282968270109,30,18,0,0.0,0,0,0,
1,2.0,0.75,192.6475458205362,72.24282968270109,60,14,0,0.0,0,0,0,
1,2.0,1.0,192.6475458205362,96.3237729102681,15,18,0,0.0,0,0,0,
1,2.0,1.0,192.6475458205362,96.3237729102681,30,18,0,0.0,0,0,0,
1,2.0,1.0,192.6475458205362,96.3237729102681,60,14,0,0.0,0,0,0,
1,2.0,1.5,192.6475458205362,144.48565936540217,15,18,0,0.0,0,0,0,
1,2.0,1.5,192.6475458205362,144.48565936540217,30,18,0,0.0,0,0,0,
1,2.0,1.5,192.6475458205362,144.48565936540217,60,14,0,0.0,0,0,0,
1,3.0,0.5,288.97131873080434,48.16188645513405,15,18,0,0.0,0,0,0,
1,3.0,0.5,288.97131873080434,48.16188645513405,30,18,0,0.0,0,0,0,
1,3.0,0.5,288.97131873080434,48.16188645513405,60,14,0,0.0,0,0,0,
1,3.0,0.75,288.97131873080434,72.24282968270109,15,18,0,0.0,0,0,0,
1,3.0,0.75,288.97131873080434,72.24282968270109,30,18,0,0.0,0,0,0,
1,3.0,0.75,288.97131873080434,72.24282968270109,60,14,0,0.0,0,0,0,
1,3.0,1.0,288.97131873080434,96.3237729102681,15,18,0,0.0,0,0,0,
1,3.0,1.0,288.97131873080434,96.3237729102681,30,18,0,0.0,0,0,0,
1,3.0,1.0,288.97131873080434,96.3237729102681,60,14,0,0.0,0,0,0,
1,3.0,1.5,288.97131873080434,144.48565936540217,15,18,0,0.0,0,0,0,
1,3.0,1.5,288.97131873080434,144.48565936540217,30,18,0,0.0,0,0,0,
1,3.0,1.5,288.97131873080434,144.48565936540217,60,14,0,0.0,0,0,0,
1,4.0,0.5,385.2950916410724,48.16188645513405,15,18,0,0.0,0,0,0,
1,4.0,0.5,385.2950916410724,48.16188645513405,30,18,0,0.0,0,0,0,
1,4.0,0.5,385.2950916410724,48.16188645513405,60,14,0,0.0,0,0,0,
1,4.0,0.75,385.2950916410724,72.24282968270109,15,18,0,0.0,0,0,0,
1,4.0,0.75,385.2950916410724,72.24282968270109,30,18,0,0.0,0,0,0,
1,4.0,0.75,385.2950916410724,72.24282968270109,60,14,0,0.0,0,0,0,
1,4.0,1.0,385.2950916410724,96.3237729102681,15,18,0,0.0,0,0,0,
1,4.0,1.0,385.2950916410724,96.3237729102681,30,18,0,0.0,0,0,0,
1,4.0,1.0,385.2950916410724,96.3237729102681,60,14,0,0.0,0,0,0,
1,4.0,1.5,385.2950916410724,144.48565936540217,15,18,0,0.0,0,0,0,
1,4.0,1.5,385.2950916410724,144.48565936540217,30,18,0,0.0,0,0,0,
1,4.0,1.5,385.2950916410724,144.48565936540217,60,14,0,0.0,0,0,0,
-1,0.75,0.5,18.21147077777238,12.14098051851492,15,119,14,0.11764705882352941,9,5,0,140068824946.0
-1,0.75,0.5,18.21147077777238,12.14098051851492,30,119,14,0.11764705882352941,9,5,0,140068824946.0
-1,0.75,0.5,18.21147077777238,12.14098051851492,60,119,14,0.11764705882352941,9,5,0,140068824946.0
-1,0.75,0.75,18.21147077777238,18.21147077777238,15,119,13,0.1092436974789916,10,3,0,175686094832.0
-1,0.75,0.75,18.21147077777238,18.21147077777238,30,119,14,0.11764705882352941,11,3,0,178778718052.0
-1,0.75,0.75,18.21147077777238,18.21147077777238,60,119,14,0.11764705882352941,11,3,0,178778718052.0
-1,0.75,1.0,18.21147077777238,24.28196103702984,15,119,3,0.025210084033613446,2,1,0,154508931360.0
-1,0.75,1.0,18.21147077777238,24.28196103702984,30,119,5,0.04201680672268908,4,1,0,205739431254.0
-1,0.75,1.0,18.21147077777238,24.28196103702984,60,119,5,0.04201680672268908,4,1,0,205739431254.0
-1,0.75,1.5,18.21147077777238,36.42294155554476,15,119,2,0.01680672268907563,1,1,0,221339811489.0
-1,0.75,1.5,18.21147077777238,36.42294155554476,30,119,2,0.01680672268907563,1,1,0,221339811489.0
-1,0.75,1.5,18.21147077777238,36.42294155554476,60,119,2,0.01680672268907563,1,1,0,221339811489.0
-1,1.0,0.5,24.28196103702984,12.14098051851492,15,119,6,0.05042016806722689,2,4,0,153138858935.0
-1,1.0,0.5,24.28196103702984,12.14098051851492,30,119,8,0.06722689075630252,3,5,0,187833516874.0
-1,1.0,0.5,24.28196103702984,12.14098051851492,60,119,8,0.06722689075630252,3,5,0,187833516874.0
-1,1.0,0.75,24.28196103702984,18.21147077777238,15,119,6,0.05042016806722689,4,2,0,156157937170.0
-1,1.0,0.75,24.28196103702984,18.21147077777238,30,119,8,0.06722689075630252,5,3,0,180145109898.0
-1,1.0,0.75,24.28196103702984,18.21147077777238,60,119,8,0.06722689075630252,5,3,0,180145109898.0
-1,1.0,1.0,24.28196103702984,24.28196103702984,15,119,2,0.01680672268907563,2,0,0,143677171331.0
-1,1.0,1.0,24.28196103702984,24.28196103702984,30,119,4,0.03361344537815126,4,0,0,164442215159.0
-1,1.0,1.0,24.28196103702984,24.28196103702984,60,119,4,0.03361344537815126,4,0,0,164442215159.0
-1,1.0,1.5,24.28196103702984,36.42294155554476,15,119,1,0.008403361344537815,0,1,0,294747494026.0
-1,1.0,1.5,24.28196103702984,36.42294155554476,30,119,1,0.008403361344537815,0,1,0,294747494026.0
-1,1.0,1.5,24.28196103702984,36.42294155554476,60,119,1,0.008403361344537815,0,1,0,294747494026.0
-1,1.5,0.5,36.42294155554476,12.14098051851492,15,119,4,0.03361344537815126,2,2,0,206781965879.0
-1,1.5,0.5,36.42294155554476,12.14098051851492,30,119,5,0.04201680672268908,2,3,0,250555634832.0
-1,1.5,0.5,36.42294155554476,12.14098051851492,60,119,5,0.04201680672268908,2,3,0,250555634832.0
-1,1.5,0.75,36.42294155554476,18.21147077777238,15,119,4,0.03361344537815126,3,1,0,206820093070.0
-1,1.5,0.75,36.42294155554476,18.21147077777238,30,119,5,0.04201680672268908,3,2,0,250629278878.0
-1,1.5,0.75,36.42294155554476,18.21147077777238,60,119,5,0.04201680672268908,3,2,0,250629278878.0
-1,1.5,1.0,36.42294155554476,24.28196103702984,15,119,1,0.008403361344537815,1,0,0,147933492416.0
-1,1.5,1.0,36.42294155554476,24.28196103702984,30,119,1,0.008403361344537815,1,0,0,147933492416.0
-1,1.5,1.0,36.42294155554476,24.28196103702984,60,119,1,0.008403361344537815,1,0,0,147933492416.0
-1,1.5,1.5,36.42294155554476,36.42294155554476,15,119,1,0.008403361344537815,0,1,0,294842553304.0
-1,1.5,1.5,36.42294155554476,36.42294155554476,30,119,1,0.008403361344537815,0,1,0,294842553304.0
-1,1.5,1.5,36.42294155554476,36.42294155554476,60,119,1,0.008403361344537815,0,1,0,294842553304.0
-1,2.0,0.5,48.56392207405968,12.14098051851492,15,119,1,0.008403361344537815,0,1,0,298433283274.0
-1,2.0,0.5,48.56392207405968,12.14098051851492,30,119,3,0.025210084033613446,1,2,0,298433283274.0
-1,2.0,0.5,48.56392207405968,12.14098051851492,60,119,3,0.025210084033613446,1,2,0,298433283274.0
-1,2.0,0.75,48.56392207405968,18.21147077777238,15,119,1,0.008403361344537815,0,1,0,294782580320.0
-1,2.0,0.75,48.56392207405968,18.21147077777238,30,119,2,0.01680672268907563,0,2,0,294782580320.0
-1,2.0,0.75,48.56392207405968,18.21147077777238,60,119,2,0.01680672268907563,0,2,0,294782580320.0
-1,2.0,1.0,48.56392207405968,24.28196103702984,15,119,0,0.0,0,0,0,
-1,2.0,1.0,48.56392207405968,24.28196103702984,30,119,0,0.0,0,0,0,
-1,2.0,1.0,48.56392207405968,24.28196103702984,60,119,0,0.0,0,0,0,
-1,2.0,1.5,48.56392207405968,36.42294155554476,15,119,1,0.008403361344537815,0,1,0,294842553304.0
-1,2.0,1.5,48.56392207405968,36.42294155554476,30,119,1,0.008403361344537815,0,1,0,294842553304.0
-1,2.0,1.5,48.56392207405968,36.42294155554476,60,119,1,0.008403361344537815,0,1,0,294842553304.0
-1,3.0,0.5,72.84588311108952,12.14098051851492,15,119,1,0.008403361344537815,0,1,0,298493256258.0
-1,3.0,0.5,72.84588311108952,12.14098051851492,30,119,2,0.01680672268907563,0,2,0,298493256258.0
-1,3.0,0.5,72.84588311108952,12.14098051851492,60,119,2,0.01680672268907563,0,2,0,298493256258.0
-1,3.0,0.75,72.84588311108952,18.21147077777238,15,119,1,0.008403361344537815,0,1,0,294842553304.0
-1,3.0,0.75,72.84588311108952,18.21147077777238,30,119,2,0.01680672268907563,0,2,0,294842553304.0
-1,3.0,0.75,72.84588311108952,18.21147077777238,60,119,2,0.01680672268907563,0,2,0,294842553304.0
-1,3.0,1.0,72.84588311108952,24.28196103702984,15,119,0,0.0,0,0,0,
-1,3.0,1.0,72.84588311108952,24.28196103702984,30,119,0,0.0,0,0,0,
-1,3.0,1.0,72.84588311108952,24.28196103702984,60,119,0,0.0,0,0,0,
-1,3.0,1.5,72.84588311108952,36.42294155554476,15,119,0,0.0,0,0,0,
-1,3.0,1.5,72.84588311108952,36.42294155554476,30,119,0,0.0,0,0,0,
-1,3.0,1.5,72.84588311108952,36.42294155554476,60,119,0,0.0,0,0,0,
-1,4.0,0.5,97.12784414811937,12.14098051851492,15,119,0,0.0,0,0,0,
-1,4.0,0.5,97.12784414811937,12.14098051851492,30,119,0,0.0,0,0,0,
-1,4.0,0.5,97.12784414811937,12.14098051851492,60,119,0,0.0,0,0,0,
-1,4.0,0.75,97.12784414811937,18.21147077777238,15,119,0,0.0,0,0,0,
-1,4.0,0.75,97.12784414811937,18.21147077777238,30,119,0,0.0,0,0,0,
-1,4.0,0.75,97.12784414811937,18.21147077777238,60,119,0,0.0,0,0,0,
-1,4.0,1.0,97.12784414811937,24.28196103702984,15,119,0,0.0,0,0,0,
-1,4.0,1.0,97.12784414811937,24.28196103702984,30,119,0,0.0,0,0,0,
-1,4.0,1.0,97.12784414811937,24.28196103702984,60,119,0,0.0,0,0,0,
-1,4.0,1.5,97.12784414811937,36.42294155554476,15,119,0,0.0,0,0,0,
-1,4.0,1.5,97.12784414811937,36.42294155554476,30,119,0,0.0,0,0,0,
-1,4.0,1.5,97.12784414811937,36.42294155554476,60,119,0,0.0,0,0,0,
-1,0.75,0.5,19.5689751069142,13.045983404609466,15,33,2,0.06060606060606061,1,1,0,93750774795.0
-1,0.75,0.5,19.5689751069142,13.045983404609466,30,33,2,0.06060606060606061,1,1,0,93750774795.0
-1,0.75,0.5,19.5689751069142,13.045983404609466,60,33,2,0.06060606060606061,1,1,0,93750774795.0
-1,0.75,0.75,19.5689751069142,19.5689751069142,15,33,1,0.030303030303030304,1,0,0,129038929552.0
-1,0.75,0.75,19.5689751069142,19.5689751069142,30,33,1,0.030303030303030304,1,0,0,129038929552.0
-1,0.75,0.75,19.5689751069142,19.5689751069142,60,33,1,0.030303030303030304,1,0,0,129038929552.0
-1,0.75,1.0,19.5689751069142,26.09196680921893,15,33,1,0.030303030303030304,1,0,0,152973902110.0
-1,0.75,1.0,19.5689751069142,26.09196680921893,30,33,1,0.030303030303030304,1,0,0,152973902110.0
-1,0.75,1.0,19.5689751069142,26.09196680921893,60,33,1,0.030303030303030304,1,0,0,152973902110.0
-1,0.75,1.5,19.5689751069142,39.1379502138284,15,33,0,0.0,0,0,0,
-1,0.75,1.5,19.5689751069142,39.1379502138284,30,33,0,0.0,0,0,0,
-1,0.75,1.5,19.5689751069142,39.1379502138284,60,33,0,0.0,0,0,0,
-1,1.0,0.5,26.09196680921893,13.045983404609466,15,33,1,0.030303030303030304,0,1,0,62563073638.0
-1,1.0,0.5,26.09196680921893,13.045983404609466,30,33,1,0.030303030303030304,0,1,0,62563073638.0
-1,1.0,0.5,26.09196680921893,13.045983404609466,60,33,1,0.030303030303030304,0,1,0,62563073638.0
-1,1.0,0.75,26.09196680921893,19.5689751069142,15,33,0,0.0,0,0,0,
-1,1.0,0.75,26.09196680921893,19.5689751069142,30,33,0,0.0,0,0,0,
-1,1.0,0.75,26.09196680921893,19.5689751069142,60,33,0,0.0,0,0,0,
-1,1.0,1.0,26.09196680921893,26.09196680921893,15,33,0,0.0,0,0,0,
-1,1.0,1.0,26.09196680921893,26.09196680921893,30,33,0,0.0,0,0,0,
-1,1.0,1.0,26.09196680921893,26.09196680921893,60,33,0,0.0,0,0,0,
-1,1.0,1.5,26.09196680921893,39.1379502138284,15,33,0,0.0,0,0,0,
-1,1.0,1.5,26.09196680921893,39.1379502138284,30,33,0,0.0,0,0,0,
-1,1.0,1.5,26.09196680921893,39.1379502138284,60,33,0,0.0,0,0,0,
-1,1.5,0.5,39.1379502138284,13.045983404609466,15,33,0,0.0,0,0,0,
-1,1.5,0.5,39.1379502138284,13.045983404609466,30,33,0,0.0,0,0,0,
-1,1.5,0.5,39.1379502138284,13.045983404609466,60,33,0,0.0,0,0,0,
-1,1.5,0.75,39.1379502138284,19.5689751069142,15,33,0,0.0,0,0,0,
-1,1.5,0.75,39.1379502138284,19.5689751069142,30,33,0,0.0,0,0,0,
-1,1.5,0.75,39.1379502138284,19.5689751069142,60,33,0,0.0,0,0,0,
-1,1.5,1.0,39.1379502138284,26.09196680921893,15,33,0,0.0,0,0,0,
-1,1.5,1.0,39.1379502138284,26.09196680921893,30,33,0,0.0,0,0,0,
-1,1.5,1.0,39.1379502138284,26.09196680921893,60,33,0,0.0,0,0,0,
-1,1.5,1.5,39.1379502138284,39.1379502138284,15,33,0,0.0,0,0,0,
-1,1.5,1.5,39.1379502138284,39.1379502138284,30,33,0,0.0,0,0,0,
-1,1.5,1.5,39.1379502138284,39.1379502138284,60,33,0,0.0,0,0,0,
-1,2.0,0.5,52.18393361843786,13.045983404609466,15,33,0,0.0,0,0,0,
-1,2.0,0.5,52.18393361843786,13.045983404609466,30,33,0,0.0,0,0,0,
-1,2.0,0.5,52.18393361843786,13.045983404609466,60,33,0,0.0,0,0,0,
-1,2.0,0.75,52.18393361843786,19.5689751069142,15,33,0,0.0,0,0,0,
-1,2.0,0.75,52.18393361843786,19.5689751069142,30,33,0,0.0,0,0,0,
-1,2.0,0.75,52.18393361843786,19.5689751069142,60,33,0,0.0,0,0,0,
-1,2.0,1.0,52.18393361843786,26.09196680921893,15,33,0,0.0,0,0,0,
-1,2.0,1.0,52.18393361843786,26.09196680921893,30,33,0,0.0,0,0,0,
-1,2.0,1.0,52.18393361843786,26.09196680921893,60,33,0,0.0,0,0,0,
-1,2.0,1.5,52.18393361843786,39.1379502138284,15,33,0,0.0,0,0,0,
-1,2.0,1.5,52.18393361843786,39.1379502138284,30,33,0,0.0,0,0,0,
-1,2.0,1.5,52.18393361843786,39.1379502138284,60,33,0,0.0,0,0,0,
-1,3.0,0.5,78.2759004276568,13.045983404609466,15,33,0,0.0,0,0,0,
-1,3.0,0.5,78.2759004276568,13.045983404609466,30,33,0,0.0,0,0,0,
-1,3.0,0.5,78.2759004276568,13.045983404609466,60,33,0,0.0,0,0,0,
-1,3.0,0.75,78.2759004276568,19.5689751069142,15,33,0,0.0,0,0,0,
-1,3.0,0.75,78.2759004276568,19.5689751069142,30,33,0,0.0,0,0,0,
-1,3.0,0.75,78.2759004276568,19.5689751069142,60,33,0,0.0,0,0,0,
-1,3.0,1.0,78.2759004276568,26.09196680921893,15,33,0,0.0,0,0,0,
-1,3.0,1.0,78.2759004276568,26.09196680921893,30,33,0,0.0,0,0,0,
-1,3.0,1.0,78.2759004276568,26.09196680921893,60,33,0,0.0,0,0,0,
-1,3.0,1.5,78.2759004276568,39.1379502138284,15,33,0,0.0,0,0,0,
-1,3.0,1.5,78.2759004276568,39.1379502138284,30,33,0,0.0,0,0,0,
-1,3.0,1.5,78.2759004276568,39.1379502138284,60,33,0,0.0,0,0,0,
-1,4.0,0.5,104.36786723687572,13.045983404609466,15,33,0,0.0,0,0,0,
-1,4.0,0.5,104.36786723687572,13.045983404609466,30,33,0,0.0,0,0,0,
-1,4.0,0.5,104.36786723687572,13.045983404609466,60,33,0,0.0,0,0,0,
-1,4.0,0.75,104.36786723687572,19.5689751069142,15,33,0,0.0,0,0,0,
-1,4.0,0.75,104.36786723687572,19.5689751069142,30,33,0,0.0,0,0,0,
-1,4.0,0.75,104.36786723687572,19.5689751069142,60,33,0,0.0,0,0,0,
-1,4.0,1.0,104.36786723687572,26.09196680921893,15,33,0,0.0,0,0,0,
-1,4.0,1.0,104.36786723687572,26.09196680921893,30,33,0,0.0,0,0,0,
-1,4.0,1.0,104.36786723687572,26.09196680921893,60,33,0,0.0,0,0,0,
-1,4.0,1.5,104.36786723687572,39.1379502138284,15,33,0,0.0,0,0,0,
-1,4.0,1.5,104.36786723687572,39.1379502138284,30,33,0,0.0,0,0,0,
-1,4.0,1.5,104.36786723687572,39.1379502138284,60,33,0,0.0,0,0,0,
-1,0.75,0.5,19.101954600121047,12.734636400080698,15,128,10,0.078125,5,5,0,160813108101.0
-1,0.75,0.5,19.101954600121047,12.734636400080698,30,128,10,0.078125,5,5,0,160813108101.0
-1,0.75,0.5,19.101954600121047,12.734636400080698,60,128,10,0.078125,5,5,0,160813108101.0
-1,0.75,0.75,19.101954600121047,19.101954600121047,15,128,8,0.0625,4,4,0,180410679058.0
-1,0.75,0.75,19.101954600121047,19.101954600121047,30,128,9,0.0703125,5,4,0,205423994350.0
-1,0.75,0.75,19.101954600121047,19.101954600121047,60,128,9,0.0703125,5,4,0,205423994350.0
-1,0.75,1.0,19.101954600121047,25.469272800161395,15,128,5,0.0390625,3,2,0,155397363766.0
-1,0.75,1.0,19.101954600121047,25.469272800161395,30,128,7,0.0546875,4,3,0,155397363766.0
-1,0.75,1.0,19.101954600121047,25.469272800161395,60,128,7,0.0546875,4,3,0,155397363766.0
-1,0.75,1.5,19.101954600121047,38.203909200242094,15,128,3,0.0234375,2,1,0,162769170768.0
-1,0.75,1.5,19.101954600121047,38.203909200242094,30,128,5,0.0390625,2,3,0,121190678916.0
-1,0.75,1.5,19.101954600121047,38.203909200242094,60,128,5,0.0390625,2,3,0,121190678916.0
-1,1.0,0.5,25.469272800161395,12.734636400080698,15,128,13,0.1015625,7,6,0,214883659426.0
-1,1.0,0.5,25.469272800161395,12.734636400080698,30,128,14,0.109375,7,7,0,195199308081.0
-1,1.0,0.5,25.469272800161395,12.734636400080698,60,128,14,0.109375,7,7,0,195199308081.0
-1,1.0,0.75,25.469272800161395,19.101954600121047,15,128,10,0.078125,5,5,0,211197999387.0
-1,1.0,0.75,25.469272800161395,19.101954600121047,30,128,12,0.09375,6,6,0,211197999387.0
-1,1.0,0.75,25.469272800161395,19.101954600121047,60,128,13,0.1015625,6,7,0,176207559952.0
-1,1.0,1.0,25.469272800161395,25.469272800161395,15,128,5,0.0390625,2,3,0,111912253454.0
-1,1.0,1.0,25.469272800161395,25.469272800161395,30,128,8,0.0625,3,5,0,117660220859.0
-1,1.0,1.0,25.469272800161395,25.469272800161395,60,128,10,0.078125,4,6,0,122467750349.0
-1,1.0,1.5,25.469272800161395,38.203909200242094,15,128,1,0.0078125,0,1,0,54045107400.0
-1,1.0,1.5,25.469272800161395,38.203909200242094,30,128,3,0.0234375,0,3,0,121566438342.0
-1,1.0,1.5,25.469272800161395,38.203909200242094,60,128,3,0.0234375,0,3,0,121566438342.0
-1,1.5,0.5,38.203909200242094,12.734636400080698,15,128,7,0.0546875,3,4,0,162869997918.0
-1,1.5,0.5,38.203909200242094,12.734636400080698,30,128,9,0.0703125,4,5,0,162869997918.0
-1,1.5,0.5,38.203909200242094,12.734636400080698,60,128,9,0.0703125,4,5,0,162869997918.0
-1,1.5,0.75,38.203909200242094,19.101954600121047,15,128,4,0.03125,1,3,0,121827088829.0
-1,1.5,0.75,38.203909200242094,19.101954600121047,30,128,5,0.0390625,1,4,0,121903071860.0
-1,1.5,0.75,38.203909200242094,19.101954600121047,60,128,6,0.046875,1,5,0,121903990791.0
-1,1.5,1.0,38.203909200242094,25.469272800161395,15,128,2,0.015625,0,2,0,121410937992.0
-1,1.5,1.0,38.203909200242094,25.469272800161395,30,128,4,0.03125,0,4,0,121566438342.0
-1,1.5,1.0,38.203909200242094,25.469272800161395,60,128,5,0.0390625,0,5,0,121566438342.0
-1,1.5,1.5,38.203909200242094,38.203909200242094,15,128,0,0.0,0,0,0,
-1,1.5,1.5,38.203909200242094,38.203909200242094,30,128,2,0.015625,0,2,0,121566438342.0
-1,1.5,1.5,38.203909200242094,38.203909200242094,60,128,2,0.015625,0,2,0,121566438342.0
-1,2.0,0.5,50.93854560032279,12.734636400080698,15,128,3,0.0234375,0,3,0,122254671340.0
-1,2.0,0.5,50.93854560032279,12.734636400080698,30,128,4,0.03125,0,4,0,122754860121.0
-1,2.0,0.5,50.93854560032279,12.734636400080698,60,128,6,0.046875,0,6,0,122079790531.0
-1,2.0,0.75,50.93854560032279,19.101954600121047,15,128,3,0.0234375,0,3,0,121749267936.0
-1,2.0,0.75,50.93854560032279,19.101954600121047,30,128,4,0.03125,0,4,0,121826169898.0
-1,2.0,0.75,50.93854560032279,19.101954600121047,60,128,5,0.0390625,0,5,0,121749267936.0
-1,2.0,1.0,50.93854560032279,25.469272800161395,15,128,2,0.015625,0,2,0,121410937992.0
-1,2.0,1.0,50.93854560032279,25.469272800161395,30,128,3,0.0234375,0,3,0,121566438342.0
-1,2.0,1.0,50.93854560032279,25.469272800161395,60,128,3,0.0234375,0,3,0,121566438342.0
-1,2.0,1.5,50.93854560032279,38.203909200242094,15,128,0,0.0,0,0,0,
-1,2.0,1.5,50.93854560032279,38.203909200242094,30,128,0,0.0,0,0,0,
-1,2.0,1.5,50.93854560032279,38.203909200242094,60,128,0,0.0,0,0,0,
-1,3.0,0.5,76.40781840048419,12.734636400080698,15,128,0,0.0,0,0,0,
-1,3.0,0.5,76.40781840048419,12.734636400080698,30,128,0,0.0,0,0,0,
-1,3.0,0.5,76.40781840048419,12.734636400080698,60,128,0,0.0,0,0,0,
-1,3.0,0.75,76.40781840048419,19.101954600121047,15,128,0,0.0,0,0,0,
-1,3.0,0.75,76.40781840048419,19.101954600121047,30,128,0,0.0,0,0,0,
-1,3.0,0.75,76.40781840048419,19.101954600121047,60,128,0,0.0,0,0,0,
-1,3.0,1.0,76.40781840048419,25.469272800161395,15,128,0,0.0,0,0,0,
-1,3.0,1.0,76.40781840048419,25.469272800161395,30,128,0,0.0,0,0,0,
-1,3.0,1.0,76.40781840048419,25.469272800161395,60,128,0,0.0,0,0,0,
-1,3.0,1.5,76.40781840048419,38.203909200242094,15,128,0,0.0,0,0,0,
-1,3.0,1.5,76.40781840048419,38.203909200242094,30,128,0,0.0,0,0,0,
-1,3.0,1.5,76.40781840048419,38.203909200242094,60,128,0,0.0,0,0,0,
-1,4.0,0.5,101.87709120064558,12.734636400080698,15,128,0,0.0,0,0,0,
-1,4.0,0.5,101.87709120064558,12.734636400080698,30,128,0,0.0,0,0,0,
-1,4.0,0.5,101.87709120064558,12.734636400080698,60,128,0,0.0,0,0,0,
-1,4.0,0.75,101.87709120064558,19.101954600121047,15,128,0,0.0,0,0,0,
-1,4.0,0.75,101.87709120064558,19.101954600121047,30,128,0,0.0,0,0,0,
-1,4.0,0.75,101.87709120064558,19.101954600121047,60,128,0,0.0,0,0,0,
-1,4.0,1.0,101.87709120064558,25.469272800161395,15,128,0,0.0,0,0,0,
-1,4.0,1.0,101.87709120064558,25.469272800161395,30,128,0,0.0,0,0,0,
-1,4.0,1.0,101.87709120064558,25.469272800161395,60,128,0,0.0,0,0,0,
-1,4.0,1.5,101.87709120064558,38.203909200242094,15,128,0,0.0,0,0,0,
-1,4.0,1.5,101.87709120064558,38.203909200242094,30,128,0,0.0,0,0,0,
-1,4.0,1.5,101.87709120064558,38.203909200242094,60,128,0,0.0,0,0,0,
-1,0.75,0.5,20.374999999999943,13.583333333333295,15,1,0,0.0,0,0,0,
-1,0.75,0.5,20.374999999999943,13.583333333333295,30,1,0,0.0,0,0,0,
-1,0.75,0.5,20.374999999999943,13.583333333333295,60,1,0,0.0,0,0,0,
-1,0.75,0.75,20.374999999999943,20.374999999999943,15,1,0,0.0,0,0,0,
-1,0.75,0.75,20.374999999999943,20.374999999999943,30,1,0,0.0,0,0,0,
-1,0.75,0.75,20.374999999999943,20.374999999999943,60,1,0,0.0,0,0,0,
-1,0.75,1.0,20.374999999999943,27.16666666666659,15,1,0,0.0,0,0,0,
-1,0.75,1.0,20.374999999999943,27.16666666666659,30,1,0,0.0,0,0,0,
-1,0.75,1.0,20.374999999999943,27.16666666666659,60,1,0,0.0,0,0,0,
-1,0.75,1.5,20.374999999999943,40.749999999999886,15,1,0,0.0,0,0,0,
-1,0.75,1.5,20.374999999999943,40.749999999999886,30,1,0,0.0,0,0,0,
-1,0.75,1.5,20.374999999999943,40.749999999999886,60,1,0,0.0,0,0,0,
-1,1.0,0.5,27.16666666666659,13.583333333333295,15,1,0,0.0,0,0,0,
-1,1.0,0.5,27.16666666666659,13.583333333333295,30,1,0,0.0,0,0,0,
-1,1.0,0.5,27.16666666666659,13.583333333333295,60,1,0,0.0,0,0,0,
-1,1.0,0.75,27.16666666666659,20.374999999999943,15,1,0,0.0,0,0,0,
-1,1.0,0.75,27.16666666666659,20.374999999999943,30,1,0,0.0,0,0,0,
-1,1.0,0.75,27.16666666666659,20.374999999999943,60,1,0,0.0,0,0,0,
-1,1.0,1.0,27.16666666666659,27.16666666666659,15,1,0,0.0,0,0,0,
-1,1.0,1.0,27.16666666666659,27.16666666666659,30,1,0,0.0,0,0,0,
-1,1.0,1.0,27.16666666666659,27.16666666666659,60,1,0,0.0,0,0,0,
-1,1.0,1.5,27.16666666666659,40.749999999999886,15,1,0,0.0,0,0,0,
-1,1.0,1.5,27.16666666666659,40.749999999999886,30,1,0,0.0,0,0,0,
-1,1.0,1.5,27.16666666666659,40.749999999999886,60,1,0,0.0,0,0,0,
-1,1.5,0.5,40.749999999999886,13.583333333333295,15,1,0,0.0,0,0,0,
-1,1.5,0.5,40.749999999999886,13.583333333333295,30,1,0,0.0,0,0,0,
-1,1.5,0.5,40.749999999999886,13.583333333333295,60,1,0,0.0,0,0,0,
-1,1.5,0.75,40.749999999999886,20.374999999999943,15,1,0,0.0,0,0,0,
-1,1.5,0.75,40.749999999999886,20.374999999999943,30,1,0,0.0,0,0,0,
-1,1.5,0.75,40.749999999999886,20.374999999999943,60,1,0,0.0,0,0,0,
-1,1.5,1.0,40.749999999999886,27.16666666666659,15,1,0,0.0,0,0,0,
-1,1.5,1.0,40.749999999999886,27.16666666666659,30,1,0,0.0,0,0,0,
-1,1.5,1.0,40.749999999999886,27.16666666666659,60,1,0,0.0,0,0,0,
-1,1.5,1.5,40.749999999999886,40.749999999999886,15,1,0,0.0,0,0,0,
-1,1.5,1.5,40.749999999999886,40.749999999999886,30,1,0,0.0,0,0,0,
-1,1.5,1.5,40.749999999999886,40.749999999999886,60,1,0,0.0,0,0,0,
-1,2.0,0.5,54.33333333333318,13.583333333333295,15,1,0,0.0,0,0,0,
-1,2.0,0.5,54.33333333333318,13.583333333333295,30,1,0,0.0,0,0,0,
-1,2.0,0.5,54.33333333333318,13.583333333333295,60,1,0,0.0,0,0,0,
-1,2.0,0.75,54.33333333333318,20.374999999999943,15,1,0,0.0,0,0,0,
-1,2.0,0.75,54.33333333333318,20.374999999999943,30,1,0,0.0,0,0,0,
-1,2.0,0.75,54.33333333333318,20.374999999999943,60,1,0,0.0,0,0,0,
-1,2.0,1.0,54.33333333333318,27.16666666666659,15,1,0,0.0,0,0,0,
-1,2.0,1.0,54.33333333333318,27.16666666666659,30,1,0,0.0,0,0,0,
-1,2.0,1.0,54.33333333333318,27.16666666666659,60,1,0,0.0,0,0,0,
-1,2.0,1.5,54.33333333333318,40.749999999999886,15,1,0,0.0,0,0,0,
-1,2.0,1.5,54.33333333333318,40.749999999999886,30,1,0,0.0,0,0,0,
-1,2.0,1.5,54.33333333333318,40.749999999999886,60,1,0,0.0,0,0,0,
-1,3.0,0.5,81.49999999999977,13.583333333333295,15,1,0,0.0,0,0,0,
-1,3.0,0.5,81.49999999999977,13.583333333333295,30,1,0,0.0,0,0,0,
-1,3.0,0.5,81.49999999999977,13.583333333333295,60,1,0,0.0,0,0,0,
-1,3.0,0.75,81.49999999999977,20.374999999999943,15,1,0,0.0,0,0,0,
-1,3.0,0.75,81.49999999999977,20.374999999999943,30,1,0,0.0,0,0,0,
-1,3.0,0.75,81.49999999999977,20.374999999999943,60,1,0,0.0,0,0,0,
-1,3.0,1.0,81.49999999999977,27.16666666666659,15,1,0,0.0,0,0,0,
-1,3.0,1.0,81.49999999999977,27.16666666666659,30,1,0,0.0,0,0,0,
-1,3.0,1.0,81.49999999999977,27.16666666666659,60,1,0,0.0,0,0,0,
-1,3.0,1.5,81.49999999999977,40.749999999999886,15,1,0,0.0,0,0,0,
-1,3.0,1.5,81.49999999999977,40.749999999999886,30,1,0,0.0,0,0,0,
-1,3.0,1.5,81.49999999999977,40.749999999999886,60,1,0,0.0,0,0,0,
-1,4.0,0.5,108.66666666666636,13.583333333333295,15,1,0,0.0,0,0,0,
-1,4.0,0.5,108.66666666666636,13.583333333333295,30,1,0,0.0,0,0,0,
-1,4.0,0.5,108.66666666666636,13.583333333333295,60,1,0,0.0,0,0,0,
-1,4.0,0.75,108.66666666666636,20.374999999999943,15,1,0,0.0,0,0,0,
-1,4.0,0.75,108.66666666666636,20.374999999999943,30,1,0,0.0,0,0,0,
-1,4.0,0.75,108.66666666666636,20.374999999999943,60,1,0,0.0,0,0,0,
-1,4.0,1.0,108.66666666666636,27.16666666666659,15,1,0,0.0,0,0,0,
-1,4.0,1.0,108.66666666666636,27.16666666666659,30,1,0,0.0,0,0,0,
-1,4.0,1.0,108.66666666666636,27.16666666666659,60,1,0,0.0,0,0,0,
-1,4.0,1.5,108.66666666666636,40.749999999999886,15,1,0,0.0,0,0,0,
-1,4.0,1.5,108.66666666666636,40.749999999999886,30,1,0,0.0,0,0,0,
-1,4.0,1.5,108.66666666666636,40.749999999999886,60,1,0,0.0,0,0,0,
-1,0.75,0.5,20.086028957767518,13.390685971845013,15,53,1,0.018867924528301886,0,1,0,214572999850.0
-1,0.75,0.5,20.086028957767518,13.390685971845013,30,53,1,0.018867924528301886,0,1,0,214572999850.0
-1,0.75,0.5,20.086028957767518,13.390685971845013,60,53,1,0.018867924528301886,0,1,0,214572999850.0
-1,0.75,0.75,20.086028957767518,20.086028957767518,15,53,0,0.0,0,0,0,
-1,0.75,0.75,20.086028957767518,20.086028957767518,30,53,0,0.0,0,0,0,
-1,0.75,0.75,20.086028957767518,20.086028957767518,60,53,0,0.0,0,0,0,
-1,0.75,1.0,20.086028957767518,26.781371943690026,15,53,0,0.0,0,0,0,
-1,0.75,1.0,20.086028957767518,26.781371943690026,30,53,0,0.0,0,0,0,
-1,0.75,1.0,20.086028957767518,26.781371943690026,60,53,0,0.0,0,0,0,
-1,0.75,1.5,20.086028957767518,40.172057915535035,15,53,0,0.0,0,0,0,
-1,0.75,1.5,20.086028957767518,40.172057915535035,30,53,0,0.0,0,0,0,
-1,0.75,1.5,20.086028957767518,40.172057915535035,60,53,0,0.0,0,0,0,
-1,1.0,0.5,26.781371943690026,13.390685971845013,15,53,0,0.0,0,0,0,
-1,1.0,0.5,26.781371943690026,13.390685971845013,30,53,0,0.0,0,0,0,
-1,1.0,0.5,26.781371943690026,13.390685971845013,60,53,0,0.0,0,0,0,
-1,1.0,0.75,26.781371943690026,20.086028957767518,15,53,0,0.0,0,0,0,
-1,1.0,0.75,26.781371943690026,20.086028957767518,30,53,0,0.0,0,0,0,
-1,1.0,0.75,26.781371943690026,20.086028957767518,60,53,0,0.0,0,0,0,
-1,1.0,1.0,26.781371943690026,26.781371943690026,15,53,0,0.0,0,0,0,
-1,1.0,1.0,26.781371943690026,26.781371943690026,30,53,0,0.0,0,0,0,
-1,1.0,1.0,26.781371943690026,26.781371943690026,60,53,0,0.0,0,0,0,
-1,1.0,1.5,26.781371943690026,40.172057915535035,15,53,0,0.0,0,0,0,
-1,1.0,1.5,26.781371943690026,40.172057915535035,30,53,0,0.0,0,0,0,
-1,1.0,1.5,26.781371943690026,40.172057915535035,60,53,0,0.0,0,0,0,
-1,1.5,0.5,40.172057915535035,13.390685971845013,15,53,0,0.0,0,0,0,
-1,1.5,0.5,40.172057915535035,13.390685971845013,30,53,0,0.0,0,0,0,
-1,1.5,0.5,40.172057915535035,13.390685971845013,60,53,0,0.0,0,0,0,
-1,1.5,0.75,40.172057915535035,20.086028957767518,15,53,0,0.0,0,0,0,
-1,1.5,0.75,40.172057915535035,20.086028957767518,30,53,0,0.0,0,0,0,
-1,1.5,0.75,40.172057915535035,20.086028957767518,60,53,0,0.0,0,0,0,
-1,1.5,1.0,40.172057915535035,26.781371943690026,15,53,0,0.0,0,0,0,
-1,1.5,1.0,40.172057915535035,26.781371943690026,30,53,0,0.0,0,0,0,
-1,1.5,1.0,40.172057915535035,26.781371943690026,60,53,0,0.0,0,0,0,
-1,1.5,1.5,40.172057915535035,40.172057915535035,15,53,0,0.0,0,0,0,
-1,1.5,1.5,40.172057915535035,40.172057915535035,30,53,0,0.0,0,0,0,
-1,1.5,1.5,40.172057915535035,40.172057915535035,60,53,0,0.0,0,0,0,
-1,2.0,0.5,53.56274388738005,13.390685971845013,15,53,0,0.0,0,0,0,
-1,2.0,0.5,53.56274388738005,13.390685971845013,30,53,0,0.0,0,0,0,
-1,2.0,0.5,53.56274388738005,13.390685971845013,60,53,0,0.0,0,0,0,
-1,2.0,0.75,53.56274388738005,20.086028957767518,15,53,0,0.0,0,0,0,
-1,2.0,0.75,53.56274388738005,20.086028957767518,30,53,0,0.0,0,0,0,
-1,2.0,0.75,53.56274388738005,20.086028957767518,60,53,0,0.0,0,0,0,
-1,2.0,1.0,53.56274388738005,26.781371943690026,15,53,0,0.0,0,0,0,
-1,2.0,1.0,53.56274388738005,26.781371943690026,30,53,0,0.0,0,0,0,
-1,2.0,1.0,53.56274388738005,26.781371943690026,60,53,0,0.0,0,0,0,
-1,2.0,1.5,53.56274388738005,40.172057915535035,15,53,0,0.0,0,0,0,
-1,2.0,1.5,53.56274388738005,40.172057915535035,30,53,0,0.0,0,0,0,
-1,2.0,1.5,53.56274388738005,40.172057915535035,60,53,0,0.0,0,0,0,
-1,3.0,0.5,80.34411583107007,13.390685971845013,15,53,0,0.0,0,0,0,
-1,3.0,0.5,80.34411583107007,13.390685971845013,30,53,0,0.0,0,0,0,
-1,3.0,0.5,80.34411583107007,13.390685971845013,60,53,0,0.0,0,0,0,
-1,3.0,0.75,80.34411583107007,20.086028957767518,15,53,0,0.0,0,0,0,
-1,3.0,0.75,80.34411583107007,20.086028957767518,30,53,0,0.0,0,0,0,
-1,3.0,0.75,80.34411583107007,20.086028957767518,60,53,0,0.0,0,0,0,
-1,3.0,1.0,80.34411583107007,26.781371943690026,15,53,0,0.0,0,0,0,
-1,3.0,1.0,80.34411583107007,26.781371943690026,30,53,0,0.0,0,0,0,
-1,3.0,1.0,80.34411583107007,26.781371943690026,60,53,0,0.0,0,0,0,
-1,3.0,1.5,80.34411583107007,40.172057915535035,15,53,0,0.0,0,0,0,
-1,3.0,1.5,80.34411583107007,40.172057915535035,30,53,0,0.0,0,0,0,
-1,3.0,1.5,80.34411583107007,40.172057915535035,60,53,0,0.0,0,0,0,
-1,4.0,0.5,107.1254877747601,13.390685971845013,15,53,0,0.0,0,0,0,
-1,4.0,0.5,107.1254877747601,13.390685971845013,30,53,0,0.0,0,0,0,
-1,4.0,0.5,107.1254877747601,13.390685971845013,60,53,0,0.0,0,0,0,
-1,4.0,0.75,107.1254877747601,20.086028957767518,15,53,0,0.0,0,0,0,
-1,4.0,0.75,107.1254877747601,20.086028957767518,30,53,0,0.0,0,0,0,
-1,4.0,0.75,107.1254877747601,20.086028957767518,60,53,0,0.0,0,0,0,
-1,4.0,1.0,107.1254877747601,26.781371943690026,15,53,0,0.0,0,0,0,
-1,4.0,1.0,107.1254877747601,26.781371943690026,30,53,0,0.0,0,0,0,
-1,4.0,1.0,107.1254877747601,26.781371943690026,60,53,0,0.0,0,0,0,
-1,4.0,1.5,107.1254877747601,40.172057915535035,15,53,0,0.0,0,0,0,
-1,4.0,1.5,107.1254877747601,40.172057915535035,30,53,0,0.0,0,0,0,
-1,4.0,1.5,107.1254877747601,40.172057915535035,60,53,0,0.0,0,0,0,
-1,0.75,0.5,20.999999999999943,13.999999999999961,15,1,0,0.0,0,0,0,
-1,0.75,0.5,20.999999999999943,13.999999999999961,30,1,0,0.0,0,0,0,
-1,0.75,0.5,20.999999999999943,13.999999999999961,60,1,0,0.0,0,0,0,
-1,0.75,0.75,20.999999999999943,20.999999999999943,15,1,0,0.0,0,0,0,
-1,0.75,0.75,20.999999999999943,20.999999999999943,30,1,0,0.0,0,0,0,
-1,0.75,0.75,20.999999999999943,20.999999999999943,60,1,0,0.0,0,0,0,
-1,0.75,1.0,20.999999999999943,27.999999999999922,15,1,0,0.0,0,0,0,
-1,0.75,1.0,20.999999999999943,27.999999999999922,30,1,0,0.0,0,0,0,
-1,0.75,1.0,20.999999999999943,27.999999999999922,60,1,0,0.0,0,0,0,
-1,0.75,1.5,20.999999999999943,41.999999999999886,15,1,0,0.0,0,0,0,
-1,0.75,1.5,20.999999999999943,41.999999999999886,30,1,0,0.0,0,0,0,
-1,0.75,1.5,20.999999999999943,41.999999999999886,60,1,0,0.0,0,0,0,
-1,1.0,0.5,27.999999999999922,13.999999999999961,15,1,0,0.0,0,0,0,
-1,1.0,0.5,27.999999999999922,13.999999999999961,30,1,0,0.0,0,0,0,
-1,1.0,0.5,27.999999999999922,13.999999999999961,60,1,0,0.0,0,0,0,
-1,1.0,0.75,27.999999999999922,20.999999999999943,15,1,0,0.0,0,0,0,
-1,1.0,0.75,27.999999999999922,20.999999999999943,30,1,0,0.0,0,0,0,
-1,1.0,0.75,27.999999999999922,20.999999999999943,60,1,0,0.0,0,0,0,
-1,1.0,1.0,27.999999999999922,27.999999999999922,15,1,0,0.0,0,0,0,
-1,1.0,1.0,27.999999999999922,27.999999999999922,30,1,0,0.0,0,0,0,
-1,1.0,1.0,27.999999999999922,27.999999999999922,60,1,0,0.0,0,0,0,
-1,1.0,1.5,27.999999999999922,41.999999999999886,15,1,0,0.0,0,0,0,
-1,1.0,1.5,27.999999999999922,41.999999999999886,30,1,0,0.0,0,0,0,
-1,1.0,1.5,27.999999999999922,41.999999999999886,60,1,0,0.0,0,0,0,
-1,1.5,0.5,41.999999999999886,13.999999999999961,15,1,0,0.0,0,0,0,
-1,1.5,0.5,41.999999999999886,13.999999999999961,30,1,0,0.0,0,0,0,
-1,1.5,0.5,41.999999999999886,13.999999999999961,60,1,0,0.0,0,0,0,
-1,1.5,0.75,41.999999999999886,20.999999999999943,15,1,0,0.0,0,0,0,
-1,1.5,0.75,41.999999999999886,20.999999999999943,30,1,0,0.0,0,0,0,
-1,1.5,0.75,41.999999999999886,20.999999999999943,60,1,0,0.0,0,0,0,
-1,1.5,1.0,41.999999999999886,27.999999999999922,15,1,0,0.0,0,0,0,
-1,1.5,1.0,41.999999999999886,27.999999999999922,30,1,0,0.0,0,0,0,
-1,1.5,1.0,41.999999999999886,27.999999999999922,60,1,0,0.0,0,0,0,
-1,1.5,1.5,41.999999999999886,41.999999999999886,15,1,0,0.0,0,0,0,
-1,1.5,1.5,41.999999999999886,41.999999999999886,30,1,0,0.0,0,0,0,
-1,1.5,1.5,41.999999999999886,41.999999999999886,60,1,0,0.0,0,0,0,
-1,2.0,0.5,55.999999999999844,13.999999999999961,15,1,0,0.0,0,0,0,
-1,2.0,0.5,55.999999999999844,13.999999999999961,30,1,0,0.0,0,0,0,
-1,2.0,0.5,55.999999999999844,13.999999999999961,60,1,0,0.0,0,0,0,
-1,2.0,0.75,55.999999999999844,20.999999999999943,15,1,0,0.0,0,0,0,
-1,2.0,0.75,55.999999999999844,20.999999999999943,30,1,0,0.0,0,0,0,
-1,2.0,0.75,55.999999999999844,20.999999999999943,60,1,0,0.0,0,0,0,
-1,2.0,1.0,55.999999999999844,27.999999999999922,15,1,0,0.0,0,0,0,
-1,2.0,1.0,55.999999999999844,27.999999999999922,30,1,0,0.0,0,0,0,
-1,2.0,1.0,55.999999999999844,27.999999999999922,60,1,0,0.0,0,0,0,
-1,2.0,1.5,55.999999999999844,41.999999999999886,15,1,0,0.0,0,0,0,
-1,2.0,1.5,55.999999999999844,41.999999999999886,30,1,0,0.0,0,0,0,
-1,2.0,1.5,55.999999999999844,41.999999999999886,60,1,0,0.0,0,0,0,
-1,3.0,0.5,83.99999999999977,13.999999999999961,15,1,0,0.0,0,0,0,
-1,3.0,0.5,83.99999999999977,13.999999999999961,30,1,0,0.0,0,0,0,
-1,3.0,0.5,83.99999999999977,13.999999999999961,60,1,0,0.0,0,0,0,
-1,3.0,0.75,83.99999999999977,20.999999999999943,15,1,0,0.0,0,0,0,
-1,3.0,0.75,83.99999999999977,20.999999999999943,30,1,0,0.0,0,0,0,
-1,3.0,0.75,83.99999999999977,20.999999999999943,60,1,0,0.0,0,0,0,
-1,3.0,1.0,83.99999999999977,27.999999999999922,15,1,0,0.0,0,0,0,
-1,3.0,1.0,83.99999999999977,27.999999999999922,30,1,0,0.0,0,0,0,
-1,3.0,1.0,83.99999999999977,27.999999999999922,60,1,0,0.0,0,0,0,
-1,3.0,1.5,83.99999999999977,41.999999999999886,15,1,0,0.0,0,0,0,
-1,3.0,1.5,83.99999999999977,41.999999999999886,30,1,0,0.0,0,0,0,
-1,3.0,1.5,83.99999999999977,41.999999999999886,60,1,0,0.0,0,0,0,
-1,4.0,0.5,111.99999999999969,13.999999999999961,15,1,0,0.0,0,0,0,
-1,4.0,0.5,111.99999999999969,13.999999999999961,30,1,0,0.0,0,0,0,
-1,4.0,0.5,111.99999999999969,13.999999999999961,60,1,0,0.0,0,0,0,
-1,4.0,0.75,111.99999999999969,20.999999999999943,15,1,0,0.0,0,0,0,
-1,4.0,0.75,111.99999999999969,20.999999999999943,30,1,0,0.0,0,0,0,
-1,4.0,0.75,111.99999999999969,20.999999999999943,60,1,0,0.0,0,0,0,
-1,4.0,1.0,111.99999999999969,27.999999999999922,15,1,0,0.0,0,0,0,
-1,4.0,1.0,111.99999999999969,27.999999999999922,30,1,0,0.0,0,0,0,
-1,4.0,1.0,111.99999999999969,27.999999999999922,60,1,0,0.0,0,0,0,
-1,4.0,1.5,111.99999999999969,41.999999999999886,15,1,0,0.0,0,0,0,
-1,4.0,1.5,111.99999999999969,41.999999999999886,30,1,0,0.0,0,0,0,
-1,4.0,1.5,111.99999999999969,41.999999999999886,60,1,0,0.0,0,0,0,
-1,0.75,0.5,19.710543280910343,13.140362187273563,15,100,3,0.03,2,1,0,170516382928.0
-1,0.75,0.5,19.710543280910343,13.140362187273563,30,100,3,0.03,2,1,0,170516382928.0
-1,0.75,0.5,19.710543280910343,13.140362187273563,60,100,3,0.03,2,1,0,170516382928.0
-1,0.75,0.75,19.710543280910343,19.710543280910343,15,100,1,0.01,1,0,0,145839916716.0
-1,0.75,0.75,19.710543280910343,19.710543280910343,30,100,1,0.01,1,0,0,145839916716.0
-1,0.75,0.75,19.710543280910343,19.710543280910343,60,100,1,0.01,1,0,0,145839916716.0
-1,0.75,1.0,19.710543280910343,26.280724374547127,15,100,0,0.0,0,0,0,
-1,0.75,1.0,19.710543280910343,26.280724374547127,30,100,0,0.0,0,0,0,
-1,0.75,1.0,19.710543280910343,26.280724374547127,60,100,0,0.0,0,0,0,
-1,0.75,1.5,19.710543280910343,39.42108656182069,15,100,0,0.0,0,0,0,
-1,0.75,1.5,19.710543280910343,39.42108656182069,30,100,0,0.0,0,0,0,
-1,0.75,1.5,19.710543280910343,39.42108656182069,60,100,0,0.0,0,0,0,
-1,1.0,0.5,26.280724374547127,13.140362187273563,15,100,1,0.01,1,0,0,137460921558.0
-1,1.0,0.5,26.280724374547127,13.140362187273563,30,100,1,0.01,1,0,0,137460921558.0
-1,1.0,0.5,26.280724374547127,13.140362187273563,60,100,1,0.01,1,0,0,137460921558.0
-1,1.0,0.75,26.280724374547127,19.710543280910343,15,100,1,0.01,1,0,0,145827158772.0
-1,1.0,0.75,26.280724374547127,19.710543280910343,30,100,1,0.01,1,0,0,145827158772.0
-1,1.0,0.75,26.280724374547127,19.710543280910343,60,100,1,0.01,1,0,0,145827158772.0
-1,1.0,1.0,26.280724374547127,26.280724374547127,15,100,0,0.0,0,0,0,
-1,1.0,1.0,26.280724374547127,26.280724374547127,30,100,0,0.0,0,0,0,
-1,1.0,1.0,26.280724374547127,26.280724374547127,60,100,0,0.0,0,0,0,
-1,1.0,1.5,26.280724374547127,39.42108656182069,15,100,0,0.0,0,0,0,
-1,1.0,1.5,26.280724374547127,39.42108656182069,30,100,0,0.0,0,0,0,
-1,1.0,1.5,26.280724374547127,39.42108656182069,60,100,0,0.0,0,0,0,
-1,1.5,0.5,39.42108656182069,13.140362187273563,15,100,0,0.0,0,0,0,
-1,1.5,0.5,39.42108656182069,13.140362187273563,30,100,0,0.0,0,0,0,
-1,1.5,0.5,39.42108656182069,13.140362187273563,60,100,0,0.0,0,0,0,
-1,1.5,0.75,39.42108656182069,19.710543280910343,15,100,1,0.01,1,0,0,99464732436.0
-1,1.5,0.75,39.42108656182069,19.710543280910343,30,100,1,0.01,1,0,0,99464732436.0
-1,1.5,0.75,39.42108656182069,19.710543280910343,60,100,1,0.01,1,0,0,99464732436.0
-1,1.5,1.0,39.42108656182069,26.280724374547127,15,100,1,0.01,1,0,0,100534531384.0
-1,1.5,1.0,39.42108656182069,26.280724374547127,30,100,1,0.01,1,0,0,100534531384.0
-1,1.5,1.0,39.42108656182069,26.280724374547127,60,100,1,0.01,1,0,0,100534531384.0
-1,1.5,1.5,39.42108656182069,39.42108656182069,15,100,1,0.01,1,0,0,113858948760.0
-1,1.5,1.5,39.42108656182069,39.42108656182069,30,100,1,0.01,1,0,0,113858948760.0
-1,1.5,1.5,39.42108656182069,39.42108656182069,60,100,1,0.01,1,0,0,113858948760.0
-1,2.0,0.5,52.561448749094254,13.140362187273563,15,100,0,0.0,0,0,0,
-1,2.0,0.5,52.561448749094254,13.140362187273563,30,100,1,0.01,1,0,0,125146325324.0
-1,2.0,0.5,52.561448749094254,13.140362187273563,60,100,1,0.01,1,0,0,125146325324.0
-1,2.0,0.75,52.561448749094254,19.710543280910343,15,100,0,0.0,0,0,0,
-1,2.0,0.75,52.561448749094254,19.710543280910343,30,100,1,0.01,1,0,0,125340943922.0
-1,2.0,0.75,52.561448749094254,19.710543280910343,60,100,1,0.01,1,0,0,125340943922.0
-1,2.0,1.0,52.561448749094254,26.280724374547127,15,100,0,0.0,0,0,0,
-1,2.0,1.0,52.561448749094254,26.280724374547127,30,100,1,0.01,1,0,0,125498668082.0
-1,2.0,1.0,52.561448749094254,26.280724374547127,60,100,1,0.01,1,0,0,125498668082.0
-1,2.0,1.5,52.561448749094254,39.42108656182069,15,100,0,0.0,0,0,0,
-1,2.0,1.5,52.561448749094254,39.42108656182069,30,100,1,0.01,1,0,0,157055768954.0
-1,2.0,1.5,52.561448749094254,39.42108656182069,60,100,1,0.01,1,0,0,157055768954.0
-1,3.0,0.5,78.84217312364137,13.140362187273563,15,100,0,0.0,0,0,0,
-1,3.0,0.5,78.84217312364137,13.140362187273563,30,100,2,0.02,2,0,0,155278610620.0
-1,3.0,0.5,78.84217312364137,13.140362187273563,60,100,2,0.02,2,0,0,155278610620.0
-1,3.0,0.75,78.84217312364137,19.710543280910343,15,100,0,0.0,0,0,0,
-1,3.0,0.75,78.84217312364137,19.710543280910343,30,100,1,0.01,1,0,0,153765487724.0
-1,3.0,0.75,78.84217312364137,19.710543280910343,60,100,1,0.01,1,0,0,153765487724.0
-1,3.0,1.0,78.84217312364137,26.280724374547127,15,100,0,0.0,0,0,0,
-1,3.0,1.0,78.84217312364137,26.280724374547127,30,100,0,0.0,0,0,0,
-1,3.0,1.0,78.84217312364137,26.280724374547127,60,100,0,0.0,0,0,0,
-1,3.0,1.5,78.84217312364137,39.42108656182069,15,100,0,0.0,0,0,0,
-1,3.0,1.5,78.84217312364137,39.42108656182069,30,100,0,0.0,0,0,0,
-1,3.0,1.5,78.84217312364137,39.42108656182069,60,100,0,0.0,0,0,0,
-1,4.0,0.5,105.12289749818851,13.140362187273563,15,100,0,0.0,0,0,0,
-1,4.0,0.5,105.12289749818851,13.140362187273563,30,100,0,0.0,0,0,0,
-1,4.0,0.5,105.12289749818851,13.140362187273563,60,100,0,0.0,0,0,0,
-1,4.0,0.75,105.12289749818851,19.710543280910343,15,100,0,0.0,0,0,0,
-1,4.0,0.75,105.12289749818851,19.710543280910343,30,100,0,0.0,0,0,0,
-1,4.0,0.75,105.12289749818851,19.710543280910343,60,100,0,0.0,0,0,0,
-1,4.0,1.0,105.12289749818851,26.280724374547127,15,100,0,0.0,0,0,0,
-1,4.0,1.0,105.12289749818851,26.280724374547127,30,100,0,0.0,0,0,0,
-1,4.0,1.0,105.12289749818851,26.280724374547127,60,100,0,0.0,0,0,0,
-1,4.0,1.5,105.12289749818851,39.42108656182069,15,100,0,0.0,0,0,0,
-1,4.0,1.5,105.12289749818851,39.42108656182069,30,100,0,0.0,0,0,0,
-1,4.0,1.5,105.12289749818851,39.42108656182069,60,100,0,0.0,0,0,0,
-1,0.75,0.5,20.62499999999943,13.74999999999962,15,5,0,0.0,0,0,0,
-1,0.75,0.5,20.62499999999943,13.74999999999962,30,5,0,0.0,0,0,0,
-1,0.75,0.5,20.62499999999943,13.74999999999962,60,5,0,0.0,0,0,0,
-1,0.75,0.75,20.62499999999943,20.62499999999943,15,5,0,0.0,0,0,0,
-1,0.75,0.75,20.62499999999943,20.62499999999943,30,5,0,0.0,0,0,0,
-1,0.75,0.75,20.62499999999943,20.62499999999943,60,5,0,0.0,0,0,0,
-1,0.75,1.0,20.62499999999943,27.49999999999924,15,5,0,0.0,0,0,0,
-1,0.75,1.0,20.62499999999943,27.49999999999924,30,5,0,0.0,0,0,0,
-1,0.75,1.0,20.62499999999943,27.49999999999924,60,5,0,0.0,0,0,0,
-1,0.75,1.5,20.62499999999943,41.24999999999886,15,5,0,0.0,0,0,0,
-1,0.75,1.5,20.62499999999943,41.24999999999886,30,5,0,0.0,0,0,0,
-1,0.75,1.5,20.62499999999943,41.24999999999886,60,5,0,0.0,0,0,0,
-1,1.0,0.5,27.49999999999924,13.74999999999962,15,5,0,0.0,0,0,0,
-1,1.0,0.5,27.49999999999924,13.74999999999962,30,5,0,0.0,0,0,0,
-1,1.0,0.5,27.49999999999924,13.74999999999962,60,5,0,0.0,0,0,0,
-1,1.0,0.75,27.49999999999924,20.62499999999943,15,5,0,0.0,0,0,0,
-1,1.0,0.75,27.49999999999924,20.62499999999943,30,5,0,0.0,0,0,0,
-1,1.0,0.75,27.49999999999924,20.62499999999943,60,5,0,0.0,0,0,0,
-1,1.0,1.0,27.49999999999924,27.49999999999924,15,5,0,0.0,0,0,0,
-1,1.0,1.0,27.49999999999924,27.49999999999924,30,5,0,0.0,0,0,0,
-1,1.0,1.0,27.49999999999924,27.49999999999924,60,5,0,0.0,0,0,0,
-1,1.0,1.5,27.49999999999924,41.24999999999886,15,5,0,0.0,0,0,0,
-1,1.0,1.5,27.49999999999924,41.24999999999886,30,5,0,0.0,0,0,0,
-1,1.0,1.5,27.49999999999924,41.24999999999886,60,5,0,0.0,0,0,0,
-1,1.5,0.5,41.24999999999886,13.74999999999962,15,5,0,0.0,0,0,0,
-1,1.5,0.5,41.24999999999886,13.74999999999962,30,5,0,0.0,0,0,0,
-1,1.5,0.5,41.24999999999886,13.74999999999962,60,5,0,0.0,0,0,0,
-1,1.5,0.75,41.24999999999886,20.62499999999943,15,5,0,0.0,0,0,0,
-1,1.5,0.75,41.24999999999886,20.62499999999943,30,5,0,0.0,0,0,0,
-1,1.5,0.75,41.24999999999886,20.62499999999943,60,5,0,0.0,0,0,0,
-1,1.5,1.0,41.24999999999886,27.49999999999924,15,5,0,0.0,0,0,0,
-1,1.5,1.0,41.24999999999886,27.49999999999924,30,5,0,0.0,0,0,0,
-1,1.5,1.0,41.24999999999886,27.49999999999924,60,5,0,0.0,0,0,0,
-1,1.5,1.5,41.24999999999886,41.24999999999886,15,5,0,0.0,0,0,0,
-1,1.5,1.5,41.24999999999886,41.24999999999886,30,5,0,0.0,0,0,0,
-1,1.5,1.5,41.24999999999886,41.24999999999886,60,5,0,0.0,0,0,0,
-1,2.0,0.5,54.99999999999848,13.74999999999962,15,5,0,0.0,0,0,0,
-1,2.0,0.5,54.99999999999848,13.74999999999962,30,5,0,0.0,0,0,0,
-1,2.0,0.5,54.99999999999848,13.74999999999962,60,5,0,0.0,0,0,0,
-1,2.0,0.75,54.99999999999848,20.62499999999943,15,5,0,0.0,0,0,0,
-1,2.0,0.75,54.99999999999848,20.62499999999943,30,5,0,0.0,0,0,0,
-1,2.0,0.75,54.99999999999848,20.62499999999943,60,5,0,0.0,0,0,0,
-1,2.0,1.0,54.99999999999848,27.49999999999924,15,5,0,0.0,0,0,0,
-1,2.0,1.0,54.99999999999848,27.49999999999924,30,5,0,0.0,0,0,0,
-1,2.0,1.0,54.99999999999848,27.49999999999924,60,5,0,0.0,0,0,0,
-1,2.0,1.5,54.99999999999848,41.24999999999886,15,5,0,0.0,0,0,0,
-1,2.0,1.5,54.99999999999848,41.24999999999886,30,5,0,0.0,0,0,0,
-1,2.0,1.5,54.99999999999848,41.24999999999886,60,5,0,0.0,0,0,0,
-1,3.0,0.5,82.49999999999773,13.74999999999962,15,5,0,0.0,0,0,0,
-1,3.0,0.5,82.49999999999773,13.74999999999962,30,5,0,0.0,0,0,0,
-1,3.0,0.5,82.49999999999773,13.74999999999962,60,5,0,0.0,0,0,0,
-1,3.0,0.75,82.49999999999773,20.62499999999943,15,5,0,0.0,0,0,0,
-1,3.0,0.75,82.49999999999773,20.62499999999943,30,5,0,0.0,0,0,0,
-1,3.0,0.75,82.49999999999773,20.62499999999943,60,5,0,0.0,0,0,0,
-1,3.0,1.0,82.49999999999773,27.49999999999924,15,5,0,0.0,0,0,0,
-1,3.0,1.0,82.49999999999773,27.49999999999924,30,5,0,0.0,0,0,0,
-1,3.0,1.0,82.49999999999773,27.49999999999924,60,5,0,0.0,0,0,0,
-1,3.0,1.5,82.49999999999773,41.24999999999886,15,5,0,0.0,0,0,0,
-1,3.0,1.5,82.49999999999773,41.24999999999886,30,5,0,0.0,0,0,0,
-1,3.0,1.5,82.49999999999773,41.24999999999886,60,5,0,0.0,0,0,0,
-1,4.0,0.5,109.99999999999696,13.74999999999962,15,5,0,0.0,0,0,0,
-1,4.0,0.5,109.99999999999696,13.74999999999962,30,5,0,0.0,0,0,0,
-1,4.0,0.5,109.99999999999696,13.74999999999962,60,5,0,0.0,0,0,0,
-1,4.0,0.75,109.99999999999696,20.62499999999943,15,5,0,0.0,0,0,0,
-1,4.0,0.75,109.99999999999696,20.62499999999943,30,5,0,0.0,0,0,0,
-1,4.0,0.75,109.99999999999696,20.62499999999943,60,5,0,0.0,0,0,0,
-1,4.0,1.0,109.99999999999696,27.49999999999924,15,5,0,0.0,0,0,0,
-1,4.0,1.0,109.99999999999696,27.49999999999924,30,5,0,0.0,0,0,0,
-1,4.0,1.0,109.99999999999696,27.49999999999924,60,5,0,0.0,0,0,0,
-1,4.0,1.5,109.99999999999696,41.24999999999886,15,5,0,0.0,0,0,0,
-1,4.0,1.5,109.99999999999696,41.24999999999886,30,5,0,0.0,0,0,0,
-1,4.0,1.5,109.99999999999696,41.24999999999886,60,5,0,0.0,0,0,0,
-1,0.75,0.5,20.665728371882444,13.77715224792163,15,21,1,0.047619047619047616,1,0,0,45606576452.0
-1,0.75,0.5,20.665728371882444,13.77715224792163,30,19,1,0.05263157894736842,1,0,0,45606576452.0
-1,0.75,0.5,20.665728371882444,13.77715224792163,60,13,1,0.07692307692307693,1,0,0,45606576452.0
-1,0.75,0.75,20.665728371882444,20.665728371882444,15,21,1,0.047619047619047616,1,0,0,45606576452.0
-1,0.75,0.75,20.665728371882444,20.665728371882444,30,19,1,0.05263157894736842,1,0,0,45606576452.0
-1,0.75,0.75,20.665728371882444,20.665728371882444,60,13,1,0.07692307692307693,1,0,0,45606576452.0
-1,0.75,1.0,20.665728371882444,27.55430449584326,15,21,1,0.047619047619047616,1,0,0,45772455676.0
-1,0.75,1.0,20.665728371882444,27.55430449584326,30,19,1,0.05263157894736842,1,0,0,45772455676.0
-1,0.75,1.0,20.665728371882444,27.55430449584326,60,13,1,0.07692307692307693,1,0,0,45772455676.0
-1,0.75,1.5,20.665728371882444,41.33145674376489,15,21,1,0.047619047619047616,1,0,0,55078401094.0
-1,0.75,1.5,20.665728371882444,41.33145674376489,30,19,1,0.05263157894736842,1,0,0,55078401094.0
-1,0.75,1.5,20.665728371882444,41.33145674376489,60,13,1,0.07692307692307693,1,0,0,55078401094.0
-1,1.0,0.5,27.55430449584326,13.77715224792163,15,21,0,0.0,0,0,0,
-1,1.0,0.5,27.55430449584326,13.77715224792163,30,19,0,0.0,0,0,0,
-1,1.0,0.5,27.55430449584326,13.77715224792163,60,13,0,0.0,0,0,0,
-1,1.0,0.75,27.55430449584326,20.665728371882444,15,21,0,0.0,0,0,0,
-1,1.0,0.75,27.55430449584326,20.665728371882444,30,19,0,0.0,0,0,0,
-1,1.0,0.75,27.55430449584326,20.665728371882444,60,13,0,0.0,0,0,0,
-1,1.0,1.0,27.55430449584326,27.55430449584326,15,21,0,0.0,0,0,0,
-1,1.0,1.0,27.55430449584326,27.55430449584326,30,19,0,0.0,0,0,0,
-1,1.0,1.0,27.55430449584326,27.55430449584326,60,13,0,0.0,0,0,0,
-1,1.0,1.5,27.55430449584326,41.33145674376489,15,21,0,0.0,0,0,0,
-1,1.0,1.5,27.55430449584326,41.33145674376489,30,19,0,0.0,0,0,0,
-1,1.0,1.5,27.55430449584326,41.33145674376489,60,13,0,0.0,0,0,0,
-1,1.5,0.5,41.33145674376489,13.77715224792163,15,21,0,0.0,0,0,0,
-1,1.5,0.5,41.33145674376489,13.77715224792163,30,19,0,0.0,0,0,0,
-1,1.5,0.5,41.33145674376489,13.77715224792163,60,13,0,0.0,0,0,0,
-1,1.5,0.75,41.33145674376489,20.665728371882444,15,21,0,0.0,0,0,0,
-1,1.5,0.75,41.33145674376489,20.665728371882444,30,19,0,0.0,0,0,0,
-1,1.5,0.75,41.33145674376489,20.665728371882444,60,13,0,0.0,0,0,0,
-1,1.5,1.0,41.33145674376489,27.55430449584326,15,21,0,0.0,0,0,0,
-1,1.5,1.0,41.33145674376489,27.55430449584326,30,19,0,0.0,0,0,0,
-1,1.5,1.0,41.33145674376489,27.55430449584326,60,13,0,0.0,0,0,0,
-1,1.5,1.5,41.33145674376489,41.33145674376489,15,21,0,0.0,0,0,0,
-1,1.5,1.5,41.33145674376489,41.33145674376489,30,19,0,0.0,0,0,0,
-1,1.5,1.5,41.33145674376489,41.33145674376489,60,13,0,0.0,0,0,0,
-1,2.0,0.5,55.10860899168652,13.77715224792163,15,21,0,0.0,0,0,0,
-1,2.0,0.5,55.10860899168652,13.77715224792163,30,19,0,0.0,0,0,0,
-1,2.0,0.5,55.10860899168652,13.77715224792163,60,13,0,0.0,0,0,0,
-1,2.0,0.75,55.10860899168652,20.665728371882444,15,21,0,0.0,0,0,0,
-1,2.0,0.75,55.10860899168652,20.665728371882444,30,19,0,0.0,0,0,0,
-1,2.0,0.75,55.10860899168652,20.665728371882444,60,13,0,0.0,0,0,0,
-1,2.0,1.0,55.10860899168652,27.55430449584326,15,21,0,0.0,0,0,0,
-1,2.0,1.0,55.10860899168652,27.55430449584326,30,19,0,0.0,0,0,0,
-1,2.0,1.0,55.10860899168652,27.55430449584326,60,13,0,0.0,0,0,0,
-1,2.0,1.5,55.10860899168652,41.33145674376489,15,21,0,0.0,0,0,0,
-1,2.0,1.5,55.10860899168652,41.33145674376489,30,19,0,0.0,0,0,0,
-1,2.0,1.5,55.10860899168652,41.33145674376489,60,13,0,0.0,0,0,0,
-1,3.0,0.5,82.66291348752978,13.77715224792163,15,21,0,0.0,0,0,0,
-1,3.0,0.5,82.66291348752978,13.77715224792163,30,19,0,0.0,0,0,0,
-1,3.0,0.5,82.66291348752978,13.77715224792163,60,13,0,0.0,0,0,0,
-1,3.0,0.75,82.66291348752978,20.665728371882444,15,21,0,0.0,0,0,0,
-1,3.0,0.75,82.66291348752978,20.665728371882444,30,19,0,0.0,0,0,0,
-1,3.0,0.75,82.66291348752978,20.665728371882444,60,13,0,0.0,0,0,0,
-1,3.0,1.0,82.66291348752978,27.55430449584326,15,21,0,0.0,0,0,0,
-1,3.0,1.0,82.66291348752978,27.55430449584326,30,19,0,0.0,0,0,0,
-1,3.0,1.0,82.66291348752978,27.55430449584326,60,13,0,0.0,0,0,0,
-1,3.0,1.5,82.66291348752978,41.33145674376489,15,21,0,0.0,0,0,0,
-1,3.0,1.5,82.66291348752978,41.33145674376489,30,19,0,0.0,0,0,0,
-1,3.0,1.5,82.66291348752978,41.33145674376489,60,13,0,0.0,0,0,0,
-1,4.0,0.5,110.21721798337305,13.77715224792163,15,21,0,0.0,0,0,0,
-1,4.0,0.5,110.21721798337305,13.77715224792163,30,19,0,0.0,0,0,0,
-1,4.0,0.5,110.21721798337305,13.77715224792163,60,13,0,0.0,0,0,0,
-1,4.0,0.75,110.21721798337305,20.665728371882444,15,21,0,0.0,0,0,0,
-1,4.0,0.75,110.21721798337305,20.665728371882444,30,19,0,0.0,0,0,0,
-1,4.0,0.75,110.21721798337305,20.665728371882444,60,13,0,0.0,0,0,0,
-1,4.0,1.0,110.21721798337305,27.55430449584326,15,21,0,0.0,0,0,0,
-1,4.0,1.0,110.21721798337305,27.55430449584326,30,19,0,0.0,0,0,0,
-1,4.0,1.0,110.21721798337305,27.55430449584326,60,13,0,0.0,0,0,0,
-1,4.0,1.5,110.21721798337305,41.33145674376489,15,21,0,0.0,0,0,0,
-1,4.0,1.5,110.21721798337305,41.33145674376489,30,19,0,0.0,0,0,0,
-1,4.0,1.5,110.21721798337305,41.33145674376489,60,13,0,0.0,0,0,0,
-1,0.75,0.5,18.18749999999966,12.124999999999773,15,1,0,0.0,0,0,0,
-1,0.75,0.5,18.18749999999966,12.124999999999773,30,0,0,,0,0,0,
-1,0.75,0.5,18.18749999999966,12.124999999999773,60,0,0,,0,0,0,
-1,0.75,0.75,18.18749999999966,18.18749999999966,15,1,0,0.0,0,0,0,
-1,0.75,0.75,18.18749999999966,18.18749999999966,30,0,0,,0,0,0,
-1,0.75,0.75,18.18749999999966,18.18749999999966,60,0,0,,0,0,0,
-1,0.75,1.0,18.18749999999966,24.249999999999545,15,1,0,0.0,0,0,0,
-1,0.75,1.0,18.18749999999966,24.249999999999545,30,0,0,,0,0,0,
-1,0.75,1.0,18.18749999999966,24.249999999999545,60,0,0,,0,0,0,
-1,0.75,1.5,18.18749999999966,36.37499999999932,15,1,0,0.0,0,0,0,
-1,0.75,1.5,18.18749999999966,36.37499999999932,30,0,0,,0,0,0,
-1,0.75,1.5,18.18749999999966,36.37499999999932,60,0,0,,0,0,0,
-1,1.0,0.5,24.249999999999545,12.124999999999773,15,1,0,0.0,0,0,0,
-1,1.0,0.5,24.249999999999545,12.124999999999773,30,0,0,,0,0,0,
-1,1.0,0.5,24.249999999999545,12.124999999999773,60,0,0,,0,0,0,
-1,1.0,0.75,24.249999999999545,18.18749999999966,15,1,0,0.0,0,0,0,
-1,1.0,0.75,24.249999999999545,18.18749999999966,30,0,0,,0,0,0,
-1,1.0,0.75,24.249999999999545,18.18749999999966,60,0,0,,0,0,0,
-1,1.0,1.0,24.249999999999545,24.249999999999545,15,1,0,0.0,0,0,0,
-1,1.0,1.0,24.249999999999545,24.249999999999545,30,0,0,,0,0,0,
-1,1.0,1.0,24.249999999999545,24.249999999999545,60,0,0,,0,0,0,
-1,1.0,1.5,24.249999999999545,36.37499999999932,15,1,0,0.0,0,0,0,
-1,1.0,1.5,24.249999999999545,36.37499999999932,30,0,0,,0,0,0,
-1,1.0,1.5,24.249999999999545,36.37499999999932,60,0,0,,0,0,0,
-1,1.5,0.5,36.37499999999932,12.124999999999773,15,1,0,0.0,0,0,0,
-1,1.5,0.5,36.37499999999932,12.124999999999773,30,0,0,,0,0,0,
-1,1.5,0.5,36.37499999999932,12.124999999999773,60,0,0,,0,0,0,
-1,1.5,0.75,36.37499999999932,18.18749999999966,15,1,0,0.0,0,0,0,
-1,1.5,0.75,36.37499999999932,18.18749999999966,30,0,0,,0,0,0,
-1,1.5,0.75,36.37499999999932,18.18749999999966,60,0,0,,0,0,0,
-1,1.5,1.0,36.37499999999932,24.249999999999545,15,1,0,0.0,0,0,0,
-1,1.5,1.0,36.37499999999932,24.249999999999545,30,0,0,,0,0,0,
-1,1.5,1.0,36.37499999999932,24.249999999999545,60,0,0,,0,0,0,
-1,1.5,1.5,36.37499999999932,36.37499999999932,15,1,0,0.0,0,0,0,
-1,1.5,1.5,36.37499999999932,36.37499999999932,30,0,0,,0,0,0,
-1,1.5,1.5,36.37499999999932,36.37499999999932,60,0,0,,0,0,0,
-1,2.0,0.5,48.49999999999909,12.124999999999773,15,1,0,0.0,0,0,0,
-1,2.0,0.5,48.49999999999909,12.124999999999773,30,0,0,,0,0,0,
-1,2.0,0.5,48.49999999999909,12.124999999999773,60,0,0,,0,0,0,
-1,2.0,0.75,48.49999999999909,18.18749999999966,15,1,0,0.0,0,0,0,
-1,2.0,0.75,48.49999999999909,18.18749999999966,30,0,0,,0,0,0,
-1,2.0,0.75,48.49999999999909,18.18749999999966,60,0,0,,0,0,0,
-1,2.0,1.0,48.49999999999909,24.249999999999545,15,1,0,0.0,0,0,0,
-1,2.0,1.0,48.49999999999909,24.249999999999545,30,0,0,,0,0,0,
-1,2.0,1.0,48.49999999999909,24.249999999999545,60,0,0,,0,0,0,
-1,2.0,1.5,48.49999999999909,36.37499999999932,15,1,0,0.0,0,0,0,
-1,2.0,1.5,48.49999999999909,36.37499999999932,30,0,0,,0,0,0,
-1,2.0,1.5,48.49999999999909,36.37499999999932,60,0,0,,0,0,0,
-1,3.0,0.5,72.74999999999864,12.124999999999773,15,1,0,0.0,0,0,0,
-1,3.0,0.5,72.74999999999864,12.124999999999773,30,0,0,,0,0,0,
-1,3.0,0.5,72.74999999999864,12.124999999999773,60,0,0,,0,0,0,
-1,3.0,0.75,72.74999999999864,18.18749999999966,15,1,0,0.0,0,0,0,
-1,3.0,0.75,72.74999999999864,18.18749999999966,30,0,0,,0,0,0,
-1,3.0,0.75,72.74999999999864,18.18749999999966,60,0,0,,0,0,0,
-1,3.0,1.0,72.74999999999864,24.249999999999545,15,1,0,0.0,0,0,0,
-1,3.0,1.0,72.74999999999864,24.249999999999545,30,0,0,,0,0,0,
-1,3.0,1.0,72.74999999999864,24.249999999999545,60,0,0,,0,0,0,
-1,3.0,1.5,72.74999999999864,36.37499999999932,15,1,0,0.0,0,0,0,
-1,3.0,1.5,72.74999999999864,36.37499999999932,30,0,0,,0,0,0,
-1,3.0,1.5,72.74999999999864,36.37499999999932,60,0,0,,0,0,0,
-1,4.0,0.5,96.99999999999818,12.124999999999773,15,1,0,0.0,0,0,0,
-1,4.0,0.5,96.99999999999818,12.124999999999773,30,0,0,,0,0,0,
-1,4.0,0.5,96.99999999999818,12.124999999999773,60,0,0,,0,0,0,
-1,4.0,0.75,96.99999999999818,18.18749999999966,15,1,0,0.0,0,0,0,
-1,4.0,0.75,96.99999999999818,18.18749999999966,30,0,0,,0,0,0,
-1,4.0,0.75,96.99999999999818,18.18749999999966,60,0,0,,0,0,0,
-1,4.0,1.0,96.99999999999818,24.249999999999545,15,1,0,0.0,0,0,0,
-1,4.0,1.0,96.99999999999818,24.249999999999545,30,0,0,,0,0,0,
-1,4.0,1.0,96.99999999999818,24.249999999999545,60,0,0,,0,0,0,
-1,4.0,1.5,96.99999999999818,36.37499999999932,15,1,0,0.0,0,0,0,
-1,4.0,1.5,96.99999999999818,36.37499999999932,30,0,0,,0,0,0,
-1,4.0,1.5,96.99999999999818,36.37499999999932,60,0,0,,0,0,0,
-1,0.75,0.5,18.09650925895975,12.064339505973166,15,138,6,0.043478260869565216,3,3,0,170107733473.0
-1,0.75,0.5,18.09650925895975,12.064339505973166,30,120,6,0.05,3,3,0,170107733473.0
-1,0.75,0.5,18.09650925895975,12.064339505973166,60,97,6,0.061855670103092786,3,3,0,170107733473.0
-1,0.75,0.75,18.09650925895975,18.09650925895975,15,138,5,0.036231884057971016,2,3,0,179498826746.0
-1,0.75,0.75,18.09650925895975,18.09650925895975,30,120,5,0.041666666666666664,2,3,0,179498826746.0
-1,0.75,0.75,18.09650925895975,18.09650925895975,60,97,5,0.05154639175257732,2,3,0,179498826746.0
-1,0.75,1.0,18.09650925895975,24.128679011946332,15,138,2,0.014492753623188406,1,1,0,116197988514.0
-1,0.75,1.0,18.09650925895975,24.128679011946332,30,120,2,0.016666666666666666,1,1,0,116197988514.0
-1,0.75,1.0,18.09650925895975,24.128679011946332,60,97,2,0.020618556701030927,1,1,0,116197988514.0
-1,0.75,1.5,18.09650925895975,36.1930185179195,15,138,1,0.007246376811594203,1,0,0,58541477002.0
-1,0.75,1.5,18.09650925895975,36.1930185179195,30,120,1,0.008333333333333333,1,0,0,58541477002.0
-1,0.75,1.5,18.09650925895975,36.1930185179195,60,97,1,0.010309278350515464,1,0,0,58541477002.0
-1,1.0,0.5,24.128679011946332,12.064339505973166,15,138,1,0.007246376811594203,0,1,0,124417570470.0
-1,1.0,0.5,24.128679011946332,12.064339505973166,30,120,1,0.008333333333333333,0,1,0,124417570470.0
-1,1.0,0.5,24.128679011946332,12.064339505973166,60,97,1,0.010309278350515464,0,1,0,124417570470.0
-1,1.0,0.75,24.128679011946332,18.09650925895975,15,138,0,0.0,0,0,0,
-1,1.0,0.75,24.128679011946332,18.09650925895975,30,120,0,0.0,0,0,0,
-1,1.0,0.75,24.128679011946332,18.09650925895975,60,97,0,0.0,0,0,0,
-1,1.0,1.0,24.128679011946332,24.128679011946332,15,138,0,0.0,0,0,0,
-1,1.0,1.0,24.128679011946332,24.128679011946332,30,120,0,0.0,0,0,0,
-1,1.0,1.0,24.128679011946332,24.128679011946332,60,97,0,0.0,0,0,0,
-1,1.0,1.5,24.128679011946332,36.1930185179195,15,138,0,0.0,0,0,0,
-1,1.0,1.5,24.128679011946332,36.1930185179195,30,120,0,0.0,0,0,0,
-1,1.0,1.5,24.128679011946332,36.1930185179195,60,97,0,0.0,0,0,0,
-1,1.5,0.5,36.1930185179195,12.064339505973166,15,138,1,0.007246376811594203,0,1,0,251980521130.0
-1,1.5,0.5,36.1930185179195,12.064339505973166,30,120,3,0.025,2,1,0,58184898076.0
-1,1.5,0.5,36.1930185179195,12.064339505973166,60,97,3,0.030927835051546393,2,1,0,58184898076.0
-1,1.5,0.75,36.1930185179195,18.09650925895975,15,138,0,0.0,0,0,0,
-1,1.5,0.75,36.1930185179195,18.09650925895975,30,120,2,0.016666666666666666,2,0,0,58059853403.0
-1,1.5,0.75,36.1930185179195,18.09650925895975,60,97,2,0.020618556701030927,2,0,0,58059853403.0
-1,1.5,1.0,36.1930185179195,24.128679011946332,15,138,0,0.0,0,0,0,
-1,1.5,1.0,36.1930185179195,24.128679011946332,30,120,2,0.016666666666666666,2,0,0,58327920542.0
-1,1.5,1.0,36.1930185179195,24.128679011946332,60,97,2,0.020618556701030927,2,0,0,58327920542.0
-1,1.5,1.5,36.1930185179195,36.1930185179195,15,138,0,0.0,0,0,0,
-1,1.5,1.5,36.1930185179195,36.1930185179195,30,120,0,0.0,0,0,0,
-1,1.5,1.5,36.1930185179195,36.1930185179195,60,97,0,0.0,0,0,0,
-1,2.0,0.5,48.257358023892664,12.064339505973166,15,138,1,0.007246376811594203,0,1,0,265796847276.0
-1,2.0,0.5,48.257358023892664,12.064339505973166,30,120,1,0.008333333333333333,0,1,0,265796847276.0
-1,2.0,0.5,48.257358023892664,12.064339505973166,60,97,1,0.010309278350515464,0,1,0,265796847276.0
-1,2.0,0.75,48.257358023892664,18.09650925895975,15,138,0,0.0,0,0,0,
-1,2.0,0.75,48.257358023892664,18.09650925895975,30,120,0,0.0,0,0,0,
-1,2.0,0.75,48.257358023892664,18.09650925895975,60,97,0,0.0,0,0,0,
-1,2.0,1.0,48.257358023892664,24.128679011946332,15,138,0,0.0,0,0,0,
-1,2.0,1.0,48.257358023892664,24.128679011946332,30,120,0,0.0,0,0,0,
-1,2.0,1.0,48.257358023892664,24.128679011946332,60,97,0,0.0,0,0,0,
-1,2.0,1.5,48.257358023892664,36.1930185179195,15,138,0,0.0,0,0,0,
-1,2.0,1.5,48.257358023892664,36.1930185179195,30,120,0,0.0,0,0,0,
-1,2.0,1.5,48.257358023892664,36.1930185179195,60,97,0,0.0,0,0,0,
-1,3.0,0.5,72.386037035839,12.064339505973166,15,138,0,0.0,0,0,0,
-1,3.0,0.5,72.386037035839,12.064339505973166,30,120,0,0.0,0,0,0,
-1,3.0,0.5,72.386037035839,12.064339505973166,60,97,0,0.0,0,0,0,
-1,3.0,0.75,72.386037035839,18.09650925895975,15,138,0,0.0,0,0,0,
-1,3.0,0.75,72.386037035839,18.09650925895975,30,120,0,0.0,0,0,0,
-1,3.0,0.75,72.386037035839,18.09650925895975,60,97,0,0.0,0,0,0,
-1,3.0,1.0,72.386037035839,24.128679011946332,15,138,0,0.0,0,0,0,
-1,3.0,1.0,72.386037035839,24.128679011946332,30,120,0,0.0,0,0,0,
-1,3.0,1.0,72.386037035839,24.128679011946332,60,97,0,0.0,0,0,0,
-1,3.0,1.5,72.386037035839,36.1930185179195,15,138,0,0.0,0,0,0,
-1,3.0,1.5,72.386037035839,36.1930185179195,30,120,0,0.0,0,0,0,
-1,3.0,1.5,72.386037035839,36.1930185179195,60,97,0,0.0,0,0,0,
-1,4.0,0.5,96.51471604778533,12.064339505973166,15,138,0,0.0,0,0,0,
-1,4.0,0.5,96.51471604778533,12.064339505973166,30,120,0,0.0,0,0,0,
-1,4.0,0.5,96.51471604778533,12.064339505973166,60,97,0,0.0,0,0,0,
-1,4.0,0.75,96.51471604778533,18.09650925895975,15,138,0,0.0,0,0,0,
-1,4.0,0.75,96.51471604778533,18.09650925895975,30,120,0,0.0,0,0,0,
-1,4.0,0.75,96.51471604778533,18.09650925895975,60,97,0,0.0,0,0,0,
-1,4.0,1.0,96.51471604778533,24.128679011946332,15,138,0,0.0,0,0,0,
-1,4.0,1.0,96.51471604778533,24.128679011946332,30,120,0,0.0,0,0,0,
-1,4.0,1.0,96.51471604778533,24.128679011946332,60,97,0,0.0,0,0,0,
-1,4.0,1.5,96.51471604778533,36.1930185179195,15,138,0,0.0,0,0,0,
-1,4.0,1.5,96.51471604778533,36.1930185179195,30,120,0,0.0,0,0,0,
-1,4.0,1.5,96.51471604778533,36.1930185179195,60,97,0,0.0,0,0,0,
-1,0.75,0.5,20.368624731465708,13.579083154310473,15,9,0,0.0,0,0,0,
-1,0.75,0.5,20.368624731465708,13.579083154310473,30,8,0,0.0,0,0,0,
-1,0.75,0.5,20.368624731465708,13.579083154310473,60,6,0,0.0,0,0,0,
-1,0.75,0.75,20.368624731465708,20.368624731465708,15,9,0,0.0,0,0,0,
-1,0.75,0.75,20.368624731465708,20.368624731465708,30,8,0,0.0,0,0,0,
-1,0.75,0.75,20.368624731465708,20.368624731465708,60,6,0,0.0,0,0,0,
-1,0.75,1.0,20.368624731465708,27.158166308620945,15,9,0,0.0,0,0,0,
-1,0.75,1.0,20.368624731465708,27.158166308620945,30,8,0,0.0,0,0,0,
-1,0.75,1.0,20.368624731465708,27.158166308620945,60,6,0,0.0,0,0,0,
-1,0.75,1.5,20.368624731465708,40.737249462931416,15,9,0,0.0,0,0,0,
-1,0.75,1.5,20.368624731465708,40.737249462931416,30,8,0,0.0,0,0,0,
-1,0.75,1.5,20.368624731465708,40.737249462931416,60,6,0,0.0,0,0,0,
-1,1.0,0.5,27.158166308620945,13.579083154310473,15,9,0,0.0,0,0,0,
-1,1.0,0.5,27.158166308620945,13.579083154310473,30,8,0,0.0,0,0,0,
-1,1.0,0.5,27.158166308620945,13.579083154310473,60,6,0,0.0,0,0,0,
-1,1.0,0.75,27.158166308620945,20.368624731465708,15,9,0,0.0,0,0,0,
-1,1.0,0.75,27.158166308620945,20.368624731465708,30,8,0,0.0,0,0,0,
-1,1.0,0.75,27.158166308620945,20.368624731465708,60,6,0,0.0,0,0,0,
-1,1.0,1.0,27.158166308620945,27.158166308620945,15,9,0,0.0,0,0,0,
-1,1.0,1.0,27.158166308620945,27.158166308620945,30,8,0,0.0,0,0,0,
-1,1.0,1.0,27.158166308620945,27.158166308620945,60,6,0,0.0,0,0,0,
-1,1.0,1.5,27.158166308620945,40.737249462931416,15,9,0,0.0,0,0,0,
-1,1.0,1.5,27.158166308620945,40.737249462931416,30,8,0,0.0,0,0,0,
-1,1.0,1.5,27.158166308620945,40.737249462931416,60,6,0,0.0,0,0,0,
-1,1.5,0.5,40.737249462931416,13.579083154310473,15,9,0,0.0,0,0,0,
-1,1.5,0.5,40.737249462931416,13.579083154310473,30,8,0,0.0,0,0,0,
-1,1.5,0.5,40.737249462931416,13.579083154310473,60,6,0,0.0,0,0,0,
-1,1.5,0.75,40.737249462931416,20.368624731465708,15,9,0,0.0,0,0,0,
-1,1.5,0.75,40.737249462931416,20.368624731465708,30,8,0,0.0,0,0,0,
-1,1.5,0.75,40.737249462931416,20.368624731465708,60,6,0,0.0,0,0,0,
-1,1.5,1.0,40.737249462931416,27.158166308620945,15,9,0,0.0,0,0,0,
-1,1.5,1.0,40.737249462931416,27.158166308620945,30,8,0,0.0,0,0,0,
-1,1.5,1.0,40.737249462931416,27.158166308620945,60,6,0,0.0,0,0,0,
-1,1.5,1.5,40.737249462931416,40.737249462931416,15,9,0,0.0,0,0,0,
-1,1.5,1.5,40.737249462931416,40.737249462931416,30,8,0,0.0,0,0,0,
-1,1.5,1.5,40.737249462931416,40.737249462931416,60,6,0,0.0,0,0,0,
-1,2.0,0.5,54.31633261724189,13.579083154310473,15,9,0,0.0,0,0,0,
-1,2.0,0.5,54.31633261724189,13.579083154310473,30,8,0,0.0,0,0,0,
-1,2.0,0.5,54.31633261724189,13.579083154310473,60,6,0,0.0,0,0,0,
-1,2.0,0.75,54.31633261724189,20.368624731465708,15,9,0,0.0,0,0,0,
-1,2.0,0.75,54.31633261724189,20.368624731465708,30,8,0,0.0,0,0,0,
-1,2.0,0.75,54.31633261724189,20.368624731465708,60,6,0,0.0,0,0,0,
-1,2.0,1.0,54.31633261724189,27.158166308620945,15,9,0,0.0,0,0,0,
-1,2.0,1.0,54.31633261724189,27.158166308620945,30,8,0,0.0,0,0,0,
-1,2.0,1.0,54.31633261724189,27.158166308620945,60,6,0,0.0,0,0,0,
-1,2.0,1.5,54.31633261724189,40.737249462931416,15,9,0,0.0,0,0,0,
-1,2.0,1.5,54.31633261724189,40.737249462931416,30,8,0,0.0,0,0,0,
-1,2.0,1.5,54.31633261724189,40.737249462931416,60,6,0,0.0,0,0,0,
-1,3.0,0.5,81.47449892586283,13.579083154310473,15,9,0,0.0,0,0,0,
-1,3.0,0.5,81.47449892586283,13.579083154310473,30,8,0,0.0,0,0,0,
-1,3.0,0.5,81.47449892586283,13.579083154310473,60,6,0,0.0,0,0,0,
-1,3.0,0.75,81.47449892586283,20.368624731465708,15,9,0,0.0,0,0,0,
-1,3.0,0.75,81.47449892586283,20.368624731465708,30,8,0,0.0,0,0,0,
-1,3.0,0.75,81.47449892586283,20.368624731465708,60,6,0,0.0,0,0,0,
-1,3.0,1.0,81.47449892586283,27.158166308620945,15,9,0,0.0,0,0,0,
-1,3.0,1.0,81.47449892586283,27.158166308620945,30,8,0,0.0,0,0,0,
-1,3.0,1.0,81.47449892586283,27.158166308620945,60,6,0,0.0,0,0,0,
-1,3.0,1.5,81.47449892586283,40.737249462931416,15,9,0,0.0,0,0,0,
-1,3.0,1.5,81.47449892586283,40.737249462931416,30,8,0,0.0,0,0,0,
-1,3.0,1.5,81.47449892586283,40.737249462931416,60,6,0,0.0,0,0,0,
-1,4.0,0.5,108.63266523448378,13.579083154310473,15,9,0,0.0,0,0,0,
-1,4.0,0.5,108.63266523448378,13.579083154310473,30,8,0,0.0,0,0,0,
-1,4.0,0.5,108.63266523448378,13.579083154310473,60,6,0,0.0,0,0,0,
-1,4.0,0.75,108.63266523448378,20.368624731465708,15,9,0,0.0,0,0,0,
-1,4.0,0.75,108.63266523448378,20.368624731465708,30,8,0,0.0,0,0,0,
-1,4.0,0.75,108.63266523448378,20.368624731465708,60,6,0,0.0,0,0,0,
-1,4.0,1.0,108.63266523448378,27.158166308620945,15,9,0,0.0,0,0,0,
-1,4.0,1.0,108.63266523448378,27.158166308620945,30,8,0,0.0,0,0,0,
-1,4.0,1.0,108.63266523448378,27.158166308620945,60,6,0,0.0,0,0,0,
-1,4.0,1.5,108.63266523448378,40.737249462931416,15,9,0,0.0,0,0,0,
-1,4.0,1.5,108.63266523448378,40.737249462931416,30,8,0,0.0,0,0,0,
-1,4.0,1.5,108.63266523448378,40.737249462931416,60,6,0,0.0,0,0,0,
-1,0.75,0.5,18.604607168058294,12.403071445372197,15,113,0,0.0,0,0,0,
-1,0.75,0.5,18.604607168058294,12.403071445372197,30,95,0,0.0,0,0,0,
-1,0.75,0.5,18.604607168058294,12.403071445372197,60,67,0,0.0,0,0,0,
-1,0.75,0.75,18.604607168058294,18.604607168058294,15,113,1,0.008849557522123894,0,1,0,179498826746.0
-1,0.75,0.75,18.604607168058294,18.604607168058294,30,95,1,0.010526315789473684,0,1,0,179498826746.0
-1,0.75,0.75,18.604607168058294,18.604607168058294,60,67,1,0.014925373134328358,0,1,0,179498826746.0
-1,0.75,1.0,18.604607168058294,24.806142890744393,15,113,1,0.008849557522123894,0,1,0,174274743230.0
-1,0.75,1.0,18.604607168058294,24.806142890744393,30,95,1,0.010526315789473684,0,1,0,174274743230.0
-1,0.75,1.0,18.604607168058294,24.806142890744393,60,67,1,0.014925373134328358,0,1,0,174274743230.0
-1,0.75,1.5,18.604607168058294,37.20921433611659,15,113,0,0.0,0,0,0,
-1,0.75,1.5,18.604607168058294,37.20921433611659,30,95,0,0.0,0,0,0,
-1,0.75,1.5,18.604607168058294,37.20921433611659,60,67,0,0.0,0,0,0,
-1,1.0,0.5,24.806142890744393,12.403071445372197,15,113,0,0.0,0,0,0,
-1,1.0,0.5,24.806142890744393,12.403071445372197,30,95,0,0.0,0,0,0,
-1,1.0,0.5,24.806142890744393,12.403071445372197,60,67,0,0.0,0,0,0,
-1,1.0,0.75,24.806142890744393,18.604607168058294,15,113,0,0.0,0,0,0,
-1,1.0,0.75,24.806142890744393,18.604607168058294,30,95,0,0.0,0,0,0,
-1,1.0,0.75,24.806142890744393,18.604607168058294,60,67,0,0.0,0,0,0,
-1,1.0,1.0,24.806142890744393,24.806142890744393,15,113,0,0.0,0,0,0,
-1,1.0,1.0,24.806142890744393,24.806142890744393,30,95,0,0.0,0,0,0,
-1,1.0,1.0,24.806142890744393,24.806142890744393,60,67,0,0.0,0,0,0,
-1,1.0,1.5,24.806142890744393,37.20921433611659,15,113,0,0.0,0,0,0,
-1,1.0,1.5,24.806142890744393,37.20921433611659,30,95,0,0.0,0,0,0,
-1,1.0,1.5,24.806142890744393,37.20921433611659,60,67,0,0.0,0,0,0,
-1,1.5,0.5,37.20921433611659,12.403071445372197,15,113,0,0.0,0,0,0,
-1,1.5,0.5,37.20921433611659,12.403071445372197,30,95,0,0.0,0,0,0,
-1,1.5,0.5,37.20921433611659,12.403071445372197,60,67,0,0.0,0,0,0,
-1,1.5,0.75,37.20921433611659,18.604607168058294,15,113,0,0.0,0,0,0,
-1,1.5,0.75,37.20921433611659,18.604607168058294,30,95,0,0.0,0,0,0,
-1,1.5,0.75,37.20921433611659,18.604607168058294,60,67,0,0.0,0,0,0,
-1,1.5,1.0,37.20921433611659,24.806142890744393,15,113,0,0.0,0,0,0,
-1,1.5,1.0,37.20921433611659,24.806142890744393,30,95,0,0.0,0,0,0,
-1,1.5,1.0,37.20921433611659,24.806142890744393,60,67,0,0.0,0,0,0,
-1,1.5,1.5,37.20921433611659,37.20921433611659,15,113,0,0.0,0,0,0,
-1,1.5,1.5,37.20921433611659,37.20921433611659,30,95,0,0.0,0,0,0,
-1,1.5,1.5,37.20921433611659,37.20921433611659,60,67,0,0.0,0,0,0,
-1,2.0,0.5,49.61228578148879,12.403071445372197,15,113,0,0.0,0,0,0,
-1,2.0,0.5,49.61228578148879,12.403071445372197,30,95,0,0.0,0,0,0,
-1,2.0,0.5,49.61228578148879,12.403071445372197,60,67,0,0.0,0,0,0,
-1,2.0,0.75,49.61228578148879,18.604607168058294,15,113,0,0.0,0,0,0,
-1,2.0,0.75,49.61228578148879,18.604607168058294,30,95,0,0.0,0,0,0,
-1,2.0,0.75,49.61228578148879,18.604607168058294,60,67,0,0.0,0,0,0,
-1,2.0,1.0,49.61228578148879,24.806142890744393,15,113,0,0.0,0,0,0,
-1,2.0,1.0,49.61228578148879,24.806142890744393,30,95,0,0.0,0,0,0,
-1,2.0,1.0,49.61228578148879,24.806142890744393,60,67,0,0.0,0,0,0,
-1,2.0,1.5,49.61228578148879,37.20921433611659,15,113,0,0.0,0,0,0,
-1,2.0,1.5,49.61228578148879,37.20921433611659,30,95,0,0.0,0,0,0,
-1,2.0,1.5,49.61228578148879,37.20921433611659,60,67,0,0.0,0,0,0,
-1,3.0,0.5,74.41842867223318,12.403071445372197,15,113,0,0.0,0,0,0,
-1,3.0,0.5,74.41842867223318,12.403071445372197,30,95,0,0.0,0,0,0,
-1,3.0,0.5,74.41842867223318,12.403071445372197,60,67,0,0.0,0,0,0,
-1,3.0,0.75,74.41842867223318,18.604607168058294,15,113,0,0.0,0,0,0,
-1,3.0,0.75,74.41842867223318,18.604607168058294,30,95,0,0.0,0,0,0,
-1,3.0,0.75,74.41842867223318,18.604607168058294,60,67,0,0.0,0,0,0,
-1,3.0,1.0,74.41842867223318,24.806142890744393,15,113,0,0.0,0,0,0,
-1,3.0,1.0,74.41842867223318,24.806142890744393,30,95,0,0.0,0,0,0,
-1,3.0,1.0,74.41842867223318,24.806142890744393,60,67,0,0.0,0,0,0,
-1,3.0,1.5,74.41842867223318,37.20921433611659,15,113,0,0.0,0,0,0,
-1,3.0,1.5,74.41842867223318,37.20921433611659,30,95,0,0.0,0,0,0,
-1,3.0,1.5,74.41842867223318,37.20921433611659,60,67,0,0.0,0,0,0,
-1,4.0,0.5,99.22457156297757,12.403071445372197,15,113,0,0.0,0,0,0,
-1,4.0,0.5,99.22457156297757,12.403071445372197,30,95,0,0.0,0,0,0,
-1,4.0,0.5,99.22457156297757,12.403071445372197,60,67,0,0.0,0,0,0,
-1,4.0,0.75,99.22457156297757,18.604607168058294,15,113,0,0.0,0,0,0,
-1,4.0,0.75,99.22457156297757,18.604607168058294,30,95,0,0.0,0,0,0,
-1,4.0,0.75,99.22457156297757,18.604607168058294,60,67,0,0.0,0,0,0,
-1,4.0,1.0,99.22457156297757,24.806142890744393,15,113,0,0.0,0,0,0,
-1,4.0,1.0,99.22457156297757,24.806142890744393,30,95,0,0.0,0,0,0,
-1,4.0,1.0,99.22457156297757,24.806142890744393,60,67,0,0.0,0,0,0,
-1,4.0,1.5,99.22457156297757,37.20921433611659,15,113,0,0.0,0,0,0,
-1,4.0,1.5,99.22457156297757,37.20921433611659,30,95,0,0.0,0,0,0,
-1,4.0,1.5,99.22457156297757,37.20921433611659,60,67,0,0.0,0,0,0,
-1,0.75,0.5,25.844345175151737,17.229563450101157,15,212,10,0.04716981132075472,5,5,0,142913904839.0
-1,0.75,0.5,25.844345175151737,17.229563450101157,30,212,10,0.04716981132075472,5,5,0,142913904839.0
-1,0.75,0.5,25.844345175151737,17.229563450101157,60,212,10,0.04716981132075472,5,5,0,142913904839.0
-1,0.75,0.75,25.844345175151737,25.844345175151737,15,212,6,0.02830188679245283,5,1,0,161399282335.0
-1,0.75,0.75,25.844345175151737,25.844345175151737,30,212,6,0.02830188679245283,5,1,0,161399282335.0
-1,0.75,0.75,25.844345175151737,25.844345175151737,60,212,6,0.02830188679245283,5,1,0,161399282335.0
-1,0.75,1.0,25.844345175151737,34.459126900202314,15,212,2,0.009433962264150943,2,0,0,238017862312.0
-1,0.75,1.0,25.844345175151737,34.459126900202314,30,212,2,0.009433962264150943,2,0,0,238017862312.0
-1,0.75,1.0,25.844345175151737,34.459126900202314,60,212,2,0.009433962264150943,2,0,0,238017862312.0
-1,0.75,1.5,25.844345175151737,51.688690350303474,15,212,0,0.0,0,0,0,
-1,0.75,1.5,25.844345175151737,51.688690350303474,30,212,0,0.0,0,0,0,
-1,0.75,1.5,25.844345175151737,51.688690350303474,60,212,0,0.0,0,0,0,
-1,1.0,0.5,34.459126900202314,17.229563450101157,15,212,3,0.014150943396226415,2,1,0,150801246224.0
-1,1.0,0.5,34.459126900202314,17.229563450101157,30,212,3,0.014150943396226415,2,1,0,150801246224.0
-1,1.0,0.5,34.459126900202314,17.229563450101157,60,212,3,0.014150943396226415,2,1,0,150801246224.0
-1,1.0,0.75,34.459126900202314,25.844345175151737,15,212,2,0.009433962264150943,2,0,0,178790527890.0
-1,1.0,0.75,34.459126900202314,25.844345175151737,30,212,2,0.009433962264150943,2,0,0,178790527890.0
-1,1.0,0.75,34.459126900202314,25.844345175151737,60,212,2,0.009433962264150943,2,0,0,178790527890.0
-1,1.0,1.0,34.459126900202314,34.459126900202314,15,212,1,0.0047169811320754715,1,0,0,231615182518.0
-1,1.0,1.0,34.459126900202314,34.459126900202314,30,212,1,0.0047169811320754715,1,0,0,231615182518.0
-1,1.0,1.0,34.459126900202314,34.459126900202314,60,212,1,0.0047169811320754715,1,0,0,231615182518.0
-1,1.0,1.5,34.459126900202314,51.688690350303474,15,212,0,0.0,0,0,0,
-1,1.0,1.5,34.459126900202314,51.688690350303474,30,212,0,0.0,0,0,0,
-1,1.0,1.5,34.459126900202314,51.688690350303474,60,212,0,0.0,0,0,0,
-1,1.5,0.5,51.688690350303474,17.229563450101157,15,212,0,0.0,0,0,0,
-1,1.5,0.5,51.688690350303474,17.229563450101157,30,212,0,0.0,0,0,0,
-1,1.5,0.5,51.688690350303474,17.229563450101157,60,212,0,0.0,0,0,0,
-1,1.5,0.75,51.688690350303474,25.844345175151737,15,212,0,0.0,0,0,0,
-1,1.5,0.75,51.688690350303474,25.844345175151737,30,212,0,0.0,0,0,0,
-1,1.5,0.75,51.688690350303474,25.844345175151737,60,212,0,0.0,0,0,0,
-1,1.5,1.0,51.688690350303474,34.459126900202314,15,212,0,0.0,0,0,0,
-1,1.5,1.0,51.688690350303474,34.459126900202314,30,212,0,0.0,0,0,0,
-1,1.5,1.0,51.688690350303474,34.459126900202314,60,212,0,0.0,0,0,0,
-1,1.5,1.5,51.688690350303474,51.688690350303474,15,212,0,0.0,0,0,0,
-1,1.5,1.5,51.688690350303474,51.688690350303474,30,212,0,0.0,0,0,0,
-1,1.5,1.5,51.688690350303474,51.688690350303474,60,212,0,0.0,0,0,0,
-1,2.0,0.5,68.91825380040463,17.229563450101157,15,212,0,0.0,0,0,0,
-1,2.0,0.5,68.91825380040463,17.229563450101157,30,212,0,0.0,0,0,0,
-1,2.0,0.5,68.91825380040463,17.229563450101157,60,212,0,0.0,0,0,0,
-1,2.0,0.75,68.91825380040463,25.844345175151737,15,212,0,0.0,0,0,0,
-1,2.0,0.75,68.91825380040463,25.844345175151737,30,212,0,0.0,0,0,0,
-1,2.0,0.75,68.91825380040463,25.844345175151737,60,212,0,0.0,0,0,0,
-1,2.0,1.0,68.91825380040463,34.459126900202314,15,212,0,0.0,0,0,0,
-1,2.0,1.0,68.91825380040463,34.459126900202314,30,212,0,0.0,0,0,0,
-1,2.0,1.0,68.91825380040463,34.459126900202314,60,212,0,0.0,0,0,0,
-1,2.0,1.5,68.91825380040463,51.688690350303474,15,212,0,0.0,0,0,0,
-1,2.0,1.5,68.91825380040463,51.688690350303474,30,212,0,0.0,0,0,0,
-1,2.0,1.5,68.91825380040463,51.688690350303474,60,212,0,0.0,0,0,0,
-1,3.0,0.5,103.37738070060695,17.229563450101157,15,212,0,0.0,0,0,0,
-1,3.0,0.5,103.37738070060695,17.229563450101157,30,212,0,0.0,0,0,0,
-1,3.0,0.5,103.37738070060695,17.229563450101157,60,212,0,0.0,0,0,0,
-1,3.0,0.75,103.37738070060695,25.844345175151737,15,212,0,0.0,0,0,0,
-1,3.0,0.75,103.37738070060695,25.844345175151737,30,212,0,0.0,0,0,0,
-1,3.0,0.75,103.37738070060695,25.844345175151737,60,212,0,0.0,0,0,0,
-1,3.0,1.0,103.37738070060695,34.459126900202314,15,212,0,0.0,0,0,0,
-1,3.0,1.0,103.37738070060695,34.459126900202314,30,212,0,0.0,0,0,0,
-1,3.0,1.0,103.37738070060695,34.459126900202314,60,212,0,0.0,0,0,0,
-1,3.0,1.5,103.37738070060695,51.688690350303474,15,212,0,0.0,0,0,0,
-1,3.0,1.5,103.37738070060695,51.688690350303474,30,212,0,0.0,0,0,0,
-1,3.0,1.5,103.37738070060695,51.688690350303474,60,212,0,0.0,0,0,0,
-1,4.0,0.5,137.83650760080926,17.229563450101157,15,212,0,0.0,0,0,0,
-1,4.0,0.5,137.83650760080926,17.229563450101157,30,212,0,0.0,0,0,0,
-1,4.0,0.5,137.83650760080926,17.229563450101157,60,212,0,0.0,0,0,0,
-1,4.0,0.75,137.83650760080926,25.844345175151737,15,212,0,0.0,0,0,0,
-1,4.0,0.75,137.83650760080926,25.844345175151737,30,212,0,0.0,0,0,0,
-1,4.0,0.75,137.83650760080926,25.844345175151737,60,212,0,0.0,0,0,0,
-1,4.0,1.0,137.83650760080926,34.459126900202314,15,212,0,0.0,0,0,0,
-1,4.0,1.0,137.83650760080926,34.459126900202314,30,212,0,0.0,0,0,0,
-1,4.0,1.0,137.83650760080926,34.459126900202314,60,212,0,0.0,0,0,0,
-1,4.0,1.5,137.83650760080926,51.688690350303474,15,212,0,0.0,0,0,0,
-1,4.0,1.5,137.83650760080926,51.688690350303474,30,212,0,0.0,0,0,0,
-1,4.0,1.5,137.83650760080926,51.688690350303474,60,212,0,0.0,0,0,0,
-1,0.75,0.5,26.268096762279946,17.51206450818663,15,141,13,0.09219858156028368,5,8,0,133376045346.0
-1,0.75,0.5,26.268096762279946,17.51206450818663,30,141,13,0.09219858156028368,5,8,0,133376045346.0
-1,0.75,0.5,26.268096762279946,17.51206450818663,60,141,13,0.09219858156028368,5,8,0,133376045346.0
-1,0.75,0.75,26.268096762279946,26.268096762279946,15,141,11,0.07801418439716312,3,8,0,116873471562.0
-1,0.75,0.75,26.268096762279946,26.268096762279946,30,141,11,0.07801418439716312,3,8,0,116873471562.0
-1,0.75,0.75,26.268096762279946,26.268096762279946,60,141,11,0.07801418439716312,3,8,0,116873471562.0
-1,0.75,1.0,26.268096762279946,35.02412901637326,15,141,9,0.06382978723404255,3,6,0,62717386200.0
-1,0.75,1.0,26.268096762279946,35.02412901637326,30,141,9,0.06382978723404255,3,6,0,62717386200.0
-1,0.75,1.0,26.268096762279946,35.02412901637326,60,141,9,0.06382978723404255,3,6,0,62717386200.0
-1,0.75,1.5,26.268096762279946,52.53619352455989,15,141,3,0.02127659574468085,1,2,0,48205642758.0
-1,0.75,1.5,26.268096762279946,52.53619352455989,30,141,3,0.02127659574468085,1,2,0,48205642758.0
-1,0.75,1.5,26.268096762279946,52.53619352455989,60,141,3,0.02127659574468085,1,2,0,48205642758.0
-1,1.0,0.5,35.02412901637326,17.51206450818663,15,141,4,0.028368794326241134,0,4,0,100769930444.0
-1,1.0,0.5,35.02412901637326,17.51206450818663,30,141,4,0.028368794326241134,0,4,0,100769930444.0
-1,1.0,0.5,35.02412901637326,17.51206450818663,60,141,4,0.028368794326241134,0,4,0,100769930444.0
-1,1.0,0.75,35.02412901637326,26.268096762279946,15,141,3,0.02127659574468085,0,3,0,48636675466.0
-1,1.0,0.75,35.02412901637326,26.268096762279946,30,141,3,0.02127659574468085,0,3,0,48636675466.0
-1,1.0,0.75,35.02412901637326,26.268096762279946,60,141,3,0.02127659574468085,0,3,0,48636675466.0
-1,1.0,1.0,35.02412901637326,35.02412901637326,15,141,5,0.03546099290780142,0,5,0,63161921708.0
-1,1.0,1.0,35.02412901637326,35.02412901637326,30,141,5,0.03546099290780142,0,5,0,63161921708.0
-1,1.0,1.0,35.02412901637326,35.02412901637326,60,141,5,0.03546099290780142,0,5,0,63161921708.0
-1,1.0,1.5,35.02412901637326,52.53619352455989,15,141,3,0.02127659574468085,0,3,0,164251219828.0
-1,1.0,1.5,35.02412901637326,52.53619352455989,30,141,3,0.02127659574468085,0,3,0,164251219828.0
-1,1.0,1.5,35.02412901637326,52.53619352455989,60,141,3,0.02127659574468085,0,3,0,164251219828.0
-1,1.5,0.5,52.53619352455989,17.51206450818663,15,141,3,0.02127659574468085,0,3,0,117872395632.0
-1,1.5,0.5,52.53619352455989,17.51206450818663,30,141,3,0.02127659574468085,0,3,0,117872395632.0
-1,1.5,0.5,52.53619352455989,17.51206450818663,60,141,3,0.02127659574468085,0,3,0,117872395632.0
-1,1.5,0.75,52.53619352455989,26.268096762279946,15,141,3,0.02127659574468085,0,3,0,165017039720.0
-1,1.5,0.75,52.53619352455989,26.268096762279946,30,141,3,0.02127659574468085,0,3,0,165017039720.0
-1,1.5,0.75,52.53619352455989,26.268096762279946,60,141,3,0.02127659574468085,0,3,0,165017039720.0
-1,1.5,1.0,52.53619352455989,35.02412901637326,15,141,4,0.028368794326241134,0,4,0,170936814013.0
-1,1.5,1.0,52.53619352455989,35.02412901637326,30,141,4,0.028368794326241134,0,4,0,170936814013.0
-1,1.5,1.0,52.53619352455989,35.02412901637326,60,141,4,0.028368794326241134,0,4,0,170936814013.0
-1,1.5,1.5,52.53619352455989,52.53619352455989,15,141,1,0.0070921985815602835,0,1,0,163565030518.0
-1,1.5,1.5,52.53619352455989,52.53619352455989,30,141,1,0.0070921985815602835,0,1,0,163565030518.0
-1,1.5,1.5,52.53619352455989,52.53619352455989,60,141,1,0.0070921985815602835,0,1,0,163565030518.0
-1,2.0,0.5,70.04825803274652,17.51206450818663,15,141,3,0.02127659574468085,1,2,0,217903354406.0
-1,2.0,0.5,70.04825803274652,17.51206450818663,30,141,3,0.02127659574468085,1,2,0,217903354406.0
-1,2.0,0.5,70.04825803274652,17.51206450818663,60,141,3,0.02127659574468085,1,2,0,217903354406.0
-1,2.0,0.75,70.04825803274652,26.268096762279946,15,141,2,0.014184397163120567,0,2,0,206091397076.0
-1,2.0,0.75,70.04825803274652,26.268096762279946,30,141,2,0.014184397163120567,0,2,0,206091397076.0
-1,2.0,0.75,70.04825803274652,26.268096762279946,60,141,2,0.014184397163120567,0,2,0,206091397076.0
-1,2.0,1.0,70.04825803274652,35.02412901637326,15,141,2,0.014184397163120567,0,2,0,203521092957.0
-1,2.0,1.0,70.04825803274652,35.02412901637326,30,141,2,0.014184397163120567,0,2,0,203521092957.0
-1,2.0,1.0,70.04825803274652,35.02412901637326,60,141,2,0.014184397163120567,0,2,0,203521092957.0
-1,2.0,1.5,70.04825803274652,52.53619352455989,15,141,0,0.0,0,0,0,
-1,2.0,1.5,70.04825803274652,52.53619352455989,30,141,0,0.0,0,0,0,
-1,2.0,1.5,70.04825803274652,52.53619352455989,60,141,0,0.0,0,0,0,
-1,3.0,0.5,105.07238704911978,17.51206450818663,15,141,0,0.0,0,0,0,
-1,3.0,0.5,105.07238704911978,17.51206450818663,30,141,0,0.0,0,0,0,
-1,3.0,0.5,105.07238704911978,17.51206450818663,60,141,0,0.0,0,0,0,
-1,3.0,0.75,105.07238704911978,26.268096762279946,15,141,0,0.0,0,0,0,
-1,3.0,0.75,105.07238704911978,26.268096762279946,30,141,0,0.0,0,0,0,
-1,3.0,0.75,105.07238704911978,26.268096762279946,60,141,0,0.0,0,0,0,
-1,3.0,1.0,105.07238704911978,35.02412901637326,15,141,0,0.0,0,0,0,
-1,3.0,1.0,105.07238704911978,35.02412901637326,30,141,0,0.0,0,0,0,
-1,3.0,1.0,105.07238704911978,35.02412901637326,60,141,0,0.0,0,0,0,
-1,3.0,1.5,105.07238704911978,52.53619352455989,15,141,0,0.0,0,0,0,
-1,3.0,1.5,105.07238704911978,52.53619352455989,30,141,0,0.0,0,0,0,
-1,3.0,1.5,105.07238704911978,52.53619352455989,60,141,0,0.0,0,0,0,
-1,4.0,0.5,140.09651606549303,17.51206450818663,15,141,0,0.0,0,0,0,
-1,4.0,0.5,140.09651606549303,17.51206450818663,30,141,0,0.0,0,0,0,
-1,4.0,0.5,140.09651606549303,17.51206450818663,60,141,0,0.0,0,0,0,
-1,4.0,0.75,140.09651606549303,26.268096762279946,15,141,0,0.0,0,0,0,
-1,4.0,0.75,140.09651606549303,26.268096762279946,30,141,0,0.0,0,0,0,
-1,4.0,0.75,140.09651606549303,26.268096762279946,60,141,0,0.0,0,0,0,
-1,4.0,1.0,140.09651606549303,35.02412901637326,15,141,0,0.0,0,0,0,
-1,4.0,1.0,140.09651606549303,35.02412901637326,30,141,0,0.0,0,0,0,
-1,4.0,1.0,140.09651606549303,35.02412901637326,60,141,0,0.0,0,0,0,
-1,4.0,1.5,140.09651606549303,52.53619352455989,15,141,0,0.0,0,0,0,
-1,4.0,1.5,140.09651606549303,52.53619352455989,30,141,0,0.0,0,0,0,
-1,4.0,1.5,140.09651606549303,52.53619352455989,60,141,0,0.0,0,0,0,
-1,0.75,0.5,26.242226299355337,17.494817532903557,15,221,15,0.06787330316742081,7,8,0,187340721126.0
-1,0.75,0.5,26.242226299355337,17.494817532903557,30,221,15,0.06787330316742081,7,8,0,187340721126.0
-1,0.75,0.5,26.242226299355337,17.494817532903557,60,221,15,0.06787330316742081,7,8,0,187340721126.0
-1,0.75,0.75,26.242226299355337,26.242226299355337,15,221,8,0.03619909502262444,5,3,0,178958837785.0
-1,0.75,0.75,26.242226299355337,26.242226299355337,30,221,9,0.04072398190045249,6,3,0,186933110852.0
-1,0.75,0.75,26.242226299355337,26.242226299355337,60,221,9,0.04072398190045249,6,3,0,186933110852.0
-1,0.75,1.0,26.242226299355337,34.989635065807114,15,221,7,0.03167420814479638,5,2,0,166219833634.0
-1,0.75,1.0,26.242226299355337,34.989635065807114,30,221,8,0.03619909502262444,6,2,0,169086990230.0
-1,0.75,1.0,26.242226299355337,34.989635065807114,60,221,8,0.03619909502262444,6,2,0,169086990230.0
-1,0.75,1.5,26.242226299355337,52.484452598710675,15,221,4,0.01809954751131222,2,2,0,191957478381.0
-1,0.75,1.5,26.242226299355337,52.484452598710675,30,221,4,0.01809954751131222,2,2,0,191957478381.0
-1,0.75,1.5,26.242226299355337,52.484452598710675,60,221,4,0.01809954751131222,2,2,0,191957478381.0
-1,1.0,0.5,34.989635065807114,17.494817532903557,15,221,8,0.03619909502262444,3,5,0,216663928359.0
-1,1.0,0.5,34.989635065807114,17.494817532903557,30,221,8,0.03619909502262444,3,5,0,216663928359.0
-1,1.0,0.5,34.989635065807114,17.494817532903557,60,221,8,0.03619909502262444,3,5,0,216663928359.0
-1,1.0,0.75,34.989635065807114,26.242226299355337,15,221,2,0.00904977375565611,1,1,0,164372558442.0
-1,1.0,0.75,34.989635065807114,26.242226299355337,30,221,2,0.00904977375565611,1,1,0,164372558442.0
-1,1.0,0.75,34.989635065807114,26.242226299355337,60,221,2,0.00904977375565611,1,1,0,164372558442.0
-1,1.0,1.0,34.989635065807114,34.989635065807114,15,221,3,0.013574660633484163,1,2,0,151777388430.0
-1,1.0,1.0,34.989635065807114,34.989635065807114,30,221,3,0.013574660633484163,1,2,0,151777388430.0
-1,1.0,1.0,34.989635065807114,34.989635065807114,60,221,3,0.013574660633484163,1,2,0,151777388430.0
-1,1.0,1.5,34.989635065807114,52.484452598710675,15,221,2,0.00904977375565611,0,2,0,223300073568.0
-1,1.0,1.5,34.989635065807114,52.484452598710675,30,221,2,0.00904977375565611,0,2,0,223300073568.0
-1,1.0,1.5,34.989635065807114,52.484452598710675,60,221,2,0.00904977375565611,0,2,0,223300073568.0
-1,1.5,0.5,52.484452598710675,17.494817532903557,15,221,1,0.004524886877828055,1,0,0,123178682168.0
-1,1.5,0.5,52.484452598710675,17.494817532903557,30,221,1,0.004524886877828055,1,0,0,123178682168.0
-1,1.5,0.5,52.484452598710675,17.494817532903557,60,221,1,0.004524886877828055,1,0,0,123178682168.0
-1,1.5,0.75,52.484452598710675,26.242226299355337,15,221,0,0.0,0,0,0,
-1,1.5,0.75,52.484452598710675,26.242226299355337,30,221,0,0.0,0,0,0,
-1,1.5,0.75,52.484452598710675,26.242226299355337,60,221,0,0.0,0,0,0,
-1,1.5,1.0,52.484452598710675,34.989635065807114,15,221,1,0.004524886877828055,0,1,0,269074738244.0
-1,1.5,1.0,52.484452598710675,34.989635065807114,30,221,1,0.004524886877828055,0,1,0,269074738244.0
-1,1.5,1.0,52.484452598710675,34.989635065807114,60,221,1,0.004524886877828055,0,1,0,269074738244.0
-1,1.5,1.5,52.484452598710675,52.484452598710675,15,221,1,0.004524886877828055,0,1,0,190320230832.0
-1,1.5,1.5,52.484452598710675,52.484452598710675,30,221,1,0.004524886877828055,0,1,0,190320230832.0
-1,1.5,1.5,52.484452598710675,52.484452598710675,60,221,1,0.004524886877828055,0,1,0,190320230832.0
-1,2.0,0.5,69.97927013161423,17.494817532903557,15,221,0,0.0,0,0,0,
-1,2.0,0.5,69.97927013161423,17.494817532903557,30,221,0,0.0,0,0,0,
-1,2.0,0.5,69.97927013161423,17.494817532903557,60,221,0,0.0,0,0,0,
-1,2.0,0.75,69.97927013161423,26.242226299355337,15,221,0,0.0,0,0,0,
-1,2.0,0.75,69.97927013161423,26.242226299355337,30,221,0,0.0,0,0,0,
-1,2.0,0.75,69.97927013161423,26.242226299355337,60,221,0,0.0,0,0,0,
-1,2.0,1.0,69.97927013161423,34.989635065807114,15,221,0,0.0,0,0,0,
-1,2.0,1.0,69.97927013161423,34.989635065807114,30,221,0,0.0,0,0,0,
-1,2.0,1.0,69.97927013161423,34.989635065807114,60,221,0,0.0,0,0,0,
-1,2.0,1.5,69.97927013161423,52.484452598710675,15,221,0,0.0,0,0,0,
-1,2.0,1.5,69.97927013161423,52.484452598710675,30,221,0,0.0,0,0,0,
-1,2.0,1.5,69.97927013161423,52.484452598710675,60,221,0,0.0,0,0,0,
-1,3.0,0.5,104.96890519742135,17.494817532903557,15,221,0,0.0,0,0,0,
-1,3.0,0.5,104.96890519742135,17.494817532903557,30,221,0,0.0,0,0,0,
-1,3.0,0.5,104.96890519742135,17.494817532903557,60,221,0,0.0,0,0,0,
-1,3.0,0.75,104.96890519742135,26.242226299355337,15,221,0,0.0,0,0,0,
-1,3.0,0.75,104.96890519742135,26.242226299355337,30,221,0,0.0,0,0,0,
-1,3.0,0.75,104.96890519742135,26.242226299355337,60,221,0,0.0,0,0,0,
-1,3.0,1.0,104.96890519742135,34.989635065807114,15,221,0,0.0,0,0,0,
-1,3.0,1.0,104.96890519742135,34.989635065807114,30,221,0,0.0,0,0,0,
-1,3.0,1.0,104.96890519742135,34.989635065807114,60,221,0,0.0,0,0,0,
-1,3.0,1.5,104.96890519742135,52.484452598710675,15,221,0,0.0,0,0,0,
-1,3.0,1.5,104.96890519742135,52.484452598710675,30,221,0,0.0,0,0,0,
-1,3.0,1.5,104.96890519742135,52.484452598710675,60,221,0,0.0,0,0,0,
-1,4.0,0.5,139.95854026322846,17.494817532903557,15,221,0,0.0,0,0,0,
-1,4.0,0.5,139.95854026322846,17.494817532903557,30,221,0,0.0,0,0,0,
-1,4.0,0.5,139.95854026322846,17.494817532903557,60,221,0,0.0,0,0,0,
-1,4.0,0.75,139.95854026322846,26.242226299355337,15,221,0,0.0,0,0,0,
-1,4.0,0.75,139.95854026322846,26.242226299355337,30,221,0,0.0,0,0,0,
-1,4.0,0.75,139.95854026322846,26.242226299355337,60,221,0,0.0,0,0,0,
-1,4.0,1.0,139.95854026322846,34.989635065807114,15,221,0,0.0,0,0,0,
-1,4.0,1.0,139.95854026322846,34.989635065807114,30,221,0,0.0,0,0,0,
-1,4.0,1.0,139.95854026322846,34.989635065807114,60,221,0,0.0,0,0,0,
-1,4.0,1.5,139.95854026322846,52.484452598710675,15,221,0,0.0,0,0,0,
-1,4.0,1.5,139.95854026322846,52.484452598710675,30,221,0,0.0,0,0,0,
-1,4.0,1.5,139.95854026322846,52.484452598710675,60,221,0,0.0,0,0,0,
-1,0.75,0.5,23.92886022572295,15.9525734838153,15,11,0,0.0,0,0,0,
-1,0.75,0.5,23.92886022572295,15.9525734838153,30,11,0,0.0,0,0,0,
-1,0.75,0.5,23.92886022572295,15.9525734838153,60,11,0,0.0,0,0,0,
-1,0.75,0.75,23.92886022572295,23.92886022572295,15,11,0,0.0,0,0,0,
-1,0.75,0.75,23.92886022572295,23.92886022572295,30,11,0,0.0,0,0,0,
-1,0.75,0.75,23.92886022572295,23.92886022572295,60,11,0,0.0,0,0,0,
-1,0.75,1.0,23.92886022572295,31.9051469676306,15,11,0,0.0,0,0,0,
-1,0.75,1.0,23.92886022572295,31.9051469676306,30,11,0,0.0,0,0,0,
-1,0.75,1.0,23.92886022572295,31.9051469676306,60,11,0,0.0,0,0,0,
-1,0.75,1.5,23.92886022572295,47.8577204514459,15,11,0,0.0,0,0,0,
-1,0.75,1.5,23.92886022572295,47.8577204514459,30,11,0,0.0,0,0,0,
-1,0.75,1.5,23.92886022572295,47.8577204514459,60,11,0,0.0,0,0,0,
-1,1.0,0.5,31.9051469676306,15.9525734838153,15,11,0,0.0,0,0,0,
-1,1.0,0.5,31.9051469676306,15.9525734838153,30,11,0,0.0,0,0,0,
-1,1.0,0.5,31.9051469676306,15.9525734838153,60,11,0,0.0,0,0,0,
-1,1.0,0.75,31.9051469676306,23.92886022572295,15,11,0,0.0,0,0,0,
-1,1.0,0.75,31.9051469676306,23.92886022572295,30,11,0,0.0,0,0,0,
-1,1.0,0.75,31.9051469676306,23.92886022572295,60,11,0,0.0,0,0,0,
-1,1.0,1.0,31.9051469676306,31.9051469676306,15,11,0,0.0,0,0,0,
-1,1.0,1.0,31.9051469676306,31.9051469676306,30,11,0,0.0,0,0,0,
-1,1.0,1.0,31.9051469676306,31.9051469676306,60,11,0,0.0,0,0,0,
-1,1.0,1.5,31.9051469676306,47.8577204514459,15,11,0,0.0,0,0,0,
-1,1.0,1.5,31.9051469676306,47.8577204514459,30,11,0,0.0,0,0,0,
-1,1.0,1.5,31.9051469676306,47.8577204514459,60,11,0,0.0,0,0,0,
-1,1.5,0.5,47.8577204514459,15.9525734838153,15,11,0,0.0,0,0,0,
-1,1.5,0.5,47.8577204514459,15.9525734838153,30,11,0,0.0,0,0,0,
-1,1.5,0.5,47.8577204514459,15.9525734838153,60,11,0,0.0,0,0,0,
-1,1.5,0.75,47.8577204514459,23.92886022572295,15,11,0,0.0,0,0,0,
-1,1.5,0.75,47.8577204514459,23.92886022572295,30,11,0,0.0,0,0,0,
-1,1.5,0.75,47.8577204514459,23.92886022572295,60,11,0,0.0,0,0,0,
-1,1.5,1.0,47.8577204514459,31.9051469676306,15,11,0,0.0,0,0,0,
-1,1.5,1.0,47.8577204514459,31.9051469676306,30,11,0,0.0,0,0,0,
-1,1.5,1.0,47.8577204514459,31.9051469676306,60,11,0,0.0,0,0,0,
-1,1.5,1.5,47.8577204514459,47.8577204514459,15,11,0,0.0,0,0,0,
-1,1.5,1.5,47.8577204514459,47.8577204514459,30,11,0,0.0,0,0,0,
-1,1.5,1.5,47.8577204514459,47.8577204514459,60,11,0,0.0,0,0,0,
-1,2.0,0.5,63.8102939352612,15.9525734838153,15,11,0,0.0,0,0,0,
-1,2.0,0.5,63.8102939352612,15.9525734838153,30,11,0,0.0,0,0,0,
-1,2.0,0.5,63.8102939352612,15.9525734838153,60,11,0,0.0,0,0,0,
-1,2.0,0.75,63.8102939352612,23.92886022572295,15,11,0,0.0,0,0,0,
-1,2.0,0.75,63.8102939352612,23.92886022572295,30,11,0,0.0,0,0,0,
-1,2.0,0.75,63.8102939352612,23.92886022572295,60,11,0,0.0,0,0,0,
-1,2.0,1.0,63.8102939352612,31.9051469676306,15,11,0,0.0,0,0,0,
-1,2.0,1.0,63.8102939352612,31.9051469676306,30,11,0,0.0,0,0,0,
-1,2.0,1.0,63.8102939352612,31.9051469676306,60,11,0,0.0,0,0,0,
-1,2.0,1.5,63.8102939352612,47.8577204514459,15,11,0,0.0,0,0,0,
-1,2.0,1.5,63.8102939352612,47.8577204514459,30,11,0,0.0,0,0,0,
-1,2.0,1.5,63.8102939352612,47.8577204514459,60,11,0,0.0,0,0,0,
-1,3.0,0.5,95.7154409028918,15.9525734838153,15,11,0,0.0,0,0,0,
-1,3.0,0.5,95.7154409028918,15.9525734838153,30,11,0,0.0,0,0,0,
-1,3.0,0.5,95.7154409028918,15.9525734838153,60,11,0,0.0,0,0,0,
-1,3.0,0.75,95.7154409028918,23.92886022572295,15,11,0,0.0,0,0,0,
-1,3.0,0.75,95.7154409028918,23.92886022572295,30,11,0,0.0,0,0,0,
-1,3.0,0.75,95.7154409028918,23.92886022572295,60,11,0,0.0,0,0,0,
-1,3.0,1.0,95.7154409028918,31.9051469676306,15,11,0,0.0,0,0,0,
-1,3.0,1.0,95.7154409028918,31.9051469676306,30,11,0,0.0,0,0,0,
-1,3.0,1.0,95.7154409028918,31.9051469676306,60,11,0,0.0,0,0,0,
-1,3.0,1.5,95.7154409028918,47.8577204514459,15,11,0,0.0,0,0,0,
-1,3.0,1.5,95.7154409028918,47.8577204514459,30,11,0,0.0,0,0,0,
-1,3.0,1.5,95.7154409028918,47.8577204514459,60,11,0,0.0,0,0,0,
-1,4.0,0.5,127.6205878705224,15.9525734838153,15,11,0,0.0,0,0,0,
-1,4.0,0.5,127.6205878705224,15.9525734838153,30,11,0,0.0,0,0,0,
-1,4.0,0.5,127.6205878705224,15.9525734838153,60,11,0,0.0,0,0,0,
-1,4.0,0.75,127.6205878705224,23.92886022572295,15,11,0,0.0,0,0,0,
-1,4.0,0.75,127.6205878705224,23.92886022572295,30,11,0,0.0,0,0,0,
-1,4.0,0.75,127.6205878705224,23.92886022572295,60,11,0,0.0,0,0,0,
-1,4.0,1.0,127.6205878705224,31.9051469676306,15,11,0,0.0,0,0,0,
-1,4.0,1.0,127.6205878705224,31.9051469676306,30,11,0,0.0,0,0,0,
-1,4.0,1.0,127.6205878705224,31.9051469676306,60,11,0,0.0,0,0,0,
-1,4.0,1.5,127.6205878705224,47.8577204514459,15,11,0,0.0,0,0,0,
-1,4.0,1.5,127.6205878705224,47.8577204514459,30,11,0,0.0,0,0,0,
-1,4.0,1.5,127.6205878705224,47.8577204514459,60,11,0,0.0,0,0,0,
-1,0.75,0.5,28.124426259427032,18.74961750628469,15,28,0,0.0,0,0,0,
-1,0.75,0.5,28.124426259427032,18.74961750628469,30,28,0,0.0,0,0,0,
-1,0.75,0.5,28.124426259427032,18.74961750628469,60,28,0,0.0,0,0,0,
-1,0.75,0.75,28.124426259427032,28.124426259427032,15,28,0,0.0,0,0,0,
-1,0.75,0.75,28.124426259427032,28.124426259427032,30,28,0,0.0,0,0,0,
-1,0.75,0.75,28.124426259427032,28.124426259427032,60,28,0,0.0,0,0,0,
-1,0.75,1.0,28.124426259427032,37.49923501256938,15,28,0,0.0,0,0,0,
-1,0.75,1.0,28.124426259427032,37.49923501256938,30,28,0,0.0,0,0,0,
-1,0.75,1.0,28.124426259427032,37.49923501256938,60,28,0,0.0,0,0,0,
-1,0.75,1.5,28.124426259427032,56.248852518854065,15,28,0,0.0,0,0,0,
-1,0.75,1.5,28.124426259427032,56.248852518854065,30,28,0,0.0,0,0,0,
-1,0.75,1.5,28.124426259427032,56.248852518854065,60,28,0,0.0,0,0,0,
-1,1.0,0.5,37.49923501256938,18.74961750628469,15,28,0,0.0,0,0,0,
-1,1.0,0.5,37.49923501256938,18.74961750628469,30,28,0,0.0,0,0,0,
-1,1.0,0.5,37.49923501256938,18.74961750628469,60,28,0,0.0,0,0,0,
-1,1.0,0.75,37.49923501256938,28.124426259427032,15,28,0,0.0,0,0,0,
-1,1.0,0.75,37.49923501256938,28.124426259427032,30,28,0,0.0,0,0,0,
-1,1.0,0.75,37.49923501256938,28.124426259427032,60,28,0,0.0,0,0,0,
-1,1.0,1.0,37.49923501256938,37.49923501256938,15,28,0,0.0,0,0,0,
-1,1.0,1.0,37.49923501256938,37.49923501256938,30,28,0,0.0,0,0,0,
-1,1.0,1.0,37.49923501256938,37.49923501256938,60,28,0,0.0,0,0,0,
-1,1.0,1.5,37.49923501256938,56.248852518854065,15,28,0,0.0,0,0,0,
-1,1.0,1.5,37.49923501256938,56.248852518854065,30,28,0,0.0,0,0,0,
-1,1.0,1.5,37.49923501256938,56.248852518854065,60,28,0,0.0,0,0,0,
-1,1.5,0.5,56.248852518854065,18.74961750628469,15,28,0,0.0,0,0,0,
-1,1.5,0.5,56.248852518854065,18.74961750628469,30,28,0,0.0,0,0,0,
-1,1.5,0.5,56.248852518854065,18.74961750628469,60,28,0,0.0,0,0,0,
-1,1.5,0.75,56.248852518854065,28.124426259427032,15,28,0,0.0,0,0,0,
-1,1.5,0.75,56.248852518854065,28.124426259427032,30,28,0,0.0,0,0,0,
-1,1.5,0.75,56.248852518854065,28.124426259427032,60,28,0,0.0,0,0,0,
-1,1.5,1.0,56.248852518854065,37.49923501256938,15,28,0,0.0,0,0,0,
-1,1.5,1.0,56.248852518854065,37.49923501256938,30,28,0,0.0,0,0,0,
-1,1.5,1.0,56.248852518854065,37.49923501256938,60,28,0,0.0,0,0,0,
-1,1.5,1.5,56.248852518854065,56.248852518854065,15,28,0,0.0,0,0,0,
-1,1.5,1.5,56.248852518854065,56.248852518854065,30,28,0,0.0,0,0,0,
-1,1.5,1.5,56.248852518854065,56.248852518854065,60,28,0,0.0,0,0,0,
-1,2.0,0.5,74.99847002513876,18.74961750628469,15,28,0,0.0,0,0,0,
-1,2.0,0.5,74.99847002513876,18.74961750628469,30,28,0,0.0,0,0,0,
-1,2.0,0.5,74.99847002513876,18.74961750628469,60,28,0,0.0,0,0,0,
-1,2.0,0.75,74.99847002513876,28.124426259427032,15,28,0,0.0,0,0,0,
-1,2.0,0.75,74.99847002513876,28.124426259427032,30,28,0,0.0,0,0,0,
-1,2.0,0.75,74.99847002513876,28.124426259427032,60,28,0,0.0,0,0,0,
-1,2.0,1.0,74.99847002513876,37.49923501256938,15,28,0,0.0,0,0,0,
-1,2.0,1.0,74.99847002513876,37.49923501256938,30,28,0,0.0,0,0,0,
-1,2.0,1.0,74.99847002513876,37.49923501256938,60,28,0,0.0,0,0,0,
-1,2.0,1.5,74.99847002513876,56.248852518854065,15,28,0,0.0,0,0,0,
-1,2.0,1.5,74.99847002513876,56.248852518854065,30,28,0,0.0,0,0,0,
-1,2.0,1.5,74.99847002513876,56.248852518854065,60,28,0,0.0,0,0,0,
-1,3.0,0.5,112.49770503770813,18.74961750628469,15,28,0,0.0,0,0,0,
-1,3.0,0.5,112.49770503770813,18.74961750628469,30,28,0,0.0,0,0,0,
-1,3.0,0.5,112.49770503770813,18.74961750628469,60,28,0,0.0,0,0,0,
-1,3.0,0.75,112.49770503770813,28.124426259427032,15,28,0,0.0,0,0,0,
-1,3.0,0.75,112.49770503770813,28.124426259427032,30,28,0,0.0,0,0,0,
-1,3.0,0.75,112.49770503770813,28.124426259427032,60,28,0,0.0,0,0,0,
-1,3.0,1.0,112.49770503770813,37.49923501256938,15,28,0,0.0,0,0,0,
-1,3.0,1.0,112.49770503770813,37.49923501256938,30,28,0,0.0,0,0,0,
-1,3.0,1.0,112.49770503770813,37.49923501256938,60,28,0,0.0,0,0,0,
-1,3.0,1.5,112.49770503770813,56.248852518854065,15,28,0,0.0,0,0,0,
-1,3.0,1.5,112.49770503770813,56.248852518854065,30,28,0,0.0,0,0,0,
-1,3.0,1.5,112.49770503770813,56.248852518854065,60,28,0,0.0,0,0,0,
-1,4.0,0.5,149.99694005027752,18.74961750628469,15,28,0,0.0,0,0,0,
-1,4.0,0.5,149.99694005027752,18.74961750628469,30,28,0,0.0,0,0,0,
-1,4.0,0.5,149.99694005027752,18.74961750628469,60,28,0,0.0,0,0,0,
-1,4.0,0.75,149.99694005027752,28.124426259427032,15,28,0,0.0,0,0,0,
-1,4.0,0.75,149.99694005027752,28.124426259427032,30,28,0,0.0,0,0,0,
-1,4.0,0.75,149.99694005027752,28.124426259427032,60,28,0,0.0,0,0,0,
-1,4.0,1.0,149.99694005027752,37.49923501256938,15,28,0,0.0,0,0,0,
-1,4.0,1.0,149.99694005027752,37.49923501256938,30,28,0,0.0,0,0,0,
-1,4.0,1.0,149.99694005027752,37.49923501256938,60,28,0,0.0,0,0,0,
-1,4.0,1.5,149.99694005027752,56.248852518854065,15,28,0,0.0,0,0,0,
-1,4.0,1.5,149.99694005027752,56.248852518854065,30,28,0,0.0,0,0,0,
-1,4.0,1.5,149.99694005027752,56.248852518854065,60,28,0,0.0,0,0,0,
-1,0.75,0.5,27.127649974056503,18.085099982704335,15,62,2,0.03225806451612903,2,0,0,195438807791.0
-1,0.75,0.5,27.127649974056503,18.085099982704335,30,62,2,0.03225806451612903,2,0,0,195438807791.0
-1,0.75,0.5,27.127649974056503,18.085099982704335,60,62,2,0.03225806451612903,2,0,0,195438807791.0
-1,0.75,0.75,27.127649974056503,27.127649974056503,15,62,1,0.016129032258064516,1,0,0,283035212884.0
-1,0.75,0.75,27.127649974056503,27.127649974056503,30,62,1,0.016129032258064516,1,0,0,283035212884.0
-1,0.75,0.75,27.127649974056503,27.127649974056503,60,62,1,0.016129032258064516,1,0,0,283035212884.0
-1,0.75,1.0,27.127649974056503,36.17019996540867,15,62,0,0.0,0,0,0,
-1,0.75,1.0,27.127649974056503,36.17019996540867,30,62,0,0.0,0,0,0,
-1,0.75,1.0,27.127649974056503,36.17019996540867,60,62,0,0.0,0,0,0,
-1,0.75,1.5,27.127649974056503,54.255299948113006,15,62,0,0.0,0,0,0,
-1,0.75,1.5,27.127649974056503,54.255299948113006,30,62,0,0.0,0,0,0,
-1,0.75,1.5,27.127649974056503,54.255299948113006,60,62,0,0.0,0,0,0,
-1,1.0,0.5,36.17019996540867,18.085099982704335,15,62,1,0.016129032258064516,1,0,0,272536741570.0
-1,1.0,0.5,36.17019996540867,18.085099982704335,30,62,1,0.016129032258064516,1,0,0,272536741570.0
-1,1.0,0.5,36.17019996540867,18.085099982704335,60,62,1,0.016129032258064516,1,0,0,272536741570.0
-1,1.0,0.75,36.17019996540867,27.127649974056503,15,62,0,0.0,0,0,0,
-1,1.0,0.75,36.17019996540867,27.127649974056503,30,62,0,0.0,0,0,0,
-1,1.0,0.75,36.17019996540867,27.127649974056503,60,62,0,0.0,0,0,0,
-1,1.0,1.0,36.17019996540867,36.17019996540867,15,62,0,0.0,0,0,0,
-1,1.0,1.0,36.17019996540867,36.17019996540867,30,62,0,0.0,0,0,0,
-1,1.0,1.0,36.17019996540867,36.17019996540867,60,62,0,0.0,0,0,0,
-1,1.0,1.5,36.17019996540867,54.255299948113006,15,62,0,0.0,0,0,0,
-1,1.0,1.5,36.17019996540867,54.255299948113006,30,62,0,0.0,0,0,0,
-1,1.0,1.5,36.17019996540867,54.255299948113006,60,62,0,0.0,0,0,0,
-1,1.5,0.5,54.255299948113006,18.085099982704335,15,62,0,0.0,0,0,0,
-1,1.5,0.5,54.255299948113006,18.085099982704335,30,62,0,0.0,0,0,0,
-1,1.5,0.5,54.255299948113006,18.085099982704335,60,62,0,0.0,0,0,0,
-1,1.5,0.75,54.255299948113006,27.127649974056503,15,62,0,0.0,0,0,0,
-1,1.5,0.75,54.255299948113006,27.127649974056503,30,62,0,0.0,0,0,0,
-1,1.5,0.75,54.255299948113006,27.127649974056503,60,62,0,0.0,0,0,0,
-1,1.5,1.0,54.255299948113006,36.17019996540867,15,62,0,0.0,0,0,0,
-1,1.5,1.0,54.255299948113006,36.17019996540867,30,62,0,0.0,0,0,0,
-1,1.5,1.0,54.255299948113006,36.17019996540867,60,62,0,0.0,0,0,0,
-1,1.5,1.5,54.255299948113006,54.255299948113006,15,62,0,0.0,0,0,0,
-1,1.5,1.5,54.255299948113006,54.255299948113006,30,62,0,0.0,0,0,0,
-1,1.5,1.5,54.255299948113006,54.255299948113006,60,62,0,0.0,0,0,0,
-1,2.0,0.5,72.34039993081734,18.085099982704335,15,62,0,0.0,0,0,0,
-1,2.0,0.5,72.34039993081734,18.085099982704335,30,62,0,0.0,0,0,0,
-1,2.0,0.5,72.34039993081734,18.085099982704335,60,62,0,0.0,0,0,0,
-1,2.0,0.75,72.34039993081734,27.127649974056503,15,62,0,0.0,0,0,0,
-1,2.0,0.75,72.34039993081734,27.127649974056503,30,62,0,0.0,0,0,0,
-1,2.0,0.75,72.34039993081734,27.127649974056503,60,62,0,0.0,0,0,0,
-1,2.0,1.0,72.34039993081734,36.17019996540867,15,62,0,0.0,0,0,0,
-1,2.0,1.0,72.34039993081734,36.17019996540867,30,62,0,0.0,0,0,0,
-1,2.0,1.0,72.34039993081734,36.17019996540867,60,62,0,0.0,0,0,0,
-1,2.0,1.5,72.34039993081734,54.255299948113006,15,62,0,0.0,0,0,0,
-1,2.0,1.5,72.34039993081734,54.255299948113006,30,62,0,0.0,0,0,0,
-1,2.0,1.5,72.34039993081734,54.255299948113006,60,62,0,0.0,0,0,0,
-1,3.0,0.5,108.51059989622601,18.085099982704335,15,62,0,0.0,0,0,0,
-1,3.0,0.5,108.51059989622601,18.085099982704335,30,62,0,0.0,0,0,0,
-1,3.0,0.5,108.51059989622601,18.085099982704335,60,62,0,0.0,0,0,0,
-1,3.0,0.75,108.51059989622601,27.127649974056503,15,62,0,0.0,0,0,0,
-1,3.0,0.75,108.51059989622601,27.127649974056503,30,62,0,0.0,0,0,0,
-1,3.0,0.75,108.51059989622601,27.127649974056503,60,62,0,0.0,0,0,0,
-1,3.0,1.0,108.51059989622601,36.17019996540867,15,62,0,0.0,0,0,0,
-1,3.0,1.0,108.51059989622601,36.17019996540867,30,62,0,0.0,0,0,0,
-1,3.0,1.0,108.51059989622601,36.17019996540867,60,62,0,0.0,0,0,0,
-1,3.0,1.5,108.51059989622601,54.255299948113006,15,62,0,0.0,0,0,0,
-1,3.0,1.5,108.51059989622601,54.255299948113006,30,62,0,0.0,0,0,0,
-1,3.0,1.5,108.51059989622601,54.255299948113006,60,62,0,0.0,0,0,0,
-1,4.0,0.5,144.68079986163468,18.085099982704335,15,62,0,0.0,0,0,0,
-1,4.0,0.5,144.68079986163468,18.085099982704335,30,62,0,0.0,0,0,0,
-1,4.0,0.5,144.68079986163468,18.085099982704335,60,62,0,0.0,0,0,0,
-1,4.0,0.75,144.68079986163468,27.127649974056503,15,62,0,0.0,0,0,0,
-1,4.0,0.75,144.68079986163468,27.127649974056503,30,62,0,0.0,0,0,0,
-1,4.0,0.75,144.68079986163468,27.127649974056503,60,62,0,0.0,0,0,0,
-1,4.0,1.0,144.68079986163468,36.17019996540867,15,62,0,0.0,0,0,0,
-1,4.0,1.0,144.68079986163468,36.17019996540867,30,62,0,0.0,0,0,0,
-1,4.0,1.0,144.68079986163468,36.17019996540867,60,62,0,0.0,0,0,0,
-1,4.0,1.5,144.68079986163468,54.255299948113006,15,62,0,0.0,0,0,0,
-1,4.0,1.5,144.68079986163468,54.255299948113006,30,62,0,0.0,0,0,0,
-1,4.0,1.5,144.68079986163468,54.255299948113006,60,62,0,0.0,0,0,0,
-1,0.75,0.5,24.557928503056942,16.371952335371294,15,186,10,0.053763440860215055,4,6,0,188792959640.0
-1,0.75,0.5,24.557928503056942,16.371952335371294,30,186,10,0.053763440860215055,4,6,0,188792959640.0
-1,0.75,0.5,24.557928503056942,16.371952335371294,60,186,10,0.053763440860215055,4,6,0,188792959640.0
-1,0.75,0.75,24.557928503056942,24.557928503056942,15,186,3,0.016129032258064516,2,1,0,245062751194.0
-1,0.75,0.75,24.557928503056942,24.557928503056942,30,186,3,0.016129032258064516,2,1,0,245062751194.0
-1,0.75,0.75,24.557928503056942,24.557928503056942,60,186,3,0.016129032258064516,2,1,0,245062751194.0
-1,0.75,1.0,24.557928503056942,32.74390467074259,15,186,1,0.005376344086021506,1,0,0,267419959646.0
-1,0.75,1.0,24.557928503056942,32.74390467074259,30,186,1,0.005376344086021506,1,0,0,267419959646.0
-1,0.75,1.0,24.557928503056942,32.74390467074259,60,186,1,0.005376344086021506,1,0,0,267419959646.0
-1,0.75,1.5,24.557928503056942,49.115857006113885,15,186,0,0.0,0,0,0,
-1,0.75,1.5,24.557928503056942,49.115857006113885,30,186,0,0.0,0,0,0,
-1,0.75,1.5,24.557928503056942,49.115857006113885,60,186,0,0.0,0,0,0,
-1,1.0,0.5,32.74390467074259,16.371952335371294,15,186,4,0.021505376344086023,1,3,0,212754069319.0
-1,1.0,0.5,32.74390467074259,16.371952335371294,30,186,4,0.021505376344086023,1,3,0,212754069319.0
-1,1.0,0.5,32.74390467074259,16.371952335371294,60,186,4,0.021505376344086023,1,3,0,212754069319.0
-1,1.0,0.75,32.74390467074259,24.557928503056942,15,186,1,0.005376344086021506,0,1,0,245881751756.0
-1,1.0,0.75,32.74390467074259,24.557928503056942,30,186,1,0.005376344086021506,0,1,0,245881751756.0
-1,1.0,0.75,32.74390467074259,24.557928503056942,60,186,1,0.005376344086021506,0,1,0,245881751756.0
-1,1.0,1.0,32.74390467074259,32.74390467074259,15,186,0,0.0,0,0,0,
-1,1.0,1.0,32.74390467074259,32.74390467074259,30,186,0,0.0,0,0,0,
-1,1.0,1.0,32.74390467074259,32.74390467074259,60,186,0,0.0,0,0,0,
-1,1.0,1.5,32.74390467074259,49.115857006113885,15,186,0,0.0,0,0,0,
-1,1.0,1.5,32.74390467074259,49.115857006113885,30,186,0,0.0,0,0,0,
-1,1.0,1.5,32.74390467074259,49.115857006113885,60,186,0,0.0,0,0,0,
-1,1.5,0.5,49.115857006113885,16.371952335371294,15,186,0,0.0,0,0,0,
-1,1.5,0.5,49.115857006113885,16.371952335371294,30,186,0,0.0,0,0,0,
-1,1.5,0.5,49.115857006113885,16.371952335371294,60,186,0,0.0,0,0,0,
-1,1.5,0.75,49.115857006113885,24.557928503056942,15,186,0,0.0,0,0,0,
-1,1.5,0.75,49.115857006113885,24.557928503056942,30,186,0,0.0,0,0,0,
-1,1.5,0.75,49.115857006113885,24.557928503056942,60,186,0,0.0,0,0,0,
-1,1.5,1.0,49.115857006113885,32.74390467074259,15,186,0,0.0,0,0,0,
-1,1.5,1.0,49.115857006113885,32.74390467074259,30,186,0,0.0,0,0,0,
-1,1.5,1.0,49.115857006113885,32.74390467074259,60,186,0,0.0,0,0,0,
-1,1.5,1.5,49.115857006113885,49.115857006113885,15,186,0,0.0,0,0,0,
-1,1.5,1.5,49.115857006113885,49.115857006113885,30,186,0,0.0,0,0,0,
-1,1.5,1.5,49.115857006113885,49.115857006113885,60,186,0,0.0,0,0,0,
-1,2.0,0.5,65.48780934148517,16.371952335371294,15,186,0,0.0,0,0,0,
-1,2.0,0.5,65.48780934148517,16.371952335371294,30,186,0,0.0,0,0,0,
-1,2.0,0.5,65.48780934148517,16.371952335371294,60,186,0,0.0,0,0,0,
-1,2.0,0.75,65.48780934148517,24.557928503056942,15,186,0,0.0,0,0,0,
-1,2.0,0.75,65.48780934148517,24.557928503056942,30,186,0,0.0,0,0,0,
-1,2.0,0.75,65.48780934148517,24.557928503056942,60,186,0,0.0,0,0,0,
-1,2.0,1.0,65.48780934148517,32.74390467074259,15,186,0,0.0,0,0,0,
-1,2.0,1.0,65.48780934148517,32.74390467074259,30,186,0,0.0,0,0,0,
-1,2.0,1.0,65.48780934148517,32.74390467074259,60,186,0,0.0,0,0,0,
-1,2.0,1.5,65.48780934148517,49.115857006113885,15,186,0,0.0,0,0,0,
-1,2.0,1.5,65.48780934148517,49.115857006113885,30,186,0,0.0,0,0,0,
-1,2.0,1.5,65.48780934148517,49.115857006113885,60,186,0,0.0,0,0,0,
-1,3.0,0.5,98.23171401222777,16.371952335371294,15,186,0,0.0,0,0,0,
-1,3.0,0.5,98.23171401222777,16.371952335371294,30,186,0,0.0,0,0,0,
-1,3.0,0.5,98.23171401222777,16.371952335371294,60,186,0,0.0,0,0,0,
-1,3.0,0.75,98.23171401222777,24.557928503056942,15,186,0,0.0,0,0,0,
-1,3.0,0.75,98.23171401222777,24.557928503056942,30,186,0,0.0,0,0,0,
-1,3.0,0.75,98.23171401222777,24.557928503056942,60,186,0,0.0,0,0,0,
-1,3.0,1.0,98.23171401222777,32.74390467074259,15,186,0,0.0,0,0,0,
-1,3.0,1.0,98.23171401222777,32.74390467074259,30,186,0,0.0,0,0,0,
-1,3.0,1.0,98.23171401222777,32.74390467074259,60,186,0,0.0,0,0,0,
-1,3.0,1.5,98.23171401222777,49.115857006113885,15,186,0,0.0,0,0,0,
-1,3.0,1.5,98.23171401222777,49.115857006113885,30,186,0,0.0,0,0,0,
-1,3.0,1.5,98.23171401222777,49.115857006113885,60,186,0,0.0,0,0,0,
-1,4.0,0.5,130.97561868297035,16.371952335371294,15,186,0,0.0,0,0,0,
-1,4.0,0.5,130.97561868297035,16.371952335371294,30,186,0,0.0,0,0,0,
-1,4.0,0.5,130.97561868297035,16.371952335371294,60,186,0,0.0,0,0,0,
-1,4.0,0.75,130.97561868297035,24.557928503056942,15,186,0,0.0,0,0,0,
-1,4.0,0.75,130.97561868297035,24.557928503056942,30,186,0,0.0,0,0,0,
-1,4.0,0.75,130.97561868297035,24.557928503056942,60,186,0,0.0,0,0,0,
-1,4.0,1.0,130.97561868297035,32.74390467074259,15,186,0,0.0,0,0,0,
-1,4.0,1.0,130.97561868297035,32.74390467074259,30,186,0,0.0,0,0,0,
-1,4.0,1.0,130.97561868297035,32.74390467074259,60,186,0,0.0,0,0,0,
-1,4.0,1.5,130.97561868297035,49.115857006113885,15,186,0,0.0,0,0,0,
-1,4.0,1.5,130.97561868297035,49.115857006113885,30,186,0,0.0,0,0,0,
-1,4.0,1.5,130.97561868297035,49.115857006113885,60,186,0,0.0,0,0,0,
-1,0.75,0.5,27.78872622490539,18.52581748327026,15,58,2,0.034482758620689655,1,1,0,171024156351.0
-1,0.75,0.5,27.78872622490539,18.52581748327026,30,58,2,0.034482758620689655,1,1,0,171024156351.0
-1,0.75,0.5,27.78872622490539,18.52581748327026,60,58,2,0.034482758620689655,1,1,0,171024156351.0
-1,0.75,0.75,27.78872622490539,27.78872622490539,15,58,2,0.034482758620689655,1,1,0,147424287777.0
-1,0.75,0.75,27.78872622490539,27.78872622490539,30,58,2,0.034482758620689655,1,1,0,147424287777.0
-1,0.75,0.75,27.78872622490539,27.78872622490539,60,58,2,0.034482758620689655,1,1,0,147424287777.0
-1,0.75,1.0,27.78872622490539,37.05163496654052,15,58,2,0.034482758620689655,1,1,0,147033738429.0
-1,0.75,1.0,27.78872622490539,37.05163496654052,30,58,2,0.034482758620689655,1,1,0,147033738429.0
-1,0.75,1.0,27.78872622490539,37.05163496654052,60,58,2,0.034482758620689655,1,1,0,147033738429.0
-1,0.75,1.5,27.78872622490539,55.57745244981078,15,58,2,0.034482758620689655,0,2,0,223845885815.0
-1,0.75,1.5,27.78872622490539,55.57745244981078,30,58,2,0.034482758620689655,0,2,0,223845885815.0
-1,0.75,1.5,27.78872622490539,55.57745244981078,60,58,2,0.034482758620689655,0,2,0,223845885815.0
-1,1.0,0.5,37.05163496654052,18.52581748327026,15,58,1,0.017241379310344827,0,1,0,262445919708.0
-1,1.0,0.5,37.05163496654052,18.52581748327026,30,58,1,0.017241379310344827,0,1,0,262445919708.0
-1,1.0,0.5,37.05163496654052,18.52581748327026,60,58,1,0.017241379310344827,0,1,0,262445919708.0
-1,1.0,0.75,37.05163496654052,27.78872622490539,15,58,1,0.017241379310344827,0,1,0,214743041460.0
-1,1.0,0.75,37.05163496654052,27.78872622490539,30,58,1,0.017241379310344827,0,1,0,214743041460.0
-1,1.0,0.75,37.05163496654052,27.78872622490539,60,58,1,0.017241379310344827,0,1,0,214743041460.0
-1,1.0,1.0,37.05163496654052,37.05163496654052,15,58,1,0.017241379310344827,0,1,0,195328757456.0
-1,1.0,1.0,37.05163496654052,37.05163496654052,30,58,1,0.017241379310344827,0,1,0,195328757456.0
-1,1.0,1.0,37.05163496654052,37.05163496654052,60,58,1,0.017241379310344827,0,1,0,195328757456.0
-1,1.0,1.5,37.05163496654052,55.57745244981078,15,58,1,0.017241379310344827,0,1,0,174835092334.0
-1,1.0,1.5,37.05163496654052,55.57745244981078,30,58,1,0.017241379310344827,0,1,0,174835092334.0
-1,1.0,1.5,37.05163496654052,55.57745244981078,60,58,1,0.017241379310344827,0,1,0,174835092334.0
-1,1.5,0.5,55.57745244981078,18.52581748327026,15,58,1,0.017241379310344827,0,1,0,263637468904.0
-1,1.5,0.5,55.57745244981078,18.52581748327026,30,58,1,0.017241379310344827,0,1,0,263637468904.0
-1,1.5,0.5,55.57745244981078,18.52581748327026,60,58,1,0.017241379310344827,0,1,0,263637468904.0
-1,1.5,0.75,55.57745244981078,27.78872622490539,15,58,1,0.017241379310344827,0,1,0,215934590656.0
-1,1.5,0.75,55.57745244981078,27.78872622490539,30,58,1,0.017241379310344827,0,1,0,215934590656.0
-1,1.5,0.75,55.57745244981078,27.78872622490539,60,58,1,0.017241379310344827,0,1,0,215934590656.0
-1,1.5,1.0,55.57745244981078,37.05163496654052,15,58,1,0.017241379310344827,0,1,0,196520306652.0
-1,1.5,1.0,55.57745244981078,37.05163496654052,30,58,1,0.017241379310344827,0,1,0,196520306652.0
-1,1.5,1.0,55.57745244981078,37.05163496654052,60,58,1,0.017241379310344827,0,1,0,196520306652.0
-1,1.5,1.5,55.57745244981078,55.57745244981078,15,58,1,0.017241379310344827,0,1,0,176026641530.0
-1,1.5,1.5,55.57745244981078,55.57745244981078,30,58,1,0.017241379310344827,0,1,0,176026641530.0
-1,1.5,1.5,55.57745244981078,55.57745244981078,60,58,1,0.017241379310344827,0,1,0,176026641530.0
-1,2.0,0.5,74.10326993308104,18.52581748327026,15,58,1,0.017241379310344827,0,1,0,263731293866.0
-1,2.0,0.5,74.10326993308104,18.52581748327026,30,58,1,0.017241379310344827,0,1,0,263731293866.0
-1,2.0,0.5,74.10326993308104,18.52581748327026,60,58,1,0.017241379310344827,0,1,0,263731293866.0
-1,2.0,0.75,74.10326993308104,27.78872622490539,15,58,1,0.017241379310344827,0,1,0,216028415618.0
-1,2.0,0.75,74.10326993308104,27.78872622490539,30,58,1,0.017241379310344827,0,1,0,216028415618.0
-1,2.0,0.75,74.10326993308104,27.78872622490539,60,58,1,0.017241379310344827,0,1,0,216028415618.0
-1,2.0,1.0,74.10326993308104,37.05163496654052,15,58,1,0.017241379310344827,0,1,0,196614131614.0
-1,2.0,1.0,74.10326993308104,37.05163496654052,30,58,1,0.017241379310344827,0,1,0,196614131614.0
-1,2.0,1.0,74.10326993308104,37.05163496654052,60,58,1,0.017241379310344827,0,1,0,196614131614.0
-1,2.0,1.5,74.10326993308104,55.57745244981078,15,58,1,0.017241379310344827,0,1,0,176120466492.0
-1,2.0,1.5,74.10326993308104,55.57745244981078,30,58,1,0.017241379310344827,0,1,0,176120466492.0
-1,2.0,1.5,74.10326993308104,55.57745244981078,60,58,1,0.017241379310344827,0,1,0,176120466492.0
-1,3.0,0.5,111.15490489962156,18.52581748327026,15,58,0,0.0,0,0,0,
-1,3.0,0.5,111.15490489962156,18.52581748327026,30,58,0,0.0,0,0,0,
-1,3.0,0.5,111.15490489962156,18.52581748327026,60,58,0,0.0,0,0,0,
-1,3.0,0.75,111.15490489962156,27.78872622490539,15,58,0,0.0,0,0,0,
-1,3.0,0.75,111.15490489962156,27.78872622490539,30,58,0,0.0,0,0,0,
-1,3.0,0.75,111.15490489962156,27.78872622490539,60,58,0,0.0,0,0,0,
-1,3.0,1.0,111.15490489962156,37.05163496654052,15,58,0,0.0,0,0,0,
-1,3.0,1.0,111.15490489962156,37.05163496654052,30,58,0,0.0,0,0,0,
-1,3.0,1.0,111.15490489962156,37.05163496654052,60,58,0,0.0,0,0,0,
-1,3.0,1.5,111.15490489962156,55.57745244981078,15,58,0,0.0,0,0,0,
-1,3.0,1.5,111.15490489962156,55.57745244981078,30,58,0,0.0,0,0,0,
-1,3.0,1.5,111.15490489962156,55.57745244981078,60,58,0,0.0,0,0,0,
-1,4.0,0.5,148.20653986616207,18.52581748327026,15,58,0,0.0,0,0,0,
-1,4.0,0.5,148.20653986616207,18.52581748327026,30,58,0,0.0,0,0,0,
-1,4.0,0.5,148.20653986616207,18.52581748327026,60,58,0,0.0,0,0,0,
-1,4.0,0.75,148.20653986616207,27.78872622490539,15,58,0,0.0,0,0,0,
-1,4.0,0.75,148.20653986616207,27.78872622490539,30,58,0,0.0,0,0,0,
-1,4.0,0.75,148.20653986616207,27.78872622490539,60,58,0,0.0,0,0,0,
-1,4.0,1.0,148.20653986616207,37.05163496654052,15,58,0,0.0,0,0,0,
-1,4.0,1.0,148.20653986616207,37.05163496654052,30,58,0,0.0,0,0,0,
-1,4.0,1.0,148.20653986616207,37.05163496654052,60,58,0,0.0,0,0,0,
-1,4.0,1.5,148.20653986616207,55.57745244981078,15,58,0,0.0,0,0,0,
-1,4.0,1.5,148.20653986616207,55.57745244981078,30,58,0,0.0,0,0,0,
-1,4.0,1.5,148.20653986616207,55.57745244981078,60,58,0,0.0,0,0,0,
-1,0.75,0.5,26.505411625133718,17.670274416755813,15,483,15,0.031055900621118012,4,11,0,170730717692.0
-1,0.75,0.5,26.505411625133718,17.670274416755813,30,483,16,0.033126293995859216,5,11,0,169150079084.0
-1,0.75,0.5,26.505411625133718,17.670274416755813,60,483,16,0.033126293995859216,5,11,0,169150079084.0
-1,0.75,0.75,26.505411625133718,26.505411625133718,15,483,9,0.018633540372670808,4,5,0,168578287824.0
-1,0.75,0.75,26.505411625133718,26.505411625133718,30,483,10,0.020703933747412008,5,5,0,173116892795.0
-1,0.75,0.75,26.505411625133718,26.505411625133718,60,483,10,0.020703933747412008,5,5,0,173116892795.0
-1,0.75,1.0,26.505411625133718,35.340548833511626,15,483,2,0.004140786749482402,1,1,0,186866839010.0
-1,0.75,1.0,26.505411625133718,35.340548833511626,30,483,3,0.006211180124223602,1,2,0,196078180254.0
-1,0.75,1.0,26.505411625133718,35.340548833511626,60,483,3,0.006211180124223602,1,2,0,196078180254.0
-1,0.75,1.5,26.505411625133718,53.010823250267435,15,483,0,0.0,0,0,0,
-1,0.75,1.5,26.505411625133718,53.010823250267435,30,483,0,0.0,0,0,0,
-1,0.75,1.5,26.505411625133718,53.010823250267435,60,483,0,0.0,0,0,0,
-1,1.0,0.5,35.340548833511626,17.670274416755813,15,483,5,0.010351966873706004,2,3,0,167478896524.0
-1,1.0,0.5,35.340548833511626,17.670274416755813,30,483,5,0.010351966873706004,2,3,0,167478896524.0
-1,1.0,0.5,35.340548833511626,17.670274416755813,60,483,5,0.010351966873706004,2,3,0,167478896524.0
-1,1.0,0.75,35.340548833511626,26.505411625133718,15,483,1,0.002070393374741201,0,1,0,146611399604.0
-1,1.0,0.75,35.340548833511626,26.505411625133718,30,483,1,0.002070393374741201,0,1,0,146611399604.0
-1,1.0,0.75,35.340548833511626,26.505411625133718,60,483,1,0.002070393374741201,0,1,0,146611399604.0
-1,1.0,1.0,35.340548833511626,35.340548833511626,15,483,0,0.0,0,0,0,
-1,1.0,1.0,35.340548833511626,35.340548833511626,30,483,1,0.002070393374741201,0,1,0,224520471096.0
-1,1.0,1.0,35.340548833511626,35.340548833511626,60,483,1,0.002070393374741201,0,1,0,224520471096.0
-1,1.0,1.5,35.340548833511626,53.010823250267435,15,483,0,0.0,0,0,0,
-1,1.0,1.5,35.340548833511626,53.010823250267435,30,483,0,0.0,0,0,0,
-1,1.0,1.5,35.340548833511626,53.010823250267435,60,483,0,0.0,0,0,0,
-1,1.5,0.5,53.010823250267435,17.670274416755813,15,483,1,0.002070393374741201,0,1,0,284391275236.0
-1,1.5,0.5,53.010823250267435,17.670274416755813,30,483,1,0.002070393374741201,0,1,0,284391275236.0
-1,1.5,0.5,53.010823250267435,17.670274416755813,60,483,1,0.002070393374741201,0,1,0,284391275236.0
-1,1.5,0.75,53.010823250267435,26.505411625133718,15,483,0,0.0,0,0,0,
-1,1.5,0.75,53.010823250267435,26.505411625133718,30,483,0,0.0,0,0,0,
-1,1.5,0.75,53.010823250267435,26.505411625133718,60,483,0,0.0,0,0,0,
-1,1.5,1.0,53.010823250267435,35.340548833511626,15,483,0,0.0,0,0,0,
-1,1.5,1.0,53.010823250267435,35.340548833511626,30,483,0,0.0,0,0,0,
-1,1.5,1.0,53.010823250267435,35.340548833511626,60,483,0,0.0,0,0,0,
-1,1.5,1.5,53.010823250267435,53.010823250267435,15,483,0,0.0,0,0,0,
-1,1.5,1.5,53.010823250267435,53.010823250267435,30,483,0,0.0,0,0,0,
-1,1.5,1.5,53.010823250267435,53.010823250267435,60,483,0,0.0,0,0,0,
-1,2.0,0.5,70.68109766702325,17.670274416755813,15,483,0,0.0,0,0,0,
-1,2.0,0.5,70.68109766702325,17.670274416755813,30,483,0,0.0,0,0,0,
-1,2.0,0.5,70.68109766702325,17.670274416755813,60,483,0,0.0,0,0,0,
-1,2.0,0.75,70.68109766702325,26.505411625133718,15,483,0,0.0,0,0,0,
-1,2.0,0.75,70.68109766702325,26.505411625133718,30,483,0,0.0,0,0,0,
-1,2.0,0.75,70.68109766702325,26.505411625133718,60,483,0,0.0,0,0,0,
-1,2.0,1.0,70.68109766702325,35.340548833511626,15,483,0,0.0,0,0,0,
-1,2.0,1.0,70.68109766702325,35.340548833511626,30,483,0,0.0,0,0,0,
-1,2.0,1.0,70.68109766702325,35.340548833511626,60,483,0,0.0,0,0,0,
-1,2.0,1.5,70.68109766702325,53.010823250267435,15,483,0,0.0,0,0,0,
-1,2.0,1.5,70.68109766702325,53.010823250267435,30,483,0,0.0,0,0,0,
-1,2.0,1.5,70.68109766702325,53.010823250267435,60,483,0,0.0,0,0,0,
-1,3.0,0.5,106.02164650053487,17.670274416755813,15,483,0,0.0,0,0,0,
-1,3.0,0.5,106.02164650053487,17.670274416755813,30,483,0,0.0,0,0,0,
-1,3.0,0.5,106.02164650053487,17.670274416755813,60,483,0,0.0,0,0,0,
-1,3.0,0.75,106.02164650053487,26.505411625133718,15,483,0,0.0,0,0,0,
-1,3.0,0.75,106.02164650053487,26.505411625133718,30,483,0,0.0,0,0,0,
-1,3.0,0.75,106.02164650053487,26.505411625133718,60,483,0,0.0,0,0,0,
-1,3.0,1.0,106.02164650053487,35.340548833511626,15,483,0,0.0,0,0,0,
-1,3.0,1.0,106.02164650053487,35.340548833511626,30,483,0,0.0,0,0,0,
-1,3.0,1.0,106.02164650053487,35.340548833511626,60,483,0,0.0,0,0,0,
-1,3.0,1.5,106.02164650053487,53.010823250267435,15,483,0,0.0,0,0,0,
-1,3.0,1.5,106.02164650053487,53.010823250267435,30,483,0,0.0,0,0,0,
-1,3.0,1.5,106.02164650053487,53.010823250267435,60,483,0,0.0,0,0,0,
-1,4.0,0.5,141.3621953340465,17.670274416755813,15,483,0,0.0,0,0,0,
-1,4.0,0.5,141.3621953340465,17.670274416755813,30,483,0,0.0,0,0,0,
-1,4.0,0.5,141.3621953340465,17.670274416755813,60,483,0,0.0,0,0,0,
-1,4.0,0.75,141.3621953340465,26.505411625133718,15,483,0,0.0,0,0,0,
-1,4.0,0.75,141.3621953340465,26.505411625133718,30,483,0,0.0,0,0,0,
-1,4.0,0.75,141.3621953340465,26.505411625133718,60,483,0,0.0,0,0,0,
-1,4.0,1.0,141.3621953340465,35.340548833511626,15,483,0,0.0,0,0,0,
-1,4.0,1.0,141.3621953340465,35.340548833511626,30,483,0,0.0,0,0,0,
-1,4.0,1.0,141.3621953340465,35.340548833511626,60,483,0,0.0,0,0,0,
-1,4.0,1.5,141.3621953340465,53.010823250267435,15,483,0,0.0,0,0,0,
-1,4.0,1.5,141.3621953340465,53.010823250267435,30,483,0,0.0,0,0,0,
-1,4.0,1.5,141.3621953340465,53.010823250267435,60,483,0,0.0,0,0,0,
-1,0.75,0.5,22.876126070690106,15.250750713793403,15,3,1,0.3333333333333333,1,0,0,93289818280.0
-1,0.75,0.5,22.876126070690106,15.250750713793403,30,3,1,0.3333333333333333,1,0,0,93289818280.0
-1,0.75,0.5,22.876126070690106,15.250750713793403,60,3,1,0.3333333333333333,1,0,0,93289818280.0
-1,0.75,0.75,22.876126070690106,22.876126070690106,15,3,0,0.0,0,0,0,
-1,0.75,0.75,22.876126070690106,22.876126070690106,30,3,0,0.0,0,0,0,
-1,0.75,0.75,22.876126070690106,22.876126070690106,60,3,0,0.0,0,0,0,
-1,0.75,1.0,22.876126070690106,30.501501427586806,15,3,0,0.0,0,0,0,
-1,0.75,1.0,22.876126070690106,30.501501427586806,30,3,0,0.0,0,0,0,
-1,0.75,1.0,22.876126070690106,30.501501427586806,60,3,0,0.0,0,0,0,
-1,0.75,1.5,22.876126070690106,45.75225214138021,15,3,0,0.0,0,0,0,
-1,0.75,1.5,22.876126070690106,45.75225214138021,30,3,0,0.0,0,0,0,
-1,0.75,1.5,22.876126070690106,45.75225214138021,60,3,0,0.0,0,0,0,
-1,1.0,0.5,30.501501427586806,15.250750713793403,15,3,0,0.0,0,0,0,
-1,1.0,0.5,30.501501427586806,15.250750713793403,30,3,0,0.0,0,0,0,
-1,1.0,0.5,30.501501427586806,15.250750713793403,60,3,0,0.0,0,0,0,
-1,1.0,0.75,30.501501427586806,22.876126070690106,15,3,0,0.0,0,0,0,
-1,1.0,0.75,30.501501427586806,22.876126070690106,30,3,0,0.0,0,0,0,
-1,1.0,0.75,30.501501427586806,22.876126070690106,60,3,0,0.0,0,0,0,
-1,1.0,1.0,30.501501427586806,30.501501427586806,15,3,0,0.0,0,0,0,
-1,1.0,1.0,30.501501427586806,30.501501427586806,30,3,0,0.0,0,0,0,
-1,1.0,1.0,30.501501427586806,30.501501427586806,60,3,0,0.0,0,0,0,
-1,1.0,1.5,30.501501427586806,45.75225214138021,15,3,0,0.0,0,0,0,
-1,1.0,1.5,30.501501427586806,45.75225214138021,30,3,0,0.0,0,0,0,
-1,1.0,1.5,30.501501427586806,45.75225214138021,60,3,0,0.0,0,0,0,
-1,1.5,0.5,45.75225214138021,15.250750713793403,15,3,0,0.0,0,0,0,
-1,1.5,0.5,45.75225214138021,15.250750713793403,30,3,0,0.0,0,0,0,
-1,1.5,0.5,45.75225214138021,15.250750713793403,60,3,0,0.0,0,0,0,
-1,1.5,0.75,45.75225214138021,22.876126070690106,15,3,0,0.0,0,0,0,
-1,1.5,0.75,45.75225214138021,22.876126070690106,30,3,0,0.0,0,0,0,
-1,1.5,0.75,45.75225214138021,22.876126070690106,60,3,0,0.0,0,0,0,
-1,1.5,1.0,45.75225214138021,30.501501427586806,15,3,0,0.0,0,0,0,
-1,1.5,1.0,45.75225214138021,30.501501427586806,30,3,0,0.0,0,0,0,
-1,1.5,1.0,45.75225214138021,30.501501427586806,60,3,0,0.0,0,0,0,
-1,1.5,1.5,45.75225214138021,45.75225214138021,15,3,0,0.0,0,0,0,
-1,1.5,1.5,45.75225214138021,45.75225214138021,30,3,0,0.0,0,0,0,
-1,1.5,1.5,45.75225214138021,45.75225214138021,60,3,0,0.0,0,0,0,
-1,2.0,0.5,61.00300285517361,15.250750713793403,15,3,0,0.0,0,0,0,
-1,2.0,0.5,61.00300285517361,15.250750713793403,30,3,0,0.0,0,0,0,
-1,2.0,0.5,61.00300285517361,15.250750713793403,60,3,0,0.0,0,0,0,
-1,2.0,0.75,61.00300285517361,22.876126070690106,15,3,0,0.0,0,0,0,
-1,2.0,0.75,61.00300285517361,22.876126070690106,30,3,0,0.0,0,0,0,
-1,2.0,0.75,61.00300285517361,22.876126070690106,60,3,0,0.0,0,0,0,
-1,2.0,1.0,61.00300285517361,30.501501427586806,15,3,0,0.0,0,0,0,
-1,2.0,1.0,61.00300285517361,30.501501427586806,30,3,0,0.0,0,0,0,
-1,2.0,1.0,61.00300285517361,30.501501427586806,60,3,0,0.0,0,0,0,
-1,2.0,1.5,61.00300285517361,45.75225214138021,15,3,0,0.0,0,0,0,
-1,2.0,1.5,61.00300285517361,45.75225214138021,30,3,0,0.0,0,0,0,
-1,2.0,1.5,61.00300285517361,45.75225214138021,60,3,0,0.0,0,0,0,
-1,3.0,0.5,91.50450428276042,15.250750713793403,15,3,0,0.0,0,0,0,
-1,3.0,0.5,91.50450428276042,15.250750713793403,30,3,0,0.0,0,0,0,
-1,3.0,0.5,91.50450428276042,15.250750713793403,60,3,0,0.0,0,0,0,
-1,3.0,0.75,91.50450428276042,22.876126070690106,15,3,0,0.0,0,0,0,
-1,3.0,0.75,91.50450428276042,22.876126070690106,30,3,0,0.0,0,0,0,
-1,3.0,0.75,91.50450428276042,22.876126070690106,60,3,0,0.0,0,0,0,
-1,3.0,1.0,91.50450428276042,30.501501427586806,15,3,0,0.0,0,0,0,
-1,3.0,1.0,91.50450428276042,30.501501427586806,30,3,0,0.0,0,0,0,
-1,3.0,1.0,91.50450428276042,30.501501427586806,60,3,0,0.0,0,0,0,
-1,3.0,1.5,91.50450428276042,45.75225214138021,15,3,0,0.0,0,0,0,
-1,3.0,1.5,91.50450428276042,45.75225214138021,30,3,0,0.0,0,0,0,
-1,3.0,1.5,91.50450428276042,45.75225214138021,60,3,0,0.0,0,0,0,
-1,4.0,0.5,122.00600571034722,15.250750713793403,15,3,0,0.0,0,0,0,
-1,4.0,0.5,122.00600571034722,15.250750713793403,30,3,0,0.0,0,0,0,
-1,4.0,0.5,122.00600571034722,15.250750713793403,60,3,0,0.0,0,0,0,
-1,4.0,0.75,122.00600571034722,22.876126070690106,15,3,0,0.0,0,0,0,
-1,4.0,0.75,122.00600571034722,22.876126070690106,30,3,0,0.0,0,0,0,
-1,4.0,0.75,122.00600571034722,22.876126070690106,60,3,0,0.0,0,0,0,
-1,4.0,1.0,122.00600571034722,30.501501427586806,15,3,0,0.0,0,0,0,
-1,4.0,1.0,122.00600571034722,30.501501427586806,30,3,0,0.0,0,0,0,
-1,4.0,1.0,122.00600571034722,30.501501427586806,60,3,0,0.0,0,0,0,
-1,4.0,1.5,122.00600571034722,45.75225214138021,15,3,0,0.0,0,0,0,
-1,4.0,1.5,122.00600571034722,45.75225214138021,30,3,0,0.0,0,0,0,
-1,4.0,1.5,122.00600571034722,45.75225214138021,60,3,0,0.0,0,0,0,
-1,0.75,0.5,29.005207027304206,19.33680468486947,15,32,5,0.15625,4,1,0,79158879734.0
-1,0.75,0.5,29.005207027304206,19.33680468486947,30,32,5,0.15625,4,1,0,79158879734.0
-1,0.75,0.5,29.005207027304206,19.33680468486947,60,32,5,0.15625,4,1,0,79158879734.0
-1,0.75,0.75,29.005207027304206,29.005207027304206,15,32,2,0.0625,2,0,0,61886748472.0
-1,0.75,0.75,29.005207027304206,29.005207027304206,30,32,2,0.0625,2,0,0,61886748472.0
-1,0.75,0.75,29.005207027304206,29.005207027304206,60,32,2,0.0625,2,0,0,61886748472.0
-1,0.75,1.0,29.005207027304206,38.67360936973894,15,32,2,0.0625,2,0,0,148087540758.0
-1,0.75,1.0,29.005207027304206,38.67360936973894,30,32,2,0.0625,2,0,0,148087540758.0
-1,0.75,1.0,29.005207027304206,38.67360936973894,60,32,2,0.0625,2,0,0,148087540758.0
-1,0.75,1.5,29.005207027304206,58.01041405460841,15,32,0,0.0,0,0,0,
-1,0.75,1.5,29.005207027304206,58.01041405460841,30,32,0,0.0,0,0,0,
-1,0.75,1.5,29.005207027304206,58.01041405460841,60,32,0,0.0,0,0,0,
-1,1.0,0.5,38.67360936973894,19.33680468486947,15,32,3,0.09375,2,1,0,84621061598.0
-1,1.0,0.5,38.67360936973894,19.33680468486947,30,32,3,0.09375,2,1,0,84621061598.0
-1,1.0,0.5,38.67360936973894,19.33680468486947,60,32,3,0.09375,2,1,0,84621061598.0
-1,1.0,0.75,38.67360936973894,29.005207027304206,15,32,2,0.0625,2,0,0,186858524067.0
-1,1.0,0.75,38.67360936973894,29.005207027304206,30,32,2,0.0625,2,0,0,186858524067.0
-1,1.0,0.75,38.67360936973894,29.005207027304206,60,32,2,0.0625,2,0,0,186858524067.0
-1,1.0,1.0,38.67360936973894,38.67360936973894,15,32,1,0.03125,1,0,0,253168638242.0
-1,1.0,1.0,38.67360936973894,38.67360936973894,30,32,1,0.03125,1,0,0,253168638242.0
-1,1.0,1.0,38.67360936973894,38.67360936973894,60,32,1,0.03125,1,0,0,253168638242.0
-1,1.0,1.5,38.67360936973894,58.01041405460841,15,32,0,0.0,0,0,0,
-1,1.0,1.5,38.67360936973894,58.01041405460841,30,32,0,0.0,0,0,0,
-1,1.0,1.5,38.67360936973894,58.01041405460841,60,32,0,0.0,0,0,0,
-1,1.5,0.5,58.01041405460841,19.33680468486947,15,32,1,0.03125,1,0,0,260205336218.0
-1,1.5,0.5,58.01041405460841,19.33680468486947,30,32,1,0.03125,1,0,0,260205336218.0
-1,1.5,0.5,58.01041405460841,19.33680468486947,60,32,1,0.03125,1,0,0,260205336218.0
-1,1.5,0.75,58.01041405460841,29.005207027304206,15,32,1,0.03125,1,0,0,291493966258.0
-1,1.5,0.75,58.01041405460841,29.005207027304206,30,32,1,0.03125,1,0,0,291493966258.0
-1,1.5,0.75,58.01041405460841,29.005207027304206,60,32,1,0.03125,1,0,0,291493966258.0
-1,1.5,1.0,58.01041405460841,38.67360936973894,15,32,0,0.0,0,0,0,
-1,1.5,1.0,58.01041405460841,38.67360936973894,30,32,0,0.0,0,0,0,
-1,1.5,1.0,58.01041405460841,38.67360936973894,60,32,0,0.0,0,0,0,
-1,1.5,1.5,58.01041405460841,58.01041405460841,15,32,0,0.0,0,0,0,
-1,1.5,1.5,58.01041405460841,58.01041405460841,30,32,0,0.0,0,0,0,
-1,1.5,1.5,58.01041405460841,58.01041405460841,60,32,0,0.0,0,0,0,
-1,2.0,0.5,77.34721873947788,19.33680468486947,15,32,0,0.0,0,0,0,
-1,2.0,0.5,77.34721873947788,19.33680468486947,30,32,0,0.0,0,0,0,
-1,2.0,0.5,77.34721873947788,19.33680468486947,60,32,0,0.0,0,0,0,
-1,2.0,0.75,77.34721873947788,29.005207027304206,15,32,0,0.0,0,0,0,
-1,2.0,0.75,77.34721873947788,29.005207027304206,30,32,0,0.0,0,0,0,
-1,2.0,0.75,77.34721873947788,29.005207027304206,60,32,0,0.0,0,0,0,
-1,2.0,1.0,77.34721873947788,38.67360936973894,15,32,0,0.0,0,0,0,
-1,2.0,1.0,77.34721873947788,38.67360936973894,30,32,0,0.0,0,0,0,
-1,2.0,1.0,77.34721873947788,38.67360936973894,60,32,0,0.0,0,0,0,
-1,2.0,1.5,77.34721873947788,58.01041405460841,15,32,0,0.0,0,0,0,
-1,2.0,1.5,77.34721873947788,58.01041405460841,30,32,0,0.0,0,0,0,
-1,2.0,1.5,77.34721873947788,58.01041405460841,60,32,0,0.0,0,0,0,
-1,3.0,0.5,116.02082810921682,19.33680468486947,15,32,0,0.0,0,0,0,
-1,3.0,0.5,116.02082810921682,19.33680468486947,30,32,0,0.0,0,0,0,
-1,3.0,0.5,116.02082810921682,19.33680468486947,60,32,0,0.0,0,0,0,
-1,3.0,0.75,116.02082810921682,29.005207027304206,15,32,0,0.0,0,0,0,
-1,3.0,0.75,116.02082810921682,29.005207027304206,30,32,0,0.0,0,0,0,
-1,3.0,0.75,116.02082810921682,29.005207027304206,60,32,0,0.0,0,0,0,
-1,3.0,1.0,116.02082810921682,38.67360936973894,15,32,0,0.0,0,0,0,
-1,3.0,1.0,116.02082810921682,38.67360936973894,30,32,0,0.0,0,0,0,
-1,3.0,1.0,116.02082810921682,38.67360936973894,60,32,0,0.0,0,0,0,
-1,3.0,1.5,116.02082810921682,58.01041405460841,15,32,0,0.0,0,0,0,
-1,3.0,1.5,116.02082810921682,58.01041405460841,30,32,0,0.0,0,0,0,
-1,3.0,1.5,116.02082810921682,58.01041405460841,60,32,0,0.0,0,0,0,
-1,4.0,0.5,154.69443747895576,19.33680468486947,15,32,0,0.0,0,0,0,
-1,4.0,0.5,154.69443747895576,19.33680468486947,30,32,0,0.0,0,0,0,
-1,4.0,0.5,154.69443747895576,19.33680468486947,60,32,0,0.0,0,0,0,
-1,4.0,0.75,154.69443747895576,29.005207027304206,15,32,0,0.0,0,0,0,
-1,4.0,0.75,154.69443747895576,29.005207027304206,30,32,0,0.0,0,0,0,
-1,4.0,0.75,154.69443747895576,29.005207027304206,60,32,0,0.0,0,0,0,
-1,4.0,1.0,154.69443747895576,38.67360936973894,15,32,0,0.0,0,0,0,
-1,4.0,1.0,154.69443747895576,38.67360936973894,30,32,0,0.0,0,0,0,
-1,4.0,1.0,154.69443747895576,38.67360936973894,60,32,0,0.0,0,0,0,
-1,4.0,1.5,154.69443747895576,58.01041405460841,15,32,0,0.0,0,0,0,
-1,4.0,1.5,154.69443747895576,58.01041405460841,30,32,0,0.0,0,0,0,
-1,4.0,1.5,154.69443747895576,58.01041405460841,60,32,0,0.0,0,0,0,
-1,0.75,0.5,26.727380628569783,17.818253752379857,15,37,4,0.10810810810810811,1,3,0,95815234190.0
-1,0.75,0.5,26.727380628569783,17.818253752379857,30,37,4,0.10810810810810811,1,3,0,95815234190.0
-1,0.75,0.5,26.727380628569783,17.818253752379857,60,37,4,0.10810810810810811,1,3,0,95815234190.0
-1,0.75,0.75,26.727380628569783,26.727380628569783,15,37,0,0.0,0,0,0,
-1,0.75,0.75,26.727380628569783,26.727380628569783,30,37,0,0.0,0,0,0,
-1,0.75,0.75,26.727380628569783,26.727380628569783,60,37,0,0.0,0,0,0,
-1,0.75,1.0,26.727380628569783,35.63650750475971,15,37,0,0.0,0,0,0,
-1,0.75,1.0,26.727380628569783,35.63650750475971,30,37,0,0.0,0,0,0,
-1,0.75,1.0,26.727380628569783,35.63650750475971,60,37,0,0.0,0,0,0,
-1,0.75,1.5,26.727380628569783,53.454761257139566,15,37,0,0.0,0,0,0,
-1,0.75,1.5,26.727380628569783,53.454761257139566,30,37,0,0.0,0,0,0,
-1,0.75,1.5,26.727380628569783,53.454761257139566,60,37,0,0.0,0,0,0,
-1,1.0,0.5,35.63650750475971,17.818253752379857,15,37,3,0.08108108108108109,0,3,0,111465006748.0
-1,1.0,0.5,35.63650750475971,17.818253752379857,30,37,3,0.08108108108108109,0,3,0,111465006748.0
-1,1.0,0.5,35.63650750475971,17.818253752379857,60,37,3,0.08108108108108109,0,3,0,111465006748.0
-1,1.0,0.75,35.63650750475971,26.727380628569783,15,37,0,0.0,0,0,0,
-1,1.0,0.75,35.63650750475971,26.727380628569783,30,37,0,0.0,0,0,0,
-1,1.0,0.75,35.63650750475971,26.727380628569783,60,37,0,0.0,0,0,0,
-1,1.0,1.0,35.63650750475971,35.63650750475971,15,37,0,0.0,0,0,0,
-1,1.0,1.0,35.63650750475971,35.63650750475971,30,37,0,0.0,0,0,0,
-1,1.0,1.0,35.63650750475971,35.63650750475971,60,37,0,0.0,0,0,0,
-1,1.0,1.5,35.63650750475971,53.454761257139566,15,37,0,0.0,0,0,0,
-1,1.0,1.5,35.63650750475971,53.454761257139566,30,37,0,0.0,0,0,0,
-1,1.0,1.5,35.63650750475971,53.454761257139566,60,37,0,0.0,0,0,0,
-1,1.5,0.5,53.454761257139566,17.818253752379857,15,37,2,0.05405405405405406,0,2,0,106455498323.0
-1,1.5,0.5,53.454761257139566,17.818253752379857,30,37,2,0.05405405405405406,0,2,0,106455498323.0
-1,1.5,0.5,53.454761257139566,17.818253752379857,60,37,2,0.05405405405405406,0,2,0,106455498323.0
-1,1.5,0.75,53.454761257139566,26.727380628569783,15,37,0,0.0,0,0,0,
-1,1.5,0.75,53.454761257139566,26.727380628569783,30,37,0,0.0,0,0,0,
-1,1.5,0.75,53.454761257139566,26.727380628569783,60,37,0,0.0,0,0,0,
-1,1.5,1.0,53.454761257139566,35.63650750475971,15,37,0,0.0,0,0,0,
-1,1.5,1.0,53.454761257139566,35.63650750475971,30,37,0,0.0,0,0,0,
-1,1.5,1.0,53.454761257139566,35.63650750475971,60,37,0,0.0,0,0,0,
-1,1.5,1.5,53.454761257139566,53.454761257139566,15,37,0,0.0,0,0,0,
-1,1.5,1.5,53.454761257139566,53.454761257139566,30,37,0,0.0,0,0,0,
-1,1.5,1.5,53.454761257139566,53.454761257139566,60,37,0,0.0,0,0,0,
-1,2.0,0.5,71.27301500951943,17.818253752379857,15,37,1,0.02702702702702703,0,1,0,111368494344.0
-1,2.0,0.5,71.27301500951943,17.818253752379857,30,37,1,0.02702702702702703,0,1,0,111368494344.0
-1,2.0,0.5,71.27301500951943,17.818253752379857,60,37,1,0.02702702702702703,0,1,0,111368494344.0
-1,2.0,0.75,71.27301500951943,26.727380628569783,15,37,0,0.0,0,0,0,
-1,2.0,0.75,71.27301500951943,26.727380628569783,30,37,0,0.0,0,0,0,
-1,2.0,0.75,71.27301500951943,26.727380628569783,60,37,0,0.0,0,0,0,
-1,2.0,1.0,71.27301500951943,35.63650750475971,15,37,0,0.0,0,0,0,
-1,2.0,1.0,71.27301500951943,35.63650750475971,30,37,0,0.0,0,0,0,
-1,2.0,1.0,71.27301500951943,35.63650750475971,60,37,0,0.0,0,0,0,
-1,2.0,1.5,71.27301500951943,53.454761257139566,15,37,0,0.0,0,0,0,
-1,2.0,1.5,71.27301500951943,53.454761257139566,30,37,0,0.0,0,0,0,
-1,2.0,1.5,71.27301500951943,53.454761257139566,60,37,0,0.0,0,0,0,
-1,3.0,0.5,106.90952251427913,17.818253752379857,15,37,0,0.0,0,0,0,
-1,3.0,0.5,106.90952251427913,17.818253752379857,30,37,0,0.0,0,0,0,
-1,3.0,0.5,106.90952251427913,17.818253752379857,60,37,0,0.0,0,0,0,
-1,3.0,0.75,106.90952251427913,26.727380628569783,15,37,0,0.0,0,0,0,
-1,3.0,0.75,106.90952251427913,26.727380628569783,30,37,0,0.0,0,0,0,
-1,3.0,0.75,106.90952251427913,26.727380628569783,60,37,0,0.0,0,0,0,
-1,3.0,1.0,106.90952251427913,35.63650750475971,15,37,0,0.0,0,0,0,
-1,3.0,1.0,106.90952251427913,35.63650750475971,30,37,0,0.0,0,0,0,
-1,3.0,1.0,106.90952251427913,35.63650750475971,60,37,0,0.0,0,0,0,
-1,3.0,1.5,106.90952251427913,53.454761257139566,15,37,0,0.0,0,0,0,
-1,3.0,1.5,106.90952251427913,53.454761257139566,30,37,0,0.0,0,0,0,
-1,3.0,1.5,106.90952251427913,53.454761257139566,60,37,0,0.0,0,0,0,
-1,4.0,0.5,142.54603001903885,17.818253752379857,15,37,0,0.0,0,0,0,
-1,4.0,0.5,142.54603001903885,17.818253752379857,30,37,0,0.0,0,0,0,
-1,4.0,0.5,142.54603001903885,17.818253752379857,60,37,0,0.0,0,0,0,
-1,4.0,0.75,142.54603001903885,26.727380628569783,15,37,0,0.0,0,0,0,
-1,4.0,0.75,142.54603001903885,26.727380628569783,30,37,0,0.0,0,0,0,
-1,4.0,0.75,142.54603001903885,26.727380628569783,60,37,0,0.0,0,0,0,
-1,4.0,1.0,142.54603001903885,35.63650750475971,15,37,0,0.0,0,0,0,
-1,4.0,1.0,142.54603001903885,35.63650750475971,30,37,0,0.0,0,0,0,
-1,4.0,1.0,142.54603001903885,35.63650750475971,60,37,0,0.0,0,0,0,
-1,4.0,1.5,142.54603001903885,53.454761257139566,15,37,0,0.0,0,0,0,
-1,4.0,1.5,142.54603001903885,53.454761257139566,30,37,0,0.0,0,0,0,
-1,4.0,1.5,142.54603001903885,53.454761257139566,60,37,0,0.0,0,0,0,
-1,0.75,0.5,25.879009653021832,17.252673102014555,15,116,2,0.017241379310344827,1,1,0,163972921143.0
-1,0.75,0.5,25.879009653021832,17.252673102014555,30,116,3,0.02586206896551724,2,1,0,154002683900.0
-1,0.75,0.5,25.879009653021832,17.252673102014555,60,116,3,0.02586206896551724,2,1,0,154002683900.0
-1,0.75,0.75,25.879009653021832,25.879009653021832,15,116,0,0.0,0,0,0,
-1,0.75,0.75,25.879009653021832,25.879009653021832,30,116,0,0.0,0,0,0,
-1,0.75,0.75,25.879009653021832,25.879009653021832,60,116,0,0.0,0,0,0,
-1,0.75,1.0,25.879009653021832,34.50534620402911,15,116,0,0.0,0,0,0,
-1,0.75,1.0,25.879009653021832,34.50534620402911,30,116,0,0.0,0,0,0,
-1,0.75,1.0,25.879009653021832,34.50534620402911,60,116,1,0.008620689655172414,1,0,0,55286625828.0
-1,0.75,1.5,25.879009653021832,51.758019306043664,15,116,0,0.0,0,0,0,
-1,0.75,1.5,25.879009653021832,51.758019306043664,30,116,0,0.0,0,0,0,
-1,0.75,1.5,25.879009653021832,51.758019306043664,60,116,0,0.0,0,0,0,
-1,1.0,0.5,34.50534620402911,17.252673102014555,15,116,2,0.017241379310344827,2,0,0,173444723103.0
-1,1.0,0.5,34.50534620402911,17.252673102014555,30,116,2,0.017241379310344827,2,0,0,173444723103.0
-1,1.0,0.5,34.50534620402911,17.252673102014555,60,116,2,0.017241379310344827,2,0,0,173444723103.0
-1,1.0,0.75,34.50534620402911,25.879009653021832,15,116,1,0.008620689655172414,1,0,0,169999037782.0
-1,1.0,0.75,34.50534620402911,25.879009653021832,30,116,2,0.017241379310344827,2,0,0,169601174599.0
-1,1.0,0.75,34.50534620402911,25.879009653021832,60,116,2,0.017241379310344827,2,0,0,169601174599.0
-1,1.0,1.0,34.50534620402911,34.50534620402911,15,116,1,0.008620689655172414,1,0,0,187179966464.0
-1,1.0,1.0,34.50534620402911,34.50534620402911,30,116,2,0.017241379310344827,2,0,0,186992407295.0
-1,1.0,1.0,34.50534620402911,34.50534620402911,60,116,2,0.017241379310344827,2,0,0,186992407295.0
-1,1.0,1.5,34.50534620402911,51.758019306043664,15,116,0,0.0,0,0,0,
-1,1.0,1.5,34.50534620402911,51.758019306043664,30,116,0,0.0,0,0,0,
-1,1.0,1.5,34.50534620402911,51.758019306043664,60,116,0,0.0,0,0,0,
-1,1.5,0.5,51.758019306043664,17.252673102014555,15,116,0,0.0,0,0,0,
-1,1.5,0.5,51.758019306043664,17.252673102014555,30,116,0,0.0,0,0,0,
-1,1.5,0.5,51.758019306043664,17.252673102014555,60,116,0,0.0,0,0,0,
-1,1.5,0.75,51.758019306043664,25.879009653021832,15,116,0,0.0,0,0,0,
-1,1.5,0.75,51.758019306043664,25.879009653021832,30,116,0,0.0,0,0,0,
-1,1.5,0.75,51.758019306043664,25.879009653021832,60,116,0,0.0,0,0,0,
-1,1.5,1.0,51.758019306043664,34.50534620402911,15,116,0,0.0,0,0,0,
-1,1.5,1.0,51.758019306043664,34.50534620402911,30,116,0,0.0,0,0,0,
-1,1.5,1.0,51.758019306043664,34.50534620402911,60,116,0,0.0,0,0,0,
-1,1.5,1.5,51.758019306043664,51.758019306043664,15,116,0,0.0,0,0,0,
-1,1.5,1.5,51.758019306043664,51.758019306043664,30,116,0,0.0,0,0,0,
-1,1.5,1.5,51.758019306043664,51.758019306043664,60,116,0,0.0,0,0,0,
-1,2.0,0.5,69.01069240805822,17.252673102014555,15,116,0,0.0,0,0,0,
-1,2.0,0.5,69.01069240805822,17.252673102014555,30,116,0,0.0,0,0,0,
-1,2.0,0.5,69.01069240805822,17.252673102014555,60,116,0,0.0,0,0,0,
-1,2.0,0.75,69.01069240805822,25.879009653021832,15,116,0,0.0,0,0,0,
-1,2.0,0.75,69.01069240805822,25.879009653021832,30,116,0,0.0,0,0,0,
-1,2.0,0.75,69.01069240805822,25.879009653021832,60,116,0,0.0,0,0,0,
-1,2.0,1.0,69.01069240805822,34.50534620402911,15,116,0,0.0,0,0,0,
-1,2.0,1.0,69.01069240805822,34.50534620402911,30,116,0,0.0,0,0,0,
-1,2.0,1.0,69.01069240805822,34.50534620402911,60,116,0,0.0,0,0,0,
-1,2.0,1.5,69.01069240805822,51.758019306043664,15,116,0,0.0,0,0,0,
-1,2.0,1.5,69.01069240805822,51.758019306043664,30,116,0,0.0,0,0,0,
-1,2.0,1.5,69.01069240805822,51.758019306043664,60,116,0,0.0,0,0,0,
-1,3.0,0.5,103.51603861208733,17.252673102014555,15,116,0,0.0,0,0,0,
-1,3.0,0.5,103.51603861208733,17.252673102014555,30,116,0,0.0,0,0,0,
-1,3.0,0.5,103.51603861208733,17.252673102014555,60,116,0,0.0,0,0,0,
-1,3.0,0.75,103.51603861208733,25.879009653021832,15,116,0,0.0,0,0,0,
-1,3.0,0.75,103.51603861208733,25.879009653021832,30,116,0,0.0,0,0,0,
-1,3.0,0.75,103.51603861208733,25.879009653021832,60,116,0,0.0,0,0,0,
-1,3.0,1.0,103.51603861208733,34.50534620402911,15,116,0,0.0,0,0,0,
-1,3.0,1.0,103.51603861208733,34.50534620402911,30,116,0,0.0,0,0,0,
-1,3.0,1.0,103.51603861208733,34.50534620402911,60,116,0,0.0,0,0,0,
-1,3.0,1.5,103.51603861208733,51.758019306043664,15,116,0,0.0,0,0,0,
-1,3.0,1.5,103.51603861208733,51.758019306043664,30,116,0,0.0,0,0,0,
-1,3.0,1.5,103.51603861208733,51.758019306043664,60,116,0,0.0,0,0,0,
-1,4.0,0.5,138.02138481611644,17.252673102014555,15,116,0,0.0,0,0,0,
-1,4.0,0.5,138.02138481611644,17.252673102014555,30,116,0,0.0,0,0,0,
-1,4.0,0.5,138.02138481611644,17.252673102014555,60,116,0,0.0,0,0,0,
-1,4.0,0.75,138.02138481611644,25.879009653021832,15,116,0,0.0,0,0,0,
-1,4.0,0.75,138.02138481611644,25.879009653021832,30,116,0,0.0,0,0,0,
-1,4.0,0.75,138.02138481611644,25.879009653021832,60,116,0,0.0,0,0,0,
-1,4.0,1.0,138.02138481611644,34.50534620402911,15,116,0,0.0,0,0,0,
-1,4.0,1.0,138.02138481611644,34.50534620402911,30,116,0,0.0,0,0,0,
-1,4.0,1.0,138.02138481611644,34.50534620402911,60,116,0,0.0,0,0,0,
-1,4.0,1.5,138.02138481611644,51.758019306043664,15,116,0,0.0,0,0,0,
-1,4.0,1.5,138.02138481611644,51.758019306043664,30,116,0,0.0,0,0,0,
-1,4.0,1.5,138.02138481611644,51.758019306043664,60,116,0,0.0,0,0,0,
-1,0.75,0.5,26.935487786658648,17.956991857772433,15,3,0,0.0,0,0,0,
-1,0.75,0.5,26.935487786658648,17.956991857772433,30,3,0,0.0,0,0,0,
-1,0.75,0.5,26.935487786658648,17.956991857772433,60,3,0,0.0,0,0,0,
-1,0.75,0.75,26.935487786658648,26.935487786658648,15,3,0,0.0,0,0,0,
-1,0.75,0.75,26.935487786658648,26.935487786658648,30,3,0,0.0,0,0,0,
-1,0.75,0.75,26.935487786658648,26.935487786658648,60,3,0,0.0,0,0,0,
-1,0.75,1.0,26.935487786658648,35.913983715544866,15,3,0,0.0,0,0,0,
-1,0.75,1.0,26.935487786658648,35.913983715544866,30,3,0,0.0,0,0,0,
-1,0.75,1.0,26.935487786658648,35.913983715544866,60,3,0,0.0,0,0,0,
-1,0.75,1.5,26.935487786658648,53.870975573317295,15,3,0,0.0,0,0,0,
-1,0.75,1.5,26.935487786658648,53.870975573317295,30,3,0,0.0,0,0,0,
-1,0.75,1.5,26.935487786658648,53.870975573317295,60,3,0,0.0,0,0,0,
-1,1.0,0.5,35.913983715544866,17.956991857772433,15,3,0,0.0,0,0,0,
-1,1.0,0.5,35.913983715544866,17.956991857772433,30,3,0,0.0,0,0,0,
-1,1.0,0.5,35.913983715544866,17.956991857772433,60,3,0,0.0,0,0,0,
-1,1.0,0.75,35.913983715544866,26.935487786658648,15,3,0,0.0,0,0,0,
-1,1.0,0.75,35.913983715544866,26.935487786658648,30,3,0,0.0,0,0,0,
-1,1.0,0.75,35.913983715544866,26.935487786658648,60,3,0,0.0,0,0,0,
-1,1.0,1.0,35.913983715544866,35.913983715544866,15,3,0,0.0,0,0,0,
-1,1.0,1.0,35.913983715544866,35.913983715544866,30,3,0,0.0,0,0,0,
-1,1.0,1.0,35.913983715544866,35.913983715544866,60,3,0,0.0,0,0,0,
-1,1.0,1.5,35.913983715544866,53.870975573317295,15,3,0,0.0,0,0,0,
-1,1.0,1.5,35.913983715544866,53.870975573317295,30,3,0,0.0,0,0,0,
-1,1.0,1.5,35.913983715544866,53.870975573317295,60,3,0,0.0,0,0,0,
-1,1.5,0.5,53.870975573317295,17.956991857772433,15,3,0,0.0,0,0,0,
-1,1.5,0.5,53.870975573317295,17.956991857772433,30,3,0,0.0,0,0,0,
-1,1.5,0.5,53.870975573317295,17.956991857772433,60,3,0,0.0,0,0,0,
-1,1.5,0.75,53.870975573317295,26.935487786658648,15,3,0,0.0,0,0,0,
-1,1.5,0.75,53.870975573317295,26.935487786658648,30,3,0,0.0,0,0,0,
-1,1.5,0.75,53.870975573317295,26.935487786658648,60,3,0,0.0,0,0,0,
-1,1.5,1.0,53.870975573317295,35.913983715544866,15,3,0,0.0,0,0,0,
-1,1.5,1.0,53.870975573317295,35.913983715544866,30,3,0,0.0,0,0,0,
-1,1.5,1.0,53.870975573317295,35.913983715544866,60,3,0,0.0,0,0,0,
-1,1.5,1.5,53.870975573317295,53.870975573317295,15,3,0,0.0,0,0,0,
-1,1.5,1.5,53.870975573317295,53.870975573317295,30,3,0,0.0,0,0,0,
-1,1.5,1.5,53.870975573317295,53.870975573317295,60,3,0,0.0,0,0,0,
-1,2.0,0.5,71.82796743108973,17.956991857772433,15,3,0,0.0,0,0,0,
-1,2.0,0.5,71.82796743108973,17.956991857772433,30,3,0,0.0,0,0,0,
-1,2.0,0.5,71.82796743108973,17.956991857772433,60,3,0,0.0,0,0,0,
-1,2.0,0.75,71.82796743108973,26.935487786658648,15,3,0,0.0,0,0,0,
-1,2.0,0.75,71.82796743108973,26.935487786658648,30,3,0,0.0,0,0,0,
-1,2.0,0.75,71.82796743108973,26.935487786658648,60,3,0,0.0,0,0,0,
-1,2.0,1.0,71.82796743108973,35.913983715544866,15,3,0,0.0,0,0,0,
-1,2.0,1.0,71.82796743108973,35.913983715544866,30,3,0,0.0,0,0,0,
-1,2.0,1.0,71.82796743108973,35.913983715544866,60,3,0,0.0,0,0,0,
-1,2.0,1.5,71.82796743108973,53.870975573317295,15,3,0,0.0,0,0,0,
-1,2.0,1.5,71.82796743108973,53.870975573317295,30,3,0,0.0,0,0,0,
-1,2.0,1.5,71.82796743108973,53.870975573317295,60,3,0,0.0,0,0,0,
-1,3.0,0.5,107.74195114663459,17.956991857772433,15,3,0,0.0,0,0,0,
-1,3.0,0.5,107.74195114663459,17.956991857772433,30,3,0,0.0,0,0,0,
-1,3.0,0.5,107.74195114663459,17.956991857772433,60,3,0,0.0,0,0,0,
-1,3.0,0.75,107.74195114663459,26.935487786658648,15,3,0,0.0,0,0,0,
-1,3.0,0.75,107.74195114663459,26.935487786658648,30,3,0,0.0,0,0,0,
-1,3.0,0.75,107.74195114663459,26.935487786658648,60,3,0,0.0,0,0,0,
-1,3.0,1.0,107.74195114663459,35.913983715544866,15,3,0,0.0,0,0,0,
-1,3.0,1.0,107.74195114663459,35.913983715544866,30,3,0,0.0,0,0,0,
-1,3.0,1.0,107.74195114663459,35.913983715544866,60,3,0,0.0,0,0,0,
-1,3.0,1.5,107.74195114663459,53.870975573317295,15,3,0,0.0,0,0,0,
-1,3.0,1.5,107.74195114663459,53.870975573317295,30,3,0,0.0,0,0,0,
-1,3.0,1.5,107.74195114663459,53.870975573317295,60,3,0,0.0,0,0,0,
-1,4.0,0.5,143.65593486217946,17.956991857772433,15,3,0,0.0,0,0,0,
-1,4.0,0.5,143.65593486217946,17.956991857772433,30,3,0,0.0,0,0,0,
-1,4.0,0.5,143.65593486217946,17.956991857772433,60,3,0,0.0,0,0,0,
-1,4.0,0.75,143.65593486217946,26.935487786658648,15,3,0,0.0,0,0,0,
-1,4.0,0.75,143.65593486217946,26.935487786658648,30,3,0,0.0,0,0,0,
-1,4.0,0.75,143.65593486217946,26.935487786658648,60,3,0,0.0,0,0,0,
-1,4.0,1.0,143.65593486217946,35.913983715544866,15,3,0,0.0,0,0,0,
-1,4.0,1.0,143.65593486217946,35.913983715544866,30,3,0,0.0,0,0,0,
-1,4.0,1.0,143.65593486217946,35.913983715544866,60,3,0,0.0,0,0,0,
-1,4.0,1.5,143.65593486217946,53.870975573317295,15,3,0,0.0,0,0,0,
-1,4.0,1.5,143.65593486217946,53.870975573317295,30,3,0,0.0,0,0,0,
-1,4.0,1.5,143.65593486217946,53.870975573317295,60,3,0,0.0,0,0,0,
-1,0.75,0.5,28.197179230248047,18.798119486832032,15,59,0,0.0,0,0,0,
-1,0.75,0.5,28.197179230248047,18.798119486832032,30,59,0,0.0,0,0,0,
-1,0.75,0.5,28.197179230248047,18.798119486832032,60,59,0,0.0,0,0,0,
-1,0.75,0.75,28.197179230248047,28.197179230248047,15,59,0,0.0,0,0,0,
-1,0.75,0.75,28.197179230248047,28.197179230248047,30,59,0,0.0,0,0,0,
-1,0.75,0.75,28.197179230248047,28.197179230248047,60,59,0,0.0,0,0,0,
-1,0.75,1.0,28.197179230248047,37.596238973664065,15,59,0,0.0,0,0,0,
-1,0.75,1.0,28.197179230248047,37.596238973664065,30,59,0,0.0,0,0,0,
-1,0.75,1.0,28.197179230248047,37.596238973664065,60,59,0,0.0,0,0,0,
-1,0.75,1.5,28.197179230248047,56.39435846049609,15,59,0,0.0,0,0,0,
-1,0.75,1.5,28.197179230248047,56.39435846049609,30,59,0,0.0,0,0,0,
-1,0.75,1.5,28.197179230248047,56.39435846049609,60,59,0,0.0,0,0,0,
-1,1.0,0.5,37.596238973664065,18.798119486832032,15,59,0,0.0,0,0,0,
-1,1.0,0.5,37.596238973664065,18.798119486832032,30,59,0,0.0,0,0,0,
-1,1.0,0.5,37.596238973664065,18.798119486832032,60,59,0,0.0,0,0,0,
-1,1.0,0.75,37.596238973664065,28.197179230248047,15,59,0,0.0,0,0,0,
-1,1.0,0.75,37.596238973664065,28.197179230248047,30,59,0,0.0,0,0,0,
-1,1.0,0.75,37.596238973664065,28.197179230248047,60,59,0,0.0,0,0,0,
-1,1.0,1.0,37.596238973664065,37.596238973664065,15,59,0,0.0,0,0,0,
-1,1.0,1.0,37.596238973664065,37.596238973664065,30,59,0,0.0,0,0,0,
-1,1.0,1.0,37.596238973664065,37.596238973664065,60,59,0,0.0,0,0,0,
-1,1.0,1.5,37.596238973664065,56.39435846049609,15,59,0,0.0,0,0,0,
-1,1.0,1.5,37.596238973664065,56.39435846049609,30,59,0,0.0,0,0,0,
-1,1.0,1.5,37.596238973664065,56.39435846049609,60,59,0,0.0,0,0,0,
-1,1.5,0.5,56.39435846049609,18.798119486832032,15,59,0,0.0,0,0,0,
-1,1.5,0.5,56.39435846049609,18.798119486832032,30,59,0,0.0,0,0,0,
-1,1.5,0.5,56.39435846049609,18.798119486832032,60,59,0,0.0,0,0,0,
-1,1.5,0.75,56.39435846049609,28.197179230248047,15,59,0,0.0,0,0,0,
-1,1.5,0.75,56.39435846049609,28.197179230248047,30,59,0,0.0,0,0,0,
-1,1.5,0.75,56.39435846049609,28.197179230248047,60,59,0,0.0,0,0,0,
-1,1.5,1.0,56.39435846049609,37.596238973664065,15,59,0,0.0,0,0,0,
-1,1.5,1.0,56.39435846049609,37.596238973664065,30,59,0,0.0,0,0,0,
-1,1.5,1.0,56.39435846049609,37.596238973664065,60,59,0,0.0,0,0,0,
-1,1.5,1.5,56.39435846049609,56.39435846049609,15,59,0,0.0,0,0,0,
-1,1.5,1.5,56.39435846049609,56.39435846049609,30,59,0,0.0,0,0,0,
-1,1.5,1.5,56.39435846049609,56.39435846049609,60,59,0,0.0,0,0,0,
-1,2.0,0.5,75.19247794732813,18.798119486832032,15,59,0,0.0,0,0,0,
-1,2.0,0.5,75.19247794732813,18.798119486832032,30,59,0,0.0,0,0,0,
-1,2.0,0.5,75.19247794732813,18.798119486832032,60,59,0,0.0,0,0,0,
-1,2.0,0.75,75.19247794732813,28.197179230248047,15,59,0,0.0,0,0,0,
-1,2.0,0.75,75.19247794732813,28.197179230248047,30,59,0,0.0,0,0,0,
-1,2.0,0.75,75.19247794732813,28.197179230248047,60,59,0,0.0,0,0,0,
-1,2.0,1.0,75.19247794732813,37.596238973664065,15,59,0,0.0,0,0,0,
-1,2.0,1.0,75.19247794732813,37.596238973664065,30,59,0,0.0,0,0,0,
-1,2.0,1.0,75.19247794732813,37.596238973664065,60,59,0,0.0,0,0,0,
-1,2.0,1.5,75.19247794732813,56.39435846049609,15,59,0,0.0,0,0,0,
-1,2.0,1.5,75.19247794732813,56.39435846049609,30,59,0,0.0,0,0,0,
-1,2.0,1.5,75.19247794732813,56.39435846049609,60,59,0,0.0,0,0,0,
-1,3.0,0.5,112.78871692099219,18.798119486832032,15,59,0,0.0,0,0,0,
-1,3.0,0.5,112.78871692099219,18.798119486832032,30,59,0,0.0,0,0,0,
-1,3.0,0.5,112.78871692099219,18.798119486832032,60,59,0,0.0,0,0,0,
-1,3.0,0.75,112.78871692099219,28.197179230248047,15,59,0,0.0,0,0,0,
-1,3.0,0.75,112.78871692099219,28.197179230248047,30,59,0,0.0,0,0,0,
-1,3.0,0.75,112.78871692099219,28.197179230248047,60,59,0,0.0,0,0,0,
-1,3.0,1.0,112.78871692099219,37.596238973664065,15,59,0,0.0,0,0,0,
-1,3.0,1.0,112.78871692099219,37.596238973664065,30,59,0,0.0,0,0,0,
-1,3.0,1.0,112.78871692099219,37.596238973664065,60,59,0,0.0,0,0,0,
-1,3.0,1.5,112.78871692099219,56.39435846049609,15,59,0,0.0,0,0,0,
-1,3.0,1.5,112.78871692099219,56.39435846049609,30,59,0,0.0,0,0,0,
-1,3.0,1.5,112.78871692099219,56.39435846049609,60,59,0,0.0,0,0,0,
-1,4.0,0.5,150.38495589465626,18.798119486832032,15,59,0,0.0,0,0,0,
-1,4.0,0.5,150.38495589465626,18.798119486832032,30,59,0,0.0,0,0,0,
-1,4.0,0.5,150.38495589465626,18.798119486832032,60,59,0,0.0,0,0,0,
-1,4.0,0.75,150.38495589465626,28.197179230248047,15,59,0,0.0,0,0,0,
-1,4.0,0.75,150.38495589465626,28.197179230248047,30,59,0,0.0,0,0,0,
-1,4.0,0.75,150.38495589465626,28.197179230248047,60,59,0,0.0,0,0,0,
-1,4.0,1.0,150.38495589465626,37.596238973664065,15,59,0,0.0,0,0,0,
-1,4.0,1.0,150.38495589465626,37.596238973664065,30,59,0,0.0,0,0,0,
-1,4.0,1.0,150.38495589465626,37.596238973664065,60,59,0,0.0,0,0,0,
-1,4.0,1.5,150.38495589465626,56.39435846049609,15,59,0,0.0,0,0,0,
-1,4.0,1.5,150.38495589465626,56.39435846049609,30,59,0,0.0,0,0,0,
-1,4.0,1.5,150.38495589465626,56.39435846049609,60,59,0,0.0,0,0,0,
-1,0.75,0.5,24.462851218411682,16.30856747894112,15,95,3,0.031578947368421054,0,3,0,238877357694.0
-1,0.75,0.5,24.462851218411682,16.30856747894112,30,88,3,0.03409090909090909,0,3,0,238877357694.0
-1,0.75,0.5,24.462851218411682,16.30856747894112,60,76,1,0.013157894736842105,0,1,0,118617550944.0
-1,0.75,0.75,24.462851218411682,24.462851218411682,15,95,0,0.0,0,0,0,
-1,0.75,0.75,24.462851218411682,24.462851218411682,30,88,0,0.0,0,0,0,
-1,0.75,0.75,24.462851218411682,24.462851218411682,60,76,0,0.0,0,0,0,
-1,0.75,1.0,24.462851218411682,32.61713495788224,15,95,0,0.0,0,0,0,
-1,0.75,1.0,24.462851218411682,32.61713495788224,30,88,0,0.0,0,0,0,
-1,0.75,1.0,24.462851218411682,32.61713495788224,60,76,0,0.0,0,0,0,
-1,0.75,1.5,24.462851218411682,48.925702436823364,15,95,0,0.0,0,0,0,
-1,0.75,1.5,24.462851218411682,48.925702436823364,30,88,0,0.0,0,0,0,
-1,0.75,1.5,24.462851218411682,48.925702436823364,60,76,0,0.0,0,0,0,
-1,1.0,0.5,32.61713495788224,16.30856747894112,15,95,1,0.010526315789473684,0,1,0,254380371566.0
-1,1.0,0.5,32.61713495788224,16.30856747894112,30,88,1,0.011363636363636364,0,1,0,254380371566.0
-1,1.0,0.5,32.61713495788224,16.30856747894112,60,76,0,0.0,0,0,0,
-1,1.0,0.75,32.61713495788224,24.462851218411682,15,95,0,0.0,0,0,0,
-1,1.0,0.75,32.61713495788224,24.462851218411682,30,88,0,0.0,0,0,0,
-1,1.0,0.75,32.61713495788224,24.462851218411682,60,76,0,0.0,0,0,0,
-1,1.0,1.0,32.61713495788224,32.61713495788224,15,95,0,0.0,0,0,0,
-1,1.0,1.0,32.61713495788224,32.61713495788224,30,88,0,0.0,0,0,0,
-1,1.0,1.0,32.61713495788224,32.61713495788224,60,76,0,0.0,0,0,0,
-1,1.0,1.5,32.61713495788224,48.925702436823364,15,95,0,0.0,0,0,0,
-1,1.0,1.5,32.61713495788224,48.925702436823364,30,88,0,0.0,0,0,0,
-1,1.0,1.5,32.61713495788224,48.925702436823364,60,76,0,0.0,0,0,0,
-1,1.5,0.5,48.925702436823364,16.30856747894112,15,95,0,0.0,0,0,0,
-1,1.5,0.5,48.925702436823364,16.30856747894112,30,88,0,0.0,0,0,0,
-1,1.5,0.5,48.925702436823364,16.30856747894112,60,76,0,0.0,0,0,0,
-1,1.5,0.75,48.925702436823364,24.462851218411682,15,95,0,0.0,0,0,0,
-1,1.5,0.75,48.925702436823364,24.462851218411682,30,88,0,0.0,0,0,0,
-1,1.5,0.75,48.925702436823364,24.462851218411682,60,76,0,0.0,0,0,0,
-1,1.5,1.0,48.925702436823364,32.61713495788224,15,95,0,0.0,0,0,0,
-1,1.5,1.0,48.925702436823364,32.61713495788224,30,88,0,0.0,0,0,0,
-1,1.5,1.0,48.925702436823364,32.61713495788224,60,76,0,0.0,0,0,0,
-1,1.5,1.5,48.925702436823364,48.925702436823364,15,95,0,0.0,0,0,0,
-1,1.5,1.5,48.925702436823364,48.925702436823364,30,88,0,0.0,0,0,0,
-1,1.5,1.5,48.925702436823364,48.925702436823364,60,76,0,0.0,0,0,0,
-1,2.0,0.5,65.23426991576449,16.30856747894112,15,95,0,0.0,0,0,0,
-1,2.0,0.5,65.23426991576449,16.30856747894112,30,88,0,0.0,0,0,0,
-1,2.0,0.5,65.23426991576449,16.30856747894112,60,76,0,0.0,0,0,0,
-1,2.0,0.75,65.23426991576449,24.462851218411682,15,95,0,0.0,0,0,0,
-1,2.0,0.75,65.23426991576449,24.462851218411682,30,88,0,0.0,0,0,0,
-1,2.0,0.75,65.23426991576449,24.462851218411682,60,76,0,0.0,0,0,0,
-1,2.0,1.0,65.23426991576449,32.61713495788224,15,95,0,0.0,0,0,0,
-1,2.0,1.0,65.23426991576449,32.61713495788224,30,88,0,0.0,0,0,0,
-1,2.0,1.0,65.23426991576449,32.61713495788224,60,76,0,0.0,0,0,0,
-1,2.0,1.5,65.23426991576449,48.925702436823364,15,95,0,0.0,0,0,0,
-1,2.0,1.5,65.23426991576449,48.925702436823364,30,88,0,0.0,0,0,0,
-1,2.0,1.5,65.23426991576449,48.925702436823364,60,76,0,0.0,0,0,0,
-1,3.0,0.5,97.85140487364673,16.30856747894112,15,95,0,0.0,0,0,0,
-1,3.0,0.5,97.85140487364673,16.30856747894112,30,88,0,0.0,0,0,0,
-1,3.0,0.5,97.85140487364673,16.30856747894112,60,76,0,0.0,0,0,0,
-1,3.0,0.75,97.85140487364673,24.462851218411682,15,95,0,0.0,0,0,0,
-1,3.0,0.75,97.85140487364673,24.462851218411682,30,88,0,0.0,0,0,0,
-1,3.0,0.75,97.85140487364673,24.462851218411682,60,76,0,0.0,0,0,0,
-1,3.0,1.0,97.85140487364673,32.61713495788224,15,95,0,0.0,0,0,0,
-1,3.0,1.0,97.85140487364673,32.61713495788224,30,88,0,0.0,0,0,0,
-1,3.0,1.0,97.85140487364673,32.61713495788224,60,76,0,0.0,0,0,0,
-1,3.0,1.5,97.85140487364673,48.925702436823364,15,95,0,0.0,0,0,0,
-1,3.0,1.5,97.85140487364673,48.925702436823364,30,88,0,0.0,0,0,0,
-1,3.0,1.5,97.85140487364673,48.925702436823364,60,76,0,0.0,0,0,0,
-1,4.0,0.5,130.46853983152897,16.30856747894112,15,95,0,0.0,0,0,0,
-1,4.0,0.5,130.46853983152897,16.30856747894112,30,88,0,0.0,0,0,0,
-1,4.0,0.5,130.46853983152897,16.30856747894112,60,76,0,0.0,0,0,0,
-1,4.0,0.75,130.46853983152897,24.462851218411682,15,95,0,0.0,0,0,0,
-1,4.0,0.75,130.46853983152897,24.462851218411682,30,88,0,0.0,0,0,0,
-1,4.0,0.75,130.46853983152897,24.462851218411682,60,76,0,0.0,0,0,0,
-1,4.0,1.0,130.46853983152897,32.61713495788224,15,95,0,0.0,0,0,0,
-1,4.0,1.0,130.46853983152897,32.61713495788224,30,88,0,0.0,0,0,0,
-1,4.0,1.0,130.46853983152897,32.61713495788224,60,76,0,0.0,0,0,0,
-1,4.0,1.5,130.46853983152897,48.925702436823364,15,95,0,0.0,0,0,0,
-1,4.0,1.5,130.46853983152897,48.925702436823364,30,88,0,0.0,0,0,0,
-1,4.0,1.5,130.46853983152897,48.925702436823364,60,76,0,0.0,0,0,0,
-1,0.75,0.5,27.924932301276392,18.61662153418426,15,69,0,0.0,0,0,0,
-1,0.75,0.5,27.924932301276392,18.61662153418426,30,66,0,0.0,0,0,0,
-1,0.75,0.5,27.924932301276392,18.61662153418426,60,56,0,0.0,0,0,0,
-1,0.75,0.75,27.924932301276392,27.924932301276392,15,69,0,0.0,0,0,0,
-1,0.75,0.75,27.924932301276392,27.924932301276392,30,66,0,0.0,0,0,0,
-1,0.75,0.75,27.924932301276392,27.924932301276392,60,56,0,0.0,0,0,0,
-1,0.75,1.0,27.924932301276392,37.23324306836852,15,69,0,0.0,0,0,0,
-1,0.75,1.0,27.924932301276392,37.23324306836852,30,66,0,0.0,0,0,0,
-1,0.75,1.0,27.924932301276392,37.23324306836852,60,56,0,0.0,0,0,0,
-1,0.75,1.5,27.924932301276392,55.849864602552785,15,69,0,0.0,0,0,0,
-1,0.75,1.5,27.924932301276392,55.849864602552785,30,66,0,0.0,0,0,0,
-1,0.75,1.5,27.924932301276392,55.849864602552785,60,56,0,0.0,0,0,0,
-1,1.0,0.5,37.23324306836852,18.61662153418426,15,69,0,0.0,0,0,0,
-1,1.0,0.5,37.23324306836852,18.61662153418426,30,66,0,0.0,0,0,0,
-1,1.0,0.5,37.23324306836852,18.61662153418426,60,56,0,0.0,0,0,0,
-1,1.0,0.75,37.23324306836852,27.924932301276392,15,69,0,0.0,0,0,0,
-1,1.0,0.75,37.23324306836852,27.924932301276392,30,66,0,0.0,0,0,0,
-1,1.0,0.75,37.23324306836852,27.924932301276392,60,56,0,0.0,0,0,0,
-1,1.0,1.0,37.23324306836852,37.23324306836852,15,69,0,0.0,0,0,0,
-1,1.0,1.0,37.23324306836852,37.23324306836852,30,66,0,0.0,0,0,0,
-1,1.0,1.0,37.23324306836852,37.23324306836852,60,56,0,0.0,0,0,0,
-1,1.0,1.5,37.23324306836852,55.849864602552785,15,69,0,0.0,0,0,0,
-1,1.0,1.5,37.23324306836852,55.849864602552785,30,66,0,0.0,0,0,0,
-1,1.0,1.5,37.23324306836852,55.849864602552785,60,56,0,0.0,0,0,0,
-1,1.5,0.5,55.849864602552785,18.61662153418426,15,69,0,0.0,0,0,0,
-1,1.5,0.5,55.849864602552785,18.61662153418426,30,66,0,0.0,0,0,0,
-1,1.5,0.5,55.849864602552785,18.61662153418426,60,56,0,0.0,0,0,0,
-1,1.5,0.75,55.849864602552785,27.924932301276392,15,69,0,0.0,0,0,0,
-1,1.5,0.75,55.849864602552785,27.924932301276392,30,66,0,0.0,0,0,0,
-1,1.5,0.75,55.849864602552785,27.924932301276392,60,56,0,0.0,0,0,0,
-1,1.5,1.0,55.849864602552785,37.23324306836852,15,69,0,0.0,0,0,0,
-1,1.5,1.0,55.849864602552785,37.23324306836852,30,66,0,0.0,0,0,0,
-1,1.5,1.0,55.849864602552785,37.23324306836852,60,56,0,0.0,0,0,0,
-1,1.5,1.5,55.849864602552785,55.849864602552785,15,69,0,0.0,0,0,0,
-1,1.5,1.5,55.849864602552785,55.849864602552785,30,66,0,0.0,0,0,0,
-1,1.5,1.5,55.849864602552785,55.849864602552785,60,56,0,0.0,0,0,0,
-1,2.0,0.5,74.46648613673705,18.61662153418426,15,69,0,0.0,0,0,0,
-1,2.0,0.5,74.46648613673705,18.61662153418426,30,66,0,0.0,0,0,0,
-1,2.0,0.5,74.46648613673705,18.61662153418426,60,56,0,0.0,0,0,0,
-1,2.0,0.75,74.46648613673705,27.924932301276392,15,69,0,0.0,0,0,0,
-1,2.0,0.75,74.46648613673705,27.924932301276392,30,66,0,0.0,0,0,0,
-1,2.0,0.75,74.46648613673705,27.924932301276392,60,56,0,0.0,0,0,0,
-1,2.0,1.0,74.46648613673705,37.23324306836852,15,69,0,0.0,0,0,0,
-1,2.0,1.0,74.46648613673705,37.23324306836852,30,66,0,0.0,0,0,0,
-1,2.0,1.0,74.46648613673705,37.23324306836852,60,56,0,0.0,0,0,0,
-1,2.0,1.5,74.46648613673705,55.849864602552785,15,69,0,0.0,0,0,0,
-1,2.0,1.5,74.46648613673705,55.849864602552785,30,66,0,0.0,0,0,0,
-1,2.0,1.5,74.46648613673705,55.849864602552785,60,56,0,0.0,0,0,0,
-1,3.0,0.5,111.69972920510557,18.61662153418426,15,69,0,0.0,0,0,0,
-1,3.0,0.5,111.69972920510557,18.61662153418426,30,66,0,0.0,0,0,0,
-1,3.0,0.5,111.69972920510557,18.61662153418426,60,56,0,0.0,0,0,0,
-1,3.0,0.75,111.69972920510557,27.924932301276392,15,69,0,0.0,0,0,0,
-1,3.0,0.75,111.69972920510557,27.924932301276392,30,66,0,0.0,0,0,0,
-1,3.0,0.75,111.69972920510557,27.924932301276392,60,56,0,0.0,0,0,0,
-1,3.0,1.0,111.69972920510557,37.23324306836852,15,69,0,0.0,0,0,0,
-1,3.0,1.0,111.69972920510557,37.23324306836852,30,66,0,0.0,0,0,0,
-1,3.0,1.0,111.69972920510557,37.23324306836852,60,56,0,0.0,0,0,0,
-1,3.0,1.5,111.69972920510557,55.849864602552785,15,69,0,0.0,0,0,0,
-1,3.0,1.5,111.69972920510557,55.849864602552785,30,66,0,0.0,0,0,0,
-1,3.0,1.5,111.69972920510557,55.849864602552785,60,56,0,0.0,0,0,0,
-1,4.0,0.5,148.9329722734741,18.61662153418426,15,69,0,0.0,0,0,0,
-1,4.0,0.5,148.9329722734741,18.61662153418426,30,66,0,0.0,0,0,0,
-1,4.0,0.5,148.9329722734741,18.61662153418426,60,56,0,0.0,0,0,0,
-1,4.0,0.75,148.9329722734741,27.924932301276392,15,69,0,0.0,0,0,0,
-1,4.0,0.75,148.9329722734741,27.924932301276392,30,66,0,0.0,0,0,0,
-1,4.0,0.75,148.9329722734741,27.924932301276392,60,56,0,0.0,0,0,0,
-1,4.0,1.0,148.9329722734741,37.23324306836852,15,69,0,0.0,0,0,0,
-1,4.0,1.0,148.9329722734741,37.23324306836852,30,66,0,0.0,0,0,0,
-1,4.0,1.0,148.9329722734741,37.23324306836852,60,56,0,0.0,0,0,0,
-1,4.0,1.5,148.9329722734741,55.849864602552785,15,69,0,0.0,0,0,0,
-1,4.0,1.5,148.9329722734741,55.849864602552785,30,66,0,0.0,0,0,0,
-1,4.0,1.5,148.9329722734741,55.849864602552785,60,56,0,0.0,0,0,0,
-1,0.75,0.5,25.40044175131775,16.933627834211833,15,200,0,0.0,0,0,0,
-1,0.75,0.5,25.40044175131775,16.933627834211833,30,187,0,0.0,0,0,0,
-1,0.75,0.5,25.40044175131775,16.933627834211833,60,158,0,0.0,0,0,0,
-1,0.75,0.75,25.40044175131775,25.40044175131775,15,200,1,0.005,0,1,0,249421943668.0
-1,0.75,0.75,25.40044175131775,25.40044175131775,30,187,1,0.0053475935828877,0,1,0,249421943668.0
-1,0.75,0.75,25.40044175131775,25.40044175131775,60,158,1,0.006329113924050633,0,1,0,249421943668.0
-1,0.75,1.0,25.40044175131775,33.86725566842367,15,200,0,0.0,0,0,0,
-1,0.75,1.0,25.40044175131775,33.86725566842367,30,187,0,0.0,0,0,0,
-1,0.75,1.0,25.40044175131775,33.86725566842367,60,158,0,0.0,0,0,0,
-1,0.75,1.5,25.40044175131775,50.8008835026355,15,200,0,0.0,0,0,0,
-1,0.75,1.5,25.40044175131775,50.8008835026355,30,187,0,0.0,0,0,0,
-1,0.75,1.5,25.40044175131775,50.8008835026355,60,158,0,0.0,0,0,0,
-1,1.0,0.5,33.86725566842367,16.933627834211833,15,200,0,0.0,0,0,0,
-1,1.0,0.5,33.86725566842367,16.933627834211833,30,187,0,0.0,0,0,0,
-1,1.0,0.5,33.86725566842367,16.933627834211833,60,158,0,0.0,0,0,0,
-1,1.0,0.75,33.86725566842367,25.40044175131775,15,200,0,0.0,0,0,0,
-1,1.0,0.75,33.86725566842367,25.40044175131775,30,187,0,0.0,0,0,0,
-1,1.0,0.75,33.86725566842367,25.40044175131775,60,158,0,0.0,0,0,0,
-1,1.0,1.0,33.86725566842367,33.86725566842367,15,200,0,0.0,0,0,0,
-1,1.0,1.0,33.86725566842367,33.86725566842367,30,187,0,0.0,0,0,0,
-1,1.0,1.0,33.86725566842367,33.86725566842367,60,158,0,0.0,0,0,0,
-1,1.0,1.5,33.86725566842367,50.8008835026355,15,200,0,0.0,0,0,0,
-1,1.0,1.5,33.86725566842367,50.8008835026355,30,187,0,0.0,0,0,0,
-1,1.0,1.5,33.86725566842367,50.8008835026355,60,158,0,0.0,0,0,0,
-1,1.5,0.5,50.8008835026355,16.933627834211833,15,200,0,0.0,0,0,0,
-1,1.5,0.5,50.8008835026355,16.933627834211833,30,187,0,0.0,0,0,0,
-1,1.5,0.5,50.8008835026355,16.933627834211833,60,158,0,0.0,0,0,0,
-1,1.5,0.75,50.8008835026355,25.40044175131775,15,200,0,0.0,0,0,0,
-1,1.5,0.75,50.8008835026355,25.40044175131775,30,187,0,0.0,0,0,0,
-1,1.5,0.75,50.8008835026355,25.40044175131775,60,158,0,0.0,0,0,0,
-1,1.5,1.0,50.8008835026355,33.86725566842367,15,200,0,0.0,0,0,0,
-1,1.5,1.0,50.8008835026355,33.86725566842367,30,187,0,0.0,0,0,0,
-1,1.5,1.0,50.8008835026355,33.86725566842367,60,158,0,0.0,0,0,0,
-1,1.5,1.5,50.8008835026355,50.8008835026355,15,200,0,0.0,0,0,0,
-1,1.5,1.5,50.8008835026355,50.8008835026355,30,187,0,0.0,0,0,0,
-1,1.5,1.5,50.8008835026355,50.8008835026355,60,158,0,0.0,0,0,0,
-1,2.0,0.5,67.73451133684733,16.933627834211833,15,200,0,0.0,0,0,0,
-1,2.0,0.5,67.73451133684733,16.933627834211833,30,187,0,0.0,0,0,0,
-1,2.0,0.5,67.73451133684733,16.933627834211833,60,158,0,0.0,0,0,0,
-1,2.0,0.75,67.73451133684733,25.40044175131775,15,200,0,0.0,0,0,0,
-1,2.0,0.75,67.73451133684733,25.40044175131775,30,187,0,0.0,0,0,0,
-1,2.0,0.75,67.73451133684733,25.40044175131775,60,158,0,0.0,0,0,0,
-1,2.0,1.0,67.73451133684733,33.86725566842367,15,200,0,0.0,0,0,0,
-1,2.0,1.0,67.73451133684733,33.86725566842367,30,187,0,0.0,0,0,0,
-1,2.0,1.0,67.73451133684733,33.86725566842367,60,158,0,0.0,0,0,0,
-1,2.0,1.5,67.73451133684733,50.8008835026355,15,200,0,0.0,0,0,0,
-1,2.0,1.5,67.73451133684733,50.8008835026355,30,187,0,0.0,0,0,0,
-1,2.0,1.5,67.73451133684733,50.8008835026355,60,158,0,0.0,0,0,0,
-1,3.0,0.5,101.601767005271,16.933627834211833,15,200,0,0.0,0,0,0,
-1,3.0,0.5,101.601767005271,16.933627834211833,30,187,0,0.0,0,0,0,
-1,3.0,0.5,101.601767005271,16.933627834211833,60,158,0,0.0,0,0,0,
-1,3.0,0.75,101.601767005271,25.40044175131775,15,200,0,0.0,0,0,0,
-1,3.0,0.75,101.601767005271,25.40044175131775,30,187,0,0.0,0,0,0,
-1,3.0,0.75,101.601767005271,25.40044175131775,60,158,0,0.0,0,0,0,
-1,3.0,1.0,101.601767005271,33.86725566842367,15,200,0,0.0,0,0,0,
-1,3.0,1.0,101.601767005271,33.86725566842367,30,187,0,0.0,0,0,0,
-1,3.0,1.0,101.601767005271,33.86725566842367,60,158,0,0.0,0,0,0,
-1,3.0,1.5,101.601767005271,50.8008835026355,15,200,0,0.0,0,0,0,
-1,3.0,1.5,101.601767005271,50.8008835026355,30,187,0,0.0,0,0,0,
-1,3.0,1.5,101.601767005271,50.8008835026355,60,158,0,0.0,0,0,0,
-1,4.0,0.5,135.46902267369467,16.933627834211833,15,200,0,0.0,0,0,0,
-1,4.0,0.5,135.46902267369467,16.933627834211833,30,187,0,0.0,0,0,0,
-1,4.0,0.5,135.46902267369467,16.933627834211833,60,158,0,0.0,0,0,0,
-1,4.0,0.75,135.46902267369467,25.40044175131775,15,200,0,0.0,0,0,0,
-1,4.0,0.75,135.46902267369467,25.40044175131775,30,187,0,0.0,0,0,0,
-1,4.0,0.75,135.46902267369467,25.40044175131775,60,158,0,0.0,0,0,0,
-1,4.0,1.0,135.46902267369467,33.86725566842367,15,200,0,0.0,0,0,0,
-1,4.0,1.0,135.46902267369467,33.86725566842367,30,187,0,0.0,0,0,0,
-1,4.0,1.0,135.46902267369467,33.86725566842367,60,158,0,0.0,0,0,0,
-1,4.0,1.5,135.46902267369467,50.8008835026355,15,200,0,0.0,0,0,0,
-1,4.0,1.5,135.46902267369467,50.8008835026355,30,187,0,0.0,0,0,0,
-1,4.0,1.5,135.46902267369467,50.8008835026355,60,158,0,0.0,0,0,0,
-1,0.75,0.5,34.8142138717062,23.2094759144708,15,175,2,0.011428571428571429,1,1,0,146218227590.0
-1,0.75,0.5,34.8142138717062,23.2094759144708,30,175,2,0.011428571428571429,1,1,0,146218227590.0
-1,0.75,0.5,34.8142138717062,23.2094759144708,60,175,2,0.011428571428571429,1,1,0,146218227590.0
-1,0.75,0.75,34.8142138717062,34.8142138717062,15,175,0,0.0,0,0,0,
-1,0.75,0.75,34.8142138717062,34.8142138717062,30,175,0,0.0,0,0,0,
-1,0.75,0.75,34.8142138717062,34.8142138717062,60,175,0,0.0,0,0,0,
-1,0.75,1.0,34.8142138717062,46.4189518289416,15,175,0,0.0,0,0,0,
-1,0.75,1.0,34.8142138717062,46.4189518289416,30,175,0,0.0,0,0,0,
-1,0.75,1.0,34.8142138717062,46.4189518289416,60,175,0,0.0,0,0,0,
-1,0.75,1.5,34.8142138717062,69.6284277434124,15,175,0,0.0,0,0,0,
-1,0.75,1.5,34.8142138717062,69.6284277434124,30,175,0,0.0,0,0,0,
-1,0.75,1.5,34.8142138717062,69.6284277434124,60,175,0,0.0,0,0,0,
-1,1.0,0.5,46.4189518289416,23.2094759144708,15,175,1,0.005714285714285714,0,1,0,129038695734.0
-1,1.0,0.5,46.4189518289416,23.2094759144708,30,175,1,0.005714285714285714,0,1,0,129038695734.0
-1,1.0,0.5,46.4189518289416,23.2094759144708,60,175,1,0.005714285714285714,0,1,0,129038695734.0
-1,1.0,0.75,46.4189518289416,34.8142138717062,15,175,0,0.0,0,0,0,
-1,1.0,0.75,46.4189518289416,34.8142138717062,30,175,0,0.0,0,0,0,
-1,1.0,0.75,46.4189518289416,34.8142138717062,60,175,0,0.0,0,0,0,
-1,1.0,1.0,46.4189518289416,46.4189518289416,15,175,0,0.0,0,0,0,
-1,1.0,1.0,46.4189518289416,46.4189518289416,30,175,0,0.0,0,0,0,
-1,1.0,1.0,46.4189518289416,46.4189518289416,60,175,0,0.0,0,0,0,
-1,1.0,1.5,46.4189518289416,69.6284277434124,15,175,0,0.0,0,0,0,
-1,1.0,1.5,46.4189518289416,69.6284277434124,30,175,0,0.0,0,0,0,
-1,1.0,1.5,46.4189518289416,69.6284277434124,60,175,0,0.0,0,0,0,
-1,1.5,0.5,69.6284277434124,23.2094759144708,15,175,1,0.005714285714285714,0,1,0,155708973926.0
-1,1.5,0.5,69.6284277434124,23.2094759144708,30,175,1,0.005714285714285714,0,1,0,155708973926.0
-1,1.5,0.5,69.6284277434124,23.2094759144708,60,175,1,0.005714285714285714,0,1,0,155708973926.0
-1,1.5,0.75,69.6284277434124,34.8142138717062,15,175,0,0.0,0,0,0,
-1,1.5,0.75,69.6284277434124,34.8142138717062,30,175,0,0.0,0,0,0,
-1,1.5,0.75,69.6284277434124,34.8142138717062,60,175,0,0.0,0,0,0,
-1,1.5,1.0,69.6284277434124,46.4189518289416,15,175,0,0.0,0,0,0,
-1,1.5,1.0,69.6284277434124,46.4189518289416,30,175,0,0.0,0,0,0,
-1,1.5,1.0,69.6284277434124,46.4189518289416,60,175,0,0.0,0,0,0,
-1,1.5,1.5,69.6284277434124,69.6284277434124,15,175,0,0.0,0,0,0,
-1,1.5,1.5,69.6284277434124,69.6284277434124,30,175,0,0.0,0,0,0,
-1,1.5,1.5,69.6284277434124,69.6284277434124,60,175,0,0.0,0,0,0,
-1,2.0,0.5,92.8379036578832,23.2094759144708,15,175,0,0.0,0,0,0,
-1,2.0,0.5,92.8379036578832,23.2094759144708,30,175,0,0.0,0,0,0,
-1,2.0,0.5,92.8379036578832,23.2094759144708,60,175,0,0.0,0,0,0,
-1,2.0,0.75,92.8379036578832,34.8142138717062,15,175,0,0.0,0,0,0,
-1,2.0,0.75,92.8379036578832,34.8142138717062,30,175,0,0.0,0,0,0,
-1,2.0,0.75,92.8379036578832,34.8142138717062,60,175,0,0.0,0,0,0,
-1,2.0,1.0,92.8379036578832,46.4189518289416,15,175,0,0.0,0,0,0,
-1,2.0,1.0,92.8379036578832,46.4189518289416,30,175,0,0.0,0,0,0,
-1,2.0,1.0,92.8379036578832,46.4189518289416,60,175,0,0.0,0,0,0,
-1,2.0,1.5,92.8379036578832,69.6284277434124,15,175,0,0.0,0,0,0,
-1,2.0,1.5,92.8379036578832,69.6284277434124,30,175,0,0.0,0,0,0,
-1,2.0,1.5,92.8379036578832,69.6284277434124,60,175,0,0.0,0,0,0,
-1,3.0,0.5,139.2568554868248,23.2094759144708,15,175,0,0.0,0,0,0,
-1,3.0,0.5,139.2568554868248,23.2094759144708,30,175,0,0.0,0,0,0,
-1,3.0,0.5,139.2568554868248,23.2094759144708,60,175,0,0.0,0,0,0,
-1,3.0,0.75,139.2568554868248,34.8142138717062,15,175,0,0.0,0,0,0,
-1,3.0,0.75,139.2568554868248,34.8142138717062,30,175,0,0.0,0,0,0,
-1,3.0,0.75,139.2568554868248,34.8142138717062,60,175,0,0.0,0,0,0,
-1,3.0,1.0,139.2568554868248,46.4189518289416,15,175,0,0.0,0,0,0,
-1,3.0,1.0,139.2568554868248,46.4189518289416,30,175,0,0.0,0,0,0,
-1,3.0,1.0,139.2568554868248,46.4189518289416,60,175,0,0.0,0,0,0,
-1,3.0,1.5,139.2568554868248,69.6284277434124,15,175,0,0.0,0,0,0,
-1,3.0,1.5,139.2568554868248,69.6284277434124,30,175,0,0.0,0,0,0,
-1,3.0,1.5,139.2568554868248,69.6284277434124,60,175,0,0.0,0,0,0,
-1,4.0,0.5,185.6758073157664,23.2094759144708,15,175,0,0.0,0,0,0,
-1,4.0,0.5,185.6758073157664,23.2094759144708,30,175,0,0.0,0,0,0,
-1,4.0,0.5,185.6758073157664,23.2094759144708,60,175,0,0.0,0,0,0,
-1,4.0,0.75,185.6758073157664,34.8142138717062,15,175,0,0.0,0,0,0,
-1,4.0,0.75,185.6758073157664,34.8142138717062,30,175,0,0.0,0,0,0,
-1,4.0,0.75,185.6758073157664,34.8142138717062,60,175,0,0.0,0,0,0,
-1,4.0,1.0,185.6758073157664,46.4189518289416,15,175,0,0.0,0,0,0,
-1,4.0,1.0,185.6758073157664,46.4189518289416,30,175,0,0.0,0,0,0,
-1,4.0,1.0,185.6758073157664,46.4189518289416,60,175,0,0.0,0,0,0,
-1,4.0,1.5,185.6758073157664,69.6284277434124,15,175,0,0.0,0,0,0,
-1,4.0,1.5,185.6758073157664,69.6284277434124,30,175,0,0.0,0,0,0,
-1,4.0,1.5,185.6758073157664,69.6284277434124,60,175,0,0.0,0,0,0,
-1,0.75,0.5,36.50789311281182,24.338595408541213,15,185,9,0.04864864864864865,4,5,0,225960390970.0
-1,0.75,0.5,36.50789311281182,24.338595408541213,30,185,9,0.04864864864864865,4,5,0,225960390970.0
-1,0.75,0.5,36.50789311281182,24.338595408541213,60,185,9,0.04864864864864865,4,5,0,225960390970.0
-1,0.75,0.75,36.50789311281182,36.50789311281182,15,185,5,0.02702702702702703,2,3,0,162163354234.0
-1,0.75,0.75,36.50789311281182,36.50789311281182,30,185,5,0.02702702702702703,2,3,0,162163354234.0
-1,0.75,0.75,36.50789311281182,36.50789311281182,60,185,5,0.02702702702702703,2,3,0,162163354234.0
-1,0.75,1.0,36.50789311281182,48.677190817082426,15,185,1,0.005405405405405406,0,1,0,161573347298.0
-1,0.75,1.0,36.50789311281182,48.677190817082426,30,185,1,0.005405405405405406,0,1,0,161573347298.0
-1,0.75,1.0,36.50789311281182,48.677190817082426,60,185,1,0.005405405405405406,0,1,0,161573347298.0
-1,0.75,1.5,36.50789311281182,73.01578622562364,15,185,0,0.0,0,0,0,
-1,0.75,1.5,36.50789311281182,73.01578622562364,30,185,0,0.0,0,0,0,
-1,0.75,1.5,36.50789311281182,73.01578622562364,60,185,0,0.0,0,0,0,
-1,1.0,0.5,48.677190817082426,24.338595408541213,15,185,5,0.02702702702702703,3,2,0,220126784478.0
-1,1.0,0.5,48.677190817082426,24.338595408541213,30,185,5,0.02702702702702703,3,2,0,220126784478.0
-1,1.0,0.5,48.677190817082426,24.338595408541213,60,185,5,0.02702702702702703,3,2,0,220126784478.0
-1,1.0,0.75,48.677190817082426,36.50789311281182,15,185,3,0.016216216216216217,2,1,0,196041437594.0
-1,1.0,0.75,48.677190817082426,36.50789311281182,30,185,3,0.016216216216216217,2,1,0,196041437594.0
-1,1.0,0.75,48.677190817082426,36.50789311281182,60,185,3,0.016216216216216217,2,1,0,196041437594.0
-1,1.0,1.0,48.677190817082426,48.677190817082426,15,185,1,0.005405405405405406,0,1,0,195451430658.0
-1,1.0,1.0,48.677190817082426,48.677190817082426,30,185,1,0.005405405405405406,0,1,0,195451430658.0
-1,1.0,1.0,48.677190817082426,48.677190817082426,60,185,1,0.005405405405405406,0,1,0,195451430658.0
-1,1.0,1.5,48.677190817082426,73.01578622562364,15,185,0,0.0,0,0,0,
-1,1.0,1.5,48.677190817082426,73.01578622562364,30,185,0,0.0,0,0,0,
-1,1.0,1.5,48.677190817082426,73.01578622562364,60,185,0,0.0,0,0,0,
-1,1.5,0.5,73.01578622562364,24.338595408541213,15,185,0,0.0,0,0,0,
-1,1.5,0.5,73.01578622562364,24.338595408541213,30,185,0,0.0,0,0,0,
-1,1.5,0.5,73.01578622562364,24.338595408541213,60,185,0,0.0,0,0,0,
-1,1.5,0.75,73.01578622562364,36.50789311281182,15,185,0,0.0,0,0,0,
-1,1.5,0.75,73.01578622562364,36.50789311281182,30,185,0,0.0,0,0,0,
-1,1.5,0.75,73.01578622562364,36.50789311281182,60,185,0,0.0,0,0,0,
-1,1.5,1.0,73.01578622562364,48.677190817082426,15,185,0,0.0,0,0,0,
-1,1.5,1.0,73.01578622562364,48.677190817082426,30,185,0,0.0,0,0,0,
-1,1.5,1.0,73.01578622562364,48.677190817082426,60,185,0,0.0,0,0,0,
-1,1.5,1.5,73.01578622562364,73.01578622562364,15,185,0,0.0,0,0,0,
-1,1.5,1.5,73.01578622562364,73.01578622562364,30,185,0,0.0,0,0,0,
-1,1.5,1.5,73.01578622562364,73.01578622562364,60,185,0,0.0,0,0,0,
-1,2.0,0.5,97.35438163416485,24.338595408541213,15,185,0,0.0,0,0,0,
-1,2.0,0.5,97.35438163416485,24.338595408541213,30,185,0,0.0,0,0,0,
-1,2.0,0.5,97.35438163416485,24.338595408541213,60,185,0,0.0,0,0,0,
-1,2.0,0.75,97.35438163416485,36.50789311281182,15,185,0,0.0,0,0,0,
-1,2.0,0.75,97.35438163416485,36.50789311281182,30,185,0,0.0,0,0,0,
-1,2.0,0.75,97.35438163416485,36.50789311281182,60,185,0,0.0,0,0,0,
-1,2.0,1.0,97.35438163416485,48.677190817082426,15,185,0,0.0,0,0,0,
-1,2.0,1.0,97.35438163416485,48.677190817082426,30,185,0,0.0,0,0,0,
-1,2.0,1.0,97.35438163416485,48.677190817082426,60,185,0,0.0,0,0,0,
-1,2.0,1.5,97.35438163416485,73.01578622562364,15,185,0,0.0,0,0,0,
-1,2.0,1.5,97.35438163416485,73.01578622562364,30,185,0,0.0,0,0,0,
-1,2.0,1.5,97.35438163416485,73.01578622562364,60,185,0,0.0,0,0,0,
-1,3.0,0.5,146.03157245124729,24.338595408541213,15,185,0,0.0,0,0,0,
-1,3.0,0.5,146.03157245124729,24.338595408541213,30,185,0,0.0,0,0,0,
-1,3.0,0.5,146.03157245124729,24.338595408541213,60,185,0,0.0,0,0,0,
-1,3.0,0.75,146.03157245124729,36.50789311281182,15,185,0,0.0,0,0,0,
-1,3.0,0.75,146.03157245124729,36.50789311281182,30,185,0,0.0,0,0,0,
-1,3.0,0.75,146.03157245124729,36.50789311281182,60,185,0,0.0,0,0,0,
-1,3.0,1.0,146.03157245124729,48.677190817082426,15,185,0,0.0,0,0,0,
-1,3.0,1.0,146.03157245124729,48.677190817082426,30,185,0,0.0,0,0,0,
-1,3.0,1.0,146.03157245124729,48.677190817082426,60,185,0,0.0,0,0,0,
-1,3.0,1.5,146.03157245124729,73.01578622562364,15,185,0,0.0,0,0,0,
-1,3.0,1.5,146.03157245124729,73.01578622562364,30,185,0,0.0,0,0,0,
-1,3.0,1.5,146.03157245124729,73.01578622562364,60,185,0,0.0,0,0,0,
-1,4.0,0.5,194.7087632683297,24.338595408541213,15,185,0,0.0,0,0,0,
-1,4.0,0.5,194.7087632683297,24.338595408541213,30,185,0,0.0,0,0,0,
-1,4.0,0.5,194.7087632683297,24.338595408541213,60,185,0,0.0,0,0,0,
-1,4.0,0.75,194.7087632683297,36.50789311281182,15,185,0,0.0,0,0,0,
-1,4.0,0.75,194.7087632683297,36.50789311281182,30,185,0,0.0,0,0,0,
-1,4.0,0.75,194.7087632683297,36.50789311281182,60,185,0,0.0,0,0,0,
-1,4.0,1.0,194.7087632683297,48.677190817082426,15,185,0,0.0,0,0,0,
-1,4.0,1.0,194.7087632683297,48.677190817082426,30,185,0,0.0,0,0,0,
-1,4.0,1.0,194.7087632683297,48.677190817082426,60,185,0,0.0,0,0,0,
-1,4.0,1.5,194.7087632683297,73.01578622562364,15,185,0,0.0,0,0,0,
-1,4.0,1.5,194.7087632683297,73.01578622562364,30,185,0,0.0,0,0,0,
-1,4.0,1.5,194.7087632683297,73.01578622562364,60,185,0,0.0,0,0,0,
-1,0.75,0.5,35.31176497222791,23.541176648151943,15,261,2,0.007662835249042145,1,1,0,156651404758.0
-1,0.75,0.5,35.31176497222791,23.541176648151943,30,261,2,0.007662835249042145,1,1,0,156651404758.0
-1,0.75,0.5,35.31176497222791,23.541176648151943,60,261,2,0.007662835249042145,1,1,0,156651404758.0
-1,0.75,0.75,35.31176497222791,35.31176497222791,15,261,1,0.0038314176245210726,1,0,0,279890192384.0
-1,0.75,0.75,35.31176497222791,35.31176497222791,30,261,1,0.0038314176245210726,1,0,0,279890192384.0
-1,0.75,0.75,35.31176497222791,35.31176497222791,60,261,1,0.0038314176245210726,1,0,0,279890192384.0
-1,0.75,1.0,35.31176497222791,47.082353296303886,15,261,1,0.0038314176245210726,1,0,0,286497773254.0
-1,0.75,1.0,35.31176497222791,47.082353296303886,30,261,1,0.0038314176245210726,1,0,0,286497773254.0
-1,0.75,1.0,35.31176497222791,47.082353296303886,60,261,1,0.0038314176245210726,1,0,0,286497773254.0
-1,0.75,1.5,35.31176497222791,70.62352994445583,15,261,0,0.0,0,0,0,
-1,0.75,1.5,35.31176497222791,70.62352994445583,30,261,0,0.0,0,0,0,
-1,0.75,1.5,35.31176497222791,70.62352994445583,60,261,0,0.0,0,0,0,
-1,1.0,0.5,47.082353296303886,23.541176648151943,15,261,0,0.0,0,0,0,
-1,1.0,0.5,47.082353296303886,23.541176648151943,30,261,0,0.0,0,0,0,
-1,1.0,0.5,47.082353296303886,23.541176648151943,60,261,0,0.0,0,0,0,
-1,1.0,0.75,47.082353296303886,35.31176497222791,15,261,0,0.0,0,0,0,
-1,1.0,0.75,47.082353296303886,35.31176497222791,30,261,0,0.0,0,0,0,
-1,1.0,0.75,47.082353296303886,35.31176497222791,60,261,0,0.0,0,0,0,
-1,1.0,1.0,47.082353296303886,47.082353296303886,15,261,0,0.0,0,0,0,
-1,1.0,1.0,47.082353296303886,47.082353296303886,30,261,0,0.0,0,0,0,
-1,1.0,1.0,47.082353296303886,47.082353296303886,60,261,0,0.0,0,0,0,
-1,1.0,1.5,47.082353296303886,70.62352994445583,15,261,0,0.0,0,0,0,
-1,1.0,1.5,47.082353296303886,70.62352994445583,30,261,0,0.0,0,0,0,
-1,1.0,1.5,47.082353296303886,70.62352994445583,60,261,0,0.0,0,0,0,
-1,1.5,0.5,70.62352994445583,23.541176648151943,15,261,0,0.0,0,0,0,
-1,1.5,0.5,70.62352994445583,23.541176648151943,30,261,0,0.0,0,0,0,
-1,1.5,0.5,70.62352994445583,23.541176648151943,60,261,0,0.0,0,0,0,
-1,1.5,0.75,70.62352994445583,35.31176497222791,15,261,0,0.0,0,0,0,
-1,1.5,0.75,70.62352994445583,35.31176497222791,30,261,0,0.0,0,0,0,
-1,1.5,0.75,70.62352994445583,35.31176497222791,60,261,0,0.0,0,0,0,
-1,1.5,1.0,70.62352994445583,47.082353296303886,15,261,0,0.0,0,0,0,
-1,1.5,1.0,70.62352994445583,47.082353296303886,30,261,0,0.0,0,0,0,
-1,1.5,1.0,70.62352994445583,47.082353296303886,60,261,0,0.0,0,0,0,
-1,1.5,1.5,70.62352994445583,70.62352994445583,15,261,0,0.0,0,0,0,
-1,1.5,1.5,70.62352994445583,70.62352994445583,30,261,0,0.0,0,0,0,
-1,1.5,1.5,70.62352994445583,70.62352994445583,60,261,0,0.0,0,0,0,
-1,2.0,0.5,94.16470659260777,23.541176648151943,15,261,0,0.0,0,0,0,
-1,2.0,0.5,94.16470659260777,23.541176648151943,30,261,0,0.0,0,0,0,
-1,2.0,0.5,94.16470659260777,23.541176648151943,60,261,0,0.0,0,0,0,
-1,2.0,0.75,94.16470659260777,35.31176497222791,15,261,0,0.0,0,0,0,
-1,2.0,0.75,94.16470659260777,35.31176497222791,30,261,0,0.0,0,0,0,
-1,2.0,0.75,94.16470659260777,35.31176497222791,60,261,0,0.0,0,0,0,
-1,2.0,1.0,94.16470659260777,47.082353296303886,15,261,0,0.0,0,0,0,
-1,2.0,1.0,94.16470659260777,47.082353296303886,30,261,0,0.0,0,0,0,
-1,2.0,1.0,94.16470659260777,47.082353296303886,60,261,0,0.0,0,0,0,
-1,2.0,1.5,94.16470659260777,70.62352994445583,15,261,0,0.0,0,0,0,
-1,2.0,1.5,94.16470659260777,70.62352994445583,30,261,0,0.0,0,0,0,
-1,2.0,1.5,94.16470659260777,70.62352994445583,60,261,0,0.0,0,0,0,
-1,3.0,0.5,141.24705988891165,23.541176648151943,15,261,0,0.0,0,0,0,
-1,3.0,0.5,141.24705988891165,23.541176648151943,30,261,0,0.0,0,0,0,
-1,3.0,0.5,141.24705988891165,23.541176648151943,60,261,0,0.0,0,0,0,
-1,3.0,0.75,141.24705988891165,35.31176497222791,15,261,0,0.0,0,0,0,
-1,3.0,0.75,141.24705988891165,35.31176497222791,30,261,0,0.0,0,0,0,
-1,3.0,0.75,141.24705988891165,35.31176497222791,60,261,0,0.0,0,0,0,
-1,3.0,1.0,141.24705988891165,47.082353296303886,15,261,0,0.0,0,0,0,
-1,3.0,1.0,141.24705988891165,47.082353296303886,30,261,0,0.0,0,0,0,
-1,3.0,1.0,141.24705988891165,47.082353296303886,60,261,0,0.0,0,0,0,
-1,3.0,1.5,141.24705988891165,70.62352994445583,15,261,0,0.0,0,0,0,
-1,3.0,1.5,141.24705988891165,70.62352994445583,30,261,0,0.0,0,0,0,
-1,3.0,1.5,141.24705988891165,70.62352994445583,60,261,0,0.0,0,0,0,
-1,4.0,0.5,188.32941318521554,23.541176648151943,15,261,0,0.0,0,0,0,
-1,4.0,0.5,188.32941318521554,23.541176648151943,30,261,0,0.0,0,0,0,
-1,4.0,0.5,188.32941318521554,23.541176648151943,60,261,0,0.0,0,0,0,
-1,4.0,0.75,188.32941318521554,35.31176497222791,15,261,0,0.0,0,0,0,
-1,4.0,0.75,188.32941318521554,35.31176497222791,30,261,0,0.0,0,0,0,
-1,4.0,0.75,188.32941318521554,35.31176497222791,60,261,0,0.0,0,0,0,
-1,4.0,1.0,188.32941318521554,47.082353296303886,15,261,0,0.0,0,0,0,
-1,4.0,1.0,188.32941318521554,47.082353296303886,30,261,0,0.0,0,0,0,
-1,4.0,1.0,188.32941318521554,47.082353296303886,60,261,0,0.0,0,0,0,
-1,4.0,1.5,188.32941318521554,70.62352994445583,15,261,0,0.0,0,0,0,
-1,4.0,1.5,188.32941318521554,70.62352994445583,30,261,0,0.0,0,0,0,
-1,4.0,1.5,188.32941318521554,70.62352994445583,60,261,0,0.0,0,0,0,
-1,0.75,0.5,37.24093583671129,24.827290557807526,15,8,0,0.0,0,0,0,
-1,0.75,0.5,37.24093583671129,24.827290557807526,30,8,0,0.0,0,0,0,
-1,0.75,0.5,37.24093583671129,24.827290557807526,60,8,0,0.0,0,0,0,
-1,0.75,0.75,37.24093583671129,37.24093583671129,15,8,0,0.0,0,0,0,
-1,0.75,0.75,37.24093583671129,37.24093583671129,30,8,0,0.0,0,0,0,
-1,0.75,0.75,37.24093583671129,37.24093583671129,60,8,0,0.0,0,0,0,
-1,0.75,1.0,37.24093583671129,49.65458111561505,15,8,0,0.0,0,0,0,
-1,0.75,1.0,37.24093583671129,49.65458111561505,30,8,0,0.0,0,0,0,
-1,0.75,1.0,37.24093583671129,49.65458111561505,60,8,0,0.0,0,0,0,
-1,0.75,1.5,37.24093583671129,74.48187167342257,15,8,0,0.0,0,0,0,
-1,0.75,1.5,37.24093583671129,74.48187167342257,30,8,0,0.0,0,0,0,
-1,0.75,1.5,37.24093583671129,74.48187167342257,60,8,0,0.0,0,0,0,
-1,1.0,0.5,49.65458111561505,24.827290557807526,15,8,0,0.0,0,0,0,
-1,1.0,0.5,49.65458111561505,24.827290557807526,30,8,0,0.0,0,0,0,
-1,1.0,0.5,49.65458111561505,24.827290557807526,60,8,0,0.0,0,0,0,
-1,1.0,0.75,49.65458111561505,37.24093583671129,15,8,0,0.0,0,0,0,
-1,1.0,0.75,49.65458111561505,37.24093583671129,30,8,0,0.0,0,0,0,
-1,1.0,0.75,49.65458111561505,37.24093583671129,60,8,0,0.0,0,0,0,
-1,1.0,1.0,49.65458111561505,49.65458111561505,15,8,0,0.0,0,0,0,
-1,1.0,1.0,49.65458111561505,49.65458111561505,30,8,0,0.0,0,0,0,
-1,1.0,1.0,49.65458111561505,49.65458111561505,60,8,0,0.0,0,0,0,
-1,1.0,1.5,49.65458111561505,74.48187167342257,15,8,0,0.0,0,0,0,
-1,1.0,1.5,49.65458111561505,74.48187167342257,30,8,0,0.0,0,0,0,
-1,1.0,1.5,49.65458111561505,74.48187167342257,60,8,0,0.0,0,0,0,
-1,1.5,0.5,74.48187167342257,24.827290557807526,15,8,0,0.0,0,0,0,
-1,1.5,0.5,74.48187167342257,24.827290557807526,30,8,0,0.0,0,0,0,
-1,1.5,0.5,74.48187167342257,24.827290557807526,60,8,0,0.0,0,0,0,
-1,1.5,0.75,74.48187167342257,37.24093583671129,15,8,0,0.0,0,0,0,
-1,1.5,0.75,74.48187167342257,37.24093583671129,30,8,0,0.0,0,0,0,
-1,1.5,0.75,74.48187167342257,37.24093583671129,60,8,0,0.0,0,0,0,
-1,1.5,1.0,74.48187167342257,49.65458111561505,15,8,0,0.0,0,0,0,
-1,1.5,1.0,74.48187167342257,49.65458111561505,30,8,0,0.0,0,0,0,
-1,1.5,1.0,74.48187167342257,49.65458111561505,60,8,0,0.0,0,0,0,
-1,1.5,1.5,74.48187167342257,74.48187167342257,15,8,0,0.0,0,0,0,
-1,1.5,1.5,74.48187167342257,74.48187167342257,30,8,0,0.0,0,0,0,
-1,1.5,1.5,74.48187167342257,74.48187167342257,60,8,0,0.0,0,0,0,
-1,2.0,0.5,99.3091622312301,24.827290557807526,15,8,0,0.0,0,0,0,
-1,2.0,0.5,99.3091622312301,24.827290557807526,30,8,0,0.0,0,0,0,
-1,2.0,0.5,99.3091622312301,24.827290557807526,60,8,0,0.0,0,0,0,
-1,2.0,0.75,99.3091622312301,37.24093583671129,15,8,0,0.0,0,0,0,
-1,2.0,0.75,99.3091622312301,37.24093583671129,30,8,0,0.0,0,0,0,
-1,2.0,0.75,99.3091622312301,37.24093583671129,60,8,0,0.0,0,0,0,
-1,2.0,1.0,99.3091622312301,49.65458111561505,15,8,0,0.0,0,0,0,
-1,2.0,1.0,99.3091622312301,49.65458111561505,30,8,0,0.0,0,0,0,
-1,2.0,1.0,99.3091622312301,49.65458111561505,60,8,0,0.0,0,0,0,
-1,2.0,1.5,99.3091622312301,74.48187167342257,15,8,0,0.0,0,0,0,
-1,2.0,1.5,99.3091622312301,74.48187167342257,30,8,0,0.0,0,0,0,
-1,2.0,1.5,99.3091622312301,74.48187167342257,60,8,0,0.0,0,0,0,
-1,3.0,0.5,148.96374334684515,24.827290557807526,15,8,0,0.0,0,0,0,
-1,3.0,0.5,148.96374334684515,24.827290557807526,30,8,0,0.0,0,0,0,
-1,3.0,0.5,148.96374334684515,24.827290557807526,60,8,0,0.0,0,0,0,
-1,3.0,0.75,148.96374334684515,37.24093583671129,15,8,0,0.0,0,0,0,
-1,3.0,0.75,148.96374334684515,37.24093583671129,30,8,0,0.0,0,0,0,
-1,3.0,0.75,148.96374334684515,37.24093583671129,60,8,0,0.0,0,0,0,
-1,3.0,1.0,148.96374334684515,49.65458111561505,15,8,0,0.0,0,0,0,
-1,3.0,1.0,148.96374334684515,49.65458111561505,30,8,0,0.0,0,0,0,
-1,3.0,1.0,148.96374334684515,49.65458111561505,60,8,0,0.0,0,0,0,
-1,3.0,1.5,148.96374334684515,74.48187167342257,15,8,0,0.0,0,0,0,
-1,3.0,1.5,148.96374334684515,74.48187167342257,30,8,0,0.0,0,0,0,
-1,3.0,1.5,148.96374334684515,74.48187167342257,60,8,0,0.0,0,0,0,
-1,4.0,0.5,198.6183244624602,24.827290557807526,15,8,0,0.0,0,0,0,
-1,4.0,0.5,198.6183244624602,24.827290557807526,30,8,0,0.0,0,0,0,
-1,4.0,0.5,198.6183244624602,24.827290557807526,60,8,0,0.0,0,0,0,
-1,4.0,0.75,198.6183244624602,37.24093583671129,15,8,0,0.0,0,0,0,
-1,4.0,0.75,198.6183244624602,37.24093583671129,30,8,0,0.0,0,0,0,
-1,4.0,0.75,198.6183244624602,37.24093583671129,60,8,0,0.0,0,0,0,
-1,4.0,1.0,198.6183244624602,49.65458111561505,15,8,0,0.0,0,0,0,
-1,4.0,1.0,198.6183244624602,49.65458111561505,30,8,0,0.0,0,0,0,
-1,4.0,1.0,198.6183244624602,49.65458111561505,60,8,0,0.0,0,0,0,
-1,4.0,1.5,198.6183244624602,74.48187167342257,15,8,0,0.0,0,0,0,
-1,4.0,1.5,198.6183244624602,74.48187167342257,30,8,0,0.0,0,0,0,
-1,4.0,1.5,198.6183244624602,74.48187167342257,60,8,0,0.0,0,0,0,
-1,0.75,0.5,35.56131175172863,23.707541167819087,15,85,0,0.0,0,0,0,
-1,0.75,0.5,35.56131175172863,23.707541167819087,30,85,0,0.0,0,0,0,
-1,0.75,0.5,35.56131175172863,23.707541167819087,60,85,0,0.0,0,0,0,
-1,0.75,0.75,35.56131175172863,35.56131175172863,15,85,0,0.0,0,0,0,
-1,0.75,0.75,35.56131175172863,35.56131175172863,30,85,0,0.0,0,0,0,
-1,0.75,0.75,35.56131175172863,35.56131175172863,60,85,0,0.0,0,0,0,
-1,0.75,1.0,35.56131175172863,47.415082335638175,15,85,0,0.0,0,0,0,
-1,0.75,1.0,35.56131175172863,47.415082335638175,30,85,0,0.0,0,0,0,
-1,0.75,1.0,35.56131175172863,47.415082335638175,60,85,0,0.0,0,0,0,
-1,0.75,1.5,35.56131175172863,71.12262350345726,15,85,0,0.0,0,0,0,
-1,0.75,1.5,35.56131175172863,71.12262350345726,30,85,0,0.0,0,0,0,
-1,0.75,1.5,35.56131175172863,71.12262350345726,60,85,0,0.0,0,0,0,
-1,1.0,0.5,47.415082335638175,23.707541167819087,15,85,0,0.0,0,0,0,
-1,1.0,0.5,47.415082335638175,23.707541167819087,30,85,0,0.0,0,0,0,
-1,1.0,0.5,47.415082335638175,23.707541167819087,60,85,0,0.0,0,0,0,
-1,1.0,0.75,47.415082335638175,35.56131175172863,15,85,0,0.0,0,0,0,
-1,1.0,0.75,47.415082335638175,35.56131175172863,30,85,0,0.0,0,0,0,
-1,1.0,0.75,47.415082335638175,35.56131175172863,60,85,0,0.0,0,0,0,
-1,1.0,1.0,47.415082335638175,47.415082335638175,15,85,0,0.0,0,0,0,
-1,1.0,1.0,47.415082335638175,47.415082335638175,30,85,0,0.0,0,0,0,
-1,1.0,1.0,47.415082335638175,47.415082335638175,60,85,0,0.0,0,0,0,
-1,1.0,1.5,47.415082335638175,71.12262350345726,15,85,0,0.0,0,0,0,
-1,1.0,1.5,47.415082335638175,71.12262350345726,30,85,0,0.0,0,0,0,
-1,1.0,1.5,47.415082335638175,71.12262350345726,60,85,0,0.0,0,0,0,
-1,1.5,0.5,71.12262350345726,23.707541167819087,15,85,0,0.0,0,0,0,
-1,1.5,0.5,71.12262350345726,23.707541167819087,30,85,0,0.0,0,0,0,
-1,1.5,0.5,71.12262350345726,23.707541167819087,60,85,0,0.0,0,0,0,
-1,1.5,0.75,71.12262350345726,35.56131175172863,15,85,0,0.0,0,0,0,
-1,1.5,0.75,71.12262350345726,35.56131175172863,30,85,0,0.0,0,0,0,
-1,1.5,0.75,71.12262350345726,35.56131175172863,60,85,0,0.0,0,0,0,
-1,1.5,1.0,71.12262350345726,47.415082335638175,15,85,0,0.0,0,0,0,
-1,1.5,1.0,71.12262350345726,47.415082335638175,30,85,0,0.0,0,0,0,
-1,1.5,1.0,71.12262350345726,47.415082335638175,60,85,0,0.0,0,0,0,
-1,1.5,1.5,71.12262350345726,71.12262350345726,15,85,0,0.0,0,0,0,
-1,1.5,1.5,71.12262350345726,71.12262350345726,30,85,0,0.0,0,0,0,
-1,1.5,1.5,71.12262350345726,71.12262350345726,60,85,0,0.0,0,0,0,
-1,2.0,0.5,94.83016467127635,23.707541167819087,15,85,0,0.0,0,0,0,
-1,2.0,0.5,94.83016467127635,23.707541167819087,30,85,0,0.0,0,0,0,
-1,2.0,0.5,94.83016467127635,23.707541167819087,60,85,0,0.0,0,0,0,
-1,2.0,0.75,94.83016467127635,35.56131175172863,15,85,0,0.0,0,0,0,
-1,2.0,0.75,94.83016467127635,35.56131175172863,30,85,0,0.0,0,0,0,
-1,2.0,0.75,94.83016467127635,35.56131175172863,60,85,0,0.0,0,0,0,
-1,2.0,1.0,94.83016467127635,47.415082335638175,15,85,0,0.0,0,0,0,
-1,2.0,1.0,94.83016467127635,47.415082335638175,30,85,0,0.0,0,0,0,
-1,2.0,1.0,94.83016467127635,47.415082335638175,60,85,0,0.0,0,0,0,
-1,2.0,1.5,94.83016467127635,71.12262350345726,15,85,0,0.0,0,0,0,
-1,2.0,1.5,94.83016467127635,71.12262350345726,30,85,0,0.0,0,0,0,
-1,2.0,1.5,94.83016467127635,71.12262350345726,60,85,0,0.0,0,0,0,
-1,3.0,0.5,142.24524700691452,23.707541167819087,15,85,0,0.0,0,0,0,
-1,3.0,0.5,142.24524700691452,23.707541167819087,30,85,0,0.0,0,0,0,
-1,3.0,0.5,142.24524700691452,23.707541167819087,60,85,0,0.0,0,0,0,
-1,3.0,0.75,142.24524700691452,35.56131175172863,15,85,0,0.0,0,0,0,
-1,3.0,0.75,142.24524700691452,35.56131175172863,30,85,0,0.0,0,0,0,
-1,3.0,0.75,142.24524700691452,35.56131175172863,60,85,0,0.0,0,0,0,
-1,3.0,1.0,142.24524700691452,47.415082335638175,15,85,0,0.0,0,0,0,
-1,3.0,1.0,142.24524700691452,47.415082335638175,30,85,0,0.0,0,0,0,
-1,3.0,1.0,142.24524700691452,47.415082335638175,60,85,0,0.0,0,0,0,
-1,3.0,1.5,142.24524700691452,71.12262350345726,15,85,0,0.0,0,0,0,
-1,3.0,1.5,142.24524700691452,71.12262350345726,30,85,0,0.0,0,0,0,
-1,3.0,1.5,142.24524700691452,71.12262350345726,60,85,0,0.0,0,0,0,
-1,4.0,0.5,189.6603293425527,23.707541167819087,15,85,0,0.0,0,0,0,
-1,4.0,0.5,189.6603293425527,23.707541167819087,30,85,0,0.0,0,0,0,
-1,4.0,0.5,189.6603293425527,23.707541167819087,60,85,0,0.0,0,0,0,
-1,4.0,0.75,189.6603293425527,35.56131175172863,15,85,0,0.0,0,0,0,
-1,4.0,0.75,189.6603293425527,35.56131175172863,30,85,0,0.0,0,0,0,
-1,4.0,0.75,189.6603293425527,35.56131175172863,60,85,0,0.0,0,0,0,
-1,4.0,1.0,189.6603293425527,47.415082335638175,15,85,0,0.0,0,0,0,
-1,4.0,1.0,189.6603293425527,47.415082335638175,30,85,0,0.0,0,0,0,
-1,4.0,1.0,189.6603293425527,47.415082335638175,60,85,0,0.0,0,0,0,
-1,4.0,1.5,189.6603293425527,71.12262350345726,15,85,0,0.0,0,0,0,
-1,4.0,1.5,189.6603293425527,71.12262350345726,30,85,0,0.0,0,0,0,
-1,4.0,1.5,189.6603293425527,71.12262350345726,60,85,0,0.0,0,0,0,
-1,0.75,0.5,35.55068062250696,23.70045374833797,15,40,1,0.025,0,1,0,103796327698.0
-1,0.75,0.5,35.55068062250696,23.70045374833797,30,40,1,0.025,0,1,0,103796327698.0
-1,0.75,0.5,35.55068062250696,23.70045374833797,60,40,1,0.025,0,1,0,103796327698.0
-1,0.75,0.75,35.55068062250696,35.55068062250696,15,40,0,0.0,0,0,0,
-1,0.75,0.75,35.55068062250696,35.55068062250696,30,40,0,0.0,0,0,0,
-1,0.75,0.75,35.55068062250696,35.55068062250696,60,40,0,0.0,0,0,0,
-1,0.75,1.0,35.55068062250696,47.40090749667594,15,40,0,0.0,0,0,0,
-1,0.75,1.0,35.55068062250696,47.40090749667594,30,40,0,0.0,0,0,0,
-1,0.75,1.0,35.55068062250696,47.40090749667594,60,40,0,0.0,0,0,0,
-1,0.75,1.5,35.55068062250696,71.10136124501392,15,40,0,0.0,0,0,0,
-1,0.75,1.5,35.55068062250696,71.10136124501392,30,40,0,0.0,0,0,0,
-1,0.75,1.5,35.55068062250696,71.10136124501392,60,40,0,0.0,0,0,0,
-1,1.0,0.5,47.40090749667594,23.70045374833797,15,40,1,0.025,0,1,0,108423209976.0
-1,1.0,0.5,47.40090749667594,23.70045374833797,30,40,1,0.025,0,1,0,108423209976.0
-1,1.0,0.5,47.40090749667594,23.70045374833797,60,40,1,0.025,0,1,0,108423209976.0
-1,1.0,0.75,47.40090749667594,35.55068062250696,15,40,0,0.0,0,0,0,
-1,1.0,0.75,47.40090749667594,35.55068062250696,30,40,0,0.0,0,0,0,
-1,1.0,0.75,47.40090749667594,35.55068062250696,60,40,0,0.0,0,0,0,
-1,1.0,1.0,47.40090749667594,47.40090749667594,15,40,0,0.0,0,0,0,
-1,1.0,1.0,47.40090749667594,47.40090749667594,30,40,0,0.0,0,0,0,
-1,1.0,1.0,47.40090749667594,47.40090749667594,60,40,0,0.0,0,0,0,
-1,1.0,1.5,47.40090749667594,71.10136124501392,15,40,0,0.0,0,0,0,
-1,1.0,1.5,47.40090749667594,71.10136124501392,30,40,0,0.0,0,0,0,
-1,1.0,1.5,47.40090749667594,71.10136124501392,60,40,0,0.0,0,0,0,
-1,1.5,0.5,71.10136124501392,23.70045374833797,15,40,0,0.0,0,0,0,
-1,1.5,0.5,71.10136124501392,23.70045374833797,30,40,0,0.0,0,0,0,
-1,1.5,0.5,71.10136124501392,23.70045374833797,60,40,0,0.0,0,0,0,
-1,1.5,0.75,71.10136124501392,35.55068062250696,15,40,0,0.0,0,0,0,
-1,1.5,0.75,71.10136124501392,35.55068062250696,30,40,0,0.0,0,0,0,
-1,1.5,0.75,71.10136124501392,35.55068062250696,60,40,0,0.0,0,0,0,
-1,1.5,1.0,71.10136124501392,47.40090749667594,15,40,0,0.0,0,0,0,
-1,1.5,1.0,71.10136124501392,47.40090749667594,30,40,0,0.0,0,0,0,
-1,1.5,1.0,71.10136124501392,47.40090749667594,60,40,0,0.0,0,0,0,
-1,1.5,1.5,71.10136124501392,71.10136124501392,15,40,0,0.0,0,0,0,
-1,1.5,1.5,71.10136124501392,71.10136124501392,30,40,0,0.0,0,0,0,
-1,1.5,1.5,71.10136124501392,71.10136124501392,60,40,0,0.0,0,0,0,
-1,2.0,0.5,94.80181499335188,23.70045374833797,15,40,0,0.0,0,0,0,
-1,2.0,0.5,94.80181499335188,23.70045374833797,30,40,0,0.0,0,0,0,
-1,2.0,0.5,94.80181499335188,23.70045374833797,60,40,0,0.0,0,0,0,
-1,2.0,0.75,94.80181499335188,35.55068062250696,15,40,0,0.0,0,0,0,
-1,2.0,0.75,94.80181499335188,35.55068062250696,30,40,0,0.0,0,0,0,
-1,2.0,0.75,94.80181499335188,35.55068062250696,60,40,0,0.0,0,0,0,
-1,2.0,1.0,94.80181499335188,47.40090749667594,15,40,0,0.0,0,0,0,
-1,2.0,1.0,94.80181499335188,47.40090749667594,30,40,0,0.0,0,0,0,
-1,2.0,1.0,94.80181499335188,47.40090749667594,60,40,0,0.0,0,0,0,
-1,2.0,1.5,94.80181499335188,71.10136124501392,15,40,0,0.0,0,0,0,
-1,2.0,1.5,94.80181499335188,71.10136124501392,30,40,0,0.0,0,0,0,
-1,2.0,1.5,94.80181499335188,71.10136124501392,60,40,0,0.0,0,0,0,
-1,3.0,0.5,142.20272249002784,23.70045374833797,15,40,0,0.0,0,0,0,
-1,3.0,0.5,142.20272249002784,23.70045374833797,30,40,0,0.0,0,0,0,
-1,3.0,0.5,142.20272249002784,23.70045374833797,60,40,0,0.0,0,0,0,
-1,3.0,0.75,142.20272249002784,35.55068062250696,15,40,0,0.0,0,0,0,
-1,3.0,0.75,142.20272249002784,35.55068062250696,30,40,0,0.0,0,0,0,
-1,3.0,0.75,142.20272249002784,35.55068062250696,60,40,0,0.0,0,0,0,
-1,3.0,1.0,142.20272249002784,47.40090749667594,15,40,0,0.0,0,0,0,
-1,3.0,1.0,142.20272249002784,47.40090749667594,30,40,0,0.0,0,0,0,
-1,3.0,1.0,142.20272249002784,47.40090749667594,60,40,0,0.0,0,0,0,
-1,3.0,1.5,142.20272249002784,71.10136124501392,15,40,0,0.0,0,0,0,
-1,3.0,1.5,142.20272249002784,71.10136124501392,30,40,0,0.0,0,0,0,
-1,3.0,1.5,142.20272249002784,71.10136124501392,60,40,0,0.0,0,0,0,
-1,4.0,0.5,189.60362998670377,23.70045374833797,15,40,0,0.0,0,0,0,
-1,4.0,0.5,189.60362998670377,23.70045374833797,30,40,0,0.0,0,0,0,
-1,4.0,0.5,189.60362998670377,23.70045374833797,60,40,0,0.0,0,0,0,
-1,4.0,0.75,189.60362998670377,35.55068062250696,15,40,0,0.0,0,0,0,
-1,4.0,0.75,189.60362998670377,35.55068062250696,30,40,0,0.0,0,0,0,
-1,4.0,0.75,189.60362998670377,35.55068062250696,60,40,0,0.0,0,0,0,
-1,4.0,1.0,189.60362998670377,47.40090749667594,15,40,0,0.0,0,0,0,
-1,4.0,1.0,189.60362998670377,47.40090749667594,30,40,0,0.0,0,0,0,
-1,4.0,1.0,189.60362998670377,47.40090749667594,60,40,0,0.0,0,0,0,
-1,4.0,1.5,189.60362998670377,71.10136124501392,15,40,0,0.0,0,0,0,
-1,4.0,1.5,189.60362998670377,71.10136124501392,30,40,0,0.0,0,0,0,
-1,4.0,1.5,189.60362998670377,71.10136124501392,60,40,0,0.0,0,0,0,
-1,0.75,0.5,34.727354572472706,23.151569714981804,15,60,1,0.016666666666666666,0,1,0,173656453122.0
-1,0.75,0.5,34.727354572472706,23.151569714981804,30,60,1,0.016666666666666666,0,1,0,173656453122.0
-1,0.75,0.5,34.727354572472706,23.151569714981804,60,60,1,0.016666666666666666,0,1,0,173656453122.0
-1,0.75,0.75,34.727354572472706,34.727354572472706,15,60,0,0.0,0,0,0,
-1,0.75,0.75,34.727354572472706,34.727354572472706,30,60,0,0.0,0,0,0,
-1,0.75,0.75,34.727354572472706,34.727354572472706,60,60,1,0.016666666666666666,1,0,0,269157655516.0
-1,0.75,1.0,34.727354572472706,46.30313942996361,15,60,0,0.0,0,0,0,
-1,0.75,1.0,34.727354572472706,46.30313942996361,30,60,0,0.0,0,0,0,
-1,0.75,1.0,34.727354572472706,46.30313942996361,60,60,0,0.0,0,0,0,
-1,0.75,1.5,34.727354572472706,69.45470914494541,15,60,0,0.0,0,0,0,
-1,0.75,1.5,34.727354572472706,69.45470914494541,30,60,0,0.0,0,0,0,
-1,0.75,1.5,34.727354572472706,69.45470914494541,60,60,0,0.0,0,0,0,
-1,1.0,0.5,46.30313942996361,23.151569714981804,15,60,0,0.0,0,0,0,
-1,1.0,0.5,46.30313942996361,23.151569714981804,30,60,0,0.0,0,0,0,
-1,1.0,0.5,46.30313942996361,23.151569714981804,60,60,2,0.03333333333333333,2,0,0,268512165528.0
-1,1.0,0.75,46.30313942996361,34.727354572472706,15,60,0,0.0,0,0,0,
-1,1.0,0.75,46.30313942996361,34.727354572472706,30,60,0,0.0,0,0,0,
-1,1.0,0.75,46.30313942996361,34.727354572472706,60,60,0,0.0,0,0,0,
-1,1.0,1.0,46.30313942996361,46.30313942996361,15,60,0,0.0,0,0,0,
-1,1.0,1.0,46.30313942996361,46.30313942996361,30,60,0,0.0,0,0,0,
-1,1.0,1.0,46.30313942996361,46.30313942996361,60,60,0,0.0,0,0,0,
-1,1.0,1.5,46.30313942996361,69.45470914494541,15,60,0,0.0,0,0,0,
-1,1.0,1.5,46.30313942996361,69.45470914494541,30,60,0,0.0,0,0,0,
-1,1.0,1.5,46.30313942996361,69.45470914494541,60,60,0,0.0,0,0,0,
-1,1.5,0.5,69.45470914494541,23.151569714981804,15,60,0,0.0,0,0,0,
-1,1.5,0.5,69.45470914494541,23.151569714981804,30,60,0,0.0,0,0,0,
-1,1.5,0.5,69.45470914494541,23.151569714981804,60,60,0,0.0,0,0,0,
-1,1.5,0.75,69.45470914494541,34.727354572472706,15,60,0,0.0,0,0,0,
-1,1.5,0.75,69.45470914494541,34.727354572472706,30,60,0,0.0,0,0,0,
-1,1.5,0.75,69.45470914494541,34.727354572472706,60,60,0,0.0,0,0,0,
-1,1.5,1.0,69.45470914494541,46.30313942996361,15,60,0,0.0,0,0,0,
-1,1.5,1.0,69.45470914494541,46.30313942996361,30,60,0,0.0,0,0,0,
-1,1.5,1.0,69.45470914494541,46.30313942996361,60,60,0,0.0,0,0,0,
-1,1.5,1.5,69.45470914494541,69.45470914494541,15,60,0,0.0,0,0,0,
-1,1.5,1.5,69.45470914494541,69.45470914494541,30,60,0,0.0,0,0,0,
-1,1.5,1.5,69.45470914494541,69.45470914494541,60,60,0,0.0,0,0,0,
-1,2.0,0.5,92.60627885992722,23.151569714981804,15,60,0,0.0,0,0,0,
-1,2.0,0.5,92.60627885992722,23.151569714981804,30,60,0,0.0,0,0,0,
-1,2.0,0.5,92.60627885992722,23.151569714981804,60,60,0,0.0,0,0,0,
-1,2.0,0.75,92.60627885992722,34.727354572472706,15,60,0,0.0,0,0,0,
-1,2.0,0.75,92.60627885992722,34.727354572472706,30,60,0,0.0,0,0,0,
-1,2.0,0.75,92.60627885992722,34.727354572472706,60,60,0,0.0,0,0,0,
-1,2.0,1.0,92.60627885992722,46.30313942996361,15,60,0,0.0,0,0,0,
-1,2.0,1.0,92.60627885992722,46.30313942996361,30,60,0,0.0,0,0,0,
-1,2.0,1.0,92.60627885992722,46.30313942996361,60,60,0,0.0,0,0,0,
-1,2.0,1.5,92.60627885992722,69.45470914494541,15,60,0,0.0,0,0,0,
-1,2.0,1.5,92.60627885992722,69.45470914494541,30,60,0,0.0,0,0,0,
-1,2.0,1.5,92.60627885992722,69.45470914494541,60,60,0,0.0,0,0,0,
-1,3.0,0.5,138.90941828989082,23.151569714981804,15,60,0,0.0,0,0,0,
-1,3.0,0.5,138.90941828989082,23.151569714981804,30,60,0,0.0,0,0,0,
-1,3.0,0.5,138.90941828989082,23.151569714981804,60,60,0,0.0,0,0,0,
-1,3.0,0.75,138.90941828989082,34.727354572472706,15,60,0,0.0,0,0,0,
-1,3.0,0.75,138.90941828989082,34.727354572472706,30,60,0,0.0,0,0,0,
-1,3.0,0.75,138.90941828989082,34.727354572472706,60,60,0,0.0,0,0,0,
-1,3.0,1.0,138.90941828989082,46.30313942996361,15,60,0,0.0,0,0,0,
-1,3.0,1.0,138.90941828989082,46.30313942996361,30,60,0,0.0,0,0,0,
-1,3.0,1.0,138.90941828989082,46.30313942996361,60,60,0,0.0,0,0,0,
-1,3.0,1.5,138.90941828989082,69.45470914494541,15,60,0,0.0,0,0,0,
-1,3.0,1.5,138.90941828989082,69.45470914494541,30,60,0,0.0,0,0,0,
-1,3.0,1.5,138.90941828989082,69.45470914494541,60,60,0,0.0,0,0,0,
-1,4.0,0.5,185.21255771985443,23.151569714981804,15,60,0,0.0,0,0,0,
-1,4.0,0.5,185.21255771985443,23.151569714981804,30,60,0,0.0,0,0,0,
-1,4.0,0.5,185.21255771985443,23.151569714981804,60,60,0,0.0,0,0,0,
-1,4.0,0.75,185.21255771985443,34.727354572472706,15,60,0,0.0,0,0,0,
-1,4.0,0.75,185.21255771985443,34.727354572472706,30,60,0,0.0,0,0,0,
-1,4.0,0.75,185.21255771985443,34.727354572472706,60,60,0,0.0,0,0,0,
-1,4.0,1.0,185.21255771985443,46.30313942996361,15,60,0,0.0,0,0,0,
-1,4.0,1.0,185.21255771985443,46.30313942996361,30,60,0,0.0,0,0,0,
-1,4.0,1.0,185.21255771985443,46.30313942996361,60,60,0,0.0,0,0,0,
-1,4.0,1.5,185.21255771985443,69.45470914494541,15,60,0,0.0,0,0,0,
-1,4.0,1.5,185.21255771985443,69.45470914494541,30,60,0,0.0,0,0,0,
-1,4.0,1.5,185.21255771985443,69.45470914494541,60,60,0,0.0,0,0,0,
-1,0.75,0.5,35.04013260151544,23.360088401010294,15,113,1,0.008849557522123894,0,1,0,63877348270.0
-1,0.75,0.5,35.04013260151544,23.360088401010294,30,113,1,0.008849557522123894,0,1,0,63877348270.0
-1,0.75,0.5,35.04013260151544,23.360088401010294,60,113,1,0.008849557522123894,0,1,0,63877348270.0
-1,0.75,0.75,35.04013260151544,35.04013260151544,15,113,0,0.0,0,0,0,
-1,0.75,0.75,35.04013260151544,35.04013260151544,30,113,0,0.0,0,0,0,
-1,0.75,0.75,35.04013260151544,35.04013260151544,60,113,0,0.0,0,0,0,
-1,0.75,1.0,35.04013260151544,46.72017680202059,15,113,0,0.0,0,0,0,
-1,0.75,1.0,35.04013260151544,46.72017680202059,30,113,0,0.0,0,0,0,
-1,0.75,1.0,35.04013260151544,46.72017680202059,60,113,0,0.0,0,0,0,
-1,0.75,1.5,35.04013260151544,70.08026520303088,15,113,0,0.0,0,0,0,
-1,0.75,1.5,35.04013260151544,70.08026520303088,30,113,0,0.0,0,0,0,
-1,0.75,1.5,35.04013260151544,70.08026520303088,60,113,0,0.0,0,0,0,
-1,1.0,0.5,46.72017680202059,23.360088401010294,15,113,2,0.017699115044247787,1,1,0,145679382419.0
-1,1.0,0.5,46.72017680202059,23.360088401010294,30,113,2,0.017699115044247787,1,1,0,145679382419.0
-1,1.0,0.5,46.72017680202059,23.360088401010294,60,113,2,0.017699115044247787,1,1,0,145679382419.0
-1,1.0,0.75,46.72017680202059,35.04013260151544,15,113,1,0.008849557522123894,1,0,0,236838588396.0
-1,1.0,0.75,46.72017680202059,35.04013260151544,30,113,1,0.008849557522123894,1,0,0,236838588396.0
-1,1.0,0.75,46.72017680202059,35.04013260151544,60,113,1,0.008849557522123894,1,0,0,236838588396.0
-1,1.0,1.0,46.72017680202059,46.72017680202059,15,113,0,0.0,0,0,0,
-1,1.0,1.0,46.72017680202059,46.72017680202059,30,113,0,0.0,0,0,0,
-1,1.0,1.0,46.72017680202059,46.72017680202059,60,113,0,0.0,0,0,0,
-1,1.0,1.5,46.72017680202059,70.08026520303088,15,113,0,0.0,0,0,0,
-1,1.0,1.5,46.72017680202059,70.08026520303088,30,113,0,0.0,0,0,0,
-1,1.0,1.5,46.72017680202059,70.08026520303088,60,113,0,0.0,0,0,0,
-1,1.5,0.5,70.08026520303088,23.360088401010294,15,113,1,0.008849557522123894,0,1,0,79462515884.0
-1,1.5,0.5,70.08026520303088,23.360088401010294,30,113,1,0.008849557522123894,0,1,0,79462515884.0
-1,1.5,0.5,70.08026520303088,23.360088401010294,60,113,1,0.008849557522123894,0,1,0,79462515884.0
-1,1.5,0.75,70.08026520303088,35.04013260151544,15,113,0,0.0,0,0,0,
-1,1.5,0.75,70.08026520303088,35.04013260151544,30,113,0,0.0,0,0,0,
-1,1.5,0.75,70.08026520303088,35.04013260151544,60,113,0,0.0,0,0,0,
-1,1.5,1.0,70.08026520303088,46.72017680202059,15,113,0,0.0,0,0,0,
-1,1.5,1.0,70.08026520303088,46.72017680202059,30,113,0,0.0,0,0,0,
-1,1.5,1.0,70.08026520303088,46.72017680202059,60,113,0,0.0,0,0,0,
-1,1.5,1.5,70.08026520303088,70.08026520303088,15,113,0,0.0,0,0,0,
-1,1.5,1.5,70.08026520303088,70.08026520303088,30,113,0,0.0,0,0,0,
-1,1.5,1.5,70.08026520303088,70.08026520303088,60,113,0,0.0,0,0,0,
-1,2.0,0.5,93.44035360404118,23.360088401010294,15,113,1,0.008849557522123894,0,1,0,81852480548.0
-1,2.0,0.5,93.44035360404118,23.360088401010294,30,113,1,0.008849557522123894,0,1,0,81852480548.0
-1,2.0,0.5,93.44035360404118,23.360088401010294,60,113,1,0.008849557522123894,0,1,0,81852480548.0
-1,2.0,0.75,93.44035360404118,35.04013260151544,15,113,0,0.0,0,0,0,
-1,2.0,0.75,93.44035360404118,35.04013260151544,30,113,0,0.0,0,0,0,
-1,2.0,0.75,93.44035360404118,35.04013260151544,60,113,0,0.0,0,0,0,
-1,2.0,1.0,93.44035360404118,46.72017680202059,15,113,0,0.0,0,0,0,
-1,2.0,1.0,93.44035360404118,46.72017680202059,30,113,0,0.0,0,0,0,
-1,2.0,1.0,93.44035360404118,46.72017680202059,60,113,0,0.0,0,0,0,
-1,2.0,1.5,93.44035360404118,70.08026520303088,15,113,0,0.0,0,0,0,
-1,2.0,1.5,93.44035360404118,70.08026520303088,30,113,0,0.0,0,0,0,
-1,2.0,1.5,93.44035360404118,70.08026520303088,60,113,0,0.0,0,0,0,
-1,3.0,0.5,140.16053040606175,23.360088401010294,15,113,1,0.008849557522123894,0,1,0,90983616164.0
-1,3.0,0.5,140.16053040606175,23.360088401010294,30,113,1,0.008849557522123894,0,1,0,90983616164.0
-1,3.0,0.5,140.16053040606175,23.360088401010294,60,113,1,0.008849557522123894,0,1,0,90983616164.0
-1,3.0,0.75,140.16053040606175,35.04013260151544,15,113,0,0.0,0,0,0,
-1,3.0,0.75,140.16053040606175,35.04013260151544,30,113,0,0.0,0,0,0,
-1,3.0,0.75,140.16053040606175,35.04013260151544,60,113,0,0.0,0,0,0,
-1,3.0,1.0,140.16053040606175,46.72017680202059,15,113,0,0.0,0,0,0,
-1,3.0,1.0,140.16053040606175,46.72017680202059,30,113,0,0.0,0,0,0,
-1,3.0,1.0,140.16053040606175,46.72017680202059,60,113,0,0.0,0,0,0,
-1,3.0,1.5,140.16053040606175,70.08026520303088,15,113,0,0.0,0,0,0,
-1,3.0,1.5,140.16053040606175,70.08026520303088,30,113,0,0.0,0,0,0,
-1,3.0,1.5,140.16053040606175,70.08026520303088,60,113,0,0.0,0,0,0,
-1,4.0,0.5,186.88070720808236,23.360088401010294,15,113,1,0.008849557522123894,0,1,0,118769579418.0
-1,4.0,0.5,186.88070720808236,23.360088401010294,30,113,1,0.008849557522123894,0,1,0,118769579418.0
-1,4.0,0.5,186.88070720808236,23.360088401010294,60,113,1,0.008849557522123894,0,1,0,118769579418.0
-1,4.0,0.75,186.88070720808236,35.04013260151544,15,113,0,0.0,0,0,0,
-1,4.0,0.75,186.88070720808236,35.04013260151544,30,113,0,0.0,0,0,0,
-1,4.0,0.75,186.88070720808236,35.04013260151544,60,113,0,0.0,0,0,0,
-1,4.0,1.0,186.88070720808236,46.72017680202059,15,113,0,0.0,0,0,0,
-1,4.0,1.0,186.88070720808236,46.72017680202059,30,113,0,0.0,0,0,0,
-1,4.0,1.0,186.88070720808236,46.72017680202059,60,113,0,0.0,0,0,0,
-1,4.0,1.5,186.88070720808236,70.08026520303088,15,113,0,0.0,0,0,0,
-1,4.0,1.5,186.88070720808236,70.08026520303088,30,113,0,0.0,0,0,0,
-1,4.0,1.5,186.88070720808236,70.08026520303088,60,113,0,0.0,0,0,0,
-1,0.75,0.5,34.021460551181754,22.680973700787835,15,248,3,0.012096774193548387,0,3,0,132533863388.0
-1,0.75,0.5,34.021460551181754,22.680973700787835,30,248,3,0.012096774193548387,0,3,0,132533863388.0
-1,0.75,0.5,34.021460551181754,22.680973700787835,60,248,3,0.012096774193548387,0,3,0,132533863388.0
-1,0.75,0.75,34.021460551181754,34.021460551181754,15,248,2,0.008064516129032258,0,2,0,107208174996.0
-1,0.75,0.75,34.021460551181754,34.021460551181754,30,248,2,0.008064516129032258,0,2,0,107208174996.0
-1,0.75,0.75,34.021460551181754,34.021460551181754,60,248,2,0.008064516129032258,0,2,0,107208174996.0
-1,0.75,1.0,34.021460551181754,45.36194740157567,15,248,0,0.0,0,0,0,
-1,0.75,1.0,34.021460551181754,45.36194740157567,30,248,0,0.0,0,0,0,
-1,0.75,1.0,34.021460551181754,45.36194740157567,60,248,0,0.0,0,0,0,
-1,0.75,1.5,34.021460551181754,68.04292110236351,15,248,0,0.0,0,0,0,
-1,0.75,1.5,34.021460551181754,68.04292110236351,30,248,0,0.0,0,0,0,
-1,0.75,1.5,34.021460551181754,68.04292110236351,60,248,0,0.0,0,0,0,
-1,1.0,0.5,45.36194740157567,22.680973700787835,15,248,1,0.004032258064516129,0,1,0,106997670104.0
-1,1.0,0.5,45.36194740157567,22.680973700787835,30,248,1,0.004032258064516129,0,1,0,106997670104.0
-1,1.0,0.5,45.36194740157567,22.680973700787835,60,248,1,0.004032258064516129,0,1,0,106997670104.0
-1,1.0,0.75,45.36194740157567,34.021460551181754,15,248,1,0.004032258064516129,0,1,0,102590227750.0
-1,1.0,0.75,45.36194740157567,34.021460551181754,30,248,1,0.004032258064516129,0,1,0,102590227750.0
-1,1.0,0.75,45.36194740157567,34.021460551181754,60,248,1,0.004032258064516129,0,1,0,102590227750.0
-1,1.0,1.0,45.36194740157567,45.36194740157567,15,248,0,0.0,0,0,0,
-1,1.0,1.0,45.36194740157567,45.36194740157567,30,248,0,0.0,0,0,0,
-1,1.0,1.0,45.36194740157567,45.36194740157567,60,248,0,0.0,0,0,0,
-1,1.0,1.5,45.36194740157567,68.04292110236351,15,248,0,0.0,0,0,0,
-1,1.0,1.5,45.36194740157567,68.04292110236351,30,248,0,0.0,0,0,0,
-1,1.0,1.5,45.36194740157567,68.04292110236351,60,248,0,0.0,0,0,0,
-1,1.5,0.5,68.04292110236351,22.680973700787835,15,248,1,0.004032258064516129,0,1,0,113013421020.0
-1,1.5,0.5,68.04292110236351,22.680973700787835,30,248,1,0.004032258064516129,0,1,0,113013421020.0
-1,1.5,0.5,68.04292110236351,22.680973700787835,60,248,1,0.004032258064516129,0,1,0,113013421020.0
-1,1.5,0.75,68.04292110236351,34.021460551181754,15,248,1,0.004032258064516129,0,1,0,108605978666.0
-1,1.5,0.75,68.04292110236351,34.021460551181754,30,248,1,0.004032258064516129,0,1,0,108605978666.0
-1,1.5,0.75,68.04292110236351,34.021460551181754,60,248,1,0.004032258064516129,0,1,0,108605978666.0
-1,1.5,1.0,68.04292110236351,45.36194740157567,15,248,0,0.0,0,0,0,
-1,1.5,1.0,68.04292110236351,45.36194740157567,30,248,0,0.0,0,0,0,
-1,1.5,1.0,68.04292110236351,45.36194740157567,60,248,0,0.0,0,0,0,
-1,1.5,1.5,68.04292110236351,68.04292110236351,15,248,0,0.0,0,0,0,
-1,1.5,1.5,68.04292110236351,68.04292110236351,30,248,0,0.0,0,0,0,
-1,1.5,1.5,68.04292110236351,68.04292110236351,60,248,0,0.0,0,0,0,
-1,2.0,0.5,90.72389480315134,22.680973700787835,15,248,0,0.0,0,0,0,
-1,2.0,0.5,90.72389480315134,22.680973700787835,30,248,0,0.0,0,0,0,
-1,2.0,0.5,90.72389480315134,22.680973700787835,60,248,0,0.0,0,0,0,
-1,2.0,0.75,90.72389480315134,34.021460551181754,15,248,0,0.0,0,0,0,
-1,2.0,0.75,90.72389480315134,34.021460551181754,30,248,0,0.0,0,0,0,
-1,2.0,0.75,90.72389480315134,34.021460551181754,60,248,0,0.0,0,0,0,
-1,2.0,1.0,90.72389480315134,45.36194740157567,15,248,0,0.0,0,0,0,
-1,2.0,1.0,90.72389480315134,45.36194740157567,30,248,0,0.0,0,0,0,
-1,2.0,1.0,90.72389480315134,45.36194740157567,60,248,0,0.0,0,0,0,
-1,2.0,1.5,90.72389480315134,68.04292110236351,15,248,0,0.0,0,0,0,
-1,2.0,1.5,90.72389480315134,68.04292110236351,30,248,0,0.0,0,0,0,
-1,2.0,1.5,90.72389480315134,68.04292110236351,60,248,0,0.0,0,0,0,
-1,3.0,0.5,136.08584220472702,22.680973700787835,15,248,0,0.0,0,0,0,
-1,3.0,0.5,136.08584220472702,22.680973700787835,30,248,0,0.0,0,0,0,
-1,3.0,0.5,136.08584220472702,22.680973700787835,60,248,0,0.0,0,0,0,
-1,3.0,0.75,136.08584220472702,34.021460551181754,15,248,0,0.0,0,0,0,
-1,3.0,0.75,136.08584220472702,34.021460551181754,30,248,0,0.0,0,0,0,
-1,3.0,0.75,136.08584220472702,34.021460551181754,60,248,0,0.0,0,0,0,
-1,3.0,1.0,136.08584220472702,45.36194740157567,15,248,0,0.0,0,0,0,
-1,3.0,1.0,136.08584220472702,45.36194740157567,30,248,0,0.0,0,0,0,
-1,3.0,1.0,136.08584220472702,45.36194740157567,60,248,0,0.0,0,0,0,
-1,3.0,1.5,136.08584220472702,68.04292110236351,15,248,0,0.0,0,0,0,
-1,3.0,1.5,136.08584220472702,68.04292110236351,30,248,0,0.0,0,0,0,
-1,3.0,1.5,136.08584220472702,68.04292110236351,60,248,0,0.0,0,0,0,
-1,4.0,0.5,181.44778960630268,22.680973700787835,15,248,0,0.0,0,0,0,
-1,4.0,0.5,181.44778960630268,22.680973700787835,30,248,0,0.0,0,0,0,
-1,4.0,0.5,181.44778960630268,22.680973700787835,60,248,0,0.0,0,0,0,
-1,4.0,0.75,181.44778960630268,34.021460551181754,15,248,0,0.0,0,0,0,
-1,4.0,0.75,181.44778960630268,34.021460551181754,30,248,0,0.0,0,0,0,
-1,4.0,0.75,181.44778960630268,34.021460551181754,60,248,0,0.0,0,0,0,
-1,4.0,1.0,181.44778960630268,45.36194740157567,15,248,0,0.0,0,0,0,
-1,4.0,1.0,181.44778960630268,45.36194740157567,30,248,0,0.0,0,0,0,
-1,4.0,1.0,181.44778960630268,45.36194740157567,60,248,0,0.0,0,0,0,
-1,4.0,1.5,181.44778960630268,68.04292110236351,15,248,0,0.0,0,0,0,
-1,4.0,1.5,181.44778960630268,68.04292110236351,30,248,0,0.0,0,0,0,
-1,4.0,1.5,181.44778960630268,68.04292110236351,60,248,0,0.0,0,0,0,
-1,0.75,0.5,37.562500000000504,25.041666666667002,15,15,1,0.06666666666666667,1,0,0,244498546816.0
-1,0.75,0.5,37.562500000000504,25.041666666667002,30,15,1,0.06666666666666667,1,0,0,244498546816.0
-1,0.75,0.5,37.562500000000504,25.041666666667002,60,15,1,0.06666666666666667,1,0,0,244498546816.0
-1,0.75,0.75,37.562500000000504,37.562500000000504,15,15,0,0.0,0,0,0,
-1,0.75,0.75,37.562500000000504,37.562500000000504,30,15,0,0.0,0,0,0,
-1,0.75,0.75,37.562500000000504,37.562500000000504,60,15,0,0.0,0,0,0,
-1,0.75,1.0,37.562500000000504,50.083333333334004,15,15,0,0.0,0,0,0,
-1,0.75,1.0,37.562500000000504,50.083333333334004,30,15,0,0.0,0,0,0,
-1,0.75,1.0,37.562500000000504,50.083333333334004,60,15,0,0.0,0,0,0,
-1,0.75,1.5,37.562500000000504,75.12500000000101,15,15,0,0.0,0,0,0,
-1,0.75,1.5,37.562500000000504,75.12500000000101,30,15,0,0.0,0,0,0,
-1,0.75,1.5,37.562500000000504,75.12500000000101,60,15,0,0.0,0,0,0,
-1,1.0,0.5,50.083333333334004,25.041666666667002,15,15,0,0.0,0,0,0,
-1,1.0,0.5,50.083333333334004,25.041666666667002,30,15,0,0.0,0,0,0,
-1,1.0,0.5,50.083333333334004,25.041666666667002,60,15,0,0.0,0,0,0,
-1,1.0,0.75,50.083333333334004,37.562500000000504,15,15,0,0.0,0,0,0,
-1,1.0,0.75,50.083333333334004,37.562500000000504,30,15,0,0.0,0,0,0,
-1,1.0,0.75,50.083333333334004,37.562500000000504,60,15,0,0.0,0,0,0,
-1,1.0,1.0,50.083333333334004,50.083333333334004,15,15,0,0.0,0,0,0,
-1,1.0,1.0,50.083333333334004,50.083333333334004,30,15,0,0.0,0,0,0,
-1,1.0,1.0,50.083333333334004,50.083333333334004,60,15,0,0.0,0,0,0,
-1,1.0,1.5,50.083333333334004,75.12500000000101,15,15,0,0.0,0,0,0,
-1,1.0,1.5,50.083333333334004,75.12500000000101,30,15,0,0.0,0,0,0,
-1,1.0,1.5,50.083333333334004,75.12500000000101,60,15,0,0.0,0,0,0,
-1,1.5,0.5,75.12500000000101,25.041666666667002,15,15,0,0.0,0,0,0,
-1,1.5,0.5,75.12500000000101,25.041666666667002,30,15,0,0.0,0,0,0,
-1,1.5,0.5,75.12500000000101,25.041666666667002,60,15,0,0.0,0,0,0,
-1,1.5,0.75,75.12500000000101,37.562500000000504,15,15,0,0.0,0,0,0,
-1,1.5,0.75,75.12500000000101,37.562500000000504,30,15,0,0.0,0,0,0,
-1,1.5,0.75,75.12500000000101,37.562500000000504,60,15,0,0.0,0,0,0,
-1,1.5,1.0,75.12500000000101,50.083333333334004,15,15,0,0.0,0,0,0,
-1,1.5,1.0,75.12500000000101,50.083333333334004,30,15,0,0.0,0,0,0,
-1,1.5,1.0,75.12500000000101,50.083333333334004,60,15,0,0.0,0,0,0,
-1,1.5,1.5,75.12500000000101,75.12500000000101,15,15,0,0.0,0,0,0,
-1,1.5,1.5,75.12500000000101,75.12500000000101,30,15,0,0.0,0,0,0,
-1,1.5,1.5,75.12500000000101,75.12500000000101,60,15,0,0.0,0,0,0,
-1,2.0,0.5,100.16666666666801,25.041666666667002,15,15,0,0.0,0,0,0,
-1,2.0,0.5,100.16666666666801,25.041666666667002,30,15,0,0.0,0,0,0,
-1,2.0,0.5,100.16666666666801,25.041666666667002,60,15,0,0.0,0,0,0,
-1,2.0,0.75,100.16666666666801,37.562500000000504,15,15,0,0.0,0,0,0,
-1,2.0,0.75,100.16666666666801,37.562500000000504,30,15,0,0.0,0,0,0,
-1,2.0,0.75,100.16666666666801,37.562500000000504,60,15,0,0.0,0,0,0,
-1,2.0,1.0,100.16666666666801,50.083333333334004,15,15,0,0.0,0,0,0,
-1,2.0,1.0,100.16666666666801,50.083333333334004,30,15,0,0.0,0,0,0,
-1,2.0,1.0,100.16666666666801,50.083333333334004,60,15,0,0.0,0,0,0,
-1,2.0,1.5,100.16666666666801,75.12500000000101,15,15,0,0.0,0,0,0,
-1,2.0,1.5,100.16666666666801,75.12500000000101,30,15,0,0.0,0,0,0,
-1,2.0,1.5,100.16666666666801,75.12500000000101,60,15,0,0.0,0,0,0,
-1,3.0,0.5,150.25000000000202,25.041666666667002,15,15,0,0.0,0,0,0,
-1,3.0,0.5,150.25000000000202,25.041666666667002,30,15,0,0.0,0,0,0,
-1,3.0,0.5,150.25000000000202,25.041666666667002,60,15,0,0.0,0,0,0,
-1,3.0,0.75,150.25000000000202,37.562500000000504,15,15,0,0.0,0,0,0,
-1,3.0,0.75,150.25000000000202,37.562500000000504,30,15,0,0.0,0,0,0,
-1,3.0,0.75,150.25000000000202,37.562500000000504,60,15,0,0.0,0,0,0,
-1,3.0,1.0,150.25000000000202,50.083333333334004,15,15,0,0.0,0,0,0,
-1,3.0,1.0,150.25000000000202,50.083333333334004,30,15,0,0.0,0,0,0,
-1,3.0,1.0,150.25000000000202,50.083333333334004,60,15,0,0.0,0,0,0,
-1,3.0,1.5,150.25000000000202,75.12500000000101,15,15,0,0.0,0,0,0,
-1,3.0,1.5,150.25000000000202,75.12500000000101,30,15,0,0.0,0,0,0,
-1,3.0,1.5,150.25000000000202,75.12500000000101,60,15,0,0.0,0,0,0,
-1,4.0,0.5,200.33333333333601,25.041666666667002,15,15,0,0.0,0,0,0,
-1,4.0,0.5,200.33333333333601,25.041666666667002,30,15,0,0.0,0,0,0,
-1,4.0,0.5,200.33333333333601,25.041666666667002,60,15,0,0.0,0,0,0,
-1,4.0,0.75,200.33333333333601,37.562500000000504,15,15,0,0.0,0,0,0,
-1,4.0,0.75,200.33333333333601,37.562500000000504,30,15,0,0.0,0,0,0,
-1,4.0,0.75,200.33333333333601,37.562500000000504,60,15,0,0.0,0,0,0,
-1,4.0,1.0,200.33333333333601,50.083333333334004,15,15,0,0.0,0,0,0,
-1,4.0,1.0,200.33333333333601,50.083333333334004,30,15,0,0.0,0,0,0,
-1,4.0,1.0,200.33333333333601,50.083333333334004,60,15,0,0.0,0,0,0,
-1,4.0,1.5,200.33333333333601,75.12500000000101,15,15,0,0.0,0,0,0,
-1,4.0,1.5,200.33333333333601,75.12500000000101,30,15,0,0.0,0,0,0,
-1,4.0,1.5,200.33333333333601,75.12500000000101,60,15,0,0.0,0,0,0,
-1,0.75,0.5,37.7765857649805,25.184390509987,15,117,9,0.07692307692307693,3,6,0,158764337076.0
-1,0.75,0.5,37.7765857649805,25.184390509987,30,117,9,0.07692307692307693,3,6,0,158764337076.0
-1,0.75,0.5,37.7765857649805,25.184390509987,60,117,9,0.07692307692307693,3,6,0,158764337076.0
-1,0.75,0.75,37.7765857649805,37.7765857649805,15,117,4,0.03418803418803419,3,1,0,139373556323.0
-1,0.75,0.75,37.7765857649805,37.7765857649805,30,117,4,0.03418803418803419,3,1,0,139373556323.0
-1,0.75,0.75,37.7765857649805,37.7765857649805,60,117,4,0.03418803418803419,3,1,0,139373556323.0
-1,0.75,1.0,37.7765857649805,50.368781019974,15,117,1,0.008547008547008548,1,0,0,167383397480.0
-1,0.75,1.0,37.7765857649805,50.368781019974,30,117,1,0.008547008547008548,1,0,0,167383397480.0
-1,0.75,1.0,37.7765857649805,50.368781019974,60,117,1,0.008547008547008548,1,0,0,167383397480.0
-1,0.75,1.5,37.7765857649805,75.553171529961,15,117,0,0.0,0,0,0,
-1,0.75,1.5,37.7765857649805,75.553171529961,30,117,0,0.0,0,0,0,
-1,0.75,1.5,37.7765857649805,75.553171529961,60,117,0,0.0,0,0,0,
-1,1.0,0.5,50.368781019974,25.184390509987,15,117,2,0.017094017094017096,1,1,0,119401121808.0
-1,1.0,0.5,50.368781019974,25.184390509987,30,117,2,0.017094017094017096,1,1,0,119401121808.0
-1,1.0,0.5,50.368781019974,25.184390509987,60,117,2,0.017094017094017096,1,1,0,119401121808.0
-1,1.0,0.75,50.368781019974,37.7765857649805,15,117,1,0.008547008547008548,1,0,0,167383397480.0
-1,1.0,0.75,50.368781019974,37.7765857649805,30,117,1,0.008547008547008548,1,0,0,167383397480.0
-1,1.0,0.75,50.368781019974,37.7765857649805,60,117,1,0.008547008547008548,1,0,0,167383397480.0
-1,1.0,1.0,50.368781019974,50.368781019974,15,117,0,0.0,0,0,0,
-1,1.0,1.0,50.368781019974,50.368781019974,30,117,0,0.0,0,0,0,
-1,1.0,1.0,50.368781019974,50.368781019974,60,117,0,0.0,0,0,0,
-1,1.0,1.5,50.368781019974,75.553171529961,15,117,0,0.0,0,0,0,
-1,1.0,1.5,50.368781019974,75.553171529961,30,117,0,0.0,0,0,0,
-1,1.0,1.5,50.368781019974,75.553171529961,60,117,0,0.0,0,0,0,
-1,1.5,0.5,75.553171529961,25.184390509987,15,117,0,0.0,0,0,0,
-1,1.5,0.5,75.553171529961,25.184390509987,30,117,0,0.0,0,0,0,
-1,1.5,0.5,75.553171529961,25.184390509987,60,117,0,0.0,0,0,0,
-1,1.5,0.75,75.553171529961,37.7765857649805,15,117,0,0.0,0,0,0,
-1,1.5,0.75,75.553171529961,37.7765857649805,30,117,0,0.0,0,0,0,
-1,1.5,0.75,75.553171529961,37.7765857649805,60,117,0,0.0,0,0,0,
-1,1.5,1.0,75.553171529961,50.368781019974,15,117,0,0.0,0,0,0,
-1,1.5,1.0,75.553171529961,50.368781019974,30,117,0,0.0,0,0,0,
-1,1.5,1.0,75.553171529961,50.368781019974,60,117,0,0.0,0,0,0,
-1,1.5,1.5,75.553171529961,75.553171529961,15,117,0,0.0,0,0,0,
-1,1.5,1.5,75.553171529961,75.553171529961,30,117,0,0.0,0,0,0,
-1,1.5,1.5,75.553171529961,75.553171529961,60,117,0,0.0,0,0,0,
-1,2.0,0.5,100.737562039948,25.184390509987,15,117,0,0.0,0,0,0,
-1,2.0,0.5,100.737562039948,25.184390509987,30,117,0,0.0,0,0,0,
-1,2.0,0.5,100.737562039948,25.184390509987,60,117,0,0.0,0,0,0,
-1,2.0,0.75,100.737562039948,37.7765857649805,15,117,0,0.0,0,0,0,
-1,2.0,0.75,100.737562039948,37.7765857649805,30,117,0,0.0,0,0,0,
-1,2.0,0.75,100.737562039948,37.7765857649805,60,117,0,0.0,0,0,0,
-1,2.0,1.0,100.737562039948,50.368781019974,15,117,0,0.0,0,0,0,
-1,2.0,1.0,100.737562039948,50.368781019974,30,117,0,0.0,0,0,0,
-1,2.0,1.0,100.737562039948,50.368781019974,60,117,0,0.0,0,0,0,
-1,2.0,1.5,100.737562039948,75.553171529961,15,117,0,0.0,0,0,0,
-1,2.0,1.5,100.737562039948,75.553171529961,30,117,0,0.0,0,0,0,
-1,2.0,1.5,100.737562039948,75.553171529961,60,117,0,0.0,0,0,0,
-1,3.0,0.5,151.106343059922,25.184390509987,15,117,0,0.0,0,0,0,
-1,3.0,0.5,151.106343059922,25.184390509987,30,117,0,0.0,0,0,0,
-1,3.0,0.5,151.106343059922,25.184390509987,60,117,0,0.0,0,0,0,
-1,3.0,0.75,151.106343059922,37.7765857649805,15,117,0,0.0,0,0,0,
-1,3.0,0.75,151.106343059922,37.7765857649805,30,117,0,0.0,0,0,0,
-1,3.0,0.75,151.106343059922,37.7765857649805,60,117,0,0.0,0,0,0,
-1,3.0,1.0,151.106343059922,50.368781019974,15,117,0,0.0,0,0,0,
-1,3.0,1.0,151.106343059922,50.368781019974,30,117,0,0.0,0,0,0,
-1,3.0,1.0,151.106343059922,50.368781019974,60,117,0,0.0,0,0,0,
-1,3.0,1.5,151.106343059922,75.553171529961,15,117,0,0.0,0,0,0,
-1,3.0,1.5,151.106343059922,75.553171529961,30,117,0,0.0,0,0,0,
-1,3.0,1.5,151.106343059922,75.553171529961,60,117,0,0.0,0,0,0,
-1,4.0,0.5,201.475124079896,25.184390509987,15,117,0,0.0,0,0,0,
-1,4.0,0.5,201.475124079896,25.184390509987,30,117,0,0.0,0,0,0,
-1,4.0,0.5,201.475124079896,25.184390509987,60,117,0,0.0,0,0,0,
-1,4.0,0.75,201.475124079896,37.7765857649805,15,117,0,0.0,0,0,0,
-1,4.0,0.75,201.475124079896,37.7765857649805,30,117,0,0.0,0,0,0,
-1,4.0,0.75,201.475124079896,37.7765857649805,60,117,0,0.0,0,0,0,
-1,4.0,1.0,201.475124079896,50.368781019974,15,117,0,0.0,0,0,0,
-1,4.0,1.0,201.475124079896,50.368781019974,30,117,0,0.0,0,0,0,
-1,4.0,1.0,201.475124079896,50.368781019974,60,117,0,0.0,0,0,0,
-1,4.0,1.5,201.475124079896,75.553171529961,15,117,0,0.0,0,0,0,
-1,4.0,1.5,201.475124079896,75.553171529961,30,117,0,0.0,0,0,0,
-1,4.0,1.5,201.475124079896,75.553171529961,60,117,0,0.0,0,0,0,
-1,0.75,0.5,34.3330846145316,22.888723076354403,15,36,3,0.08333333333333333,1,2,0,96517932368.0
-1,0.75,0.5,34.3330846145316,22.888723076354403,30,36,3,0.08333333333333333,1,2,0,96517932368.0
-1,0.75,0.5,34.3330846145316,22.888723076354403,60,36,3,0.08333333333333333,1,2,0,96517932368.0
-1,0.75,0.75,34.3330846145316,34.3330846145316,15,36,1,0.027777777777777776,0,1,0,87104093310.0
-1,0.75,0.75,34.3330846145316,34.3330846145316,30,36,1,0.027777777777777776,0,1,0,87104093310.0
-1,0.75,0.75,34.3330846145316,34.3330846145316,60,36,1,0.027777777777777776,0,1,0,87104093310.0
-1,0.75,1.0,34.3330846145316,45.777446152708805,15,36,1,0.027777777777777776,0,1,0,85815569454.0
-1,0.75,1.0,34.3330846145316,45.777446152708805,30,36,1,0.027777777777777776,0,1,0,85815569454.0
-1,0.75,1.0,34.3330846145316,45.777446152708805,60,36,1,0.027777777777777776,0,1,0,85815569454.0
-1,0.75,1.5,34.3330846145316,68.6661692290632,15,36,2,0.05555555555555555,0,2,0,87562381564.0
-1,0.75,1.5,34.3330846145316,68.6661692290632,30,36,2,0.05555555555555555,0,2,0,87562381564.0
-1,0.75,1.5,34.3330846145316,68.6661692290632,60,36,2,0.05555555555555555,0,2,0,87562381564.0
-1,1.0,0.5,45.777446152708805,22.888723076354403,15,36,1,0.027777777777777776,0,1,0,94645142892.0
-1,1.0,0.5,45.777446152708805,22.888723076354403,30,36,1,0.027777777777777776,0,1,0,94645142892.0
-1,1.0,0.5,45.777446152708805,22.888723076354403,60,36,1,0.027777777777777776,0,1,0,94645142892.0
-1,1.0,0.75,45.777446152708805,34.3330846145316,15,36,1,0.027777777777777776,0,1,0,94645142892.0
-1,1.0,0.75,45.777446152708805,34.3330846145316,30,36,1,0.027777777777777776,0,1,0,94645142892.0
-1,1.0,0.75,45.777446152708805,34.3330846145316,60,36,1,0.027777777777777776,0,1,0,94645142892.0
-1,1.0,1.0,45.777446152708805,45.777446152708805,15,36,1,0.027777777777777776,0,1,0,93356619036.0
-1,1.0,1.0,45.777446152708805,45.777446152708805,30,36,1,0.027777777777777776,0,1,0,93356619036.0
-1,1.0,1.0,45.777446152708805,45.777446152708805,60,36,1,0.027777777777777776,0,1,0,93356619036.0
-1,1.0,1.5,45.777446152708805,68.6661692290632,15,36,2,0.05555555555555555,0,2,0,113918449170.0
-1,1.0,1.5,45.777446152708805,68.6661692290632,30,36,2,0.05555555555555555,0,2,0,113918449170.0
-1,1.0,1.5,45.777446152708805,68.6661692290632,60,36,2,0.05555555555555555,0,2,0,113918449170.0
-1,1.5,0.5,68.6661692290632,22.888723076354403,15,36,0,0.0,0,0,0,
-1,1.5,0.5,68.6661692290632,22.888723076354403,30,36,0,0.0,0,0,0,
-1,1.5,0.5,68.6661692290632,22.888723076354403,60,36,0,0.0,0,0,0,
-1,1.5,0.75,68.6661692290632,34.3330846145316,15,36,0,0.0,0,0,0,
-1,1.5,0.75,68.6661692290632,34.3330846145316,30,36,0,0.0,0,0,0,
-1,1.5,0.75,68.6661692290632,34.3330846145316,60,36,0,0.0,0,0,0,
-1,1.5,1.0,68.6661692290632,45.777446152708805,15,36,0,0.0,0,0,0,
-1,1.5,1.0,68.6661692290632,45.777446152708805,30,36,0,0.0,0,0,0,
-1,1.5,1.0,68.6661692290632,45.777446152708805,60,36,0,0.0,0,0,0,
-1,1.5,1.5,68.6661692290632,68.6661692290632,15,36,0,0.0,0,0,0,
-1,1.5,1.5,68.6661692290632,68.6661692290632,30,36,0,0.0,0,0,0,
-1,1.5,1.5,68.6661692290632,68.6661692290632,60,36,0,0.0,0,0,0,
-1,2.0,0.5,91.55489230541761,22.888723076354403,15,36,0,0.0,0,0,0,
-1,2.0,0.5,91.55489230541761,22.888723076354403,30,36,0,0.0,0,0,0,
-1,2.0,0.5,91.55489230541761,22.888723076354403,60,36,0,0.0,0,0,0,
-1,2.0,0.75,91.55489230541761,34.3330846145316,15,36,0,0.0,0,0,0,
-1,2.0,0.75,91.55489230541761,34.3330846145316,30,36,0,0.0,0,0,0,
-1,2.0,0.75,91.55489230541761,34.3330846145316,60,36,0,0.0,0,0,0,
-1,2.0,1.0,91.55489230541761,45.777446152708805,15,36,0,0.0,0,0,0,
-1,2.0,1.0,91.55489230541761,45.777446152708805,30,36,0,0.0,0,0,0,
-1,2.0,1.0,91.55489230541761,45.777446152708805,60,36,0,0.0,0,0,0,
-1,2.0,1.5,91.55489230541761,68.6661692290632,15,36,0,0.0,0,0,0,
-1,2.0,1.5,91.55489230541761,68.6661692290632,30,36,0,0.0,0,0,0,
-1,2.0,1.5,91.55489230541761,68.6661692290632,60,36,0,0.0,0,0,0,
-1,3.0,0.5,137.3323384581264,22.888723076354403,15,36,0,0.0,0,0,0,
-1,3.0,0.5,137.3323384581264,22.888723076354403,30,36,0,0.0,0,0,0,
-1,3.0,0.5,137.3323384581264,22.888723076354403,60,36,0,0.0,0,0,0,
-1,3.0,0.75,137.3323384581264,34.3330846145316,15,36,0,0.0,0,0,0,
-1,3.0,0.75,137.3323384581264,34.3330846145316,30,36,0,0.0,0,0,0,
-1,3.0,0.75,137.3323384581264,34.3330846145316,60,36,0,0.0,0,0,0,
-1,3.0,1.0,137.3323384581264,45.777446152708805,15,36,0,0.0,0,0,0,
-1,3.0,1.0,137.3323384581264,45.777446152708805,30,36,0,0.0,0,0,0,
-1,3.0,1.0,137.3323384581264,45.777446152708805,60,36,0,0.0,0,0,0,
-1,3.0,1.5,137.3323384581264,68.6661692290632,15,36,0,0.0,0,0,0,
-1,3.0,1.5,137.3323384581264,68.6661692290632,30,36,0,0.0,0,0,0,
-1,3.0,1.5,137.3323384581264,68.6661692290632,60,36,0,0.0,0,0,0,
-1,4.0,0.5,183.10978461083522,22.888723076354403,15,36,0,0.0,0,0,0,
-1,4.0,0.5,183.10978461083522,22.888723076354403,30,36,0,0.0,0,0,0,
-1,4.0,0.5,183.10978461083522,22.888723076354403,60,36,0,0.0,0,0,0,
-1,4.0,0.75,183.10978461083522,34.3330846145316,15,36,0,0.0,0,0,0,
-1,4.0,0.75,183.10978461083522,34.3330846145316,30,36,0,0.0,0,0,0,
-1,4.0,0.75,183.10978461083522,34.3330846145316,60,36,0,0.0,0,0,0,
-1,4.0,1.0,183.10978461083522,45.777446152708805,15,36,0,0.0,0,0,0,
-1,4.0,1.0,183.10978461083522,45.777446152708805,30,36,0,0.0,0,0,0,
-1,4.0,1.0,183.10978461083522,45.777446152708805,60,36,0,0.0,0,0,0,
-1,4.0,1.5,183.10978461083522,68.6661692290632,15,36,0,0.0,0,0,0,
-1,4.0,1.5,183.10978461083522,68.6661692290632,30,36,0,0.0,0,0,0,
-1,4.0,1.5,183.10978461083522,68.6661692290632,60,36,0,0.0,0,0,0,
-1,0.75,0.5,35.22173068208638,23.481153788057586,15,194,3,0.015463917525773196,0,3,0,196412585038.0
-1,0.75,0.5,35.22173068208638,23.481153788057586,30,194,3,0.015463917525773196,0,3,0,196412585038.0
-1,0.75,0.5,35.22173068208638,23.481153788057586,60,194,3,0.015463917525773196,0,3,0,196412585038.0
-1,0.75,0.75,35.22173068208638,35.22173068208638,15,194,1,0.005154639175257732,0,1,0,128249715130.0
-1,0.75,0.75,35.22173068208638,35.22173068208638,30,194,1,0.005154639175257732,0,1,0,128249715130.0
-1,0.75,0.75,35.22173068208638,35.22173068208638,60,194,1,0.005154639175257732,0,1,0,128249715130.0
-1,0.75,1.0,35.22173068208638,46.96230757611517,15,194,1,0.005154639175257732,0,1,0,127307737390.0
-1,0.75,1.0,35.22173068208638,46.96230757611517,30,194,1,0.005154639175257732,0,1,0,127307737390.0
-1,0.75,1.0,35.22173068208638,46.96230757611517,60,194,1,0.005154639175257732,0,1,0,127307737390.0
-1,0.75,1.5,35.22173068208638,70.44346136417276,15,194,0,0.0,0,0,0,
-1,0.75,1.5,35.22173068208638,70.44346136417276,30,194,0,0.0,0,0,0,
-1,0.75,1.5,35.22173068208638,70.44346136417276,60,194,0,0.0,0,0,0,
-1,1.0,0.5,46.96230757611517,23.481153788057586,15,194,2,0.010309278350515464,0,2,0,192495837737.0
-1,1.0,0.5,46.96230757611517,23.481153788057586,30,194,2,0.010309278350515464,0,2,0,192495837737.0
-1,1.0,0.5,46.96230757611517,23.481153788057586,60,194,2,0.010309278350515464,0,2,0,192495837737.0
-1,1.0,0.75,46.96230757611517,35.22173068208638,15,194,1,0.005154639175257732,0,1,0,130461179212.0
-1,1.0,0.75,46.96230757611517,35.22173068208638,30,194,1,0.005154639175257732,0,1,0,130461179212.0
-1,1.0,0.75,46.96230757611517,35.22173068208638,60,194,1,0.005154639175257732,0,1,0,130461179212.0
-1,1.0,1.0,46.96230757611517,46.96230757611517,15,194,1,0.005154639175257732,0,1,0,129519201472.0
-1,1.0,1.0,46.96230757611517,46.96230757611517,30,194,1,0.005154639175257732,0,1,0,129519201472.0
-1,1.0,1.0,46.96230757611517,46.96230757611517,60,194,1,0.005154639175257732,0,1,0,129519201472.0
-1,1.0,1.5,46.96230757611517,70.44346136417276,15,194,0,0.0,0,0,0,
-1,1.0,1.5,46.96230757611517,70.44346136417276,30,194,0,0.0,0,0,0,
-1,1.0,1.5,46.96230757611517,70.44346136417276,60,194,0,0.0,0,0,0,
-1,1.5,0.5,70.44346136417276,23.481153788057586,15,194,0,0.0,0,0,0,
-1,1.5,0.5,70.44346136417276,23.481153788057586,30,194,0,0.0,0,0,0,
-1,1.5,0.5,70.44346136417276,23.481153788057586,60,194,0,0.0,0,0,0,
-1,1.5,0.75,70.44346136417276,35.22173068208638,15,194,0,0.0,0,0,0,
-1,1.5,0.75,70.44346136417276,35.22173068208638,30,194,0,0.0,0,0,0,
-1,1.5,0.75,70.44346136417276,35.22173068208638,60,194,0,0.0,0,0,0,
-1,1.5,1.0,70.44346136417276,46.96230757611517,15,194,0,0.0,0,0,0,
-1,1.5,1.0,70.44346136417276,46.96230757611517,30,194,0,0.0,0,0,0,
-1,1.5,1.0,70.44346136417276,46.96230757611517,60,194,0,0.0,0,0,0,
-1,1.5,1.5,70.44346136417276,70.44346136417276,15,194,0,0.0,0,0,0,
-1,1.5,1.5,70.44346136417276,70.44346136417276,30,194,0,0.0,0,0,0,
-1,1.5,1.5,70.44346136417276,70.44346136417276,60,194,0,0.0,0,0,0,
-1,2.0,0.5,93.92461515223034,23.481153788057586,15,194,0,0.0,0,0,0,
-1,2.0,0.5,93.92461515223034,23.481153788057586,30,194,0,0.0,0,0,0,
-1,2.0,0.5,93.92461515223034,23.481153788057586,60,194,0,0.0,0,0,0,
-1,2.0,0.75,93.92461515223034,35.22173068208638,15,194,0,0.0,0,0,0,
-1,2.0,0.75,93.92461515223034,35.22173068208638,30,194,0,0.0,0,0,0,
-1,2.0,0.75,93.92461515223034,35.22173068208638,60,194,0,0.0,0,0,0,
-1,2.0,1.0,93.92461515223034,46.96230757611517,15,194,0,0.0,0,0,0,
-1,2.0,1.0,93.92461515223034,46.96230757611517,30,194,0,0.0,0,0,0,
-1,2.0,1.0,93.92461515223034,46.96230757611517,60,194,0,0.0,0,0,0,
-1,2.0,1.5,93.92461515223034,70.44346136417276,15,194,0,0.0,0,0,0,
-1,2.0,1.5,93.92461515223034,70.44346136417276,30,194,0,0.0,0,0,0,
-1,2.0,1.5,93.92461515223034,70.44346136417276,60,194,0,0.0,0,0,0,
-1,3.0,0.5,140.88692272834552,23.481153788057586,15,194,0,0.0,0,0,0,
-1,3.0,0.5,140.88692272834552,23.481153788057586,30,194,0,0.0,0,0,0,
-1,3.0,0.5,140.88692272834552,23.481153788057586,60,194,0,0.0,0,0,0,
-1,3.0,0.75,140.88692272834552,35.22173068208638,15,194,0,0.0,0,0,0,
-1,3.0,0.75,140.88692272834552,35.22173068208638,30,194,0,0.0,0,0,0,
-1,3.0,0.75,140.88692272834552,35.22173068208638,60,194,0,0.0,0,0,0,
-1,3.0,1.0,140.88692272834552,46.96230757611517,15,194,0,0.0,0,0,0,
-1,3.0,1.0,140.88692272834552,46.96230757611517,30,194,0,0.0,0,0,0,
-1,3.0,1.0,140.88692272834552,46.96230757611517,60,194,0,0.0,0,0,0,
-1,3.0,1.5,140.88692272834552,70.44346136417276,15,194,0,0.0,0,0,0,
-1,3.0,1.5,140.88692272834552,70.44346136417276,30,194,0,0.0,0,0,0,
-1,3.0,1.5,140.88692272834552,70.44346136417276,60,194,0,0.0,0,0,0,
-1,4.0,0.5,187.8492303044607,23.481153788057586,15,194,0,0.0,0,0,0,
-1,4.0,0.5,187.8492303044607,23.481153788057586,30,194,0,0.0,0,0,0,
-1,4.0,0.5,187.8492303044607,23.481153788057586,60,194,0,0.0,0,0,0,
-1,4.0,0.75,187.8492303044607,35.22173068208638,15,194,0,0.0,0,0,0,
-1,4.0,0.75,187.8492303044607,35.22173068208638,30,194,0,0.0,0,0,0,
-1,4.0,0.75,187.8492303044607,35.22173068208638,60,194,0,0.0,0,0,0,
-1,4.0,1.0,187.8492303044607,46.96230757611517,15,194,0,0.0,0,0,0,
-1,4.0,1.0,187.8492303044607,46.96230757611517,30,194,0,0.0,0,0,0,
-1,4.0,1.0,187.8492303044607,46.96230757611517,60,194,0,0.0,0,0,0,
-1,4.0,1.5,187.8492303044607,70.44346136417276,15,194,0,0.0,0,0,0,
-1,4.0,1.5,187.8492303044607,70.44346136417276,30,194,0,0.0,0,0,0,
-1,4.0,1.5,187.8492303044607,70.44346136417276,60,194,0,0.0,0,0,0,
-1,0.75,0.5,34.69690541332676,23.131270275551174,15,22,0,0.0,0,0,0,
-1,0.75,0.5,34.69690541332676,23.131270275551174,30,22,0,0.0,0,0,0,
-1,0.75,0.5,34.69690541332676,23.131270275551174,60,22,0,0.0,0,0,0,
-1,0.75,0.75,34.69690541332676,34.69690541332676,15,22,0,0.0,0,0,0,
-1,0.75,0.75,34.69690541332676,34.69690541332676,30,22,0,0.0,0,0,0,
-1,0.75,0.75,34.69690541332676,34.69690541332676,60,22,0,0.0,0,0,0,
-1,0.75,1.0,34.69690541332676,46.26254055110235,15,22,0,0.0,0,0,0,
-1,0.75,1.0,34.69690541332676,46.26254055110235,30,22,0,0.0,0,0,0,
-1,0.75,1.0,34.69690541332676,46.26254055110235,60,22,0,0.0,0,0,0,
-1,0.75,1.5,34.69690541332676,69.39381082665352,15,22,0,0.0,0,0,0,
-1,0.75,1.5,34.69690541332676,69.39381082665352,30,22,0,0.0,0,0,0,
-1,0.75,1.5,34.69690541332676,69.39381082665352,60,22,0,0.0,0,0,0,
-1,1.0,0.5,46.26254055110235,23.131270275551174,15,22,0,0.0,0,0,0,
-1,1.0,0.5,46.26254055110235,23.131270275551174,30,22,0,0.0,0,0,0,
-1,1.0,0.5,46.26254055110235,23.131270275551174,60,22,0,0.0,0,0,0,
-1,1.0,0.75,46.26254055110235,34.69690541332676,15,22,0,0.0,0,0,0,
-1,1.0,0.75,46.26254055110235,34.69690541332676,30,22,0,0.0,0,0,0,
-1,1.0,0.75,46.26254055110235,34.69690541332676,60,22,0,0.0,0,0,0,
-1,1.0,1.0,46.26254055110235,46.26254055110235,15,22,0,0.0,0,0,0,
-1,1.0,1.0,46.26254055110235,46.26254055110235,30,22,0,0.0,0,0,0,
-1,1.0,1.0,46.26254055110235,46.26254055110235,60,22,0,0.0,0,0,0,
-1,1.0,1.5,46.26254055110235,69.39381082665352,15,22,0,0.0,0,0,0,
-1,1.0,1.5,46.26254055110235,69.39381082665352,30,22,0,0.0,0,0,0,
-1,1.0,1.5,46.26254055110235,69.39381082665352,60,22,0,0.0,0,0,0,
-1,1.5,0.5,69.39381082665352,23.131270275551174,15,22,0,0.0,0,0,0,
-1,1.5,0.5,69.39381082665352,23.131270275551174,30,22,0,0.0,0,0,0,
-1,1.5,0.5,69.39381082665352,23.131270275551174,60,22,0,0.0,0,0,0,
-1,1.5,0.75,69.39381082665352,34.69690541332676,15,22,0,0.0,0,0,0,
-1,1.5,0.75,69.39381082665352,34.69690541332676,30,22,0,0.0,0,0,0,
-1,1.5,0.75,69.39381082665352,34.69690541332676,60,22,0,0.0,0,0,0,
-1,1.5,1.0,69.39381082665352,46.26254055110235,15,22,0,0.0,0,0,0,
-1,1.5,1.0,69.39381082665352,46.26254055110235,30,22,0,0.0,0,0,0,
-1,1.5,1.0,69.39381082665352,46.26254055110235,60,22,0,0.0,0,0,0,
-1,1.5,1.5,69.39381082665352,69.39381082665352,15,22,0,0.0,0,0,0,
-1,1.5,1.5,69.39381082665352,69.39381082665352,30,22,0,0.0,0,0,0,
-1,1.5,1.5,69.39381082665352,69.39381082665352,60,22,0,0.0,0,0,0,
-1,2.0,0.5,92.5250811022047,23.131270275551174,15,22,1,0.045454545454545456,0,1,0,205636001788.0
-1,2.0,0.5,92.5250811022047,23.131270275551174,30,22,1,0.045454545454545456,0,1,0,205636001788.0
-1,2.0,0.5,92.5250811022047,23.131270275551174,60,22,1,0.045454545454545456,0,1,0,205636001788.0
-1,2.0,0.75,92.5250811022047,34.69690541332676,15,22,0,0.0,0,0,0,
-1,2.0,0.75,92.5250811022047,34.69690541332676,30,22,0,0.0,0,0,0,
-1,2.0,0.75,92.5250811022047,34.69690541332676,60,22,0,0.0,0,0,0,
-1,2.0,1.0,92.5250811022047,46.26254055110235,15,22,0,0.0,0,0,0,
-1,2.0,1.0,92.5250811022047,46.26254055110235,30,22,0,0.0,0,0,0,
-1,2.0,1.0,92.5250811022047,46.26254055110235,60,22,0,0.0,0,0,0,
-1,2.0,1.5,92.5250811022047,69.39381082665352,15,22,0,0.0,0,0,0,
-1,2.0,1.5,92.5250811022047,69.39381082665352,30,22,0,0.0,0,0,0,
-1,2.0,1.5,92.5250811022047,69.39381082665352,60,22,0,0.0,0,0,0,
-1,3.0,0.5,138.78762165330704,23.131270275551174,15,22,0,0.0,0,0,0,
-1,3.0,0.5,138.78762165330704,23.131270275551174,30,22,0,0.0,0,0,0,
-1,3.0,0.5,138.78762165330704,23.131270275551174,60,22,0,0.0,0,0,0,
-1,3.0,0.75,138.78762165330704,34.69690541332676,15,22,0,0.0,0,0,0,
-1,3.0,0.75,138.78762165330704,34.69690541332676,30,22,0,0.0,0,0,0,
-1,3.0,0.75,138.78762165330704,34.69690541332676,60,22,0,0.0,0,0,0,
-1,3.0,1.0,138.78762165330704,46.26254055110235,15,22,0,0.0,0,0,0,
-1,3.0,1.0,138.78762165330704,46.26254055110235,30,22,0,0.0,0,0,0,
-1,3.0,1.0,138.78762165330704,46.26254055110235,60,22,0,0.0,0,0,0,
-1,3.0,1.5,138.78762165330704,69.39381082665352,15,22,0,0.0,0,0,0,
-1,3.0,1.5,138.78762165330704,69.39381082665352,30,22,0,0.0,0,0,0,
-1,3.0,1.5,138.78762165330704,69.39381082665352,60,22,0,0.0,0,0,0,
-1,4.0,0.5,185.0501622044094,23.131270275551174,15,22,0,0.0,0,0,0,
-1,4.0,0.5,185.0501622044094,23.131270275551174,30,22,0,0.0,0,0,0,
-1,4.0,0.5,185.0501622044094,23.131270275551174,60,22,0,0.0,0,0,0,
-1,4.0,0.75,185.0501622044094,34.69690541332676,15,22,0,0.0,0,0,0,
-1,4.0,0.75,185.0501622044094,34.69690541332676,30,22,0,0.0,0,0,0,
-1,4.0,0.75,185.0501622044094,34.69690541332676,60,22,0,0.0,0,0,0,
-1,4.0,1.0,185.0501622044094,46.26254055110235,15,22,0,0.0,0,0,0,
-1,4.0,1.0,185.0501622044094,46.26254055110235,30,22,0,0.0,0,0,0,
-1,4.0,1.0,185.0501622044094,46.26254055110235,60,22,0,0.0,0,0,0,
-1,4.0,1.5,185.0501622044094,69.39381082665352,15,22,0,0.0,0,0,0,
-1,4.0,1.5,185.0501622044094,69.39381082665352,30,22,0,0.0,0,0,0,
-1,4.0,1.5,185.0501622044094,69.39381082665352,60,22,0,0.0,0,0,0,
-1,0.75,0.5,38.64768501472748,25.765123343151654,15,127,6,0.047244094488188976,3,3,0,162845182909.0
-1,0.75,0.5,38.64768501472748,25.765123343151654,30,127,6,0.047244094488188976,3,3,0,162845182909.0
-1,0.75,0.5,38.64768501472748,25.765123343151654,60,127,6,0.047244094488188976,3,3,0,162845182909.0
-1,0.75,0.75,38.64768501472748,38.64768501472748,15,127,2,0.015748031496062992,1,1,0,131829267195.0
-1,0.75,0.75,38.64768501472748,38.64768501472748,30,127,2,0.015748031496062992,1,1,0,131829267195.0
-1,0.75,0.75,38.64768501472748,38.64768501472748,60,127,2,0.015748031496062992,1,1,0,131829267195.0
-1,0.75,1.0,38.64768501472748,51.53024668630331,15,127,1,0.007874015748031496,1,0,0,208300539564.0
-1,0.75,1.0,38.64768501472748,51.53024668630331,30,127,1,0.007874015748031496,1,0,0,208300539564.0
-1,0.75,1.0,38.64768501472748,51.53024668630331,60,127,1,0.007874015748031496,1,0,0,208300539564.0
-1,0.75,1.5,38.64768501472748,77.29537002945496,15,127,1,0.007874015748031496,1,0,0,218346355800.0
-1,0.75,1.5,38.64768501472748,77.29537002945496,30,127,1,0.007874015748031496,1,0,0,218346355800.0
-1,0.75,1.5,38.64768501472748,77.29537002945496,60,127,1,0.007874015748031496,1,0,0,218346355800.0
-1,1.0,0.5,51.53024668630331,25.765123343151654,15,127,2,0.015748031496062992,1,1,0,208920734011.0
-1,1.0,0.5,51.53024668630331,25.765123343151654,30,127,2,0.015748031496062992,1,1,0,208920734011.0
-1,1.0,0.5,51.53024668630331,25.765123343151654,60,127,2,0.015748031496062992,1,1,0,208920734011.0
-1,1.0,0.75,51.53024668630331,38.64768501472748,15,127,1,0.007874015748031496,1,0,0,241067593516.0
-1,1.0,0.75,51.53024668630331,38.64768501472748,30,127,1,0.007874015748031496,1,0,0,241067593516.0
-1,1.0,0.75,51.53024668630331,38.64768501472748,60,127,1,0.007874015748031496,1,0,0,241067593516.0
-1,1.0,1.0,51.53024668630331,51.53024668630331,15,127,0,0.0,0,0,0,
-1,1.0,1.0,51.53024668630331,51.53024668630331,30,127,0,0.0,0,0,0,
-1,1.0,1.0,51.53024668630331,51.53024668630331,60,127,0,0.0,0,0,0,
-1,1.0,1.5,51.53024668630331,77.29537002945496,15,127,0,0.0,0,0,0,
-1,1.0,1.5,51.53024668630331,77.29537002945496,30,127,0,0.0,0,0,0,
-1,1.0,1.5,51.53024668630331,77.29537002945496,60,127,0,0.0,0,0,0,
-1,1.5,0.5,77.29537002945496,25.765123343151654,15,127,1,0.007874015748031496,1,0,0,214858897926.0
-1,1.5,0.5,77.29537002945496,25.765123343151654,30,127,1,0.007874015748031496,1,0,0,214858897926.0
-1,1.5,0.5,77.29537002945496,25.765123343151654,60,127,1,0.007874015748031496,1,0,0,214858897926.0
-1,1.5,0.75,77.29537002945496,38.64768501472748,15,127,1,0.007874015748031496,1,0,0,240953008812.0
-1,1.5,0.75,77.29537002945496,38.64768501472748,30,127,1,0.007874015748031496,1,0,0,240953008812.0
-1,1.5,0.75,77.29537002945496,38.64768501472748,60,127,1,0.007874015748031496,1,0,0,240953008812.0
-1,1.5,1.0,77.29537002945496,51.53024668630331,15,127,0,0.0,0,0,0,
-1,1.5,1.0,77.29537002945496,51.53024668630331,30,127,0,0.0,0,0,0,
-1,1.5,1.0,77.29537002945496,51.53024668630331,60,127,0,0.0,0,0,0,
-1,1.5,1.5,77.29537002945496,77.29537002945496,15,127,0,0.0,0,0,0,
-1,1.5,1.5,77.29537002945496,77.29537002945496,30,127,0,0.0,0,0,0,
-1,1.5,1.5,77.29537002945496,77.29537002945496,60,127,0,0.0,0,0,0,
-1,2.0,0.5,103.06049337260662,25.765123343151654,15,127,0,0.0,0,0,0,
-1,2.0,0.5,103.06049337260662,25.765123343151654,30,127,0,0.0,0,0,0,
-1,2.0,0.5,103.06049337260662,25.765123343151654,60,127,0,0.0,0,0,0,
-1,2.0,0.75,103.06049337260662,38.64768501472748,15,127,0,0.0,0,0,0,
-1,2.0,0.75,103.06049337260662,38.64768501472748,30,127,0,0.0,0,0,0,
-1,2.0,0.75,103.06049337260662,38.64768501472748,60,127,0,0.0,0,0,0,
-1,2.0,1.0,103.06049337260662,51.53024668630331,15,127,0,0.0,0,0,0,
-1,2.0,1.0,103.06049337260662,51.53024668630331,30,127,0,0.0,0,0,0,
-1,2.0,1.0,103.06049337260662,51.53024668630331,60,127,0,0.0,0,0,0,
-1,2.0,1.5,103.06049337260662,77.29537002945496,15,127,0,0.0,0,0,0,
-1,2.0,1.5,103.06049337260662,77.29537002945496,30,127,0,0.0,0,0,0,
-1,2.0,1.5,103.06049337260662,77.29537002945496,60,127,0,0.0,0,0,0,
-1,3.0,0.5,154.59074005890992,25.765123343151654,15,127,0,0.0,0,0,0,
-1,3.0,0.5,154.59074005890992,25.765123343151654,30,127,0,0.0,0,0,0,
-1,3.0,0.5,154.59074005890992,25.765123343151654,60,127,0,0.0,0,0,0,
-1,3.0,0.75,154.59074005890992,38.64768501472748,15,127,0,0.0,0,0,0,
-1,3.0,0.75,154.59074005890992,38.64768501472748,30,127,0,0.0,0,0,0,
-1,3.0,0.75,154.59074005890992,38.64768501472748,60,127,0,0.0,0,0,0,
-1,3.0,1.0,154.59074005890992,51.53024668630331,15,127,0,0.0,0,0,0,
-1,3.0,1.0,154.59074005890992,51.53024668630331,30,127,0,0.0,0,0,0,
-1,3.0,1.0,154.59074005890992,51.53024668630331,60,127,0,0.0,0,0,0,
-1,3.0,1.5,154.59074005890992,77.29537002945496,15,127,0,0.0,0,0,0,
-1,3.0,1.5,154.59074005890992,77.29537002945496,30,127,0,0.0,0,0,0,
-1,3.0,1.5,154.59074005890992,77.29537002945496,60,127,0,0.0,0,0,0,
-1,4.0,0.5,206.12098674521323,25.765123343151654,15,127,0,0.0,0,0,0,
-1,4.0,0.5,206.12098674521323,25.765123343151654,30,127,0,0.0,0,0,0,
-1,4.0,0.5,206.12098674521323,25.765123343151654,60,127,0,0.0,0,0,0,
-1,4.0,0.75,206.12098674521323,38.64768501472748,15,127,0,0.0,0,0,0,
-1,4.0,0.75,206.12098674521323,38.64768501472748,30,127,0,0.0,0,0,0,
-1,4.0,0.75,206.12098674521323,38.64768501472748,60,127,0,0.0,0,0,0,
-1,4.0,1.0,206.12098674521323,51.53024668630331,15,127,0,0.0,0,0,0,
-1,4.0,1.0,206.12098674521323,51.53024668630331,30,127,0,0.0,0,0,0,
-1,4.0,1.0,206.12098674521323,51.53024668630331,60,127,0,0.0,0,0,0,
-1,4.0,1.5,206.12098674521323,77.29537002945496,15,127,0,0.0,0,0,0,
-1,4.0,1.5,206.12098674521323,77.29537002945496,30,127,0,0.0,0,0,0,
-1,4.0,1.5,206.12098674521323,77.29537002945496,60,127,0,0.0,0,0,0,
-1,0.75,0.5,35.47312867827326,23.648752452182176,15,35,1,0.02857142857142857,1,0,0,62127661190.0
-1,0.75,0.5,35.47312867827326,23.648752452182176,30,35,1,0.02857142857142857,1,0,0,62127661190.0
-1,0.75,0.5,35.47312867827326,23.648752452182176,60,32,1,0.03125,1,0,0,62127661190.0
-1,0.75,0.75,35.47312867827326,35.47312867827326,15,35,2,0.05714285714285714,2,0,0,64336699234.0
-1,0.75,0.75,35.47312867827326,35.47312867827326,30,35,2,0.05714285714285714,2,0,0,64336699234.0
-1,0.75,0.75,35.47312867827326,35.47312867827326,60,32,2,0.0625,2,0,0,64336699234.0
-1,0.75,1.0,35.47312867827326,47.29750490436435,15,35,2,0.05714285714285714,2,0,0,104641064700.0
-1,0.75,1.0,35.47312867827326,47.29750490436435,30,35,2,0.05714285714285714,2,0,0,104641064700.0
-1,0.75,1.0,35.47312867827326,47.29750490436435,60,32,2,0.0625,2,0,0,104641064700.0
-1,0.75,1.5,35.47312867827326,70.94625735654652,15,35,2,0.05714285714285714,2,0,0,116621501452.0
-1,0.75,1.5,35.47312867827326,70.94625735654652,30,35,2,0.05714285714285714,2,0,0,116621501452.0
-1,0.75,1.5,35.47312867827326,70.94625735654652,60,32,2,0.0625,2,0,0,116621501452.0
-1,1.0,0.5,47.29750490436435,23.648752452182176,15,35,0,0.0,0,0,0,
-1,1.0,0.5,47.29750490436435,23.648752452182176,30,35,0,0.0,0,0,0,
-1,1.0,0.5,47.29750490436435,23.648752452182176,60,32,0,0.0,0,0,0,
-1,1.0,0.75,47.29750490436435,35.47312867827326,15,35,0,0.0,0,0,0,
-1,1.0,0.75,47.29750490436435,35.47312867827326,30,35,0,0.0,0,0,0,
-1,1.0,0.75,47.29750490436435,35.47312867827326,60,32,0,0.0,0,0,0,
-1,1.0,1.0,47.29750490436435,47.29750490436435,15,35,0,0.0,0,0,0,
-1,1.0,1.0,47.29750490436435,47.29750490436435,30,35,0,0.0,0,0,0,
-1,1.0,1.0,47.29750490436435,47.29750490436435,60,32,0,0.0,0,0,0,
-1,1.0,1.5,47.29750490436435,70.94625735654652,15,35,0,0.0,0,0,0,
-1,1.0,1.5,47.29750490436435,70.94625735654652,30,35,0,0.0,0,0,0,
-1,1.0,1.5,47.29750490436435,70.94625735654652,60,32,0,0.0,0,0,0,
-1,1.5,0.5,70.94625735654652,23.648752452182176,15,35,0,0.0,0,0,0,
-1,1.5,0.5,70.94625735654652,23.648752452182176,30,35,0,0.0,0,0,0,
-1,1.5,0.5,70.94625735654652,23.648752452182176,60,32,0,0.0,0,0,0,
-1,1.5,0.75,70.94625735654652,35.47312867827326,15,35,0,0.0,0,0,0,
-1,1.5,0.75,70.94625735654652,35.47312867827326,30,35,0,0.0,0,0,0,
-1,1.5,0.75,70.94625735654652,35.47312867827326,60,32,0,0.0,0,0,0,
-1,1.5,1.0,70.94625735654652,47.29750490436435,15,35,0,0.0,0,0,0,
-1,1.5,1.0,70.94625735654652,47.29750490436435,30,35,0,0.0,0,0,0,
-1,1.5,1.0,70.94625735654652,47.29750490436435,60,32,0,0.0,0,0,0,
-1,1.5,1.5,70.94625735654652,70.94625735654652,15,35,0,0.0,0,0,0,
-1,1.5,1.5,70.94625735654652,70.94625735654652,30,35,0,0.0,0,0,0,
-1,1.5,1.5,70.94625735654652,70.94625735654652,60,32,0,0.0,0,0,0,
-1,2.0,0.5,94.5950098087287,23.648752452182176,15,35,0,0.0,0,0,0,
-1,2.0,0.5,94.5950098087287,23.648752452182176,30,35,0,0.0,0,0,0,
-1,2.0,0.5,94.5950098087287,23.648752452182176,60,32,0,0.0,0,0,0,
-1,2.0,0.75,94.5950098087287,35.47312867827326,15,35,0,0.0,0,0,0,
-1,2.0,0.75,94.5950098087287,35.47312867827326,30,35,0,0.0,0,0,0,
-1,2.0,0.75,94.5950098087287,35.47312867827326,60,32,0,0.0,0,0,0,
-1,2.0,1.0,94.5950098087287,47.29750490436435,15,35,0,0.0,0,0,0,
-1,2.0,1.0,94.5950098087287,47.29750490436435,30,35,0,0.0,0,0,0,
-1,2.0,1.0,94.5950098087287,47.29750490436435,60,32,0,0.0,0,0,0,
-1,2.0,1.5,94.5950098087287,70.94625735654652,15,35,0,0.0,0,0,0,
-1,2.0,1.5,94.5950098087287,70.94625735654652,30,35,0,0.0,0,0,0,
-1,2.0,1.5,94.5950098087287,70.94625735654652,60,32,0,0.0,0,0,0,
-1,3.0,0.5,141.89251471309305,23.648752452182176,15,35,0,0.0,0,0,0,
-1,3.0,0.5,141.89251471309305,23.648752452182176,30,35,0,0.0,0,0,0,
-1,3.0,0.5,141.89251471309305,23.648752452182176,60,32,0,0.0,0,0,0,
-1,3.0,0.75,141.89251471309305,35.47312867827326,15,35,0,0.0,0,0,0,
-1,3.0,0.75,141.89251471309305,35.47312867827326,30,35,0,0.0,0,0,0,
-1,3.0,0.75,141.89251471309305,35.47312867827326,60,32,0,0.0,0,0,0,
-1,3.0,1.0,141.89251471309305,47.29750490436435,15,35,0,0.0,0,0,0,
-1,3.0,1.0,141.89251471309305,47.29750490436435,30,35,0,0.0,0,0,0,
-1,3.0,1.0,141.89251471309305,47.29750490436435,60,32,0,0.0,0,0,0,
-1,3.0,1.5,141.89251471309305,70.94625735654652,15,35,0,0.0,0,0,0,
-1,3.0,1.5,141.89251471309305,70.94625735654652,30,35,0,0.0,0,0,0,
-1,3.0,1.5,141.89251471309305,70.94625735654652,60,32,0,0.0,0,0,0,
-1,4.0,0.5,189.1900196174574,23.648752452182176,15,35,0,0.0,0,0,0,
-1,4.0,0.5,189.1900196174574,23.648752452182176,30,35,0,0.0,0,0,0,
-1,4.0,0.5,189.1900196174574,23.648752452182176,60,32,0,0.0,0,0,0,
-1,4.0,0.75,189.1900196174574,35.47312867827326,15,35,0,0.0,0,0,0,
-1,4.0,0.75,189.1900196174574,35.47312867827326,30,35,0,0.0,0,0,0,
-1,4.0,0.75,189.1900196174574,35.47312867827326,60,32,0,0.0,0,0,0,
-1,4.0,1.0,189.1900196174574,47.29750490436435,15,35,0,0.0,0,0,0,
-1,4.0,1.0,189.1900196174574,47.29750490436435,30,35,0,0.0,0,0,0,
-1,4.0,1.0,189.1900196174574,47.29750490436435,60,32,0,0.0,0,0,0,
-1,4.0,1.5,189.1900196174574,70.94625735654652,15,35,0,0.0,0,0,0,
-1,4.0,1.5,189.1900196174574,70.94625735654652,30,35,0,0.0,0,0,0,
-1,4.0,1.5,189.1900196174574,70.94625735654652,60,32,0,0.0,0,0,0,
-1,0.75,0.5,35.507059082306284,23.671372721537523,15,32,0,0.0,0,0,0,
-1,0.75,0.5,35.507059082306284,23.671372721537523,30,29,0,0.0,0,0,0,
-1,0.75,0.5,35.507059082306284,23.671372721537523,60,23,0,0.0,0,0,0,
-1,0.75,0.75,35.507059082306284,35.507059082306284,15,32,0,0.0,0,0,0,
-1,0.75,0.75,35.507059082306284,35.507059082306284,30,29,0,0.0,0,0,0,
-1,0.75,0.75,35.507059082306284,35.507059082306284,60,23,0,0.0,0,0,0,
-1,0.75,1.0,35.507059082306284,47.342745443075046,15,32,0,0.0,0,0,0,
-1,0.75,1.0,35.507059082306284,47.342745443075046,30,29,0,0.0,0,0,0,
-1,0.75,1.0,35.507059082306284,47.342745443075046,60,23,0,0.0,0,0,0,
-1,0.75,1.5,35.507059082306284,71.01411816461257,15,32,0,0.0,0,0,0,
-1,0.75,1.5,35.507059082306284,71.01411816461257,30,29,0,0.0,0,0,0,
-1,0.75,1.5,35.507059082306284,71.01411816461257,60,23,0,0.0,0,0,0,
-1,1.0,0.5,47.342745443075046,23.671372721537523,15,32,0,0.0,0,0,0,
-1,1.0,0.5,47.342745443075046,23.671372721537523,30,29,0,0.0,0,0,0,
-1,1.0,0.5,47.342745443075046,23.671372721537523,60,23,0,0.0,0,0,0,
-1,1.0,0.75,47.342745443075046,35.507059082306284,15,32,0,0.0,0,0,0,
-1,1.0,0.75,47.342745443075046,35.507059082306284,30,29,0,0.0,0,0,0,
-1,1.0,0.75,47.342745443075046,35.507059082306284,60,23,0,0.0,0,0,0,
-1,1.0,1.0,47.342745443075046,47.342745443075046,15,32,0,0.0,0,0,0,
-1,1.0,1.0,47.342745443075046,47.342745443075046,30,29,0,0.0,0,0,0,
-1,1.0,1.0,47.342745443075046,47.342745443075046,60,23,0,0.0,0,0,0,
-1,1.0,1.5,47.342745443075046,71.01411816461257,15,32,0,0.0,0,0,0,
-1,1.0,1.5,47.342745443075046,71.01411816461257,30,29,0,0.0,0,0,0,
-1,1.0,1.5,47.342745443075046,71.01411816461257,60,23,0,0.0,0,0,0,
-1,1.5,0.5,71.01411816461257,23.671372721537523,15,32,0,0.0,0,0,0,
-1,1.5,0.5,71.01411816461257,23.671372721537523,30,29,0,0.0,0,0,0,
-1,1.5,0.5,71.01411816461257,23.671372721537523,60,23,0,0.0,0,0,0,
-1,1.5,0.75,71.01411816461257,35.507059082306284,15,32,0,0.0,0,0,0,
-1,1.5,0.75,71.01411816461257,35.507059082306284,30,29,0,0.0,0,0,0,
-1,1.5,0.75,71.01411816461257,35.507059082306284,60,23,0,0.0,0,0,0,
-1,1.5,1.0,71.01411816461257,47.342745443075046,15,32,0,0.0,0,0,0,
-1,1.5,1.0,71.01411816461257,47.342745443075046,30,29,0,0.0,0,0,0,
-1,1.5,1.0,71.01411816461257,47.342745443075046,60,23,0,0.0,0,0,0,
-1,1.5,1.5,71.01411816461257,71.01411816461257,15,32,0,0.0,0,0,0,
-1,1.5,1.5,71.01411816461257,71.01411816461257,30,29,0,0.0,0,0,0,
-1,1.5,1.5,71.01411816461257,71.01411816461257,60,23,0,0.0,0,0,0,
-1,2.0,0.5,94.68549088615009,23.671372721537523,15,32,0,0.0,0,0,0,
-1,2.0,0.5,94.68549088615009,23.671372721537523,30,29,0,0.0,0,0,0,
-1,2.0,0.5,94.68549088615009,23.671372721537523,60,23,0,0.0,0,0,0,
-1,2.0,0.75,94.68549088615009,35.507059082306284,15,32,0,0.0,0,0,0,
-1,2.0,0.75,94.68549088615009,35.507059082306284,30,29,0,0.0,0,0,0,
-1,2.0,0.75,94.68549088615009,35.507059082306284,60,23,0,0.0,0,0,0,
-1,2.0,1.0,94.68549088615009,47.342745443075046,15,32,0,0.0,0,0,0,
-1,2.0,1.0,94.68549088615009,47.342745443075046,30,29,0,0.0,0,0,0,
-1,2.0,1.0,94.68549088615009,47.342745443075046,60,23,0,0.0,0,0,0,
-1,2.0,1.5,94.68549088615009,71.01411816461257,15,32,0,0.0,0,0,0,
-1,2.0,1.5,94.68549088615009,71.01411816461257,30,29,0,0.0,0,0,0,
-1,2.0,1.5,94.68549088615009,71.01411816461257,60,23,0,0.0,0,0,0,
-1,3.0,0.5,142.02823632922514,23.671372721537523,15,32,0,0.0,0,0,0,
-1,3.0,0.5,142.02823632922514,23.671372721537523,30,29,0,0.0,0,0,0,
-1,3.0,0.5,142.02823632922514,23.671372721537523,60,23,0,0.0,0,0,0,
-1,3.0,0.75,142.02823632922514,35.507059082306284,15,32,0,0.0,0,0,0,
-1,3.0,0.75,142.02823632922514,35.507059082306284,30,29,0,0.0,0,0,0,
-1,3.0,0.75,142.02823632922514,35.507059082306284,60,23,0,0.0,0,0,0,
-1,3.0,1.0,142.02823632922514,47.342745443075046,15,32,0,0.0,0,0,0,
-1,3.0,1.0,142.02823632922514,47.342745443075046,30,29,0,0.0,0,0,0,
-1,3.0,1.0,142.02823632922514,47.342745443075046,60,23,0,0.0,0,0,0,
-1,3.0,1.5,142.02823632922514,71.01411816461257,15,32,0,0.0,0,0,0,
-1,3.0,1.5,142.02823632922514,71.01411816461257,30,29,0,0.0,0,0,0,
-1,3.0,1.5,142.02823632922514,71.01411816461257,60,23,0,0.0,0,0,0,
-1,4.0,0.5,189.37098177230018,23.671372721537523,15,32,0,0.0,0,0,0,
-1,4.0,0.5,189.37098177230018,23.671372721537523,30,29,0,0.0,0,0,0,
-1,4.0,0.5,189.37098177230018,23.671372721537523,60,23,0,0.0,0,0,0,
-1,4.0,0.75,189.37098177230018,35.507059082306284,15,32,0,0.0,0,0,0,
-1,4.0,0.75,189.37098177230018,35.507059082306284,30,29,0,0.0,0,0,0,
-1,4.0,0.75,189.37098177230018,35.507059082306284,60,23,0,0.0,0,0,0,
-1,4.0,1.0,189.37098177230018,47.342745443075046,15,32,0,0.0,0,0,0,
-1,4.0,1.0,189.37098177230018,47.342745443075046,30,29,0,0.0,0,0,0,
-1,4.0,1.0,189.37098177230018,47.342745443075046,60,23,0,0.0,0,0,0,
-1,4.0,1.5,189.37098177230018,71.01411816461257,15,32,0,0.0,0,0,0,
-1,4.0,1.5,189.37098177230018,71.01411816461257,30,29,0,0.0,0,0,0,
-1,4.0,1.5,189.37098177230018,71.01411816461257,60,23,0,0.0,0,0,0,
-1,0.75,0.5,34.16053737850683,22.773691585671223,15,101,1,0.009900990099009901,0,1,0,270692593104.0
-1,0.75,0.5,34.16053737850683,22.773691585671223,30,101,1,0.009900990099009901,0,1,0,270692593104.0
-1,0.75,0.5,34.16053737850683,22.773691585671223,60,93,1,0.010752688172043012,0,1,0,270692593104.0
-1,0.75,0.75,34.16053737850683,34.16053737850683,15,101,0,0.0,0,0,0,
-1,0.75,0.75,34.16053737850683,34.16053737850683,30,101,0,0.0,0,0,0,
-1,0.75,0.75,34.16053737850683,34.16053737850683,60,93,0,0.0,0,0,0,
-1,0.75,1.0,34.16053737850683,45.547383171342446,15,101,0,0.0,0,0,0,
-1,0.75,1.0,34.16053737850683,45.547383171342446,30,101,0,0.0,0,0,0,
-1,0.75,1.0,34.16053737850683,45.547383171342446,60,93,0,0.0,0,0,0,
-1,0.75,1.5,34.16053737850683,68.32107475701366,15,101,0,0.0,0,0,0,
-1,0.75,1.5,34.16053737850683,68.32107475701366,30,101,0,0.0,0,0,0,
-1,0.75,1.5,34.16053737850683,68.32107475701366,60,93,0,0.0,0,0,0,
-1,1.0,0.5,45.547383171342446,22.773691585671223,15,101,0,0.0,0,0,0,
-1,1.0,0.5,45.547383171342446,22.773691585671223,30,101,0,0.0,0,0,0,
-1,1.0,0.5,45.547383171342446,22.773691585671223,60,93,0,0.0,0,0,0,
-1,1.0,0.75,45.547383171342446,34.16053737850683,15,101,0,0.0,0,0,0,
-1,1.0,0.75,45.547383171342446,34.16053737850683,30,101,0,0.0,0,0,0,
-1,1.0,0.75,45.547383171342446,34.16053737850683,60,93,0,0.0,0,0,0,
-1,1.0,1.0,45.547383171342446,45.547383171342446,15,101,0,0.0,0,0,0,
-1,1.0,1.0,45.547383171342446,45.547383171342446,30,101,0,0.0,0,0,0,
-1,1.0,1.0,45.547383171342446,45.547383171342446,60,93,0,0.0,0,0,0,
-1,1.0,1.5,45.547383171342446,68.32107475701366,15,101,0,0.0,0,0,0,
-1,1.0,1.5,45.547383171342446,68.32107475701366,30,101,0,0.0,0,0,0,
-1,1.0,1.5,45.547383171342446,68.32107475701366,60,93,0,0.0,0,0,0,
-1,1.5,0.5,68.32107475701366,22.773691585671223,15,101,0,0.0,0,0,0,
-1,1.5,0.5,68.32107475701366,22.773691585671223,30,101,0,0.0,0,0,0,
-1,1.5,0.5,68.32107475701366,22.773691585671223,60,93,0,0.0,0,0,0,
-1,1.5,0.75,68.32107475701366,34.16053737850683,15,101,0,0.0,0,0,0,
-1,1.5,0.75,68.32107475701366,34.16053737850683,30,101,0,0.0,0,0,0,
-1,1.5,0.75,68.32107475701366,34.16053737850683,60,93,0,0.0,0,0,0,
-1,1.5,1.0,68.32107475701366,45.547383171342446,15,101,0,0.0,0,0,0,
-1,1.5,1.0,68.32107475701366,45.547383171342446,30,101,0,0.0,0,0,0,
-1,1.5,1.0,68.32107475701366,45.547383171342446,60,93,0,0.0,0,0,0,
-1,1.5,1.5,68.32107475701366,68.32107475701366,15,101,0,0.0,0,0,0,
-1,1.5,1.5,68.32107475701366,68.32107475701366,30,101,0,0.0,0,0,0,
-1,1.5,1.5,68.32107475701366,68.32107475701366,60,93,0,0.0,0,0,0,
-1,2.0,0.5,91.09476634268489,22.773691585671223,15,101,0,0.0,0,0,0,
-1,2.0,0.5,91.09476634268489,22.773691585671223,30,101,0,0.0,0,0,0,
-1,2.0,0.5,91.09476634268489,22.773691585671223,60,93,0,0.0,0,0,0,
-1,2.0,0.75,91.09476634268489,34.16053737850683,15,101,0,0.0,0,0,0,
-1,2.0,0.75,91.09476634268489,34.16053737850683,30,101,0,0.0,0,0,0,
-1,2.0,0.75,91.09476634268489,34.16053737850683,60,93,0,0.0,0,0,0,
-1,2.0,1.0,91.09476634268489,45.547383171342446,15,101,0,0.0,0,0,0,
-1,2.0,1.0,91.09476634268489,45.547383171342446,30,101,0,0.0,0,0,0,
-1,2.0,1.0,91.09476634268489,45.547383171342446,60,93,0,0.0,0,0,0,
-1,2.0,1.5,91.09476634268489,68.32107475701366,15,101,0,0.0,0,0,0,
-1,2.0,1.5,91.09476634268489,68.32107475701366,30,101,0,0.0,0,0,0,
-1,2.0,1.5,91.09476634268489,68.32107475701366,60,93,0,0.0,0,0,0,
-1,3.0,0.5,136.64214951402732,22.773691585671223,15,101,0,0.0,0,0,0,
-1,3.0,0.5,136.64214951402732,22.773691585671223,30,101,0,0.0,0,0,0,
-1,3.0,0.5,136.64214951402732,22.773691585671223,60,93,0,0.0,0,0,0,
-1,3.0,0.75,136.64214951402732,34.16053737850683,15,101,0,0.0,0,0,0,
-1,3.0,0.75,136.64214951402732,34.16053737850683,30,101,0,0.0,0,0,0,
-1,3.0,0.75,136.64214951402732,34.16053737850683,60,93,0,0.0,0,0,0,
-1,3.0,1.0,136.64214951402732,45.547383171342446,15,101,0,0.0,0,0,0,
-1,3.0,1.0,136.64214951402732,45.547383171342446,30,101,0,0.0,0,0,0,
-1,3.0,1.0,136.64214951402732,45.547383171342446,60,93,0,0.0,0,0,0,
-1,3.0,1.5,136.64214951402732,68.32107475701366,15,101,0,0.0,0,0,0,
-1,3.0,1.5,136.64214951402732,68.32107475701366,30,101,0,0.0,0,0,0,
-1,3.0,1.5,136.64214951402732,68.32107475701366,60,93,0,0.0,0,0,0,
-1,4.0,0.5,182.18953268536978,22.773691585671223,15,101,0,0.0,0,0,0,
-1,4.0,0.5,182.18953268536978,22.773691585671223,30,101,0,0.0,0,0,0,
-1,4.0,0.5,182.18953268536978,22.773691585671223,60,93,0,0.0,0,0,0,
-1,4.0,0.75,182.18953268536978,34.16053737850683,15,101,0,0.0,0,0,0,
-1,4.0,0.75,182.18953268536978,34.16053737850683,30,101,0,0.0,0,0,0,
-1,4.0,0.75,182.18953268536978,34.16053737850683,60,93,0,0.0,0,0,0,
-1,4.0,1.0,182.18953268536978,45.547383171342446,15,101,0,0.0,0,0,0,
-1,4.0,1.0,182.18953268536978,45.547383171342446,30,101,0,0.0,0,0,0,
-1,4.0,1.0,182.18953268536978,45.547383171342446,60,93,0,0.0,0,0,0,
-1,4.0,1.5,182.18953268536978,68.32107475701366,15,101,0,0.0,0,0,0,
-1,4.0,1.5,182.18953268536978,68.32107475701366,30,101,0,0.0,0,0,0,
-1,4.0,1.5,182.18953268536978,68.32107475701366,60,93,0,0.0,0,0,0,
-1,0.75,0.5,47.54829538398031,31.698863589320208,15,18,0,0.0,0,0,0,
-1,0.75,0.5,47.54829538398031,31.698863589320208,30,18,0,0.0,0,0,0,
-1,0.75,0.5,47.54829538398031,31.698863589320208,60,18,0,0.0,0,0,0,
-1,0.75,0.75,47.54829538398031,47.54829538398031,15,18,0,0.0,0,0,0,
-1,0.75,0.75,47.54829538398031,47.54829538398031,30,18,0,0.0,0,0,0,
-1,0.75,0.75,47.54829538398031,47.54829538398031,60,18,0,0.0,0,0,0,
-1,0.75,1.0,47.54829538398031,63.397727178640416,15,18,0,0.0,0,0,0,
-1,0.75,1.0,47.54829538398031,63.397727178640416,30,18,0,0.0,0,0,0,
-1,0.75,1.0,47.54829538398031,63.397727178640416,60,18,0,0.0,0,0,0,
-1,0.75,1.5,47.54829538398031,95.09659076796062,15,18,0,0.0,0,0,0,
-1,0.75,1.5,47.54829538398031,95.09659076796062,30,18,0,0.0,0,0,0,
-1,0.75,1.5,47.54829538398031,95.09659076796062,60,18,0,0.0,0,0,0,
-1,1.0,0.5,63.397727178640416,31.698863589320208,15,18,0,0.0,0,0,0,
-1,1.0,0.5,63.397727178640416,31.698863589320208,30,18,0,0.0,0,0,0,
-1,1.0,0.5,63.397727178640416,31.698863589320208,60,18,0,0.0,0,0,0,
-1,1.0,0.75,63.397727178640416,47.54829538398031,15,18,0,0.0,0,0,0,
-1,1.0,0.75,63.397727178640416,47.54829538398031,30,18,0,0.0,0,0,0,
-1,1.0,0.75,63.397727178640416,47.54829538398031,60,18,0,0.0,0,0,0,
-1,1.0,1.0,63.397727178640416,63.397727178640416,15,18,0,0.0,0,0,0,
-1,1.0,1.0,63.397727178640416,63.397727178640416,30,18,0,0.0,0,0,0,
-1,1.0,1.0,63.397727178640416,63.397727178640416,60,18,0,0.0,0,0,0,
-1,1.0,1.5,63.397727178640416,95.09659076796062,15,18,0,0.0,0,0,0,
-1,1.0,1.5,63.397727178640416,95.09659076796062,30,18,0,0.0,0,0,0,
-1,1.0,1.5,63.397727178640416,95.09659076796062,60,18,0,0.0,0,0,0,
-1,1.5,0.5,95.09659076796062,31.698863589320208,15,18,0,0.0,0,0,0,
-1,1.5,0.5,95.09659076796062,31.698863589320208,30,18,0,0.0,0,0,0,
-1,1.5,0.5,95.09659076796062,31.698863589320208,60,18,0,0.0,0,0,0,
-1,1.5,0.75,95.09659076796062,47.54829538398031,15,18,0,0.0,0,0,0,
-1,1.5,0.75,95.09659076796062,47.54829538398031,30,18,0,0.0,0,0,0,
-1,1.5,0.75,95.09659076796062,47.54829538398031,60,18,0,0.0,0,0,0,
-1,1.5,1.0,95.09659076796062,63.397727178640416,15,18,0,0.0,0,0,0,
-1,1.5,1.0,95.09659076796062,63.397727178640416,30,18,0,0.0,0,0,0,
-1,1.5,1.0,95.09659076796062,63.397727178640416,60,18,0,0.0,0,0,0,
-1,1.5,1.5,95.09659076796062,95.09659076796062,15,18,0,0.0,0,0,0,
-1,1.5,1.5,95.09659076796062,95.09659076796062,30,18,0,0.0,0,0,0,
-1,1.5,1.5,95.09659076796062,95.09659076796062,60,18,0,0.0,0,0,0,
-1,2.0,0.5,126.79545435728083,31.698863589320208,15,18,0,0.0,0,0,0,
-1,2.0,0.5,126.79545435728083,31.698863589320208,30,18,0,0.0,0,0,0,
-1,2.0,0.5,126.79545435728083,31.698863589320208,60,18,0,0.0,0,0,0,
-1,2.0,0.75,126.79545435728083,47.54829538398031,15,18,0,0.0,0,0,0,
-1,2.0,0.75,126.79545435728083,47.54829538398031,30,18,0,0.0,0,0,0,
-1,2.0,0.75,126.79545435728083,47.54829538398031,60,18,0,0.0,0,0,0,
-1,2.0,1.0,126.79545435728083,63.397727178640416,15,18,0,0.0,0,0,0,
-1,2.0,1.0,126.79545435728083,63.397727178640416,30,18,0,0.0,0,0,0,
-1,2.0,1.0,126.79545435728083,63.397727178640416,60,18,0,0.0,0,0,0,
-1,2.0,1.5,126.79545435728083,95.09659076796062,15,18,0,0.0,0,0,0,
-1,2.0,1.5,126.79545435728083,95.09659076796062,30,18,0,0.0,0,0,0,
-1,2.0,1.5,126.79545435728083,95.09659076796062,60,18,0,0.0,0,0,0,
-1,3.0,0.5,190.19318153592124,31.698863589320208,15,18,0,0.0,0,0,0,
-1,3.0,0.5,190.19318153592124,31.698863589320208,30,18,0,0.0,0,0,0,
-1,3.0,0.5,190.19318153592124,31.698863589320208,60,18,0,0.0,0,0,0,
-1,3.0,0.75,190.19318153592124,47.54829538398031,15,18,0,0.0,0,0,0,
-1,3.0,0.75,190.19318153592124,47.54829538398031,30,18,0,0.0,0,0,0,
-1,3.0,0.75,190.19318153592124,47.54829538398031,60,18,0,0.0,0,0,0,
-1,3.0,1.0,190.19318153592124,63.397727178640416,15,18,0,0.0,0,0,0,
-1,3.0,1.0,190.19318153592124,63.397727178640416,30,18,0,0.0,0,0,0,
-1,3.0,1.0,190.19318153592124,63.397727178640416,60,18,0,0.0,0,0,0,
-1,3.0,1.5,190.19318153592124,95.09659076796062,15,18,0,0.0,0,0,0,
-1,3.0,1.5,190.19318153592124,95.09659076796062,30,18,0,0.0,0,0,0,
-1,3.0,1.5,190.19318153592124,95.09659076796062,60,18,0,0.0,0,0,0,
-1,4.0,0.5,253.59090871456166,31.698863589320208,15,18,0,0.0,0,0,0,
-1,4.0,0.5,253.59090871456166,31.698863589320208,30,18,0,0.0,0,0,0,
-1,4.0,0.5,253.59090871456166,31.698863589320208,60,18,0,0.0,0,0,0,
-1,4.0,0.75,253.59090871456166,47.54829538398031,15,18,0,0.0,0,0,0,
-1,4.0,0.75,253.59090871456166,47.54829538398031,30,18,0,0.0,0,0,0,
-1,4.0,0.75,253.59090871456166,47.54829538398031,60,18,0,0.0,0,0,0,
-1,4.0,1.0,253.59090871456166,63.397727178640416,15,18,0,0.0,0,0,0,
-1,4.0,1.0,253.59090871456166,63.397727178640416,30,18,0,0.0,0,0,0,
-1,4.0,1.0,253.59090871456166,63.397727178640416,60,18,0,0.0,0,0,0,
-1,4.0,1.5,253.59090871456166,95.09659076796062,15,18,0,0.0,0,0,0,
-1,4.0,1.5,253.59090871456166,95.09659076796062,30,18,0,0.0,0,0,0,
-1,4.0,1.5,253.59090871456166,95.09659076796062,60,18,0,0.0,0,0,0,
-1,0.75,0.5,50.51747573202111,33.67831715468074,15,196,5,0.025510204081632654,1,4,0,158810999902.0
-1,0.75,0.5,50.51747573202111,33.67831715468074,30,196,5,0.025510204081632654,1,4,0,158810999902.0
-1,0.75,0.5,50.51747573202111,33.67831715468074,60,196,5,0.025510204081632654,1,4,0,158810999902.0
-1,0.75,0.75,50.51747573202111,50.51747573202111,15,196,4,0.02040816326530612,1,3,0,174369565207.0
-1,0.75,0.75,50.51747573202111,50.51747573202111,30,196,4,0.02040816326530612,1,3,0,174369565207.0
-1,0.75,0.75,50.51747573202111,50.51747573202111,60,196,4,0.02040816326530612,1,3,0,174369565207.0
-1,0.75,1.0,50.51747573202111,67.35663430936148,15,196,2,0.01020408163265306,1,1,0,175070137307.0
-1,0.75,1.0,50.51747573202111,67.35663430936148,30,196,2,0.01020408163265306,1,1,0,175070137307.0
-1,0.75,1.0,50.51747573202111,67.35663430936148,60,196,2,0.01020408163265306,1,1,0,175070137307.0
-1,0.75,1.5,50.51747573202111,101.03495146404222,15,196,0,0.0,0,0,0,
-1,0.75,1.5,50.51747573202111,101.03495146404222,30,196,0,0.0,0,0,0,
-1,0.75,1.5,50.51747573202111,101.03495146404222,60,196,0,0.0,0,0,0,
-1,1.0,0.5,67.35663430936148,33.67831715468074,15,196,1,0.00510204081632653,0,1,0,164290166620.0
-1,1.0,0.5,67.35663430936148,33.67831715468074,30,196,1,0.00510204081632653,0,1,0,164290166620.0
-1,1.0,0.5,67.35663430936148,33.67831715468074,60,196,1,0.00510204081632653,0,1,0,164290166620.0
-1,1.0,0.75,67.35663430936148,50.51747573202111,15,196,1,0.00510204081632653,0,1,0,158201160940.0
-1,1.0,0.75,67.35663430936148,50.51747573202111,30,196,1,0.00510204081632653,0,1,0,158201160940.0
-1,1.0,0.75,67.35663430936148,50.51747573202111,60,196,1,0.00510204081632653,0,1,0,158201160940.0
-1,1.0,1.0,67.35663430936148,67.35663430936148,15,196,0,0.0,0,0,0,
-1,1.0,1.0,67.35663430936148,67.35663430936148,30,196,0,0.0,0,0,0,
-1,1.0,1.0,67.35663430936148,67.35663430936148,60,196,0,0.0,0,0,0,
-1,1.0,1.5,67.35663430936148,101.03495146404222,15,196,0,0.0,0,0,0,
-1,1.0,1.5,67.35663430936148,101.03495146404222,30,196,0,0.0,0,0,0,
-1,1.0,1.5,67.35663430936148,101.03495146404222,60,196,0,0.0,0,0,0,
-1,1.5,0.5,101.03495146404222,33.67831715468074,15,196,0,0.0,0,0,0,
-1,1.5,0.5,101.03495146404222,33.67831715468074,30,196,0,0.0,0,0,0,
-1,1.5,0.5,101.03495146404222,33.67831715468074,60,196,0,0.0,0,0,0,
-1,1.5,0.75,101.03495146404222,50.51747573202111,15,196,0,0.0,0,0,0,
-1,1.5,0.75,101.03495146404222,50.51747573202111,30,196,0,0.0,0,0,0,
-1,1.5,0.75,101.03495146404222,50.51747573202111,60,196,0,0.0,0,0,0,
-1,1.5,1.0,101.03495146404222,67.35663430936148,15,196,0,0.0,0,0,0,
-1,1.5,1.0,101.03495146404222,67.35663430936148,30,196,0,0.0,0,0,0,
-1,1.5,1.0,101.03495146404222,67.35663430936148,60,196,0,0.0,0,0,0,
-1,1.5,1.5,101.03495146404222,101.03495146404222,15,196,0,0.0,0,0,0,
-1,1.5,1.5,101.03495146404222,101.03495146404222,30,196,0,0.0,0,0,0,
-1,1.5,1.5,101.03495146404222,101.03495146404222,60,196,0,0.0,0,0,0,
-1,2.0,0.5,134.71326861872296,33.67831715468074,15,196,0,0.0,0,0,0,
-1,2.0,0.5,134.71326861872296,33.67831715468074,30,196,0,0.0,0,0,0,
-1,2.0,0.5,134.71326861872296,33.67831715468074,60,196,0,0.0,0,0,0,
-1,2.0,0.75,134.71326861872296,50.51747573202111,15,196,0,0.0,0,0,0,
-1,2.0,0.75,134.71326861872296,50.51747573202111,30,196,0,0.0,0,0,0,
-1,2.0,0.75,134.71326861872296,50.51747573202111,60,196,0,0.0,0,0,0,
-1,2.0,1.0,134.71326861872296,67.35663430936148,15,196,0,0.0,0,0,0,
-1,2.0,1.0,134.71326861872296,67.35663430936148,30,196,0,0.0,0,0,0,
-1,2.0,1.0,134.71326861872296,67.35663430936148,60,196,0,0.0,0,0,0,
-1,2.0,1.5,134.71326861872296,101.03495146404222,15,196,0,0.0,0,0,0,
-1,2.0,1.5,134.71326861872296,101.03495146404222,30,196,0,0.0,0,0,0,
-1,2.0,1.5,134.71326861872296,101.03495146404222,60,196,0,0.0,0,0,0,
-1,3.0,0.5,202.06990292808445,33.67831715468074,15,196,0,0.0,0,0,0,
-1,3.0,0.5,202.06990292808445,33.67831715468074,30,196,0,0.0,0,0,0,
-1,3.0,0.5,202.06990292808445,33.67831715468074,60,196,0,0.0,0,0,0,
-1,3.0,0.75,202.06990292808445,50.51747573202111,15,196,0,0.0,0,0,0,
-1,3.0,0.75,202.06990292808445,50.51747573202111,30,196,0,0.0,0,0,0,
-1,3.0,0.75,202.06990292808445,50.51747573202111,60,196,0,0.0,0,0,0,
-1,3.0,1.0,202.06990292808445,67.35663430936148,15,196,0,0.0,0,0,0,
-1,3.0,1.0,202.06990292808445,67.35663430936148,30,196,0,0.0,0,0,0,
-1,3.0,1.0,202.06990292808445,67.35663430936148,60,196,0,0.0,0,0,0,
-1,3.0,1.5,202.06990292808445,101.03495146404222,15,196,0,0.0,0,0,0,
-1,3.0,1.5,202.06990292808445,101.03495146404222,30,196,0,0.0,0,0,0,
-1,3.0,1.5,202.06990292808445,101.03495146404222,60,196,0,0.0,0,0,0,
-1,4.0,0.5,269.4265372374459,33.67831715468074,15,196,0,0.0,0,0,0,
-1,4.0,0.5,269.4265372374459,33.67831715468074,30,196,0,0.0,0,0,0,
-1,4.0,0.5,269.4265372374459,33.67831715468074,60,196,0,0.0,0,0,0,
-1,4.0,0.75,269.4265372374459,50.51747573202111,15,196,0,0.0,0,0,0,
-1,4.0,0.75,269.4265372374459,50.51747573202111,30,196,0,0.0,0,0,0,
-1,4.0,0.75,269.4265372374459,50.51747573202111,60,196,0,0.0,0,0,0,
-1,4.0,1.0,269.4265372374459,67.35663430936148,15,196,0,0.0,0,0,0,
-1,4.0,1.0,269.4265372374459,67.35663430936148,30,196,0,0.0,0,0,0,
-1,4.0,1.0,269.4265372374459,67.35663430936148,60,196,0,0.0,0,0,0,
-1,4.0,1.5,269.4265372374459,101.03495146404222,15,196,0,0.0,0,0,0,
-1,4.0,1.5,269.4265372374459,101.03495146404222,30,196,0,0.0,0,0,0,
-1,4.0,1.5,269.4265372374459,101.03495146404222,60,196,0,0.0,0,0,0,
-1,0.75,0.5,50.91303697051312,33.94202464700874,15,127,6,0.047244094488188976,2,4,0,172119190959.0
-1,0.75,0.5,50.91303697051312,33.94202464700874,30,127,6,0.047244094488188976,2,4,0,172119190959.0
-1,0.75,0.5,50.91303697051312,33.94202464700874,60,127,6,0.047244094488188976,2,4,0,172119190959.0
-1,0.75,0.75,50.91303697051312,50.91303697051312,15,127,3,0.023622047244094488,1,2,0,161360077872.0
-1,0.75,0.75,50.91303697051312,50.91303697051312,30,127,3,0.023622047244094488,1,2,0,161360077872.0
-1,0.75,0.75,50.91303697051312,50.91303697051312,60,127,3,0.023622047244094488,1,2,0,161360077872.0
-1,0.75,1.0,50.91303697051312,67.88404929401749,15,127,1,0.007874015748031496,1,0,0,178154971436.0
-1,0.75,1.0,50.91303697051312,67.88404929401749,30,127,1,0.007874015748031496,1,0,0,178154971436.0
-1,0.75,1.0,50.91303697051312,67.88404929401749,60,127,1,0.007874015748031496,1,0,0,178154971436.0
-1,0.75,1.5,50.91303697051312,101.82607394102624,15,127,1,0.007874015748031496,1,0,0,228856322948.0
-1,0.75,1.5,50.91303697051312,101.82607394102624,30,127,1,0.007874015748031496,1,0,0,228856322948.0
-1,0.75,1.5,50.91303697051312,101.82607394102624,60,127,1,0.007874015748031496,1,0,0,228856322948.0
-1,1.0,0.5,67.88404929401749,33.94202464700874,15,127,4,0.031496062992125984,1,3,0,186151026954.0
-1,1.0,0.5,67.88404929401749,33.94202464700874,30,127,4,0.031496062992125984,1,3,0,186151026954.0
-1,1.0,0.5,67.88404929401749,33.94202464700874,60,127,4,0.031496062992125984,1,3,0,186151026954.0
-1,1.0,0.75,67.88404929401749,50.91303697051312,15,127,2,0.015748031496062992,1,1,0,160884357050.0
-1,1.0,0.75,67.88404929401749,50.91303697051312,30,127,2,0.015748031496062992,1,1,0,160884357050.0
-1,1.0,0.75,67.88404929401749,50.91303697051312,60,127,2,0.015748031496062992,1,1,0,160884357050.0
-1,1.0,1.0,67.88404929401749,67.88404929401749,15,127,1,0.007874015748031496,1,0,0,177402772832.0
-1,1.0,1.0,67.88404929401749,67.88404929401749,30,127,1,0.007874015748031496,1,0,0,177402772832.0
-1,1.0,1.0,67.88404929401749,67.88404929401749,60,127,1,0.007874015748031496,1,0,0,177402772832.0
-1,1.0,1.5,67.88404929401749,101.82607394102624,15,127,1,0.007874015748031496,1,0,0,228104124344.0
-1,1.0,1.5,67.88404929401749,101.82607394102624,30,127,1,0.007874015748031496,1,0,0,228104124344.0
-1,1.0,1.5,67.88404929401749,101.82607394102624,60,127,1,0.007874015748031496,1,0,0,228104124344.0
-1,1.5,0.5,101.82607394102624,33.94202464700874,15,127,0,0.0,0,0,0,
-1,1.5,0.5,101.82607394102624,33.94202464700874,30,127,0,0.0,0,0,0,
-1,1.5,0.5,101.82607394102624,33.94202464700874,60,127,0,0.0,0,0,0,
-1,1.5,0.75,101.82607394102624,50.91303697051312,15,127,0,0.0,0,0,0,
-1,1.5,0.75,101.82607394102624,50.91303697051312,30,127,0,0.0,0,0,0,
-1,1.5,0.75,101.82607394102624,50.91303697051312,60,127,0,0.0,0,0,0,
-1,1.5,1.0,101.82607394102624,67.88404929401749,15,127,1,0.007874015748031496,1,0,0,219474595286.0
-1,1.5,1.0,101.82607394102624,67.88404929401749,30,127,1,0.007874015748031496,1,0,0,219474595286.0
-1,1.5,1.0,101.82607394102624,67.88404929401749,60,127,1,0.007874015748031496,1,0,0,219474595286.0
-1,1.5,1.5,101.82607394102624,101.82607394102624,15,127,0,0.0,0,0,0,
-1,1.5,1.5,101.82607394102624,101.82607394102624,30,127,0,0.0,0,0,0,
-1,1.5,1.5,101.82607394102624,101.82607394102624,60,127,0,0.0,0,0,0,
-1,2.0,0.5,135.76809858803497,33.94202464700874,15,127,0,0.0,0,0,0,
-1,2.0,0.5,135.76809858803497,33.94202464700874,30,127,0,0.0,0,0,0,
-1,2.0,0.5,135.76809858803497,33.94202464700874,60,127,0,0.0,0,0,0,
-1,2.0,0.75,135.76809858803497,50.91303697051312,15,127,0,0.0,0,0,0,
-1,2.0,0.75,135.76809858803497,50.91303697051312,30,127,0,0.0,0,0,0,
-1,2.0,0.75,135.76809858803497,50.91303697051312,60,127,0,0.0,0,0,0,
-1,2.0,1.0,135.76809858803497,67.88404929401749,15,127,0,0.0,0,0,0,
-1,2.0,1.0,135.76809858803497,67.88404929401749,30,127,0,0.0,0,0,0,
-1,2.0,1.0,135.76809858803497,67.88404929401749,60,127,0,0.0,0,0,0,
-1,2.0,1.5,135.76809858803497,101.82607394102624,15,127,0,0.0,0,0,0,
-1,2.0,1.5,135.76809858803497,101.82607394102624,30,127,0,0.0,0,0,0,
-1,2.0,1.5,135.76809858803497,101.82607394102624,60,127,0,0.0,0,0,0,
-1,3.0,0.5,203.65214788205247,33.94202464700874,15,127,0,0.0,0,0,0,
-1,3.0,0.5,203.65214788205247,33.94202464700874,30,127,0,0.0,0,0,0,
-1,3.0,0.5,203.65214788205247,33.94202464700874,60,127,0,0.0,0,0,0,
-1,3.0,0.75,203.65214788205247,50.91303697051312,15,127,0,0.0,0,0,0,
-1,3.0,0.75,203.65214788205247,50.91303697051312,30,127,0,0.0,0,0,0,
-1,3.0,0.75,203.65214788205247,50.91303697051312,60,127,0,0.0,0,0,0,
-1,3.0,1.0,203.65214788205247,67.88404929401749,15,127,0,0.0,0,0,0,
-1,3.0,1.0,203.65214788205247,67.88404929401749,30,127,0,0.0,0,0,0,
-1,3.0,1.0,203.65214788205247,67.88404929401749,60,127,0,0.0,0,0,0,
-1,3.0,1.5,203.65214788205247,101.82607394102624,15,127,0,0.0,0,0,0,
-1,3.0,1.5,203.65214788205247,101.82607394102624,30,127,0,0.0,0,0,0,
-1,3.0,1.5,203.65214788205247,101.82607394102624,60,127,0,0.0,0,0,0,
-1,4.0,0.5,271.53619717606995,33.94202464700874,15,127,0,0.0,0,0,0,
-1,4.0,0.5,271.53619717606995,33.94202464700874,30,127,0,0.0,0,0,0,
-1,4.0,0.5,271.53619717606995,33.94202464700874,60,127,0,0.0,0,0,0,
-1,4.0,0.75,271.53619717606995,50.91303697051312,15,127,0,0.0,0,0,0,
-1,4.0,0.75,271.53619717606995,50.91303697051312,30,127,0,0.0,0,0,0,
-1,4.0,0.75,271.53619717606995,50.91303697051312,60,127,0,0.0,0,0,0,
-1,4.0,1.0,271.53619717606995,67.88404929401749,15,127,0,0.0,0,0,0,
-1,4.0,1.0,271.53619717606995,67.88404929401749,30,127,0,0.0,0,0,0,
-1,4.0,1.0,271.53619717606995,67.88404929401749,60,127,0,0.0,0,0,0,
-1,4.0,1.5,271.53619717606995,101.82607394102624,15,127,0,0.0,0,0,0,
-1,4.0,1.5,271.53619717606995,101.82607394102624,30,127,0,0.0,0,0,0,
-1,4.0,1.5,271.53619717606995,101.82607394102624,60,127,0,0.0,0,0,0,
-1,0.75,0.5,48.55749543414353,32.371663622762355,15,34,0,0.0,0,0,0,
-1,0.75,0.5,48.55749543414353,32.371663622762355,30,34,0,0.0,0,0,0,
-1,0.75,0.5,48.55749543414353,32.371663622762355,60,34,0,0.0,0,0,0,
-1,0.75,0.75,48.55749543414353,48.55749543414353,15,34,0,0.0,0,0,0,
-1,0.75,0.75,48.55749543414353,48.55749543414353,30,34,0,0.0,0,0,0,
-1,0.75,0.75,48.55749543414353,48.55749543414353,60,34,0,0.0,0,0,0,
-1,0.75,1.0,48.55749543414353,64.74332724552471,15,34,0,0.0,0,0,0,
-1,0.75,1.0,48.55749543414353,64.74332724552471,30,34,0,0.0,0,0,0,
-1,0.75,1.0,48.55749543414353,64.74332724552471,60,34,0,0.0,0,0,0,
-1,0.75,1.5,48.55749543414353,97.11499086828707,15,34,0,0.0,0,0,0,
-1,0.75,1.5,48.55749543414353,97.11499086828707,30,34,0,0.0,0,0,0,
-1,0.75,1.5,48.55749543414353,97.11499086828707,60,34,0,0.0,0,0,0,
-1,1.0,0.5,64.74332724552471,32.371663622762355,15,34,0,0.0,0,0,0,
-1,1.0,0.5,64.74332724552471,32.371663622762355,30,34,0,0.0,0,0,0,
-1,1.0,0.5,64.74332724552471,32.371663622762355,60,34,0,0.0,0,0,0,
-1,1.0,0.75,64.74332724552471,48.55749543414353,15,34,0,0.0,0,0,0,
-1,1.0,0.75,64.74332724552471,48.55749543414353,30,34,0,0.0,0,0,0,
-1,1.0,0.75,64.74332724552471,48.55749543414353,60,34,0,0.0,0,0,0,
-1,1.0,1.0,64.74332724552471,64.74332724552471,15,34,0,0.0,0,0,0,
-1,1.0,1.0,64.74332724552471,64.74332724552471,30,34,0,0.0,0,0,0,
-1,1.0,1.0,64.74332724552471,64.74332724552471,60,34,0,0.0,0,0,0,
-1,1.0,1.5,64.74332724552471,97.11499086828707,15,34,0,0.0,0,0,0,
-1,1.0,1.5,64.74332724552471,97.11499086828707,30,34,0,0.0,0,0,0,
-1,1.0,1.5,64.74332724552471,97.11499086828707,60,34,0,0.0,0,0,0,
-1,1.5,0.5,97.11499086828707,32.371663622762355,15,34,0,0.0,0,0,0,
-1,1.5,0.5,97.11499086828707,32.371663622762355,30,34,0,0.0,0,0,0,
-1,1.5,0.5,97.11499086828707,32.371663622762355,60,34,0,0.0,0,0,0,
-1,1.5,0.75,97.11499086828707,48.55749543414353,15,34,0,0.0,0,0,0,
-1,1.5,0.75,97.11499086828707,48.55749543414353,30,34,0,0.0,0,0,0,
-1,1.5,0.75,97.11499086828707,48.55749543414353,60,34,0,0.0,0,0,0,
-1,1.5,1.0,97.11499086828707,64.74332724552471,15,34,0,0.0,0,0,0,
-1,1.5,1.0,97.11499086828707,64.74332724552471,30,34,0,0.0,0,0,0,
-1,1.5,1.0,97.11499086828707,64.74332724552471,60,34,0,0.0,0,0,0,
-1,1.5,1.5,97.11499086828707,97.11499086828707,15,34,0,0.0,0,0,0,
-1,1.5,1.5,97.11499086828707,97.11499086828707,30,34,0,0.0,0,0,0,
-1,1.5,1.5,97.11499086828707,97.11499086828707,60,34,0,0.0,0,0,0,
-1,2.0,0.5,129.48665449104942,32.371663622762355,15,34,0,0.0,0,0,0,
-1,2.0,0.5,129.48665449104942,32.371663622762355,30,34,0,0.0,0,0,0,
-1,2.0,0.5,129.48665449104942,32.371663622762355,60,34,0,0.0,0,0,0,
-1,2.0,0.75,129.48665449104942,48.55749543414353,15,34,0,0.0,0,0,0,
-1,2.0,0.75,129.48665449104942,48.55749543414353,30,34,0,0.0,0,0,0,
-1,2.0,0.75,129.48665449104942,48.55749543414353,60,34,0,0.0,0,0,0,
-1,2.0,1.0,129.48665449104942,64.74332724552471,15,34,0,0.0,0,0,0,
-1,2.0,1.0,129.48665449104942,64.74332724552471,30,34,0,0.0,0,0,0,
-1,2.0,1.0,129.48665449104942,64.74332724552471,60,34,0,0.0,0,0,0,
-1,2.0,1.5,129.48665449104942,97.11499086828707,15,34,0,0.0,0,0,0,
-1,2.0,1.5,129.48665449104942,97.11499086828707,30,34,0,0.0,0,0,0,
-1,2.0,1.5,129.48665449104942,97.11499086828707,60,34,0,0.0,0,0,0,
-1,3.0,0.5,194.22998173657413,32.371663622762355,15,34,0,0.0,0,0,0,
-1,3.0,0.5,194.22998173657413,32.371663622762355,30,34,0,0.0,0,0,0,
-1,3.0,0.5,194.22998173657413,32.371663622762355,60,34,0,0.0,0,0,0,
-1,3.0,0.75,194.22998173657413,48.55749543414353,15,34,0,0.0,0,0,0,
-1,3.0,0.75,194.22998173657413,48.55749543414353,30,34,0,0.0,0,0,0,
-1,3.0,0.75,194.22998173657413,48.55749543414353,60,34,0,0.0,0,0,0,
-1,3.0,1.0,194.22998173657413,64.74332724552471,15,34,0,0.0,0,0,0,
-1,3.0,1.0,194.22998173657413,64.74332724552471,30,34,0,0.0,0,0,0,
-1,3.0,1.0,194.22998173657413,64.74332724552471,60,34,0,0.0,0,0,0,
-1,3.0,1.5,194.22998173657413,97.11499086828707,15,34,0,0.0,0,0,0,
-1,3.0,1.5,194.22998173657413,97.11499086828707,30,34,0,0.0,0,0,0,
-1,3.0,1.5,194.22998173657413,97.11499086828707,60,34,0,0.0,0,0,0,
-1,4.0,0.5,258.97330898209884,32.371663622762355,15,34,0,0.0,0,0,0,
-1,4.0,0.5,258.97330898209884,32.371663622762355,30,34,0,0.0,0,0,0,
-1,4.0,0.5,258.97330898209884,32.371663622762355,60,34,0,0.0,0,0,0,
-1,4.0,0.75,258.97330898209884,48.55749543414353,15,34,0,0.0,0,0,0,
-1,4.0,0.75,258.97330898209884,48.55749543414353,30,34,0,0.0,0,0,0,
-1,4.0,0.75,258.97330898209884,48.55749543414353,60,34,0,0.0,0,0,0,
-1,4.0,1.0,258.97330898209884,64.74332724552471,15,34,0,0.0,0,0,0,
-1,4.0,1.0,258.97330898209884,64.74332724552471,30,34,0,0.0,0,0,0,
-1,4.0,1.0,258.97330898209884,64.74332724552471,60,34,0,0.0,0,0,0,
-1,4.0,1.5,258.97330898209884,97.11499086828707,15,34,0,0.0,0,0,0,
-1,4.0,1.5,258.97330898209884,97.11499086828707,30,34,0,0.0,0,0,0,
-1,4.0,1.5,258.97330898209884,97.11499086828707,60,34,0,0.0,0,0,0,
-1,0.75,0.5,45.19132935191358,30.12755290127572,15,7,0,0.0,0,0,0,
-1,0.75,0.5,45.19132935191358,30.12755290127572,30,7,0,0.0,0,0,0,
-1,0.75,0.5,45.19132935191358,30.12755290127572,60,7,0,0.0,0,0,0,
-1,0.75,0.75,45.19132935191358,45.19132935191358,15,7,0,0.0,0,0,0,
-1,0.75,0.75,45.19132935191358,45.19132935191358,30,7,0,0.0,0,0,0,
-1,0.75,0.75,45.19132935191358,45.19132935191358,60,7,0,0.0,0,0,0,
-1,0.75,1.0,45.19132935191358,60.25510580255144,15,7,0,0.0,0,0,0,
-1,0.75,1.0,45.19132935191358,60.25510580255144,30,7,0,0.0,0,0,0,
-1,0.75,1.0,45.19132935191358,60.25510580255144,60,7,0,0.0,0,0,0,
-1,0.75,1.5,45.19132935191358,90.38265870382716,15,7,0,0.0,0,0,0,
-1,0.75,1.5,45.19132935191358,90.38265870382716,30,7,0,0.0,0,0,0,
-1,0.75,1.5,45.19132935191358,90.38265870382716,60,7,0,0.0,0,0,0,
-1,1.0,0.5,60.25510580255144,30.12755290127572,15,7,0,0.0,0,0,0,
-1,1.0,0.5,60.25510580255144,30.12755290127572,30,7,0,0.0,0,0,0,
-1,1.0,0.5,60.25510580255144,30.12755290127572,60,7,0,0.0,0,0,0,
-1,1.0,0.75,60.25510580255144,45.19132935191358,15,7,0,0.0,0,0,0,
-1,1.0,0.75,60.25510580255144,45.19132935191358,30,7,0,0.0,0,0,0,
-1,1.0,0.75,60.25510580255144,45.19132935191358,60,7,0,0.0,0,0,0,
-1,1.0,1.0,60.25510580255144,60.25510580255144,15,7,0,0.0,0,0,0,
-1,1.0,1.0,60.25510580255144,60.25510580255144,30,7,0,0.0,0,0,0,
-1,1.0,1.0,60.25510580255144,60.25510580255144,60,7,0,0.0,0,0,0,
-1,1.0,1.5,60.25510580255144,90.38265870382716,15,7,0,0.0,0,0,0,
-1,1.0,1.5,60.25510580255144,90.38265870382716,30,7,0,0.0,0,0,0,
-1,1.0,1.5,60.25510580255144,90.38265870382716,60,7,0,0.0,0,0,0,
-1,1.5,0.5,90.38265870382716,30.12755290127572,15,7,0,0.0,0,0,0,
-1,1.5,0.5,90.38265870382716,30.12755290127572,30,7,0,0.0,0,0,0,
-1,1.5,0.5,90.38265870382716,30.12755290127572,60,7,0,0.0,0,0,0,
-1,1.5,0.75,90.38265870382716,45.19132935191358,15,7,0,0.0,0,0,0,
-1,1.5,0.75,90.38265870382716,45.19132935191358,30,7,0,0.0,0,0,0,
-1,1.5,0.75,90.38265870382716,45.19132935191358,60,7,0,0.0,0,0,0,
-1,1.5,1.0,90.38265870382716,60.25510580255144,15,7,0,0.0,0,0,0,
-1,1.5,1.0,90.38265870382716,60.25510580255144,30,7,0,0.0,0,0,0,
-1,1.5,1.0,90.38265870382716,60.25510580255144,60,7,0,0.0,0,0,0,
-1,1.5,1.5,90.38265870382716,90.38265870382716,15,7,0,0.0,0,0,0,
-1,1.5,1.5,90.38265870382716,90.38265870382716,30,7,0,0.0,0,0,0,
-1,1.5,1.5,90.38265870382716,90.38265870382716,60,7,0,0.0,0,0,0,
-1,2.0,0.5,120.51021160510288,30.12755290127572,15,7,0,0.0,0,0,0,
-1,2.0,0.5,120.51021160510288,30.12755290127572,30,7,0,0.0,0,0,0,
-1,2.0,0.5,120.51021160510288,30.12755290127572,60,7,0,0.0,0,0,0,
-1,2.0,0.75,120.51021160510288,45.19132935191358,15,7,0,0.0,0,0,0,
-1,2.0,0.75,120.51021160510288,45.19132935191358,30,7,0,0.0,0,0,0,
-1,2.0,0.75,120.51021160510288,45.19132935191358,60,7,0,0.0,0,0,0,
-1,2.0,1.0,120.51021160510288,60.25510580255144,15,7,0,0.0,0,0,0,
-1,2.0,1.0,120.51021160510288,60.25510580255144,30,7,0,0.0,0,0,0,
-1,2.0,1.0,120.51021160510288,60.25510580255144,60,7,0,0.0,0,0,0,
-1,2.0,1.5,120.51021160510288,90.38265870382716,15,7,0,0.0,0,0,0,
-1,2.0,1.5,120.51021160510288,90.38265870382716,30,7,0,0.0,0,0,0,
-1,2.0,1.5,120.51021160510288,90.38265870382716,60,7,0,0.0,0,0,0,
-1,3.0,0.5,180.76531740765432,30.12755290127572,15,7,0,0.0,0,0,0,
-1,3.0,0.5,180.76531740765432,30.12755290127572,30,7,0,0.0,0,0,0,
-1,3.0,0.5,180.76531740765432,30.12755290127572,60,7,0,0.0,0,0,0,
-1,3.0,0.75,180.76531740765432,45.19132935191358,15,7,0,0.0,0,0,0,
-1,3.0,0.75,180.76531740765432,45.19132935191358,30,7,0,0.0,0,0,0,
-1,3.0,0.75,180.76531740765432,45.19132935191358,60,7,0,0.0,0,0,0,
-1,3.0,1.0,180.76531740765432,60.25510580255144,15,7,0,0.0,0,0,0,
-1,3.0,1.0,180.76531740765432,60.25510580255144,30,7,0,0.0,0,0,0,
-1,3.0,1.0,180.76531740765432,60.25510580255144,60,7,0,0.0,0,0,0,
-1,3.0,1.5,180.76531740765432,90.38265870382716,15,7,0,0.0,0,0,0,
-1,3.0,1.5,180.76531740765432,90.38265870382716,30,7,0,0.0,0,0,0,
-1,3.0,1.5,180.76531740765432,90.38265870382716,60,7,0,0.0,0,0,0,
-1,4.0,0.5,241.02042321020576,30.12755290127572,15,7,0,0.0,0,0,0,
-1,4.0,0.5,241.02042321020576,30.12755290127572,30,7,0,0.0,0,0,0,
-1,4.0,0.5,241.02042321020576,30.12755290127572,60,7,0,0.0,0,0,0,
-1,4.0,0.75,241.02042321020576,45.19132935191358,15,7,0,0.0,0,0,0,
-1,4.0,0.75,241.02042321020576,45.19132935191358,30,7,0,0.0,0,0,0,
-1,4.0,0.75,241.02042321020576,45.19132935191358,60,7,0,0.0,0,0,0,
-1,4.0,1.0,241.02042321020576,60.25510580255144,15,7,0,0.0,0,0,0,
-1,4.0,1.0,241.02042321020576,60.25510580255144,30,7,0,0.0,0,0,0,
-1,4.0,1.0,241.02042321020576,60.25510580255144,60,7,0,0.0,0,0,0,
-1,4.0,1.5,241.02042321020576,90.38265870382716,15,7,0,0.0,0,0,0,
-1,4.0,1.5,241.02042321020576,90.38265870382716,30,7,0,0.0,0,0,0,
-1,4.0,1.5,241.02042321020576,90.38265870382716,60,7,0,0.0,0,0,0,
-1,0.75,0.5,48.22476356859508,32.14984237906339,15,16,0,0.0,0,0,0,
-1,0.75,0.5,48.22476356859508,32.14984237906339,30,16,0,0.0,0,0,0,
-1,0.75,0.5,48.22476356859508,32.14984237906339,60,16,0,0.0,0,0,0,
-1,0.75,0.75,48.22476356859508,48.22476356859508,15,16,0,0.0,0,0,0,
-1,0.75,0.75,48.22476356859508,48.22476356859508,30,16,0,0.0,0,0,0,
-1,0.75,0.75,48.22476356859508,48.22476356859508,60,16,0,0.0,0,0,0,
-1,0.75,1.0,48.22476356859508,64.29968475812677,15,16,0,0.0,0,0,0,
-1,0.75,1.0,48.22476356859508,64.29968475812677,30,16,0,0.0,0,0,0,
-1,0.75,1.0,48.22476356859508,64.29968475812677,60,16,0,0.0,0,0,0,
-1,0.75,1.5,48.22476356859508,96.44952713719016,15,16,0,0.0,0,0,0,
-1,0.75,1.5,48.22476356859508,96.44952713719016,30,16,0,0.0,0,0,0,
-1,0.75,1.5,48.22476356859508,96.44952713719016,60,16,0,0.0,0,0,0,
-1,1.0,0.5,64.29968475812677,32.14984237906339,15,16,0,0.0,0,0,0,
-1,1.0,0.5,64.29968475812677,32.14984237906339,30,16,0,0.0,0,0,0,
-1,1.0,0.5,64.29968475812677,32.14984237906339,60,16,0,0.0,0,0,0,
-1,1.0,0.75,64.29968475812677,48.22476356859508,15,16,0,0.0,0,0,0,
-1,1.0,0.75,64.29968475812677,48.22476356859508,30,16,0,0.0,0,0,0,
-1,1.0,0.75,64.29968475812677,48.22476356859508,60,16,0,0.0,0,0,0,
-1,1.0,1.0,64.29968475812677,64.29968475812677,15,16,0,0.0,0,0,0,
-1,1.0,1.0,64.29968475812677,64.29968475812677,30,16,0,0.0,0,0,0,
-1,1.0,1.0,64.29968475812677,64.29968475812677,60,16,0,0.0,0,0,0,
-1,1.0,1.5,64.29968475812677,96.44952713719016,15,16,0,0.0,0,0,0,
-1,1.0,1.5,64.29968475812677,96.44952713719016,30,16,0,0.0,0,0,0,
-1,1.0,1.5,64.29968475812677,96.44952713719016,60,16,0,0.0,0,0,0,
-1,1.5,0.5,96.44952713719016,32.14984237906339,15,16,0,0.0,0,0,0,
-1,1.5,0.5,96.44952713719016,32.14984237906339,30,16,0,0.0,0,0,0,
-1,1.5,0.5,96.44952713719016,32.14984237906339,60,16,0,0.0,0,0,0,
-1,1.5,0.75,96.44952713719016,48.22476356859508,15,16,0,0.0,0,0,0,
-1,1.5,0.75,96.44952713719016,48.22476356859508,30,16,0,0.0,0,0,0,
-1,1.5,0.75,96.44952713719016,48.22476356859508,60,16,0,0.0,0,0,0,
-1,1.5,1.0,96.44952713719016,64.29968475812677,15,16,0,0.0,0,0,0,
-1,1.5,1.0,96.44952713719016,64.29968475812677,30,16,0,0.0,0,0,0,
-1,1.5,1.0,96.44952713719016,64.29968475812677,60,16,0,0.0,0,0,0,
-1,1.5,1.5,96.44952713719016,96.44952713719016,15,16,0,0.0,0,0,0,
-1,1.5,1.5,96.44952713719016,96.44952713719016,30,16,0,0.0,0,0,0,
-1,1.5,1.5,96.44952713719016,96.44952713719016,60,16,0,0.0,0,0,0,
-1,2.0,0.5,128.59936951625355,32.14984237906339,15,16,0,0.0,0,0,0,
-1,2.0,0.5,128.59936951625355,32.14984237906339,30,16,0,0.0,0,0,0,
-1,2.0,0.5,128.59936951625355,32.14984237906339,60,16,0,0.0,0,0,0,
-1,2.0,0.75,128.59936951625355,48.22476356859508,15,16,0,0.0,0,0,0,
-1,2.0,0.75,128.59936951625355,48.22476356859508,30,16,0,0.0,0,0,0,
-1,2.0,0.75,128.59936951625355,48.22476356859508,60,16,0,0.0,0,0,0,
-1,2.0,1.0,128.59936951625355,64.29968475812677,15,16,0,0.0,0,0,0,
-1,2.0,1.0,128.59936951625355,64.29968475812677,30,16,0,0.0,0,0,0,
-1,2.0,1.0,128.59936951625355,64.29968475812677,60,16,0,0.0,0,0,0,
-1,2.0,1.5,128.59936951625355,96.44952713719016,15,16,0,0.0,0,0,0,
-1,2.0,1.5,128.59936951625355,96.44952713719016,30,16,0,0.0,0,0,0,
-1,2.0,1.5,128.59936951625355,96.44952713719016,60,16,0,0.0,0,0,0,
-1,3.0,0.5,192.89905427438032,32.14984237906339,15,16,0,0.0,0,0,0,
-1,3.0,0.5,192.89905427438032,32.14984237906339,30,16,0,0.0,0,0,0,
-1,3.0,0.5,192.89905427438032,32.14984237906339,60,16,0,0.0,0,0,0,
-1,3.0,0.75,192.89905427438032,48.22476356859508,15,16,0,0.0,0,0,0,
-1,3.0,0.75,192.89905427438032,48.22476356859508,30,16,0,0.0,0,0,0,
-1,3.0,0.75,192.89905427438032,48.22476356859508,60,16,0,0.0,0,0,0,
-1,3.0,1.0,192.89905427438032,64.29968475812677,15,16,0,0.0,0,0,0,
-1,3.0,1.0,192.89905427438032,64.29968475812677,30,16,0,0.0,0,0,0,
-1,3.0,1.0,192.89905427438032,64.29968475812677,60,16,0,0.0,0,0,0,
-1,3.0,1.5,192.89905427438032,96.44952713719016,15,16,0,0.0,0,0,0,
-1,3.0,1.5,192.89905427438032,96.44952713719016,30,16,0,0.0,0,0,0,
-1,3.0,1.5,192.89905427438032,96.44952713719016,60,16,0,0.0,0,0,0,
-1,4.0,0.5,257.1987390325071,32.14984237906339,15,16,0,0.0,0,0,0,
-1,4.0,0.5,257.1987390325071,32.14984237906339,30,16,0,0.0,0,0,0,
-1,4.0,0.5,257.1987390325071,32.14984237906339,60,16,0,0.0,0,0,0,
-1,4.0,0.75,257.1987390325071,48.22476356859508,15,16,0,0.0,0,0,0,
-1,4.0,0.75,257.1987390325071,48.22476356859508,30,16,0,0.0,0,0,0,
-1,4.0,0.75,257.1987390325071,48.22476356859508,60,16,0,0.0,0,0,0,
-1,4.0,1.0,257.1987390325071,64.29968475812677,15,16,0,0.0,0,0,0,
-1,4.0,1.0,257.1987390325071,64.29968475812677,30,16,0,0.0,0,0,0,
-1,4.0,1.0,257.1987390325071,64.29968475812677,60,16,0,0.0,0,0,0,
-1,4.0,1.5,257.1987390325071,96.44952713719016,15,16,0,0.0,0,0,0,
-1,4.0,1.5,257.1987390325071,96.44952713719016,30,16,0,0.0,0,0,0,
-1,4.0,1.5,257.1987390325071,96.44952713719016,60,16,0,0.0,0,0,0,
-1,0.75,0.5,50.325837614153215,33.550558409435475,15,44,2,0.045454545454545456,0,2,0,236138632544.0
-1,0.75,0.5,50.325837614153215,33.550558409435475,30,44,2,0.045454545454545456,0,2,0,236138632544.0
-1,0.75,0.5,50.325837614153215,33.550558409435475,60,44,2,0.045454545454545456,0,2,0,236138632544.0
-1,0.75,0.75,50.325837614153215,50.325837614153215,15,44,1,0.022727272727272728,0,1,0,273960170920.0
-1,0.75,0.75,50.325837614153215,50.325837614153215,30,44,1,0.022727272727272728,0,1,0,273960170920.0
-1,0.75,0.75,50.325837614153215,50.325837614153215,60,44,1,0.022727272727272728,0,1,0,273960170920.0
-1,0.75,1.0,50.325837614153215,67.10111681887095,15,44,2,0.045454545454545456,0,2,0,196115014414.0
-1,0.75,1.0,50.325837614153215,67.10111681887095,30,44,2,0.045454545454545456,0,2,0,196115014414.0
-1,0.75,1.0,50.325837614153215,67.10111681887095,60,44,2,0.045454545454545456,0,2,0,196115014414.0
-1,0.75,1.5,50.325837614153215,100.65167522830643,15,44,0,0.0,0,0,0,
-1,0.75,1.5,50.325837614153215,100.65167522830643,30,44,0,0.0,0,0,0,
-1,0.75,1.5,50.325837614153215,100.65167522830643,60,44,0,0.0,0,0,0,
-1,1.0,0.5,67.10111681887095,33.550558409435475,15,44,0,0.0,0,0,0,
-1,1.0,0.5,67.10111681887095,33.550558409435475,30,44,0,0.0,0,0,0,
-1,1.0,0.5,67.10111681887095,33.550558409435475,60,44,0,0.0,0,0,0,
-1,1.0,0.75,67.10111681887095,50.325837614153215,15,44,0,0.0,0,0,0,
-1,1.0,0.75,67.10111681887095,50.325837614153215,30,44,0,0.0,0,0,0,
-1,1.0,0.75,67.10111681887095,50.325837614153215,60,44,0,0.0,0,0,0,
-1,1.0,1.0,67.10111681887095,67.10111681887095,15,44,1,0.022727272727272728,0,1,0,121651990906.0
-1,1.0,1.0,67.10111681887095,67.10111681887095,30,44,1,0.022727272727272728,0,1,0,121651990906.0
-1,1.0,1.0,67.10111681887095,67.10111681887095,60,44,1,0.022727272727272728,0,1,0,121651990906.0
-1,1.0,1.5,67.10111681887095,100.65167522830643,15,44,0,0.0,0,0,0,
-1,1.0,1.5,67.10111681887095,100.65167522830643,30,44,0,0.0,0,0,0,
-1,1.0,1.5,67.10111681887095,100.65167522830643,60,44,0,0.0,0,0,0,
-1,1.5,0.5,100.65167522830643,33.550558409435475,15,44,0,0.0,0,0,0,
-1,1.5,0.5,100.65167522830643,33.550558409435475,30,44,0,0.0,0,0,0,
-1,1.5,0.5,100.65167522830643,33.550558409435475,60,44,0,0.0,0,0,0,
-1,1.5,0.75,100.65167522830643,50.325837614153215,15,44,0,0.0,0,0,0,
-1,1.5,0.75,100.65167522830643,50.325837614153215,30,44,0,0.0,0,0,0,
-1,1.5,0.75,100.65167522830643,50.325837614153215,60,44,0,0.0,0,0,0,
-1,1.5,1.0,100.65167522830643,67.10111681887095,15,44,0,0.0,0,0,0,
-1,1.5,1.0,100.65167522830643,67.10111681887095,30,44,0,0.0,0,0,0,
-1,1.5,1.0,100.65167522830643,67.10111681887095,60,44,0,0.0,0,0,0,
-1,1.5,1.5,100.65167522830643,100.65167522830643,15,44,0,0.0,0,0,0,
-1,1.5,1.5,100.65167522830643,100.65167522830643,30,44,0,0.0,0,0,0,
-1,1.5,1.5,100.65167522830643,100.65167522830643,60,44,0,0.0,0,0,0,
-1,2.0,0.5,134.2022336377419,33.550558409435475,15,44,0,0.0,0,0,0,
-1,2.0,0.5,134.2022336377419,33.550558409435475,30,44,0,0.0,0,0,0,
-1,2.0,0.5,134.2022336377419,33.550558409435475,60,44,0,0.0,0,0,0,
-1,2.0,0.75,134.2022336377419,50.325837614153215,15,44,0,0.0,0,0,0,
-1,2.0,0.75,134.2022336377419,50.325837614153215,30,44,0,0.0,0,0,0,
-1,2.0,0.75,134.2022336377419,50.325837614153215,60,44,0,0.0,0,0,0,
-1,2.0,1.0,134.2022336377419,67.10111681887095,15,44,0,0.0,0,0,0,
-1,2.0,1.0,134.2022336377419,67.10111681887095,30,44,0,0.0,0,0,0,
-1,2.0,1.0,134.2022336377419,67.10111681887095,60,44,0,0.0,0,0,0,
-1,2.0,1.5,134.2022336377419,100.65167522830643,15,44,0,0.0,0,0,0,
-1,2.0,1.5,134.2022336377419,100.65167522830643,30,44,0,0.0,0,0,0,
-1,2.0,1.5,134.2022336377419,100.65167522830643,60,44,0,0.0,0,0,0,
-1,3.0,0.5,201.30335045661286,33.550558409435475,15,44,0,0.0,0,0,0,
-1,3.0,0.5,201.30335045661286,33.550558409435475,30,44,0,0.0,0,0,0,
-1,3.0,0.5,201.30335045661286,33.550558409435475,60,44,0,0.0,0,0,0,
-1,3.0,0.75,201.30335045661286,50.325837614153215,15,44,0,0.0,0,0,0,
-1,3.0,0.75,201.30335045661286,50.325837614153215,30,44,0,0.0,0,0,0,
-1,3.0,0.75,201.30335045661286,50.325837614153215,60,44,0,0.0,0,0,0,
-1,3.0,1.0,201.30335045661286,67.10111681887095,15,44,0,0.0,0,0,0,
-1,3.0,1.0,201.30335045661286,67.10111681887095,30,44,0,0.0,0,0,0,
-1,3.0,1.0,201.30335045661286,67.10111681887095,60,44,0,0.0,0,0,0,
-1,3.0,1.5,201.30335045661286,100.65167522830643,15,44,0,0.0,0,0,0,
-1,3.0,1.5,201.30335045661286,100.65167522830643,30,44,0,0.0,0,0,0,
-1,3.0,1.5,201.30335045661286,100.65167522830643,60,44,0,0.0,0,0,0,
-1,4.0,0.5,268.4044672754838,33.550558409435475,15,44,0,0.0,0,0,0,
-1,4.0,0.5,268.4044672754838,33.550558409435475,30,44,0,0.0,0,0,0,
-1,4.0,0.5,268.4044672754838,33.550558409435475,60,44,0,0.0,0,0,0,
-1,4.0,0.75,268.4044672754838,50.325837614153215,15,44,0,0.0,0,0,0,
-1,4.0,0.75,268.4044672754838,50.325837614153215,30,44,0,0.0,0,0,0,
-1,4.0,0.75,268.4044672754838,50.325837614153215,60,44,0,0.0,0,0,0,
-1,4.0,1.0,268.4044672754838,67.10111681887095,15,44,0,0.0,0,0,0,
-1,4.0,1.0,268.4044672754838,67.10111681887095,30,44,0,0.0,0,0,0,
-1,4.0,1.0,268.4044672754838,67.10111681887095,60,44,0,0.0,0,0,0,
-1,4.0,1.5,268.4044672754838,100.65167522830643,15,44,0,0.0,0,0,0,
-1,4.0,1.5,268.4044672754838,100.65167522830643,30,44,0,0.0,0,0,0,
-1,4.0,1.5,268.4044672754838,100.65167522830643,60,44,0,0.0,0,0,0,
-1,0.75,0.5,45.840316168968144,30.560210779312097,15,18,0,0.0,0,0,0,
-1,0.75,0.5,45.840316168968144,30.560210779312097,30,18,0,0.0,0,0,0,
-1,0.75,0.5,45.840316168968144,30.560210779312097,60,18,0,0.0,0,0,0,
-1,0.75,0.75,45.840316168968144,45.840316168968144,15,18,0,0.0,0,0,0,
-1,0.75,0.75,45.840316168968144,45.840316168968144,30,18,0,0.0,0,0,0,
-1,0.75,0.75,45.840316168968144,45.840316168968144,60,18,0,0.0,0,0,0,
-1,0.75,1.0,45.840316168968144,61.120421558624194,15,18,0,0.0,0,0,0,
-1,0.75,1.0,45.840316168968144,61.120421558624194,30,18,0,0.0,0,0,0,
-1,0.75,1.0,45.840316168968144,61.120421558624194,60,18,0,0.0,0,0,0,
-1,0.75,1.5,45.840316168968144,91.68063233793629,15,18,0,0.0,0,0,0,
-1,0.75,1.5,45.840316168968144,91.68063233793629,30,18,0,0.0,0,0,0,
-1,0.75,1.5,45.840316168968144,91.68063233793629,60,18,0,0.0,0,0,0,
-1,1.0,0.5,61.120421558624194,30.560210779312097,15,18,0,0.0,0,0,0,
-1,1.0,0.5,61.120421558624194,30.560210779312097,30,18,0,0.0,0,0,0,
-1,1.0,0.5,61.120421558624194,30.560210779312097,60,18,0,0.0,0,0,0,
-1,1.0,0.75,61.120421558624194,45.840316168968144,15,18,0,0.0,0,0,0,
-1,1.0,0.75,61.120421558624194,45.840316168968144,30,18,0,0.0,0,0,0,
-1,1.0,0.75,61.120421558624194,45.840316168968144,60,18,0,0.0,0,0,0,
-1,1.0,1.0,61.120421558624194,61.120421558624194,15,18,0,0.0,0,0,0,
-1,1.0,1.0,61.120421558624194,61.120421558624194,30,18,0,0.0,0,0,0,
-1,1.0,1.0,61.120421558624194,61.120421558624194,60,18,0,0.0,0,0,0,
-1,1.0,1.5,61.120421558624194,91.68063233793629,15,18,0,0.0,0,0,0,
-1,1.0,1.5,61.120421558624194,91.68063233793629,30,18,0,0.0,0,0,0,
-1,1.0,1.5,61.120421558624194,91.68063233793629,60,18,0,0.0,0,0,0,
-1,1.5,0.5,91.68063233793629,30.560210779312097,15,18,0,0.0,0,0,0,
-1,1.5,0.5,91.68063233793629,30.560210779312097,30,18,0,0.0,0,0,0,
-1,1.5,0.5,91.68063233793629,30.560210779312097,60,18,0,0.0,0,0,0,
-1,1.5,0.75,91.68063233793629,45.840316168968144,15,18,0,0.0,0,0,0,
-1,1.5,0.75,91.68063233793629,45.840316168968144,30,18,0,0.0,0,0,0,
-1,1.5,0.75,91.68063233793629,45.840316168968144,60,18,0,0.0,0,0,0,
-1,1.5,1.0,91.68063233793629,61.120421558624194,15,18,0,0.0,0,0,0,
-1,1.5,1.0,91.68063233793629,61.120421558624194,30,18,0,0.0,0,0,0,
-1,1.5,1.0,91.68063233793629,61.120421558624194,60,18,0,0.0,0,0,0,
-1,1.5,1.5,91.68063233793629,91.68063233793629,15,18,0,0.0,0,0,0,
-1,1.5,1.5,91.68063233793629,91.68063233793629,30,18,0,0.0,0,0,0,
-1,1.5,1.5,91.68063233793629,91.68063233793629,60,18,0,0.0,0,0,0,
-1,2.0,0.5,122.24084311724839,30.560210779312097,15,18,0,0.0,0,0,0,
-1,2.0,0.5,122.24084311724839,30.560210779312097,30,18,0,0.0,0,0,0,
-1,2.0,0.5,122.24084311724839,30.560210779312097,60,18,0,0.0,0,0,0,
-1,2.0,0.75,122.24084311724839,45.840316168968144,15,18,0,0.0,0,0,0,
-1,2.0,0.75,122.24084311724839,45.840316168968144,30,18,0,0.0,0,0,0,
-1,2.0,0.75,122.24084311724839,45.840316168968144,60,18,0,0.0,0,0,0,
-1,2.0,1.0,122.24084311724839,61.120421558624194,15,18,0,0.0,0,0,0,
-1,2.0,1.0,122.24084311724839,61.120421558624194,30,18,0,0.0,0,0,0,
-1,2.0,1.0,122.24084311724839,61.120421558624194,60,18,0,0.0,0,0,0,
-1,2.0,1.5,122.24084311724839,91.68063233793629,15,18,0,0.0,0,0,0,
-1,2.0,1.5,122.24084311724839,91.68063233793629,30,18,0,0.0,0,0,0,
-1,2.0,1.5,122.24084311724839,91.68063233793629,60,18,0,0.0,0,0,0,
-1,3.0,0.5,183.36126467587258,30.560210779312097,15,18,0,0.0,0,0,0,
-1,3.0,0.5,183.36126467587258,30.560210779312097,30,18,0,0.0,0,0,0,
-1,3.0,0.5,183.36126467587258,30.560210779312097,60,18,0,0.0,0,0,0,
-1,3.0,0.75,183.36126467587258,45.840316168968144,15,18,0,0.0,0,0,0,
-1,3.0,0.75,183.36126467587258,45.840316168968144,30,18,0,0.0,0,0,0,
-1,3.0,0.75,183.36126467587258,45.840316168968144,60,18,0,0.0,0,0,0,
-1,3.0,1.0,183.36126467587258,61.120421558624194,15,18,0,0.0,0,0,0,
-1,3.0,1.0,183.36126467587258,61.120421558624194,30,18,0,0.0,0,0,0,
-1,3.0,1.0,183.36126467587258,61.120421558624194,60,18,0,0.0,0,0,0,
-1,3.0,1.5,183.36126467587258,91.68063233793629,15,18,0,0.0,0,0,0,
-1,3.0,1.5,183.36126467587258,91.68063233793629,30,18,0,0.0,0,0,0,
-1,3.0,1.5,183.36126467587258,91.68063233793629,60,18,0,0.0,0,0,0,
-1,4.0,0.5,244.48168623449678,30.560210779312097,15,18,0,0.0,0,0,0,
-1,4.0,0.5,244.48168623449678,30.560210779312097,30,18,0,0.0,0,0,0,
-1,4.0,0.5,244.48168623449678,30.560210779312097,60,18,0,0.0,0,0,0,
-1,4.0,0.75,244.48168623449678,45.840316168968144,15,18,0,0.0,0,0,0,
-1,4.0,0.75,244.48168623449678,45.840316168968144,30,18,0,0.0,0,0,0,
-1,4.0,0.75,244.48168623449678,45.840316168968144,60,18,0,0.0,0,0,0,
-1,4.0,1.0,244.48168623449678,61.120421558624194,15,18,0,0.0,0,0,0,
-1,4.0,1.0,244.48168623449678,61.120421558624194,30,18,0,0.0,0,0,0,
-1,4.0,1.0,244.48168623449678,61.120421558624194,60,18,0,0.0,0,0,0,
-1,4.0,1.5,244.48168623449678,91.68063233793629,15,18,0,0.0,0,0,0,
-1,4.0,1.5,244.48168623449678,91.68063233793629,30,18,0,0.0,0,0,0,
-1,4.0,1.5,244.48168623449678,91.68063233793629,60,18,0,0.0,0,0,0,
-1,0.75,0.5,49.73177477653489,33.15451651768993,15,3,0,0.0,0,0,0,
-1,0.75,0.5,49.73177477653489,33.15451651768993,30,3,0,0.0,0,0,0,
-1,0.75,0.5,49.73177477653489,33.15451651768993,60,3,0,0.0,0,0,0,
-1,0.75,0.75,49.73177477653489,49.73177477653489,15,3,0,0.0,0,0,0,
-1,0.75,0.75,49.73177477653489,49.73177477653489,30,3,0,0.0,0,0,0,
-1,0.75,0.75,49.73177477653489,49.73177477653489,60,3,0,0.0,0,0,0,
-1,0.75,1.0,49.73177477653489,66.30903303537985,15,3,0,0.0,0,0,0,
-1,0.75,1.0,49.73177477653489,66.30903303537985,30,3,0,0.0,0,0,0,
-1,0.75,1.0,49.73177477653489,66.30903303537985,60,3,0,0.0,0,0,0,
-1,0.75,1.5,49.73177477653489,99.46354955306978,15,3,0,0.0,0,0,0,
-1,0.75,1.5,49.73177477653489,99.46354955306978,30,3,0,0.0,0,0,0,
-1,0.75,1.5,49.73177477653489,99.46354955306978,60,3,0,0.0,0,0,0,
-1,1.0,0.5,66.30903303537985,33.15451651768993,15,3,0,0.0,0,0,0,
-1,1.0,0.5,66.30903303537985,33.15451651768993,30,3,0,0.0,0,0,0,
-1,1.0,0.5,66.30903303537985,33.15451651768993,60,3,0,0.0,0,0,0,
-1,1.0,0.75,66.30903303537985,49.73177477653489,15,3,0,0.0,0,0,0,
-1,1.0,0.75,66.30903303537985,49.73177477653489,30,3,0,0.0,0,0,0,
-1,1.0,0.75,66.30903303537985,49.73177477653489,60,3,0,0.0,0,0,0,
-1,1.0,1.0,66.30903303537985,66.30903303537985,15,3,0,0.0,0,0,0,
-1,1.0,1.0,66.30903303537985,66.30903303537985,30,3,0,0.0,0,0,0,
-1,1.0,1.0,66.30903303537985,66.30903303537985,60,3,0,0.0,0,0,0,
-1,1.0,1.5,66.30903303537985,99.46354955306978,15,3,0,0.0,0,0,0,
-1,1.0,1.5,66.30903303537985,99.46354955306978,30,3,0,0.0,0,0,0,
-1,1.0,1.5,66.30903303537985,99.46354955306978,60,3,0,0.0,0,0,0,
-1,1.5,0.5,99.46354955306978,33.15451651768993,15,3,0,0.0,0,0,0,
-1,1.5,0.5,99.46354955306978,33.15451651768993,30,3,0,0.0,0,0,0,
-1,1.5,0.5,99.46354955306978,33.15451651768993,60,3,0,0.0,0,0,0,
-1,1.5,0.75,99.46354955306978,49.73177477653489,15,3,0,0.0,0,0,0,
-1,1.5,0.75,99.46354955306978,49.73177477653489,30,3,0,0.0,0,0,0,
-1,1.5,0.75,99.46354955306978,49.73177477653489,60,3,0,0.0,0,0,0,
-1,1.5,1.0,99.46354955306978,66.30903303537985,15,3,0,0.0,0,0,0,
-1,1.5,1.0,99.46354955306978,66.30903303537985,30,3,0,0.0,0,0,0,
-1,1.5,1.0,99.46354955306978,66.30903303537985,60,3,0,0.0,0,0,0,
-1,1.5,1.5,99.46354955306978,99.46354955306978,15,3,0,0.0,0,0,0,
-1,1.5,1.5,99.46354955306978,99.46354955306978,30,3,0,0.0,0,0,0,
-1,1.5,1.5,99.46354955306978,99.46354955306978,60,3,0,0.0,0,0,0,
-1,2.0,0.5,132.6180660707597,33.15451651768993,15,3,0,0.0,0,0,0,
-1,2.0,0.5,132.6180660707597,33.15451651768993,30,3,0,0.0,0,0,0,
-1,2.0,0.5,132.6180660707597,33.15451651768993,60,3,0,0.0,0,0,0,
-1,2.0,0.75,132.6180660707597,49.73177477653489,15,3,0,0.0,0,0,0,
-1,2.0,0.75,132.6180660707597,49.73177477653489,30,3,0,0.0,0,0,0,
-1,2.0,0.75,132.6180660707597,49.73177477653489,60,3,0,0.0,0,0,0,
-1,2.0,1.0,132.6180660707597,66.30903303537985,15,3,0,0.0,0,0,0,
-1,2.0,1.0,132.6180660707597,66.30903303537985,30,3,0,0.0,0,0,0,
-1,2.0,1.0,132.6180660707597,66.30903303537985,60,3,0,0.0,0,0,0,
-1,2.0,1.5,132.6180660707597,99.46354955306978,15,3,0,0.0,0,0,0,
-1,2.0,1.5,132.6180660707597,99.46354955306978,30,3,0,0.0,0,0,0,
-1,2.0,1.5,132.6180660707597,99.46354955306978,60,3,0,0.0,0,0,0,
-1,3.0,0.5,198.92709910613956,33.15451651768993,15,3,0,0.0,0,0,0,
-1,3.0,0.5,198.92709910613956,33.15451651768993,30,3,0,0.0,0,0,0,
-1,3.0,0.5,198.92709910613956,33.15451651768993,60,3,0,0.0,0,0,0,
-1,3.0,0.75,198.92709910613956,49.73177477653489,15,3,0,0.0,0,0,0,
-1,3.0,0.75,198.92709910613956,49.73177477653489,30,3,0,0.0,0,0,0,
-1,3.0,0.75,198.92709910613956,49.73177477653489,60,3,0,0.0,0,0,0,
-1,3.0,1.0,198.92709910613956,66.30903303537985,15,3,0,0.0,0,0,0,
-1,3.0,1.0,198.92709910613956,66.30903303537985,30,3,0,0.0,0,0,0,
-1,3.0,1.0,198.92709910613956,66.30903303537985,60,3,0,0.0,0,0,0,
-1,3.0,1.5,198.92709910613956,99.46354955306978,15,3,0,0.0,0,0,0,
-1,3.0,1.5,198.92709910613956,99.46354955306978,30,3,0,0.0,0,0,0,
-1,3.0,1.5,198.92709910613956,99.46354955306978,60,3,0,0.0,0,0,0,
-1,4.0,0.5,265.2361321415194,33.15451651768993,15,3,0,0.0,0,0,0,
-1,4.0,0.5,265.2361321415194,33.15451651768993,30,3,0,0.0,0,0,0,
-1,4.0,0.5,265.2361321415194,33.15451651768993,60,3,0,0.0,0,0,0,
-1,4.0,0.75,265.2361321415194,49.73177477653489,15,3,0,0.0,0,0,0,
-1,4.0,0.75,265.2361321415194,49.73177477653489,30,3,0,0.0,0,0,0,
-1,4.0,0.75,265.2361321415194,49.73177477653489,60,3,0,0.0,0,0,0,
-1,4.0,1.0,265.2361321415194,66.30903303537985,15,3,0,0.0,0,0,0,
-1,4.0,1.0,265.2361321415194,66.30903303537985,30,3,0,0.0,0,0,0,
-1,4.0,1.0,265.2361321415194,66.30903303537985,60,3,0,0.0,0,0,0,
-1,4.0,1.5,265.2361321415194,99.46354955306978,15,3,0,0.0,0,0,0,
-1,4.0,1.5,265.2361321415194,99.46354955306978,30,3,0,0.0,0,0,0,
-1,4.0,1.5,265.2361321415194,99.46354955306978,60,3,0,0.0,0,0,0,
-1,0.75,0.5,56.5832975854887,37.7221983903258,15,123,9,0.07317073170731707,3,6,0,110814744538.0
-1,0.75,0.5,56.5832975854887,37.7221983903258,30,123,10,0.08130081300813008,4,6,0,117114288580.0
-1,0.75,0.5,56.5832975854887,37.7221983903258,60,123,10,0.08130081300813008,4,6,0,117114288580.0
-1,0.75,0.75,56.5832975854887,56.5832975854887,15,123,7,0.056910569105691054,4,3,0,231066990948.0
-1,0.75,0.75,56.5832975854887,56.5832975854887,30,123,8,0.06504065040650407,5,3,0,243982664019.0
-1,0.75,0.75,56.5832975854887,56.5832975854887,60,123,8,0.06504065040650407,5,3,0,243982664019.0
-1,0.75,1.0,56.5832975854887,75.4443967806516,15,123,2,0.016260162601626018,2,0,0,227640874109.0
-1,0.75,1.0,56.5832975854887,75.4443967806516,30,123,2,0.016260162601626018,2,0,0,227640874109.0
-1,0.75,1.0,56.5832975854887,75.4443967806516,60,123,2,0.016260162601626018,2,0,0,227640874109.0
-1,0.75,1.5,56.5832975854887,113.1665951709774,15,123,0,0.0,0,0,0,
-1,0.75,1.5,56.5832975854887,113.1665951709774,30,123,0,0.0,0,0,0,
-1,0.75,1.5,56.5832975854887,113.1665951709774,60,123,0,0.0,0,0,0,
-1,1.0,0.5,75.4443967806516,37.7221983903258,15,123,4,0.032520325203252036,1,3,0,94740023307.0
-1,1.0,0.5,75.4443967806516,37.7221983903258,30,123,5,0.04065040650406504,2,3,0,134055667086.0
-1,1.0,0.5,75.4443967806516,37.7221983903258,60,123,5,0.04065040650406504,2,3,0,134055667086.0
-1,1.0,0.75,75.4443967806516,56.5832975854887,15,123,3,0.024390243902439025,2,1,0,246659379216.0
-1,1.0,0.75,75.4443967806516,56.5832975854887,30,123,4,0.032520325203252036,3,1,0,261848735836.0
-1,1.0,0.75,75.4443967806516,56.5832975854887,60,123,4,0.032520325203252036,3,1,0,261848735836.0
-1,1.0,1.0,75.4443967806516,75.4443967806516,15,123,1,0.008130081300813009,1,0,0,185520951210.0
-1,1.0,1.0,75.4443967806516,75.4443967806516,30,123,1,0.008130081300813009,1,0,0,185520951210.0
-1,1.0,1.0,75.4443967806516,75.4443967806516,60,123,1,0.008130081300813009,1,0,0,185520951210.0
-1,1.0,1.5,75.4443967806516,113.1665951709774,15,123,0,0.0,0,0,0,
-1,1.0,1.5,75.4443967806516,113.1665951709774,30,123,0,0.0,0,0,0,
-1,1.0,1.5,75.4443967806516,113.1665951709774,60,123,0,0.0,0,0,0,
-1,1.5,0.5,113.1665951709774,37.7221983903258,15,123,2,0.016260162601626018,0,2,0,132301400262.0
-1,1.5,0.5,113.1665951709774,37.7221983903258,30,123,2,0.016260162601626018,0,2,0,132301400262.0
-1,1.5,0.5,113.1665951709774,37.7221983903258,60,123,2,0.016260162601626018,0,2,0,132301400262.0
-1,1.5,0.75,113.1665951709774,56.5832975854887,15,123,0,0.0,0,0,0,
-1,1.5,0.75,113.1665951709774,56.5832975854887,30,123,0,0.0,0,0,0,
-1,1.5,0.75,113.1665951709774,56.5832975854887,60,123,0,0.0,0,0,0,
-1,1.5,1.0,113.1665951709774,75.4443967806516,15,123,0,0.0,0,0,0,
-1,1.5,1.0,113.1665951709774,75.4443967806516,30,123,0,0.0,0,0,0,
-1,1.5,1.0,113.1665951709774,75.4443967806516,60,123,0,0.0,0,0,0,
-1,1.5,1.5,113.1665951709774,113.1665951709774,15,123,0,0.0,0,0,0,
-1,1.5,1.5,113.1665951709774,113.1665951709774,30,123,0,0.0,0,0,0,
-1,1.5,1.5,113.1665951709774,113.1665951709774,60,123,0,0.0,0,0,0,
-1,2.0,0.5,150.8887935613032,37.7221983903258,15,123,1,0.008130081300813009,0,1,0,147044059650.0
-1,2.0,0.5,150.8887935613032,37.7221983903258,30,123,1,0.008130081300813009,0,1,0,147044059650.0
-1,2.0,0.5,150.8887935613032,37.7221983903258,60,123,1,0.008130081300813009,0,1,0,147044059650.0
-1,2.0,0.75,150.8887935613032,56.5832975854887,15,123,0,0.0,0,0,0,
-1,2.0,0.75,150.8887935613032,56.5832975854887,30,123,0,0.0,0,0,0,
-1,2.0,0.75,150.8887935613032,56.5832975854887,60,123,0,0.0,0,0,0,
-1,2.0,1.0,150.8887935613032,75.4443967806516,15,123,0,0.0,0,0,0,
-1,2.0,1.0,150.8887935613032,75.4443967806516,30,123,0,0.0,0,0,0,
-1,2.0,1.0,150.8887935613032,75.4443967806516,60,123,0,0.0,0,0,0,
-1,2.0,1.5,150.8887935613032,113.1665951709774,15,123,0,0.0,0,0,0,
-1,2.0,1.5,150.8887935613032,113.1665951709774,30,123,0,0.0,0,0,0,
-1,2.0,1.5,150.8887935613032,113.1665951709774,60,123,0,0.0,0,0,0,
-1,3.0,0.5,226.3331903419548,37.7221983903258,15,123,0,0.0,0,0,0,
-1,3.0,0.5,226.3331903419548,37.7221983903258,30,123,0,0.0,0,0,0,
-1,3.0,0.5,226.3331903419548,37.7221983903258,60,123,0,0.0,0,0,0,
-1,3.0,0.75,226.3331903419548,56.5832975854887,15,123,0,0.0,0,0,0,
-1,3.0,0.75,226.3331903419548,56.5832975854887,30,123,0,0.0,0,0,0,
-1,3.0,0.75,226.3331903419548,56.5832975854887,60,123,0,0.0,0,0,0,
-1,3.0,1.0,226.3331903419548,75.4443967806516,15,123,0,0.0,0,0,0,
-1,3.0,1.0,226.3331903419548,75.4443967806516,30,123,0,0.0,0,0,0,
-1,3.0,1.0,226.3331903419548,75.4443967806516,60,123,0,0.0,0,0,0,
-1,3.0,1.5,226.3331903419548,113.1665951709774,15,123,0,0.0,0,0,0,
-1,3.0,1.5,226.3331903419548,113.1665951709774,30,123,0,0.0,0,0,0,
-1,3.0,1.5,226.3331903419548,113.1665951709774,60,123,0,0.0,0,0,0,
-1,4.0,0.5,301.7775871226064,37.7221983903258,15,123,0,0.0,0,0,0,
-1,4.0,0.5,301.7775871226064,37.7221983903258,30,123,0,0.0,0,0,0,
-1,4.0,0.5,301.7775871226064,37.7221983903258,60,123,0,0.0,0,0,0,
-1,4.0,0.75,301.7775871226064,56.5832975854887,15,123,0,0.0,0,0,0,
-1,4.0,0.75,301.7775871226064,56.5832975854887,30,123,0,0.0,0,0,0,
-1,4.0,0.75,301.7775871226064,56.5832975854887,60,123,0,0.0,0,0,0,
-1,4.0,1.0,301.7775871226064,75.4443967806516,15,123,0,0.0,0,0,0,
-1,4.0,1.0,301.7775871226064,75.4443967806516,30,123,0,0.0,0,0,0,
-1,4.0,1.0,301.7775871226064,75.4443967806516,60,123,0,0.0,0,0,0,
-1,4.0,1.5,301.7775871226064,113.1665951709774,15,123,0,0.0,0,0,0,
-1,4.0,1.5,301.7775871226064,113.1665951709774,30,123,0,0.0,0,0,0,
-1,4.0,1.5,301.7775871226064,113.1665951709774,60,123,0,0.0,0,0,0,
-1,0.75,0.5,47.81553031218905,31.87702020812603,15,43,6,0.13953488372093023,2,4,0,190501968433.0
-1,0.75,0.5,47.81553031218905,31.87702020812603,30,43,6,0.13953488372093023,2,4,0,190501968433.0
-1,0.75,0.5,47.81553031218905,31.87702020812603,60,43,6,0.13953488372093023,2,4,0,190501968433.0
-1,0.75,0.75,47.81553031218905,47.81553031218905,15,43,0,0.0,0,0,0,
-1,0.75,0.75,47.81553031218905,47.81553031218905,30,43,0,0.0,0,0,0,
-1,0.75,0.75,47.81553031218905,47.81553031218905,60,43,0,0.0,0,0,0,
-1,0.75,1.0,47.81553031218905,63.75404041625206,15,43,0,0.0,0,0,0,
-1,0.75,1.0,47.81553031218905,63.75404041625206,30,43,0,0.0,0,0,0,
-1,0.75,1.0,47.81553031218905,63.75404041625206,60,43,0,0.0,0,0,0,
-1,0.75,1.5,47.81553031218905,95.6310606243781,15,43,0,0.0,0,0,0,
-1,0.75,1.5,47.81553031218905,95.6310606243781,30,43,0,0.0,0,0,0,
-1,0.75,1.5,47.81553031218905,95.6310606243781,60,43,0,0.0,0,0,0,
-1,1.0,0.5,63.75404041625206,31.87702020812603,15,43,2,0.046511627906976744,0,2,0,165507626631.0
-1,1.0,0.5,63.75404041625206,31.87702020812603,30,43,2,0.046511627906976744,0,2,0,165507626631.0
-1,1.0,0.5,63.75404041625206,31.87702020812603,60,43,2,0.046511627906976744,0,2,0,165507626631.0
-1,1.0,0.75,63.75404041625206,47.81553031218905,15,43,0,0.0,0,0,0,
-1,1.0,0.75,63.75404041625206,47.81553031218905,30,43,0,0.0,0,0,0,
-1,1.0,0.75,63.75404041625206,47.81553031218905,60,43,0,0.0,0,0,0,
-1,1.0,1.0,63.75404041625206,63.75404041625206,15,43,0,0.0,0,0,0,
-1,1.0,1.0,63.75404041625206,63.75404041625206,30,43,0,0.0,0,0,0,
-1,1.0,1.0,63.75404041625206,63.75404041625206,60,43,0,0.0,0,0,0,
-1,1.0,1.5,63.75404041625206,95.6310606243781,15,43,0,0.0,0,0,0,
-1,1.0,1.5,63.75404041625206,95.6310606243781,30,43,0,0.0,0,0,0,
-1,1.0,1.5,63.75404041625206,95.6310606243781,60,43,0,0.0,0,0,0,
-1,1.5,0.5,95.6310606243781,31.87702020812603,15,43,0,0.0,0,0,0,
-1,1.5,0.5,95.6310606243781,31.87702020812603,30,43,0,0.0,0,0,0,
-1,1.5,0.5,95.6310606243781,31.87702020812603,60,43,0,0.0,0,0,0,
-1,1.5,0.75,95.6310606243781,47.81553031218905,15,43,0,0.0,0,0,0,
-1,1.5,0.75,95.6310606243781,47.81553031218905,30,43,0,0.0,0,0,0,
-1,1.5,0.75,95.6310606243781,47.81553031218905,60,43,0,0.0,0,0,0,
-1,1.5,1.0,95.6310606243781,63.75404041625206,15,43,0,0.0,0,0,0,
-1,1.5,1.0,95.6310606243781,63.75404041625206,30,43,0,0.0,0,0,0,
-1,1.5,1.0,95.6310606243781,63.75404041625206,60,43,0,0.0,0,0,0,
-1,1.5,1.5,95.6310606243781,95.6310606243781,15,43,0,0.0,0,0,0,
-1,1.5,1.5,95.6310606243781,95.6310606243781,30,43,0,0.0,0,0,0,
-1,1.5,1.5,95.6310606243781,95.6310606243781,60,43,0,0.0,0,0,0,
-1,2.0,0.5,127.50808083250412,31.87702020812603,15,43,0,0.0,0,0,0,
-1,2.0,0.5,127.50808083250412,31.87702020812603,30,43,0,0.0,0,0,0,
-1,2.0,0.5,127.50808083250412,31.87702020812603,60,43,0,0.0,0,0,0,
-1,2.0,0.75,127.50808083250412,47.81553031218905,15,43,0,0.0,0,0,0,
-1,2.0,0.75,127.50808083250412,47.81553031218905,30,43,0,0.0,0,0,0,
-1,2.0,0.75,127.50808083250412,47.81553031218905,60,43,0,0.0,0,0,0,
-1,2.0,1.0,127.50808083250412,63.75404041625206,15,43,0,0.0,0,0,0,
-1,2.0,1.0,127.50808083250412,63.75404041625206,30,43,0,0.0,0,0,0,
-1,2.0,1.0,127.50808083250412,63.75404041625206,60,43,0,0.0,0,0,0,
-1,2.0,1.5,127.50808083250412,95.6310606243781,15,43,0,0.0,0,0,0,
-1,2.0,1.5,127.50808083250412,95.6310606243781,30,43,0,0.0,0,0,0,
-1,2.0,1.5,127.50808083250412,95.6310606243781,60,43,0,0.0,0,0,0,
-1,3.0,0.5,191.2621212487562,31.87702020812603,15,43,0,0.0,0,0,0,
-1,3.0,0.5,191.2621212487562,31.87702020812603,30,43,0,0.0,0,0,0,
-1,3.0,0.5,191.2621212487562,31.87702020812603,60,43,0,0.0,0,0,0,
-1,3.0,0.75,191.2621212487562,47.81553031218905,15,43,0,0.0,0,0,0,
-1,3.0,0.75,191.2621212487562,47.81553031218905,30,43,0,0.0,0,0,0,
-1,3.0,0.75,191.2621212487562,47.81553031218905,60,43,0,0.0,0,0,0,
-1,3.0,1.0,191.2621212487562,63.75404041625206,15,43,0,0.0,0,0,0,
-1,3.0,1.0,191.2621212487562,63.75404041625206,30,43,0,0.0,0,0,0,
-1,3.0,1.0,191.2621212487562,63.75404041625206,60,43,0,0.0,0,0,0,
-1,3.0,1.5,191.2621212487562,95.6310606243781,15,43,0,0.0,0,0,0,
-1,3.0,1.5,191.2621212487562,95.6310606243781,30,43,0,0.0,0,0,0,
-1,3.0,1.5,191.2621212487562,95.6310606243781,60,43,0,0.0,0,0,0,
-1,4.0,0.5,255.01616166500824,31.87702020812603,15,43,0,0.0,0,0,0,
-1,4.0,0.5,255.01616166500824,31.87702020812603,30,43,0,0.0,0,0,0,
-1,4.0,0.5,255.01616166500824,31.87702020812603,60,43,0,0.0,0,0,0,
-1,4.0,0.75,255.01616166500824,47.81553031218905,15,43,0,0.0,0,0,0,
-1,4.0,0.75,255.01616166500824,47.81553031218905,30,43,0,0.0,0,0,0,
-1,4.0,0.75,255.01616166500824,47.81553031218905,60,43,0,0.0,0,0,0,
-1,4.0,1.0,255.01616166500824,63.75404041625206,15,43,0,0.0,0,0,0,
-1,4.0,1.0,255.01616166500824,63.75404041625206,30,43,0,0.0,0,0,0,
-1,4.0,1.0,255.01616166500824,63.75404041625206,60,43,0,0.0,0,0,0,
-1,4.0,1.5,255.01616166500824,95.6310606243781,15,43,0,0.0,0,0,0,
-1,4.0,1.5,255.01616166500824,95.6310606243781,30,43,0,0.0,0,0,0,
-1,4.0,1.5,255.01616166500824,95.6310606243781,60,43,0,0.0,0,0,0,
-1,0.75,0.5,56.31419787458304,37.54279858305536,15,130,2,0.015384615384615385,1,1,0,142767716209.0
-1,0.75,0.5,56.31419787458304,37.54279858305536,30,130,2,0.015384615384615385,1,1,0,142767716209.0
-1,0.75,0.5,56.31419787458304,37.54279858305536,60,130,2,0.015384615384615385,1,1,0,142767716209.0
-1,0.75,0.75,56.31419787458304,56.31419787458304,15,130,1,0.007692307692307693,1,0,0,147118813966.0
-1,0.75,0.75,56.31419787458304,56.31419787458304,30,130,1,0.007692307692307693,1,0,0,147118813966.0
-1,0.75,0.75,56.31419787458304,56.31419787458304,60,130,1,0.007692307692307693,1,0,0,147118813966.0
-1,0.75,1.0,56.31419787458304,75.08559716611072,15,130,1,0.007692307692307693,1,0,0,147437611426.0
-1,0.75,1.0,56.31419787458304,75.08559716611072,30,130,1,0.007692307692307693,1,0,0,147437611426.0
-1,0.75,1.0,56.31419787458304,75.08559716611072,60,130,1,0.007692307692307693,1,0,0,147437611426.0
-1,0.75,1.5,56.31419787458304,112.62839574916607,15,130,1,0.007692307692307693,1,0,0,150169658186.0
-1,0.75,1.5,56.31419787458304,112.62839574916607,30,130,1,0.007692307692307693,1,0,0,150169658186.0
-1,0.75,1.5,56.31419787458304,112.62839574916607,60,130,1,0.007692307692307693,1,0,0,150169658186.0
-1,1.0,0.5,75.08559716611072,37.54279858305536,15,130,0,0.0,0,0,0,
-1,1.0,0.5,75.08559716611072,37.54279858305536,30,130,0,0.0,0,0,0,
-1,1.0,0.5,75.08559716611072,37.54279858305536,60,130,0,0.0,0,0,0,
-1,1.0,0.75,75.08559716611072,56.31419787458304,15,130,0,0.0,0,0,0,
-1,1.0,0.75,75.08559716611072,56.31419787458304,30,130,0,0.0,0,0,0,
-1,1.0,0.75,75.08559716611072,56.31419787458304,60,130,0,0.0,0,0,0,
-1,1.0,1.0,75.08559716611072,75.08559716611072,15,130,0,0.0,0,0,0,
-1,1.0,1.0,75.08559716611072,75.08559716611072,30,130,0,0.0,0,0,0,
-1,1.0,1.0,75.08559716611072,75.08559716611072,60,130,0,0.0,0,0,0,
-1,1.0,1.5,75.08559716611072,112.62839574916607,15,130,0,0.0,0,0,0,
-1,1.0,1.5,75.08559716611072,112.62839574916607,30,130,0,0.0,0,0,0,
-1,1.0,1.5,75.08559716611072,112.62839574916607,60,130,0,0.0,0,0,0,
-1,1.5,0.5,112.62839574916607,37.54279858305536,15,130,0,0.0,0,0,0,
-1,1.5,0.5,112.62839574916607,37.54279858305536,30,130,0,0.0,0,0,0,
-1,1.5,0.5,112.62839574916607,37.54279858305536,60,130,0,0.0,0,0,0,
-1,1.5,0.75,112.62839574916607,56.31419787458304,15,130,0,0.0,0,0,0,
-1,1.5,0.75,112.62839574916607,56.31419787458304,30,130,0,0.0,0,0,0,
-1,1.5,0.75,112.62839574916607,56.31419787458304,60,130,0,0.0,0,0,0,
-1,1.5,1.0,112.62839574916607,75.08559716611072,15,130,0,0.0,0,0,0,
-1,1.5,1.0,112.62839574916607,75.08559716611072,30,130,0,0.0,0,0,0,
-1,1.5,1.0,112.62839574916607,75.08559716611072,60,130,0,0.0,0,0,0,
-1,1.5,1.5,112.62839574916607,112.62839574916607,15,130,0,0.0,0,0,0,
-1,1.5,1.5,112.62839574916607,112.62839574916607,30,130,0,0.0,0,0,0,
-1,1.5,1.5,112.62839574916607,112.62839574916607,60,130,0,0.0,0,0,0,
-1,2.0,0.5,150.17119433222143,37.54279858305536,15,130,0,0.0,0,0,0,
-1,2.0,0.5,150.17119433222143,37.54279858305536,30,130,0,0.0,0,0,0,
-1,2.0,0.5,150.17119433222143,37.54279858305536,60,130,0,0.0,0,0,0,
-1,2.0,0.75,150.17119433222143,56.31419787458304,15,130,0,0.0,0,0,0,
-1,2.0,0.75,150.17119433222143,56.31419787458304,30,130,0,0.0,0,0,0,
-1,2.0,0.75,150.17119433222143,56.31419787458304,60,130,0,0.0,0,0,0,
-1,2.0,1.0,150.17119433222143,75.08559716611072,15,130,0,0.0,0,0,0,
-1,2.0,1.0,150.17119433222143,75.08559716611072,30,130,0,0.0,0,0,0,
-1,2.0,1.0,150.17119433222143,75.08559716611072,60,130,0,0.0,0,0,0,
-1,2.0,1.5,150.17119433222143,112.62839574916607,15,130,0,0.0,0,0,0,
-1,2.0,1.5,150.17119433222143,112.62839574916607,30,130,0,0.0,0,0,0,
-1,2.0,1.5,150.17119433222143,112.62839574916607,60,130,0,0.0,0,0,0,
-1,3.0,0.5,225.25679149833215,37.54279858305536,15,130,0,0.0,0,0,0,
-1,3.0,0.5,225.25679149833215,37.54279858305536,30,130,0,0.0,0,0,0,
-1,3.0,0.5,225.25679149833215,37.54279858305536,60,130,0,0.0,0,0,0,
-1,3.0,0.75,225.25679149833215,56.31419787458304,15,130,0,0.0,0,0,0,
-1,3.0,0.75,225.25679149833215,56.31419787458304,30,130,0,0.0,0,0,0,
-1,3.0,0.75,225.25679149833215,56.31419787458304,60,130,0,0.0,0,0,0,
-1,3.0,1.0,225.25679149833215,75.08559716611072,15,130,0,0.0,0,0,0,
-1,3.0,1.0,225.25679149833215,75.08559716611072,30,130,0,0.0,0,0,0,
-1,3.0,1.0,225.25679149833215,75.08559716611072,60,130,0,0.0,0,0,0,
-1,3.0,1.5,225.25679149833215,112.62839574916607,15,130,0,0.0,0,0,0,
-1,3.0,1.5,225.25679149833215,112.62839574916607,30,130,0,0.0,0,0,0,
-1,3.0,1.5,225.25679149833215,112.62839574916607,60,130,0,0.0,0,0,0,
-1,4.0,0.5,300.34238866444286,37.54279858305536,15,130,0,0.0,0,0,0,
-1,4.0,0.5,300.34238866444286,37.54279858305536,30,130,0,0.0,0,0,0,
-1,4.0,0.5,300.34238866444286,37.54279858305536,60,130,0,0.0,0,0,0,
-1,4.0,0.75,300.34238866444286,56.31419787458304,15,130,0,0.0,0,0,0,
-1,4.0,0.75,300.34238866444286,56.31419787458304,30,130,0,0.0,0,0,0,
-1,4.0,0.75,300.34238866444286,56.31419787458304,60,130,0,0.0,0,0,0,
-1,4.0,1.0,300.34238866444286,75.08559716611072,15,130,0,0.0,0,0,0,
-1,4.0,1.0,300.34238866444286,75.08559716611072,30,130,0,0.0,0,0,0,
-1,4.0,1.0,300.34238866444286,75.08559716611072,60,130,0,0.0,0,0,0,
-1,4.0,1.5,300.34238866444286,112.62839574916607,15,130,0,0.0,0,0,0,
-1,4.0,1.5,300.34238866444286,112.62839574916607,30,130,0,0.0,0,0,0,
-1,4.0,1.5,300.34238866444286,112.62839574916607,60,130,0,0.0,0,0,0,
-1,0.75,0.5,56.47205469974512,37.64803646649675,15,177,7,0.03954802259887006,1,6,0,144226392138.0
-1,0.75,0.5,56.47205469974512,37.64803646649675,30,177,7,0.03954802259887006,1,6,0,144226392138.0
-1,0.75,0.5,56.47205469974512,37.64803646649675,60,177,7,0.03954802259887006,1,6,0,144226392138.0
-1,0.75,0.75,56.47205469974512,56.47205469974512,15,177,5,0.02824858757062147,0,5,0,143188874212.0
-1,0.75,0.75,56.47205469974512,56.47205469974512,30,177,5,0.02824858757062147,0,5,0,143188874212.0
-1,0.75,0.75,56.47205469974512,56.47205469974512,60,177,5,0.02824858757062147,0,5,0,143188874212.0
-1,0.75,1.0,56.47205469974512,75.2960729329935,15,177,4,0.022598870056497175,0,4,0,104053752846.0
-1,0.75,1.0,56.47205469974512,75.2960729329935,30,177,4,0.022598870056497175,0,4,0,104053752846.0
-1,0.75,1.0,56.47205469974512,75.2960729329935,60,177,4,0.022598870056497175,0,4,0,104053752846.0
-1,0.75,1.5,56.47205469974512,112.94410939949024,15,177,2,0.011299435028248588,0,2,0,98250112865.0
-1,0.75,1.5,56.47205469974512,112.94410939949024,30,177,2,0.011299435028248588,0,2,0,98250112865.0
-1,0.75,1.5,56.47205469974512,112.94410939949024,60,177,2,0.011299435028248588,0,2,0,98250112865.0
-1,1.0,0.5,75.2960729329935,37.64803646649675,15,177,1,0.005649717514124294,0,1,0,94396343584.0
-1,1.0,0.5,75.2960729329935,37.64803646649675,30,177,1,0.005649717514124294,0,1,0,94396343584.0
-1,1.0,0.5,75.2960729329935,37.64803646649675,60,177,1,0.005649717514124294,0,1,0,94396343584.0
-1,1.0,0.75,75.2960729329935,56.47205469974512,15,177,1,0.005649717514124294,0,1,0,84349345062.0
-1,1.0,0.75,75.2960729329935,56.47205469974512,30,177,1,0.005649717514124294,0,1,0,84349345062.0
-1,1.0,0.75,75.2960729329935,56.47205469974512,60,177,1,0.005649717514124294,0,1,0,84349345062.0
-1,1.0,1.0,75.2960729329935,75.2960729329935,15,177,1,0.005649717514124294,0,1,0,72518139082.0
-1,1.0,1.0,75.2960729329935,75.2960729329935,30,177,1,0.005649717514124294,0,1,0,72518139082.0
-1,1.0,1.0,75.2960729329935,75.2960729329935,60,177,1,0.005649717514124294,0,1,0,72518139082.0
-1,1.0,1.5,75.2960729329935,112.94410939949024,15,177,1,0.005649717514124294,0,1,0,176060758198.0
-1,1.0,1.5,75.2960729329935,112.94410939949024,30,177,1,0.005649717514124294,0,1,0,176060758198.0
-1,1.0,1.5,75.2960729329935,112.94410939949024,60,177,1,0.005649717514124294,0,1,0,176060758198.0
-1,1.5,0.5,112.94410939949024,37.64803646649675,15,177,1,0.005649717514124294,0,1,0,135022353506.0
-1,1.5,0.5,112.94410939949024,37.64803646649675,30,177,1,0.005649717514124294,0,1,0,135022353506.0
-1,1.5,0.5,112.94410939949024,37.64803646649675,60,177,1,0.005649717514124294,0,1,0,135022353506.0
-1,1.5,0.75,112.94410939949024,56.47205469974512,15,177,1,0.005649717514124294,0,1,0,124975354984.0
-1,1.5,0.75,112.94410939949024,56.47205469974512,30,177,1,0.005649717514124294,0,1,0,124975354984.0
-1,1.5,0.75,112.94410939949024,56.47205469974512,60,177,1,0.005649717514124294,0,1,0,124975354984.0
-1,1.5,1.0,112.94410939949024,75.2960729329935,15,177,1,0.005649717514124294,0,1,0,113144149004.0
-1,1.5,1.0,112.94410939949024,75.2960729329935,30,177,1,0.005649717514124294,0,1,0,113144149004.0
-1,1.5,1.0,112.94410939949024,75.2960729329935,60,177,1,0.005649717514124294,0,1,0,113144149004.0
-1,1.5,1.5,112.94410939949024,112.94410939949024,15,177,0,0.0,0,0,0,
-1,1.5,1.5,112.94410939949024,112.94410939949024,30,177,0,0.0,0,0,0,
-1,1.5,1.5,112.94410939949024,112.94410939949024,60,177,0,0.0,0,0,0,
-1,2.0,0.5,150.592145865987,37.64803646649675,15,177,0,0.0,0,0,0,
-1,2.0,0.5,150.592145865987,37.64803646649675,30,177,0,0.0,0,0,0,
-1,2.0,0.5,150.592145865987,37.64803646649675,60,177,0,0.0,0,0,0,
-1,2.0,0.75,150.592145865987,56.47205469974512,15,177,0,0.0,0,0,0,
-1,2.0,0.75,150.592145865987,56.47205469974512,30,177,0,0.0,0,0,0,
-1,2.0,0.75,150.592145865987,56.47205469974512,60,177,0,0.0,0,0,0,
-1,2.0,1.0,150.592145865987,75.2960729329935,15,177,0,0.0,0,0,0,
-1,2.0,1.0,150.592145865987,75.2960729329935,30,177,0,0.0,0,0,0,
-1,2.0,1.0,150.592145865987,75.2960729329935,60,177,0,0.0,0,0,0,
-1,2.0,1.5,150.592145865987,112.94410939949024,15,177,0,0.0,0,0,0,
-1,2.0,1.5,150.592145865987,112.94410939949024,30,177,0,0.0,0,0,0,
-1,2.0,1.5,150.592145865987,112.94410939949024,60,177,0,0.0,0,0,0,
-1,3.0,0.5,225.8882187989805,37.64803646649675,15,177,0,0.0,0,0,0,
-1,3.0,0.5,225.8882187989805,37.64803646649675,30,177,0,0.0,0,0,0,
-1,3.0,0.5,225.8882187989805,37.64803646649675,60,177,0,0.0,0,0,0,
-1,3.0,0.75,225.8882187989805,56.47205469974512,15,177,0,0.0,0,0,0,
-1,3.0,0.75,225.8882187989805,56.47205469974512,30,177,0,0.0,0,0,0,
-1,3.0,0.75,225.8882187989805,56.47205469974512,60,177,0,0.0,0,0,0,
-1,3.0,1.0,225.8882187989805,75.2960729329935,15,177,0,0.0,0,0,0,
-1,3.0,1.0,225.8882187989805,75.2960729329935,30,177,0,0.0,0,0,0,
-1,3.0,1.0,225.8882187989805,75.2960729329935,60,177,0,0.0,0,0,0,
-1,3.0,1.5,225.8882187989805,112.94410939949024,15,177,0,0.0,0,0,0,
-1,3.0,1.5,225.8882187989805,112.94410939949024,30,177,0,0.0,0,0,0,
-1,3.0,1.5,225.8882187989805,112.94410939949024,60,177,0,0.0,0,0,0,
-1,4.0,0.5,301.184291731974,37.64803646649675,15,177,0,0.0,0,0,0,
-1,4.0,0.5,301.184291731974,37.64803646649675,30,177,0,0.0,0,0,0,
-1,4.0,0.5,301.184291731974,37.64803646649675,60,177,0,0.0,0,0,0,
-1,4.0,0.75,301.184291731974,56.47205469974512,15,177,0,0.0,0,0,0,
-1,4.0,0.75,301.184291731974,56.47205469974512,30,177,0,0.0,0,0,0,
-1,4.0,0.75,301.184291731974,56.47205469974512,60,177,0,0.0,0,0,0,
-1,4.0,1.0,301.184291731974,75.2960729329935,15,177,0,0.0,0,0,0,
-1,4.0,1.0,301.184291731974,75.2960729329935,30,177,0,0.0,0,0,0,
-1,4.0,1.0,301.184291731974,75.2960729329935,60,177,0,0.0,0,0,0,
-1,4.0,1.5,301.184291731974,112.94410939949024,15,177,0,0.0,0,0,0,
-1,4.0,1.5,301.184291731974,112.94410939949024,30,177,0,0.0,0,0,0,
-1,4.0,1.5,301.184291731974,112.94410939949024,60,177,0,0.0,0,0,0,
-1,0.75,0.5,52.31289992514576,34.87526661676384,15,245,4,0.0163265306122449,2,2,0,185069617479.0
-1,0.75,0.5,52.31289992514576,34.87526661676384,30,245,4,0.0163265306122449,2,2,0,185069617479.0
-1,0.75,0.5,52.31289992514576,34.87526661676384,60,245,4,0.0163265306122449,2,2,0,185069617479.0
-1,0.75,0.75,52.31289992514576,52.31289992514576,15,245,2,0.00816326530612245,1,1,0,181642698551.0
-1,0.75,0.75,52.31289992514576,52.31289992514576,30,245,2,0.00816326530612245,1,1,0,181642698551.0
-1,0.75,0.75,52.31289992514576,52.31289992514576,60,245,2,0.00816326530612245,1,1,0,181642698551.0
-1,0.75,1.0,52.31289992514576,69.75053323352768,15,245,1,0.004081632653061225,1,0,0,161331582848.0
-1,0.75,1.0,52.31289992514576,69.75053323352768,30,245,1,0.004081632653061225,1,0,0,161331582848.0
-1,0.75,1.0,52.31289992514576,69.75053323352768,60,245,1,0.004081632653061225,1,0,0,161331582848.0
-1,0.75,1.5,52.31289992514576,104.62579985029151,15,245,0,0.0,0,0,0,
-1,0.75,1.5,52.31289992514576,104.62579985029151,30,245,0,0.0,0,0,0,
-1,0.75,1.5,52.31289992514576,104.62579985029151,60,245,0,0.0,0,0,0,
-1,1.0,0.5,69.75053323352768,34.87526661676384,15,245,1,0.004081632653061225,0,1,0,264065655586.0
-1,1.0,0.5,69.75053323352768,34.87526661676384,30,245,1,0.004081632653061225,0,1,0,264065655586.0
-1,1.0,0.5,69.75053323352768,34.87526661676384,60,245,1,0.004081632653061225,0,1,0,264065655586.0
-1,1.0,0.75,69.75053323352768,52.31289992514576,15,245,1,0.004081632653061225,0,1,0,256067363704.0
-1,1.0,0.75,69.75053323352768,52.31289992514576,30,245,1,0.004081632653061225,0,1,0,256067363704.0
-1,1.0,0.75,69.75053323352768,52.31289992514576,60,245,1,0.004081632653061225,0,1,0,256067363704.0
-1,1.0,1.0,69.75053323352768,69.75053323352768,15,245,0,0.0,0,0,0,
-1,1.0,1.0,69.75053323352768,69.75053323352768,30,245,0,0.0,0,0,0,
-1,1.0,1.0,69.75053323352768,69.75053323352768,60,245,0,0.0,0,0,0,
-1,1.0,1.5,69.75053323352768,104.62579985029151,15,245,0,0.0,0,0,0,
-1,1.0,1.5,69.75053323352768,104.62579985029151,30,245,0,0.0,0,0,0,
-1,1.0,1.5,69.75053323352768,104.62579985029151,60,245,0,0.0,0,0,0,
-1,1.5,0.5,104.62579985029151,34.87526661676384,15,245,0,0.0,0,0,0,
-1,1.5,0.5,104.62579985029151,34.87526661676384,30,245,0,0.0,0,0,0,
-1,1.5,0.5,104.62579985029151,34.87526661676384,60,245,0,0.0,0,0,0,
-1,1.5,0.75,104.62579985029151,52.31289992514576,15,245,0,0.0,0,0,0,
-1,1.5,0.75,104.62579985029151,52.31289992514576,30,245,0,0.0,0,0,0,
-1,1.5,0.75,104.62579985029151,52.31289992514576,60,245,0,0.0,0,0,0,
-1,1.5,1.0,104.62579985029151,69.75053323352768,15,245,0,0.0,0,0,0,
-1,1.5,1.0,104.62579985029151,69.75053323352768,30,245,0,0.0,0,0,0,
-1,1.5,1.0,104.62579985029151,69.75053323352768,60,245,0,0.0,0,0,0,
-1,1.5,1.5,104.62579985029151,104.62579985029151,15,245,0,0.0,0,0,0,
-1,1.5,1.5,104.62579985029151,104.62579985029151,30,245,0,0.0,0,0,0,
-1,1.5,1.5,104.62579985029151,104.62579985029151,60,245,0,0.0,0,0,0,
-1,2.0,0.5,139.50106646705535,34.87526661676384,15,245,0,0.0,0,0,0,
-1,2.0,0.5,139.50106646705535,34.87526661676384,30,245,0,0.0,0,0,0,
-1,2.0,0.5,139.50106646705535,34.87526661676384,60,245,0,0.0,0,0,0,
-1,2.0,0.75,139.50106646705535,52.31289992514576,15,245,0,0.0,0,0,0,
-1,2.0,0.75,139.50106646705535,52.31289992514576,30,245,0,0.0,0,0,0,
-1,2.0,0.75,139.50106646705535,52.31289992514576,60,245,0,0.0,0,0,0,
-1,2.0,1.0,139.50106646705535,69.75053323352768,15,245,0,0.0,0,0,0,
-1,2.0,1.0,139.50106646705535,69.75053323352768,30,245,0,0.0,0,0,0,
-1,2.0,1.0,139.50106646705535,69.75053323352768,60,245,0,0.0,0,0,0,
-1,2.0,1.5,139.50106646705535,104.62579985029151,15,245,0,0.0,0,0,0,
-1,2.0,1.5,139.50106646705535,104.62579985029151,30,245,0,0.0,0,0,0,
-1,2.0,1.5,139.50106646705535,104.62579985029151,60,245,0,0.0,0,0,0,
-1,3.0,0.5,209.25159970058303,34.87526661676384,15,245,0,0.0,0,0,0,
-1,3.0,0.5,209.25159970058303,34.87526661676384,30,245,0,0.0,0,0,0,
-1,3.0,0.5,209.25159970058303,34.87526661676384,60,245,0,0.0,0,0,0,
-1,3.0,0.75,209.25159970058303,52.31289992514576,15,245,0,0.0,0,0,0,
-1,3.0,0.75,209.25159970058303,52.31289992514576,30,245,0,0.0,0,0,0,
-1,3.0,0.75,209.25159970058303,52.31289992514576,60,245,0,0.0,0,0,0,
-1,3.0,1.0,209.25159970058303,69.75053323352768,15,245,0,0.0,0,0,0,
-1,3.0,1.0,209.25159970058303,69.75053323352768,30,245,0,0.0,0,0,0,
-1,3.0,1.0,209.25159970058303,69.75053323352768,60,245,0,0.0,0,0,0,
-1,3.0,1.5,209.25159970058303,104.62579985029151,15,245,0,0.0,0,0,0,
-1,3.0,1.5,209.25159970058303,104.62579985029151,30,245,0,0.0,0,0,0,
-1,3.0,1.5,209.25159970058303,104.62579985029151,60,245,0,0.0,0,0,0,
-1,4.0,0.5,279.0021329341107,34.87526661676384,15,245,0,0.0,0,0,0,
-1,4.0,0.5,279.0021329341107,34.87526661676384,30,245,0,0.0,0,0,0,
-1,4.0,0.5,279.0021329341107,34.87526661676384,60,245,0,0.0,0,0,0,
-1,4.0,0.75,279.0021329341107,52.31289992514576,15,245,0,0.0,0,0,0,
-1,4.0,0.75,279.0021329341107,52.31289992514576,30,245,0,0.0,0,0,0,
-1,4.0,0.75,279.0021329341107,52.31289992514576,60,245,0,0.0,0,0,0,
-1,4.0,1.0,279.0021329341107,69.75053323352768,15,245,0,0.0,0,0,0,
-1,4.0,1.0,279.0021329341107,69.75053323352768,30,245,0,0.0,0,0,0,
-1,4.0,1.0,279.0021329341107,69.75053323352768,60,245,0,0.0,0,0,0,
-1,4.0,1.5,279.0021329341107,104.62579985029151,15,245,0,0.0,0,0,0,
-1,4.0,1.5,279.0021329341107,104.62579985029151,30,245,0,0.0,0,0,0,
-1,4.0,1.5,279.0021329341107,104.62579985029151,60,245,0,0.0,0,0,0,
-1,0.75,0.5,75.22612435615753,50.15074957077169,15,12,0,0.0,0,0,0,
-1,0.75,0.5,75.22612435615753,50.15074957077169,30,9,0,0.0,0,0,0,
-1,0.75,0.5,75.22612435615753,50.15074957077169,60,4,0,0.0,0,0,0,
-1,0.75,0.75,75.22612435615753,75.22612435615753,15,12,0,0.0,0,0,0,
-1,0.75,0.75,75.22612435615753,75.22612435615753,30,9,0,0.0,0,0,0,
-1,0.75,0.75,75.22612435615753,75.22612435615753,60,4,0,0.0,0,0,0,
-1,0.75,1.0,75.22612435615753,100.30149914154337,15,12,0,0.0,0,0,0,
-1,0.75,1.0,75.22612435615753,100.30149914154337,30,9,0,0.0,0,0,0,
-1,0.75,1.0,75.22612435615753,100.30149914154337,60,4,0,0.0,0,0,0,
-1,0.75,1.5,75.22612435615753,150.45224871231505,15,12,0,0.0,0,0,0,
-1,0.75,1.5,75.22612435615753,150.45224871231505,30,9,0,0.0,0,0,0,
-1,0.75,1.5,75.22612435615753,150.45224871231505,60,4,0,0.0,0,0,0,
-1,1.0,0.5,100.30149914154337,50.15074957077169,15,12,0,0.0,0,0,0,
-1,1.0,0.5,100.30149914154337,50.15074957077169,30,9,0,0.0,0,0,0,
-1,1.0,0.5,100.30149914154337,50.15074957077169,60,4,0,0.0,0,0,0,
-1,1.0,0.75,100.30149914154337,75.22612435615753,15,12,0,0.0,0,0,0,
-1,1.0,0.75,100.30149914154337,75.22612435615753,30,9,0,0.0,0,0,0,
-1,1.0,0.75,100.30149914154337,75.22612435615753,60,4,0,0.0,0,0,0,
-1,1.0,1.0,100.30149914154337,100.30149914154337,15,12,0,0.0,0,0,0,
-1,1.0,1.0,100.30149914154337,100.30149914154337,30,9,0,0.0,0,0,0,
-1,1.0,1.0,100.30149914154337,100.30149914154337,60,4,0,0.0,0,0,0,
-1,1.0,1.5,100.30149914154337,150.45224871231505,15,12,0,0.0,0,0,0,
-1,1.0,1.5,100.30149914154337,150.45224871231505,30,9,0,0.0,0,0,0,
-1,1.0,1.5,100.30149914154337,150.45224871231505,60,4,0,0.0,0,0,0,
-1,1.5,0.5,150.45224871231505,50.15074957077169,15,12,0,0.0,0,0,0,
-1,1.5,0.5,150.45224871231505,50.15074957077169,30,9,0,0.0,0,0,0,
-1,1.5,0.5,150.45224871231505,50.15074957077169,60,4,0,0.0,0,0,0,
-1,1.5,0.75,150.45224871231505,75.22612435615753,15,12,0,0.0,0,0,0,
-1,1.5,0.75,150.45224871231505,75.22612435615753,30,9,0,0.0,0,0,0,
-1,1.5,0.75,150.45224871231505,75.22612435615753,60,4,0,0.0,0,0,0,
-1,1.5,1.0,150.45224871231505,100.30149914154337,15,12,0,0.0,0,0,0,
-1,1.5,1.0,150.45224871231505,100.30149914154337,30,9,0,0.0,0,0,0,
-1,1.5,1.0,150.45224871231505,100.30149914154337,60,4,0,0.0,0,0,0,
-1,1.5,1.5,150.45224871231505,150.45224871231505,15,12,0,0.0,0,0,0,
-1,1.5,1.5,150.45224871231505,150.45224871231505,30,9,0,0.0,0,0,0,
-1,1.5,1.5,150.45224871231505,150.45224871231505,60,4,0,0.0,0,0,0,
-1,2.0,0.5,200.60299828308675,50.15074957077169,15,12,0,0.0,0,0,0,
-1,2.0,0.5,200.60299828308675,50.15074957077169,30,9,0,0.0,0,0,0,
-1,2.0,0.5,200.60299828308675,50.15074957077169,60,4,0,0.0,0,0,0,
-1,2.0,0.75,200.60299828308675,75.22612435615753,15,12,0,0.0,0,0,0,
-1,2.0,0.75,200.60299828308675,75.22612435615753,30,9,0,0.0,0,0,0,
-1,2.0,0.75,200.60299828308675,75.22612435615753,60,4,0,0.0,0,0,0,
-1,2.0,1.0,200.60299828308675,100.30149914154337,15,12,0,0.0,0,0,0,
-1,2.0,1.0,200.60299828308675,100.30149914154337,30,9,0,0.0,0,0,0,
-1,2.0,1.0,200.60299828308675,100.30149914154337,60,4,0,0.0,0,0,0,
-1,2.0,1.5,200.60299828308675,150.45224871231505,15,12,0,0.0,0,0,0,
-1,2.0,1.5,200.60299828308675,150.45224871231505,30,9,0,0.0,0,0,0,
-1,2.0,1.5,200.60299828308675,150.45224871231505,60,4,0,0.0,0,0,0,
-1,3.0,0.5,300.9044974246301,50.15074957077169,15,12,0,0.0,0,0,0,
-1,3.0,0.5,300.9044974246301,50.15074957077169,30,9,0,0.0,0,0,0,
-1,3.0,0.5,300.9044974246301,50.15074957077169,60,4,0,0.0,0,0,0,
-1,3.0,0.75,300.9044974246301,75.22612435615753,15,12,0,0.0,0,0,0,
-1,3.0,0.75,300.9044974246301,75.22612435615753,30,9,0,0.0,0,0,0,
-1,3.0,0.75,300.9044974246301,75.22612435615753,60,4,0,0.0,0,0,0,
-1,3.0,1.0,300.9044974246301,100.30149914154337,15,12,0,0.0,0,0,0,
-1,3.0,1.0,300.9044974246301,100.30149914154337,30,9,0,0.0,0,0,0,
-1,3.0,1.0,300.9044974246301,100.30149914154337,60,4,0,0.0,0,0,0,
-1,3.0,1.5,300.9044974246301,150.45224871231505,15,12,0,0.0,0,0,0,
-1,3.0,1.5,300.9044974246301,150.45224871231505,30,9,0,0.0,0,0,0,
-1,3.0,1.5,300.9044974246301,150.45224871231505,60,4,0,0.0,0,0,0,
-1,4.0,0.5,401.2059965661735,50.15074957077169,15,12,0,0.0,0,0,0,
-1,4.0,0.5,401.2059965661735,50.15074957077169,30,9,0,0.0,0,0,0,
-1,4.0,0.5,401.2059965661735,50.15074957077169,60,4,0,0.0,0,0,0,
-1,4.0,0.75,401.2059965661735,75.22612435615753,15,12,0,0.0,0,0,0,
-1,4.0,0.75,401.2059965661735,75.22612435615753,30,9,0,0.0,0,0,0,
-1,4.0,0.75,401.2059965661735,75.22612435615753,60,4,0,0.0,0,0,0,
-1,4.0,1.0,401.2059965661735,100.30149914154337,15,12,0,0.0,0,0,0,
-1,4.0,1.0,401.2059965661735,100.30149914154337,30,9,0,0.0,0,0,0,
-1,4.0,1.0,401.2059965661735,100.30149914154337,60,4,0,0.0,0,0,0,
-1,4.0,1.5,401.2059965661735,150.45224871231505,15,12,0,0.0,0,0,0,
-1,4.0,1.5,401.2059965661735,150.45224871231505,30,9,0,0.0,0,0,0,
-1,4.0,1.5,401.2059965661735,150.45224871231505,60,4,0,0.0,0,0,0,
-1,0.75,0.5,62.33831124384797,41.55887416256531,15,36,3,0.08333333333333333,1,2,0,66254265744.0
-1,0.75,0.5,62.33831124384797,41.55887416256531,30,36,3,0.08333333333333333,1,2,0,66254265744.0
-1,0.75,0.5,62.33831124384797,41.55887416256531,60,34,3,0.08823529411764706,1,2,0,66254265744.0
-1,0.75,0.75,62.33831124384797,62.33831124384797,15,36,2,0.05555555555555555,1,1,0,100353404937.0
-1,0.75,0.75,62.33831124384797,62.33831124384797,30,36,2,0.05555555555555555,1,1,0,100353404937.0
-1,0.75,0.75,62.33831124384797,62.33831124384797,60,34,2,0.058823529411764705,1,1,0,100353404937.0
-1,0.75,1.0,62.33831124384797,83.11774832513062,15,36,1,0.027777777777777776,1,0,0,193067582756.0
-1,0.75,1.0,62.33831124384797,83.11774832513062,30,36,1,0.027777777777777776,1,0,0,193067582756.0
-1,0.75,1.0,62.33831124384797,83.11774832513062,60,34,1,0.029411764705882353,1,0,0,193067582756.0
-1,0.75,1.5,62.33831124384797,124.67662248769594,15,36,0,0.0,0,0,0,
-1,0.75,1.5,62.33831124384797,124.67662248769594,30,36,0,0.0,0,0,0,
-1,0.75,1.5,62.33831124384797,124.67662248769594,60,34,0,0.0,0,0,0,
-1,1.0,0.5,83.11774832513062,41.55887416256531,15,36,2,0.05555555555555555,0,2,0,62024628675.0
-1,1.0,0.5,83.11774832513062,41.55887416256531,30,36,2,0.05555555555555555,0,2,0,62024628675.0
-1,1.0,0.5,83.11774832513062,41.55887416256531,60,34,2,0.058823529411764705,0,2,0,62024628675.0
-1,1.0,0.75,83.11774832513062,62.33831124384797,15,36,1,0.027777777777777776,0,1,0,36239465344.0
-1,1.0,0.75,83.11774832513062,62.33831124384797,30,36,1,0.027777777777777776,0,1,0,36239465344.0
-1,1.0,0.75,83.11774832513062,62.33831124384797,60,34,1,0.029411764705882353,0,1,0,36239465344.0
-1,1.0,1.0,83.11774832513062,83.11774832513062,15,36,0,0.0,0,0,0,
-1,1.0,1.0,83.11774832513062,83.11774832513062,30,36,0,0.0,0,0,0,
-1,1.0,1.0,83.11774832513062,83.11774832513062,60,34,0,0.0,0,0,0,
-1,1.0,1.5,83.11774832513062,124.67662248769594,15,36,0,0.0,0,0,0,
-1,1.0,1.5,83.11774832513062,124.67662248769594,30,36,0,0.0,0,0,0,
-1,1.0,1.5,83.11774832513062,124.67662248769594,60,34,0,0.0,0,0,0,
-1,1.5,0.5,124.67662248769594,41.55887416256531,15,36,2,0.05555555555555555,0,2,0,97463127658.0
-1,1.5,0.5,124.67662248769594,41.55887416256531,30,36,2,0.05555555555555555,0,2,0,97463127658.0
-1,1.5,0.5,124.67662248769594,41.55887416256531,60,34,2,0.058823529411764705,0,2,0,97463127658.0
-1,1.5,0.75,124.67662248769594,62.33831124384797,15,36,1,0.027777777777777776,0,1,0,71688525066.0
-1,1.5,0.75,124.67662248769594,62.33831124384797,30,36,1,0.027777777777777776,0,1,0,71688525066.0
-1,1.5,0.75,124.67662248769594,62.33831124384797,60,34,1,0.029411764705882353,0,1,0,71688525066.0
-1,1.5,1.0,124.67662248769594,83.11774832513062,15,36,0,0.0,0,0,0,
-1,1.5,1.0,124.67662248769594,83.11774832513062,30,36,0,0.0,0,0,0,
-1,1.5,1.0,124.67662248769594,83.11774832513062,60,34,0,0.0,0,0,0,
-1,1.5,1.5,124.67662248769594,124.67662248769594,15,36,0,0.0,0,0,0,
-1,1.5,1.5,124.67662248769594,124.67662248769594,30,36,0,0.0,0,0,0,
-1,1.5,1.5,124.67662248769594,124.67662248769594,60,34,0,0.0,0,0,0,
-1,2.0,0.5,166.23549665026124,41.55887416256531,15,36,0,0.0,0,0,0,
-1,2.0,0.5,166.23549665026124,41.55887416256531,30,36,0,0.0,0,0,0,
-1,2.0,0.5,166.23549665026124,41.55887416256531,60,34,0,0.0,0,0,0,
-1,2.0,0.75,166.23549665026124,62.33831124384797,15,36,0,0.0,0,0,0,
-1,2.0,0.75,166.23549665026124,62.33831124384797,30,36,0,0.0,0,0,0,
-1,2.0,0.75,166.23549665026124,62.33831124384797,60,34,0,0.0,0,0,0,
-1,2.0,1.0,166.23549665026124,83.11774832513062,15,36,0,0.0,0,0,0,
-1,2.0,1.0,166.23549665026124,83.11774832513062,30,36,0,0.0,0,0,0,
-1,2.0,1.0,166.23549665026124,83.11774832513062,60,34,0,0.0,0,0,0,
-1,2.0,1.5,166.23549665026124,124.67662248769594,15,36,0,0.0,0,0,0,
-1,2.0,1.5,166.23549665026124,124.67662248769594,30,36,0,0.0,0,0,0,
-1,2.0,1.5,166.23549665026124,124.67662248769594,60,34,0,0.0,0,0,0,
-1,3.0,0.5,249.35324497539187,41.55887416256531,15,36,0,0.0,0,0,0,
-1,3.0,0.5,249.35324497539187,41.55887416256531,30,36,0,0.0,0,0,0,
-1,3.0,0.5,249.35324497539187,41.55887416256531,60,34,0,0.0,0,0,0,
-1,3.0,0.75,249.35324497539187,62.33831124384797,15,36,0,0.0,0,0,0,
-1,3.0,0.75,249.35324497539187,62.33831124384797,30,36,0,0.0,0,0,0,
-1,3.0,0.75,249.35324497539187,62.33831124384797,60,34,0,0.0,0,0,0,
-1,3.0,1.0,249.35324497539187,83.11774832513062,15,36,0,0.0,0,0,0,
-1,3.0,1.0,249.35324497539187,83.11774832513062,30,36,0,0.0,0,0,0,
-1,3.0,1.0,249.35324497539187,83.11774832513062,60,34,0,0.0,0,0,0,
-1,3.0,1.5,249.35324497539187,124.67662248769594,15,36,0,0.0,0,0,0,
-1,3.0,1.5,249.35324497539187,124.67662248769594,30,36,0,0.0,0,0,0,
-1,3.0,1.5,249.35324497539187,124.67662248769594,60,34,0,0.0,0,0,0,
-1,4.0,0.5,332.4709933005225,41.55887416256531,15,36,0,0.0,0,0,0,
-1,4.0,0.5,332.4709933005225,41.55887416256531,30,36,0,0.0,0,0,0,
-1,4.0,0.5,332.4709933005225,41.55887416256531,60,34,0,0.0,0,0,0,
-1,4.0,0.75,332.4709933005225,62.33831124384797,15,36,0,0.0,0,0,0,
-1,4.0,0.75,332.4709933005225,62.33831124384797,30,36,0,0.0,0,0,0,
-1,4.0,0.75,332.4709933005225,62.33831124384797,60,34,0,0.0,0,0,0,
-1,4.0,1.0,332.4709933005225,83.11774832513062,15,36,0,0.0,0,0,0,
-1,4.0,1.0,332.4709933005225,83.11774832513062,30,36,0,0.0,0,0,0,
-1,4.0,1.0,332.4709933005225,83.11774832513062,60,34,0,0.0,0,0,0,
-1,4.0,1.5,332.4709933005225,124.67662248769594,15,36,0,0.0,0,0,0,
-1,4.0,1.5,332.4709933005225,124.67662248769594,30,36,0,0.0,0,0,0,
-1,4.0,1.5,332.4709933005225,124.67662248769594,60,34,0,0.0,0,0,0,
-1,0.75,0.5,72.24282968270109,48.16188645513405,15,18,0,0.0,0,0,0,
-1,0.75,0.5,72.24282968270109,48.16188645513405,30,18,0,0.0,0,0,0,
-1,0.75,0.5,72.24282968270109,48.16188645513405,60,14,0,0.0,0,0,0,
-1,0.75,0.75,72.24282968270109,72.24282968270109,15,18,0,0.0,0,0,0,
-1,0.75,0.75,72.24282968270109,72.24282968270109,30,18,0,0.0,0,0,0,
-1,0.75,0.75,72.24282968270109,72.24282968270109,60,14,0,0.0,0,0,0,
-1,0.75,1.0,72.24282968270109,96.3237729102681,15,18,0,0.0,0,0,0,
-1,0.75,1.0,72.24282968270109,96.3237729102681,30,18,0,0.0,0,0,0,
-1,0.75,1.0,72.24282968270109,96.3237729102681,60,14,0,0.0,0,0,0,
-1,0.75,1.5,72.24282968270109,144.48565936540217,15,18,0,0.0,0,0,0,
-1,0.75,1.5,72.24282968270109,144.48565936540217,30,18,0,0.0,0,0,0,
-1,0.75,1.5,72.24282968270109,144.48565936540217,60,14,0,0.0,0,0,0,
-1,1.0,0.5,96.3237729102681,48.16188645513405,15,18,0,0.0,0,0,0,
-1,1.0,0.5,96.3237729102681,48.16188645513405,30,18,0,0.0,0,0,0,
-1,1.0,0.5,96.3237729102681,48.16188645513405,60,14,0,0.0,0,0,0,
-1,1.0,0.75,96.3237729102681,72.24282968270109,15,18,0,0.0,0,0,0,
-1,1.0,0.75,96.3237729102681,72.24282968270109,30,18,0,0.0,0,0,0,
-1,1.0,0.75,96.3237729102681,72.24282968270109,60,14,0,0.0,0,0,0,
-1,1.0,1.0,96.3237729102681,96.3237729102681,15,18,0,0.0,0,0,0,
-1,1.0,1.0,96.3237729102681,96.3237729102681,30,18,0,0.0,0,0,0,
-1,1.0,1.0,96.3237729102681,96.3237729102681,60,14,0,0.0,0,0,0,
-1,1.0,1.5,96.3237729102681,144.48565936540217,15,18,0,0.0,0,0,0,
-1,1.0,1.5,96.3237729102681,144.48565936540217,30,18,0,0.0,0,0,0,
-1,1.0,1.5,96.3237729102681,144.48565936540217,60,14,0,0.0,0,0,0,
-1,1.5,0.5,144.48565936540217,48.16188645513405,15,18,0,0.0,0,0,0,
-1,1.5,0.5,144.48565936540217,48.16188645513405,30,18,0,0.0,0,0,0,
-1,1.5,0.5,144.48565936540217,48.16188645513405,60,14,0,0.0,0,0,0,
-1,1.5,0.75,144.48565936540217,72.24282968270109,15,18,0,0.0,0,0,0,
-1,1.5,0.75,144.48565936540217,72.24282968270109,30,18,0,0.0,0,0,0,
-1,1.5,0.75,144.48565936540217,72.24282968270109,60,14,0,0.0,0,0,0,
-1,1.5,1.0,144.48565936540217,96.3237729102681,15,18,0,0.0,0,0,0,
-1,1.5,1.0,144.48565936540217,96.3237729102681,30,18,0,0.0,0,0,0,
-1,1.5,1.0,144.48565936540217,96.3237729102681,60,14,0,0.0,0,0,0,
-1,1.5,1.5,144.48565936540217,144.48565936540217,15,18,0,0.0,0,0,0,
-1,1.5,1.5,144.48565936540217,144.48565936540217,30,18,0,0.0,0,0,0,
-1,1.5,1.5,144.48565936540217,144.48565936540217,60,14,0,0.0,0,0,0,
-1,2.0,0.5,192.6475458205362,48.16188645513405,15,18,0,0.0,0,0,0,
-1,2.0,0.5,192.6475458205362,48.16188645513405,30,18,0,0.0,0,0,0,
-1,2.0,0.5,192.6475458205362,48.16188645513405,60,14,0,0.0,0,0,0,
-1,2.0,0.75,192.6475458205362,72.24282968270109,15,18,0,0.0,0,0,0,
-1,2.0,0.75,192.6475458205362,72.24282968270109,30,18,0,0.0,0,0,0,
-1,2.0,0.75,192.6475458205362,72.24282968270109,60,14,0,0.0,0,0,0,
-1,2.0,1.0,192.6475458205362,96.3237729102681,15,18,0,0.0,0,0,0,
-1,2.0,1.0,192.6475458205362,96.3237729102681,30,18,0,0.0,0,0,0,
-1,2.0,1.0,192.6475458205362,96.3237729102681,60,14,0,0.0,0,0,0,
-1,2.0,1.5,192.6475458205362,144.48565936540217,15,18,0,0.0,0,0,0,
-1,2.0,1.5,192.6475458205362,144.48565936540217,30,18,0,0.0,0,0,0,
-1,2.0,1.5,192.6475458205362,144.48565936540217,60,14,0,0.0,0,0,0,
-1,3.0,0.5,288.97131873080434,48.16188645513405,15,18,0,0.0,0,0,0,
-1,3.0,0.5,288.97131873080434,48.16188645513405,30,18,0,0.0,0,0,0,
-1,3.0,0.5,288.97131873080434,48.16188645513405,60,14,0,0.0,0,0,0,
-1,3.0,0.75,288.97131873080434,72.24282968270109,15,18,0,0.0,0,0,0,
-1,3.0,0.75,288.97131873080434,72.24282968270109,30,18,0,0.0,0,0,0,
-1,3.0,0.75,288.97131873080434,72.24282968270109,60,14,0,0.0,0,0,0,
-1,3.0,1.0,288.97131873080434,96.3237729102681,15,18,0,0.0,0,0,0,
-1,3.0,1.0,288.97131873080434,96.3237729102681,30,18,0,0.0,0,0,0,
-1,3.0,1.0,288.97131873080434,96.3237729102681,60,14,0,0.0,0,0,0,
-1,3.0,1.5,288.97131873080434,144.48565936540217,15,18,0,0.0,0,0,0,
-1,3.0,1.5,288.97131873080434,144.48565936540217,30,18,0,0.0,0,0,0,
-1,3.0,1.5,288.97131873080434,144.48565936540217,60,14,0,0.0,0,0,0,
-1,4.0,0.5,385.2950916410724,48.16188645513405,15,18,0,0.0,0,0,0,
-1,4.0,0.5,385.2950916410724,48.16188645513405,30,18,0,0.0,0,0,0,
-1,4.0,0.5,385.2950916410724,48.16188645513405,60,14,0,0.0,0,0,0,
-1,4.0,0.75,385.2950916410724,72.24282968270109,15,18,0,0.0,0,0,0,
-1,4.0,0.75,385.2950916410724,72.24282968270109,30,18,0,0.0,0,0,0,
-1,4.0,0.75,385.2950916410724,72.24282968270109,60,14,0,0.0,0,0,0,
-1,4.0,1.0,385.2950916410724,96.3237729102681,15,18,0,0.0,0,0,0,
-1,4.0,1.0,385.2950916410724,96.3237729102681,30,18,0,0.0,0,0,0,
-1,4.0,1.0,385.2950916410724,96.3237729102681,60,14,0,0.0,0,0,0,
-1,4.0,1.5,385.2950916410724,144.48565936540217,15,18,0,0.0,0,0,0,
-1,4.0,1.5,385.2950916410724,144.48565936540217,30,18,0,0.0,0,0,0,
-1,4.0,1.5,385.2950916410724,144.48565936540217,60,14,0,0.0,0,0,0,
