month,bucket,phase,vol_state,side,horizon,legs,unorderable,mfe_first,mae_first,tape_unresolved
2025-01,"(0.0, 7.0]",Asia,CONTRACTING,1,15,377,37,18,19,0
2025-01,"(0.0, 7.0]",Asia,EXPANDING,1,15,399,45,25,20,0
2025-01,"(0.0, 7.0]",Asia,STABLE,1,15,778,83,44,39,0
2025-01,"(0.0, 7.0]",Asia,unclassified,1,15,211,28,14,14,0
2025-01,"(0.0, 7.0]",Asia-London,CONTRACTING,1,15,9,1,1,0,0
2025-01,"(0.0, 7.0]",Asia-London,EXPANDING,1,15,49,8,4,4,0
2025-01,"(0.0, 7.0]",Asia-London,STABLE,1,15,176,16,12,4,0
2025-01,"(0.0, 7.0]",London,CONTRACTING,1,15,198,26,14,12,0
2025-01,"(0.0, 7.0]",London,EXPANDING,1,15,139,9,4,5,0
2025-01,"(0.0, 7.0]",London,STABLE,1,15,489,52,30,22,0
2025-01,"(0.0, 7.0]",London-NY,CONTRACTING,1,15,3,0,0,0,0
2025-01,"(0.0, 7.0]",London-NY,EXPANDING,1,15,6,1,1,0,0
2025-01,"(0.0, 7.0]",London-NY,STABLE,1,15,45,6,4,2,0
2025-01,"(0.0, 7.0]",NY,CONTRACTING,1,15,111,7,3,4,0
2025-01,"(0.0, 7.0]",NY,STABLE,1,15,37,2,1,1,0
2025-01,"(0.0, 7.0]",NY-Asia,CONTRACTING,1,15,266,38,23,15,0
2025-01,"(0.0, 7.0]",NY-Asia,EXPANDING,1,15,20,3,1,2,0
2025-01,"(0.0, 7.0]",NY-Asia,STABLE,1,15,406,40,25,15,0
2025-01,"(7.0, 10.0]",Asia,CONTRACTING,1,15,19,4,1,3,0
2025-01,"(7.0, 10.0]",Asia,EXPANDING,1,15,104,8,3,5,0
2025-01,"(7.0, 10.0]",Asia,STABLE,1,15,59,6,3,3,0
2025-01,"(7.0, 10.0]",Asia,unclassified,1,15,16,2,1,1,0
2025-01,"(7.0, 10.0]",Asia-London,EXPANDING,1,15,26,4,2,2,0
2025-01,"(7.0, 10.0]",Asia-London,STABLE,1,15,4,0,0,0,0
2025-01,"(7.0, 10.0]",London,CONTRACTING,1,15,27,1,1,0,0
2025-01,"(7.0, 10.0]",London,EXPANDING,1,15,204,25,11,14,0
2025-01,"(7.0, 10.0]",London,STABLE,1,15,202,17,5,12,0
2025-01,"(7.0, 10.0]",London-NY,CONTRACTING,1,15,2,0,0,0,0
2025-01,"(7.0, 10.0]",London-NY,EXPANDING,1,15,86,6,3,3,0
2025-01,"(7.0, 10.0]",London-NY,STABLE,1,15,41,1,0,1,0
2025-01,"(7.0, 10.0]",NY,CONTRACTING,1,15,182,17,6,11,0
2025-01,"(7.0, 10.0]",NY,EXPANDING,1,15,13,1,0,1,0
2025-01,"(7.0, 10.0]",NY,STABLE,1,15,202,22,9,13,0
2025-01,"(7.0, 10.0]",NY-Asia,CONTRACTING,1,15,32,3,3,0,0
2025-01,"(7.0, 10.0]",NY-Asia,EXPANDING,1,15,21,4,3,1,0
2025-01,"(7.0, 10.0]",NY-Asia,STABLE,1,15,48,6,3,3,0
2025-01,"(10.0, 14.0]",Asia,CONTRACTING,1,15,3,1,1,0,0
2025-01,"(10.0, 14.0]",Asia,EXPANDING,1,15,12,1,0,1,0
2025-01,"(10.0, 14.0]",Asia,STABLE,1,15,9,2,0,2,0
2025-01,"(10.0, 14.0]",Asia,unclassified,1,15,14,6,1,5,0
2025-01,"(10.0, 14.0]",London,CONTRACTING,1,15,1,0,0,0,0
2025-01,"(10.0, 14.0]",London,EXPANDING,1,15,39,8,5,3,0
2025-01,"(10.0, 14.0]",London,STABLE,1,15,17,1,1,0,0
2025-01,"(10.0, 14.0]",London-NY,CONTRACTING,1,15,2,0,0,0,0
2025-01,"(10.0, 14.0]",London-NY,EXPANDING,1,15,95,5,3,2,0
2025-01,"(10.0, 14.0]",London-NY,STABLE,1,15,26,1,0,1,0
2025-01,"(10.0, 14.0]",NY,CONTRACTING,1,15,95,4,2,2,0
2025-01,"(10.0, 14.0]",NY,EXPANDING,1,15,64,9,4,5,0
2025-01,"(10.0, 14.0]",NY,STABLE,1,15,238,10,6,4,0
2025-01,"(10.0, 14.0]",NY-Asia,CONTRACTING,1,15,8,1,1,0,0
2025-01,"(10.0, 14.0]",NY-Asia,EXPANDING,1,15,3,2,0,2,0
2025-01,"(10.0, 14.0]",NY-Asia,STABLE,1,15,2,0,0,0,0
2025-01,"(14.0, inf]",Asia,unclassified,1,15,1,1,1,0,0
2025-01,"(14.0, inf]",London,EXPANDING,1,15,4,1,0,1,0
2025-01,"(14.0, inf]",London-NY,EXPANDING,1,15,76,6,4,2,0
2025-01,"(14.0, inf]",London-NY,STABLE,1,15,14,1,1,0,0
2025-01,"(14.0, inf]",NY,CONTRACTING,1,15,24,3,3,0,0
2025-01,"(14.0, inf]",NY,EXPANDING,1,15,40,3,2,1,0
2025-01,"(14.0, inf]",NY,STABLE,1,15,50,6,4,2,0
2025-01,"(14.0, inf]",NY-Asia,EXPANDING,1,15,9,5,3,2,0
2025-01,"(14.0, inf]",NY-Asia,STABLE,1,15,13,2,2,0,0
2025-01,unclassified,Asia,unclassified,1,15,110,13,6,7,0
2025-01,"(0.0, 7.0]",Asia,CONTRACTING,1,30,377,7,5,2,0
2025-01,"(0.0, 7.0]",Asia,EXPANDING,1,30,399,14,14,0,0
2025-01,"(0.0, 7.0]",Asia,STABLE,1,30,778,12,9,3,0
2025-01,"(0.0, 7.0]",Asia,unclassified,1,30,211,2,0,2,0
2025-01,"(0.0, 7.0]",Asia-London,CONTRACTING,1,30,9,0,0,0,0
2025-01,"(0.0, 7.0]",Asia-London,EXPANDING,1,30,49,2,0,2,0
2025-01,"(0.0, 7.0]",Asia-London,STABLE,1,30,176,3,2,1,0
2025-01,"(0.0, 7.0]",London,CONTRACTING,1,30,198,8,7,1,0
2025-01,"(0.0, 7.0]",London,EXPANDING,1,30,139,0,0,0,0
2025-01,"(0.0, 7.0]",London,STABLE,1,30,489,5,4,1,0
2025-01,"(0.0, 7.0]",London-NY,CONTRACTING,1,30,3,0,0,0,0
2025-01,"(0.0, 7.0]",London-NY,EXPANDING,1,30,6,0,0,0,0
2025-01,"(0.0, 7.0]",London-NY,STABLE,1,30,45,1,0,1,0
2025-01,"(0.0, 7.0]",NY,CONTRACTING,1,30,111,1,1,0,0
2025-01,"(0.0, 7.0]",NY,STABLE,1,30,37,0,0,0,0
2025-01,"(0.0, 7.0]",NY-Asia,CONTRACTING,1,30,236,6,2,4,0
2025-01,"(0.0, 7.0]",NY-Asia,EXPANDING,1,30,20,0,0,0,0
2025-01,"(0.0, 7.0]",NY-Asia,STABLE,1,30,376,8,7,1,0
2025-01,"(7.0, 10.0]",Asia,CONTRACTING,1,30,19,0,0,0,0
2025-01,"(7.0, 10.0]",Asia,EXPANDING,1,30,104,0,0,0,0
2025-01,"(7.0, 10.0]",Asia,STABLE,1,30,59,0,0,0,0
2025-01,"(7.0, 10.0]",Asia,unclassified,1,30,16,1,1,0,0
2025-01,"(7.0, 10.0]",Asia-London,EXPANDING,1,30,26,0,0,0,0
2025-01,"(7.0, 10.0]",Asia-London,STABLE,1,30,4,0,0,0,0
2025-01,"(7.0, 10.0]",London,CONTRACTING,1,30,27,0,0,0,0
2025-01,"(7.0, 10.0]",London,EXPANDING,1,30,204,1,0,1,0
2025-01,"(7.0, 10.0]",London,STABLE,1,30,202,4,2,2,0
2025-01,"(7.0, 10.0]",London-NY,CONTRACTING,1,30,2,0,0,0,0
2025-01,"(7.0, 10.0]",London-NY,EXPANDING,1,30,86,2,2,0,0
2025-01,"(7.0, 10.0]",London-NY,STABLE,1,30,41,0,0,0,0
2025-01,"(7.0, 10.0]",NY,CONTRACTING,1,30,182,4,1,3,0
2025-01,"(7.0, 10.0]",NY,EXPANDING,1,30,13,0,0,0,0
2025-01,"(7.0, 10.0]",NY,STABLE,1,30,202,3,1,2,0
2025-01,"(7.0, 10.0]",NY-Asia,CONTRACTING,1,30,30,0,0,0,0
2025-01,"(7.0, 10.0]",NY-Asia,EXPANDING,1,30,19,1,1,0,0
2025-01,"(7.0, 10.0]",NY-Asia,STABLE,1,30,46,1,0,1,0
2025-01,"(10.0, 14.0]",Asia,CONTRACTING,1,30,3,0,0,0,0
2025-01,"(10.0, 14.0]",Asia,EXPANDING,1,30,12,0,0,0,0
2025-01,"(10.0, 14.0]",Asia,STABLE,1,30,9,0,0,0,0
2025-01,"(10.0, 14.0]",Asia,unclassified,1,30,14,3,1,2,0
2025-01,"(10.0, 14.0]",London,CONTRACTING,1,30,1,0,0,0,0
2025-01,"(10.0, 14.0]",London,EXPANDING,1,30,39,2,2,0,0
2025-01,"(10.0, 14.0]",London,STABLE,1,30,17,0,0,0,0
2025-01,"(10.0, 14.0]",London-NY,CONTRACTING,1,30,2,0,0,0,0
2025-01,"(10.0, 14.0]",London-NY,EXPANDING,1,30,95,1,1,0,0
2025-01,"(10.0, 14.0]",London-NY,STABLE,1,30,26,0,0,0,0
2025-01,"(10.0, 14.0]",NY,CONTRACTING,1,30,95,0,0,0,0
2025-01,"(10.0, 14.0]",NY,EXPANDING,1,30,64,0,0,0,0
2025-01,"(10.0, 14.0]",NY,STABLE,1,30,238,0,0,0,0
2025-01,"(10.0, 14.0]",NY-Asia,CONTRACTING,1,30,8,0,0,0,0
2025-01,"(10.0, 14.0]",NY-Asia,EXPANDING,1,30,3,2,0,2,0
2025-01,"(10.0, 14.0]",NY-Asia,STABLE,1,30,2,0,0,0,0
2025-01,"(14.0, inf]",Asia,unclassified,1,30,1,0,0,0,0
2025-01,"(14.0, inf]",London,EXPANDING,1,30,4,0,0,0,0
2025-01,"(14.0, inf]",London-NY,EXPANDING,1,30,76,2,1,1,0
2025-01,"(14.0, inf]",London-NY,STABLE,1,30,14,0,0,0,0
2025-01,"(14.0, inf]",NY,CONTRACTING,1,30,24,1,1,0,0
2025-01,"(14.0, inf]",NY,EXPANDING,1,30,40,2,2,0,0
2025-01,"(14.0, inf]",NY,STABLE,1,30,50,1,1,0,0
2025-01,"(14.0, inf]",NY-Asia,EXPANDING,1,30,9,5,4,1,0
2025-01,"(14.0, inf]",NY-Asia,STABLE,1,30,13,1,1,0,0
2025-01,unclassified,Asia,unclassified,1,30,110,1,0,1,0
2025-01,"(0.0, 7.0]",Asia,CONTRACTING,1,60,377,0,0,0,0
2025-01,"(0.0, 7.0]",Asia,EXPANDING,1,60,399,6,6,0,0
2025-01,"(0.0, 7.0]",Asia,STABLE,1,60,778,0,0,0,0
2025-01,"(0.0, 7.0]",Asia,unclassified,1,60,211,0,0,0,0
2025-01,"(0.0, 7.0]",Asia-London,CONTRACTING,1,60,9,0,0,0,0
2025-01,"(0.0, 7.0]",Asia-London,EXPANDING,1,60,49,0,0,0,0
2025-01,"(0.0, 7.0]",Asia-London,STABLE,1,60,176,0,0,0,0
2025-01,"(0.0, 7.0]",London,CONTRACTING,1,60,198,3,3,0,0
2025-01,"(0.0, 7.0]",London,EXPANDING,1,60,139,0,0,0,0
2025-01,"(0.0, 7.0]",London,STABLE,1,60,489,0,0,0,0
2025-01,"(0.0, 7.0]",London-NY,CONTRACTING,1,60,3,0,0,0,0
2025-01,"(0.0, 7.0]",London-NY,EXPANDING,1,60,6,0,0,0,0
2025-01,"(0.0, 7.0]",London-NY,STABLE,1,60,45,0,0,0,0
2025-01,"(0.0, 7.0]",NY,CONTRACTING,1,60,111,0,0,0,0
2025-01,"(0.0, 7.0]",NY,STABLE,1,60,37,0,0,0,0
2025-01,"(0.0, 7.0]",NY-Asia,CONTRACTING,1,60,196,0,0,0,0
2025-01,"(0.0, 7.0]",NY-Asia,EXPANDING,1,60,17,0,0,0,0
2025-01,"(0.0, 7.0]",NY-Asia,STABLE,1,60,301,1,1,0,0
2025-01,"(7.0, 10.0]",Asia,CONTRACTING,1,60,19,0,0,0,0
2025-01,"(7.0, 10.0]",Asia,EXPANDING,1,60,104,1,1,0,0
2025-01,"(7.0, 10.0]",Asia,STABLE,1,60,59,0,0,0,0
2025-01,"(7.0, 10.0]",Asia,unclassified,1,60,16,0,0,0,0
2025-01,"(7.0, 10.0]",Asia-London,EXPANDING,1,60,26,0,0,0,0
2025-01,"(7.0, 10.0]",Asia-London,STABLE,1,60,4,0,0,0,0
2025-01,"(7.0, 10.0]",London,CONTRACTING,1,60,27,0,0,0,0
2025-01,"(7.0, 10.0]",London,EXPANDING,1,60,204,0,0,0,0
2025-01,"(7.0, 10.0]",London,STABLE,1,60,202,0,0,0,0
2025-01,"(7.0, 10.0]",London-NY,CONTRACTING,1,60,2,0,0,0,0
2025-01,"(7.0, 10.0]",London-NY,EXPANDING,1,60,86,1,1,0,0
2025-01,"(7.0, 10.0]",London-NY,STABLE,1,60,41,0,0,0,0
2025-01,"(7.0, 10.0]",NY,CONTRACTING,1,60,182,0,0,0,0
2025-01,"(7.0, 10.0]",NY,EXPANDING,1,60,13,0,0,0,0
2025-01,"(7.0, 10.0]",NY,STABLE,1,60,202,0,0,0,0
2025-01,"(7.0, 10.0]",NY-Asia,CONTRACTING,1,60,28,0,0,0,0
2025-01,"(7.0, 10.0]",NY-Asia,EXPANDING,1,60,13,0,0,0,0
2025-01,"(7.0, 10.0]",NY-Asia,STABLE,1,60,40,0,0,0,0
2025-01,"(10.0, 14.0]",Asia,CONTRACTING,1,60,3,0,0,0,0
2025-01,"(10.0, 14.0]",Asia,EXPANDING,1,60,12,0,0,0,0
2025-01,"(10.0, 14.0]",Asia,STABLE,1,60,9,0,0,0,0
2025-01,"(10.0, 14.0]",Asia,unclassified,1,60,14,2,1,1,0
2025-01,"(10.0, 14.0]",London,CONTRACTING,1,60,1,0,0,0,0
2025-01,"(10.0, 14.0]",London,EXPANDING,1,60,39,0,0,0,0
2025-01,"(10.0, 14.0]",London,STABLE,1,60,17,0,0,0,0
2025-01,"(10.0, 14.0]",London-NY,CONTRACTING,1,60,2,0,0,0,0
2025-01,"(10.0, 14.0]",London-NY,EXPANDING,1,60,95,1,1,0,0
2025-01,"(10.0, 14.0]",London-NY,STABLE,1,60,26,0,0,0,0
2025-01,"(10.0, 14.0]",NY,CONTRACTING,1,60,95,0,0,0,0
2025-01,"(10.0, 14.0]",NY,EXPANDING,1,60,64,0,0,0,0
2025-01,"(10.0, 14.0]",NY,STABLE,1,60,238,0,0,0,0
2025-01,"(10.0, 14.0]",NY-Asia,CONTRACTING,1,60,8,0,0,0,0
2025-01,"(10.0, 14.0]",NY-Asia,EXPANDING,1,60,3,2,0,2,0
2025-01,"(10.0, 14.0]",NY-Asia,STABLE,1,60,2,0,0,0,0
2025-01,"(14.0, inf]",Asia,unclassified,1,60,1,0,0,0,0
2025-01,"(14.0, inf]",London,EXPANDING,1,60,4,0,0,0,0
2025-01,"(14.0, inf]",London-NY,EXPANDING,1,60,76,0,0,0,0
2025-01,"(14.0, inf]",London-NY,STABLE,1,60,14,0,0,0,0
2025-01,"(14.0, inf]",NY,CONTRACTING,1,60,24,0,0,0,0
2025-01,"(14.0, inf]",NY,EXPANDING,1,60,40,0,0,0,0
2025-01,"(14.0, inf]",NY,STABLE,1,60,50,0,0,0,0
2025-01,"(14.0, inf]",NY-Asia,EXPANDING,1,60,9,4,3,1,0
2025-01,"(14.0, inf]",NY-Asia,STABLE,1,60,13,0,0,0,0
2025-01,unclassified,Asia,unclassified,1,60,110,1,0,1,0
2025-01,"(0.0, 7.0]",Asia,CONTRACTING,-1,15,377,37,19,18,0
2025-01,"(0.0, 7.0]",Asia,EXPANDING,-1,15,399,45,20,25,0
2025-01,"(0.0, 7.0]",Asia,STABLE,-1,15,778,83,39,44,0
2025-01,"(0.0, 7.0]",Asia,unclassified,-1,15,211,28,14,14,0
2025-01,"(0.0, 7.0]",Asia-London,CONTRACTING,-1,15,9,1,0,1,0
2025-01,"(0.0, 7.0]",Asia-London,EXPANDING,-1,15,49,8,4,4,0
2025-01,"(0.0, 7.0]",Asia-London,STABLE,-1,15,176,16,4,12,0
2025-01,"(0.0, 7.0]",London,CONTRACTING,-1,15,198,26,12,14,0
2025-01,"(0.0, 7.0]",London,EXPANDING,-1,15,139,9,5,4,0
2025-01,"(0.0, 7.0]",London,STABLE,-1,15,489,52,22,30,0
2025-01,"(0.0, 7.0]",London-NY,CONTRACTING,-1,15,3,0,0,0,0
2025-01,"(0.0, 7.0]",London-NY,EXPANDING,-1,15,6,1,0,1,0
2025-01,"(0.0, 7.0]",London-NY,STABLE,-1,15,45,6,2,4,0
2025-01,"(0.0, 7.0]",NY,CONTRACTING,-1,15,111,7,4,3,0
2025-01,"(0.0, 7.0]",NY,STABLE,-1,15,37,2,1,1,0
2025-01,"(0.0, 7.0]",NY-Asia,CONTRACTING,-1,15,266,38,15,23,0
2025-01,"(0.0, 7.0]",NY-Asia,EXPANDING,-1,15,20,3,2,1,0
2025-01,"(0.0, 7.0]",NY-Asia,STABLE,-1,15,406,40,15,25,0
2025-01,"(7.0, 10.0]",Asia,CONTRACTING,-1,15,19,4,3,1,0
2025-01,"(7.0, 10.0]",Asia,EXPANDING,-1,15,104,8,5,3,0
2025-01,"(7.0, 10.0]",Asia,STABLE,-1,15,59,6,3,3,0
2025-01,"(7.0, 10.0]",Asia,unclassified,-1,15,16,2,1,1,0
2025-01,"(7.0, 10.0]",Asia-London,EXPANDING,-1,15,26,4,2,2,0
2025-01,"(7.0, 10.0]",Asia-London,STABLE,-1,15,4,0,0,0,0
2025-01,"(7.0, 10.0]",London,CONTRACTING,-1,15,27,1,0,1,0
2025-01,"(7.0, 10.0]",London,EXPANDING,-1,15,204,25,14,11,0
2025-01,"(7.0, 10.0]",London,STABLE,-1,15,202,17,12,5,0
2025-01,"(7.0, 10.0]",London-NY,CONTRACTING,-1,15,2,0,0,0,0
2025-01,"(7.0, 10.0]",London-NY,EXPANDING,-1,15,86,6,3,3,0
2025-01,"(7.0, 10.0]",London-NY,STABLE,-1,15,41,1,1,0,0
2025-01,"(7.0, 10.0]",NY,CONTRACTING,-1,15,182,17,11,6,0
2025-01,"(7.0, 10.0]",NY,EXPANDING,-1,15,13,1,1,0,0
2025-01,"(7.0, 10.0]",NY,STABLE,-1,15,202,22,13,9,0
2025-01,"(7.0, 10.0]",NY-Asia,CONTRACTING,-1,15,32,3,0,3,0
2025-01,"(7.0, 10.0]",NY-Asia,EXPANDING,-1,15,21,4,1,3,0
2025-01,"(7.0, 10.0]",NY-Asia,STABLE,-1,15,48,6,3,3,0
2025-01,"(10.0, 14.0]",Asia,CONTRACTING,-1,15,3,1,0,1,0
2025-01,"(10.0, 14.0]",Asia,EXPANDING,-1,15,12,1,1,0,0
2025-01,"(10.0, 14.0]",Asia,STABLE,-1,15,9,2,2,0,0
2025-01,"(10.0, 14.0]",Asia,unclassified,-1,15,14,6,5,1,0
2025-01,"(10.0, 14.0]",London,CONTRACTING,-1,15,1,0,0,0,0
2025-01,"(10.0, 14.0]",London,EXPANDING,-1,15,39,8,3,5,0
2025-01,"(10.0, 14.0]",London,STABLE,-1,15,17,1,0,1,0
2025-01,"(10.0, 14.0]",London-NY,CONTRACTING,-1,15,2,0,0,0,0
2025-01,"(10.0, 14.0]",London-NY,EXPANDING,-1,15,95,5,2,3,0
2025-01,"(10.0, 14.0]",London-NY,STABLE,-1,15,26,1,1,0,0
2025-01,"(10.0, 14.0]",NY,CONTRACTING,-1,15,95,4,2,2,0
2025-01,"(10.0, 14.0]",NY,EXPANDING,-1,15,64,9,5,4,0
2025-01,"(10.0, 14.0]",NY,STABLE,-1,15,238,10,4,6,0
2025-01,"(10.0, 14.0]",NY-Asia,CONTRACTING,-1,15,8,1,0,1,0
2025-01,"(10.0, 14.0]",NY-Asia,EXPANDING,-1,15,3,2,2,0,0
2025-01,"(10.0, 14.0]",NY-Asia,STABLE,-1,15,2,0,0,0,0
2025-01,"(14.0, inf]",Asia,unclassified,-1,15,1,1,0,1,0
2025-01,"(14.0, inf]",London,EXPANDING,-1,15,4,1,1,0,0
2025-01,"(14.0, inf]",London-NY,EXPANDING,-1,15,76,6,2,4,0
2025-01,"(14.0, inf]",London-NY,STABLE,-1,15,14,1,0,1,0
2025-01,"(14.0, inf]",NY,CONTRACTING,-1,15,24,3,0,3,0
2025-01,"(14.0, inf]",NY,EXPANDING,-1,15,40,3,1,2,0
2025-01,"(14.0, inf]",NY,STABLE,-1,15,50,6,2,4,0
2025-01,"(14.0, inf]",NY-Asia,EXPANDING,-1,15,9,5,2,3,0
2025-01,"(14.0, inf]",NY-Asia,STABLE,-1,15,13,2,0,2,0
2025-01,unclassified,Asia,unclassified,-1,15,110,13,7,6,0
2025-01,"(0.0, 7.0]",Asia,CONTRACTING,-1,30,377,7,2,5,0
2025-01,"(0.0, 7.0]",Asia,EXPANDING,-1,30,399,14,0,14,0
2025-01,"(0.0, 7.0]",Asia,STABLE,-1,30,778,12,3,9,0
2025-01,"(0.0, 7.0]",Asia,unclassified,-1,30,211,2,2,0,0
2025-01,"(0.0, 7.0]",Asia-London,CONTRACTING,-1,30,9,0,0,0,0
2025-01,"(0.0, 7.0]",Asia-London,EXPANDING,-1,30,49,2,2,0,0
2025-01,"(0.0, 7.0]",Asia-London,STABLE,-1,30,176,3,1,2,0
2025-01,"(0.0, 7.0]",London,CONTRACTING,-1,30,198,8,1,7,0
2025-01,"(0.0, 7.0]",London,EXPANDING,-1,30,139,0,0,0,0
2025-01,"(0.0, 7.0]",London,STABLE,-1,30,489,5,1,4,0
2025-01,"(0.0, 7.0]",London-NY,CONTRACTING,-1,30,3,0,0,0,0
2025-01,"(0.0, 7.0]",London-NY,EXPANDING,-1,30,6,0,0,0,0
2025-01,"(0.0, 7.0]",London-NY,STABLE,-1,30,45,1,1,0,0
2025-01,"(0.0, 7.0]",NY,CONTRACTING,-1,30,111,1,0,1,0
2025-01,"(0.0, 7.0]",NY,STABLE,-1,30,37,0,0,0,0
2025-01,"(0.0, 7.0]",NY-Asia,CONTRACTING,-1,30,236,6,4,2,0
2025-01,"(0.0, 7.0]",NY-Asia,EXPANDING,-1,30,20,0,0,0,0
2025-01,"(0.0, 7.0]",NY-Asia,STABLE,-1,30,376,8,1,7,0
2025-01,"(7.0, 10.0]",Asia,CONTRACTING,-1,30,19,0,0,0,0
2025-01,"(7.0, 10.0]",Asia,EXPANDING,-1,30,104,0,0,0,0
2025-01,"(7.0, 10.0]",Asia,STABLE,-1,30,59,0,0,0,0
2025-01,"(7.0, 10.0]",Asia,unclassified,-1,30,16,1,0,1,0
2025-01,"(7.0, 10.0]",Asia-London,EXPANDING,-1,30,26,0,0,0,0
2025-01,"(7.0, 10.0]",Asia-London,STABLE,-1,30,4,0,0,0,0
2025-01,"(7.0, 10.0]",London,CONTRACTING,-1,30,27,0,0,0,0
2025-01,"(7.0, 10.0]",London,EXPANDING,-1,30,204,1,1,0,0
2025-01,"(7.0, 10.0]",London,STABLE,-1,30,202,4,2,2,0
2025-01,"(7.0, 10.0]",London-NY,CONTRACTING,-1,30,2,0,0,0,0
2025-01,"(7.0, 10.0]",London-NY,EXPANDING,-1,30,86,2,0,2,0
2025-01,"(7.0, 10.0]",London-NY,STABLE,-1,30,41,0,0,0,0
2025-01,"(7.0, 10.0]",NY,CONTRACTING,-1,30,182,4,3,1,0
2025-01,"(7.0, 10.0]",NY,EXPANDING,-1,30,13,0,0,0,0
2025-01,"(7.0, 10.0]",NY,STABLE,-1,30,202,3,2,1,0
2025-01,"(7.0, 10.0]",NY-Asia,CONTRACTING,-1,30,30,0,0,0,0
2025-01,"(7.0, 10.0]",NY-Asia,EXPANDING,-1,30,19,1,0,1,0
2025-01,"(7.0, 10.0]",NY-Asia,STABLE,-1,30,46,1,1,0,0
2025-01,"(10.0, 14.0]",Asia,CONTRACTING,-1,30,3,0,0,0,0
2025-01,"(10.0, 14.0]",Asia,EXPANDING,-1,30,12,0,0,0,0
2025-01,"(10.0, 14.0]",Asia,STABLE,-1,30,9,0,0,0,0
2025-01,"(10.0, 14.0]",Asia,unclassified,-1,30,14,3,2,1,0
2025-01,"(10.0, 14.0]",London,CONTRACTING,-1,30,1,0,0,0,0
2025-01,"(10.0, 14.0]",London,EXPANDING,-1,30,39,2,0,2,0
2025-01,"(10.0, 14.0]",London,STABLE,-1,30,17,0,0,0,0
2025-01,"(10.0, 14.0]",London-NY,CONTRACTING,-1,30,2,0,0,0,0
2025-01,"(10.0, 14.0]",London-NY,EXPANDING,-1,30,95,1,0,1,0
2025-01,"(10.0, 14.0]",London-NY,STABLE,-1,30,26,0,0,0,0
2025-01,"(10.0, 14.0]",NY,CONTRACTING,-1,30,95,0,0,0,0
2025-01,"(10.0, 14.0]",NY,EXPANDING,-1,30,64,0,0,0,0
2025-01,"(10.0, 14.0]",NY,STABLE,-1,30,238,0,0,0,0
2025-01,"(10.0, 14.0]",NY-Asia,CONTRACTING,-1,30,8,0,0,0,0
2025-01,"(10.0, 14.0]",NY-Asia,EXPANDING,-1,30,3,2,2,0,0
2025-01,"(10.0, 14.0]",NY-Asia,STABLE,-1,30,2,0,0,0,0
2025-01,"(14.0, inf]",Asia,unclassified,-1,30,1,0,0,0,0
2025-01,"(14.0, inf]",London,EXPANDING,-1,30,4,0,0,0,0
2025-01,"(14.0, inf]",London-NY,EXPANDING,-1,30,76,2,1,1,0
2025-01,"(14.0, inf]",London-NY,STABLE,-1,30,14,0,0,0,0
2025-01,"(14.0, inf]",NY,CONTRACTING,-1,30,24,1,0,1,0
2025-01,"(14.0, inf]",NY,EXPANDING,-1,30,40,2,0,2,0
2025-01,"(14.0, inf]",NY,STABLE,-1,30,50,1,0,1,0
2025-01,"(14.0, inf]",NY-Asia,EXPANDING,-1,30,9,5,1,4,0
2025-01,"(14.0, inf]",NY-Asia,STABLE,-1,30,13,1,0,1,0
2025-01,unclassified,Asia,unclassified,-1,30,110,1,1,0,0
2025-01,"(0.0, 7.0]",Asia,CONTRACTING,-1,60,377,0,0,0,0
2025-01,"(0.0, 7.0]",Asia,EXPANDING,-1,60,399,6,0,6,0
2025-01,"(0.0, 7.0]",Asia,STABLE,-1,60,778,0,0,0,0
2025-01,"(0.0, 7.0]",Asia,unclassified,-1,60,211,0,0,0,0
2025-01,"(0.0, 7.0]",Asia-London,CONTRACTING,-1,60,9,0,0,0,0
2025-01,"(0.0, 7.0]",Asia-London,EXPANDING,-1,60,49,0,0,0,0
2025-01,"(0.0, 7.0]",Asia-London,STABLE,-1,60,176,0,0,0,0
2025-01,"(0.0, 7.0]",London,CONTRACTING,-1,60,198,3,0,3,0
2025-01,"(0.0, 7.0]",London,EXPANDING,-1,60,139,0,0,0,0
2025-01,"(0.0, 7.0]",London,STABLE,-1,60,489,0,0,0,0
2025-01,"(0.0, 7.0]",London-NY,CONTRACTING,-1,60,3,0,0,0,0
2025-01,"(0.0, 7.0]",London-NY,EXPANDING,-1,60,6,0,0,0,0
2025-01,"(0.0, 7.0]",London-NY,STABLE,-1,60,45,0,0,0,0
2025-01,"(0.0, 7.0]",NY,CONTRACTING,-1,60,111,0,0,0,0
2025-01,"(0.0, 7.0]",NY,STABLE,-1,60,37,0,0,0,0
2025-01,"(0.0, 7.0]",NY-Asia,CONTRACTING,-1,60,196,0,0,0,0
2025-01,"(0.0, 7.0]",NY-Asia,EXPANDING,-1,60,17,0,0,0,0
2025-01,"(0.0, 7.0]",NY-Asia,STABLE,-1,60,301,1,0,1,0
2025-01,"(7.0, 10.0]",Asia,CONTRACTING,-1,60,19,0,0,0,0
2025-01,"(7.0, 10.0]",Asia,EXPANDING,-1,60,104,1,0,1,0
2025-01,"(7.0, 10.0]",Asia,STABLE,-1,60,59,0,0,0,0
2025-01,"(7.0, 10.0]",Asia,unclassified,-1,60,16,0,0,0,0
2025-01,"(7.0, 10.0]",Asia-London,EXPANDING,-1,60,26,0,0,0,0
2025-01,"(7.0, 10.0]",Asia-London,STABLE,-1,60,4,0,0,0,0
2025-01,"(7.0, 10.0]",London,CONTRACTING,-1,60,27,0,0,0,0
2025-01,"(7.0, 10.0]",London,EXPANDING,-1,60,204,0,0,0,0
2025-01,"(7.0, 10.0]",London,STABLE,-1,60,202,0,0,0,0
2025-01,"(7.0, 10.0]",London-NY,CONTRACTING,-1,60,2,0,0,0,0
2025-01,"(7.0, 10.0]",London-NY,EXPANDING,-1,60,86,1,0,1,0
2025-01,"(7.0, 10.0]",London-NY,STABLE,-1,60,41,0,0,0,0
2025-01,"(7.0, 10.0]",NY,CONTRACTING,-1,60,182,0,0,0,0
2025-01,"(7.0, 10.0]",NY,EXPANDING,-1,60,13,0,0,0,0
2025-01,"(7.0, 10.0]",NY,STABLE,-1,60,202,0,0,0,0
2025-01,"(7.0, 10.0]",NY-Asia,CONTRACTING,-1,60,28,0,0,0,0
2025-01,"(7.0, 10.0]",NY-Asia,EXPANDING,-1,60,13,0,0,0,0
2025-01,"(7.0, 10.0]",NY-Asia,STABLE,-1,60,40,0,0,0,0
2025-01,"(10.0, 14.0]",Asia,CONTRACTING,-1,60,3,0,0,0,0
2025-01,"(10.0, 14.0]",Asia,EXPANDING,-1,60,12,0,0,0,0
2025-01,"(10.0, 14.0]",Asia,STABLE,-1,60,9,0,0,0,0
2025-01,"(10.0, 14.0]",Asia,unclassified,-1,60,14,2,1,1,0
2025-01,"(10.0, 14.0]",London,CONTRACTING,-1,60,1,0,0,0,0
2025-01,"(10.0, 14.0]",London,EXPANDING,-1,60,39,0,0,0,0
2025-01,"(10.0, 14.0]",London,STABLE,-1,60,17,0,0,0,0
2025-01,"(10.0, 14.0]",London-NY,CONTRACTING,-1,60,2,0,0,0,0
2025-01,"(10.0, 14.0]",London-NY,EXPANDING,-1,60,95,1,0,1,0
2025-01,"(10.0, 14.0]",London-NY,STABLE,-1,60,26,0,0,0,0
2025-01,"(10.0, 14.0]",NY,CONTRACTING,-1,60,95,0,0,0,0
2025-01,"(10.0, 14.0]",NY,EXPANDING,-1,60,64,0,0,0,0
2025-01,"(10.0, 14.0]",NY,STABLE,-1,60,238,0,0,0,0
2025-01,"(10.0, 14.0]",NY-Asia,CONTRACTING,-1,60,8,0,0,0,0
2025-01,"(10.0, 14.0]",NY-Asia,EXPANDING,-1,60,3,2,2,0,0
2025-01,"(10.0, 14.0]",NY-Asia,STABLE,-1,60,2,0,0,0,0
2025-01,"(14.0, inf]",Asia,unclassified,-1,60,1,0,0,0,0
2025-01,"(14.0, inf]",London,EXPANDING,-1,60,4,0,0,0,0
2025-01,"(14.0, inf]",London-NY,EXPANDING,-1,60,76,0,0,0,0
2025-01,"(14.0, inf]",London-NY,STABLE,-1,60,14,0,0,0,0
2025-01,"(14.0, inf]",NY,CONTRACTING,-1,60,24,0,0,0,0
2025-01,"(14.0, inf]",NY,EXPANDING,-1,60,40,0,0,0,0
2025-01,"(14.0, inf]",NY,STABLE,-1,60,50,0,0,0,0
2025-01,"(14.0, inf]",NY-Asia,EXPANDING,-1,60,9,4,1,3,0
2025-01,"(14.0, inf]",NY-Asia,STABLE,-1,60,13,0,0,0,0
2025-01,unclassified,Asia,unclassified,-1,60,110,1,1,0,0
2025-02,"(0.0, 7.0]",Asia,CONTRACTING,1,15,283,40,25,15,0
2025-02,"(0.0, 7.0]",Asia,EXPANDING,1,15,267,27,16,11,0
2025-02,"(0.0, 7.0]",Asia,STABLE,1,15,472,57,32,25,0
2025-02,"(0.0, 7.0]",Asia,unclassified,1,15,170,31,15,16,0
2025-02,"(0.0, 7.0]",Asia-London,CONTRACTING,1,15,26,2,1,1,0
2025-02,"(0.0, 7.0]",Asia-London,EXPANDING,1,15,36,3,0,3,0
2025-02,"(0.0, 7.0]",Asia-London,STABLE,1,15,63,7,4,3,0
2025-02,"(0.0, 7.0]",London,CONTRACTING,1,15,182,23,11,12,0
2025-02,"(0.0, 7.0]",London,EXPANDING,1,15,32,5,1,4,0
2025-02,"(0.0, 7.0]",London,STABLE,1,15,340,23,15,8,0
2025-02,"(0.0, 7.0]",London-NY,CONTRACTING,1,15,2,0,0,0,0
2025-02,"(0.0, 7.0]",London-NY,EXPANDING,1,15,4,0,0,0,0
2025-02,"(0.0, 7.0]",London-NY,STABLE,1,15,23,1,1,0,0
2025-02,"(0.0, 7.0]",NY,CONTRACTING,1,15,69,11,5,6,0
2025-02,"(0.0, 7.0]",NY,STABLE,1,15,44,7,4,3,0
2025-02,"(0.0, 7.0]",NY-Asia,CONTRACTING,1,15,235,26,11,15,0
2025-02,"(0.0, 7.0]",NY-Asia,EXPANDING,1,15,17,3,1,2,0
2025-02,"(0.0, 7.0]",NY-Asia,STABLE,1,15,318,37,17,20,0
2025-02,"(7.0, 10.0]",Asia,CONTRACTING,1,15,92,13,5,8,0
2025-02,"(7.0, 10.0]",Asia,EXPANDING,1,15,201,12,8,4,0
2025-02,"(7.0, 10.0]",Asia,STABLE,1,15,114,10,2,8,0
2025-02,"(7.0, 10.0]",Asia,unclassified,1,15,22,2,1,1,0
2025-02,"(7.0, 10.0]",Asia-London,CONTRACTING,1,15,4,0,0,0,0
2025-02,"(7.0, 10.0]",Asia-London,EXPANDING,1,15,50,7,1,6,0
2025-02,"(7.0, 10.0]",Asia-London,STABLE,1,15,48,9,3,6,0
2025-02,"(7.0, 10.0]",London,CONTRACTING,1,15,76,9,3,6,0
2025-02,"(7.0, 10.0]",London,EXPANDING,1,15,188,31,15,16,0
2025-02,"(7.0, 10.0]",London,STABLE,1,15,270,30,19,11,0
2025-02,"(7.0, 10.0]",London-NY,CONTRACTING,1,15,1,0,0,0,0
2025-02,"(7.0, 10.0]",London-NY,EXPANDING,1,15,59,12,9,3,0
2025-02,"(7.0, 10.0]",London-NY,STABLE,1,15,43,1,0,1,0
2025-02,"(7.0, 10.0]",NY,CONTRACTING,1,15,127,17,12,5,0
2025-02,"(7.0, 10.0]",NY,EXPANDING,1,15,6,1,0,1,0
2025-02,"(7.0, 10.0]",NY,STABLE,1,15,145,11,7,4,0
2025-02,"(7.0, 10.0]",NY-Asia,CONTRACTING,1,15,40,3,2,1,0
2025-02,"(7.0, 10.0]",NY-Asia,EXPANDING,1,15,34,2,0,2,0
2025-02,"(7.0, 10.0]",NY-Asia,STABLE,1,15,85,10,4,6,0
2025-02,"(10.0, 14.0]",Asia,CONTRACTING,1,15,22,2,2,0,0
2025-02,"(10.0, 14.0]",Asia,EXPANDING,1,15,78,9,3,6,0
2025-02,"(10.0, 14.0]",Asia,STABLE,1,15,37,4,2,2,0
2025-02,"(10.0, 14.0]",Asia,unclassified,1,15,10,1,0,1,0
2025-02,"(10.0, 14.0]",Asia-London,EXPANDING,1,15,11,2,1,1,0
2025-02,"(10.0, 14.0]",Asia-London,STABLE,1,15,2,0,0,0,0
2025-02,"(10.0, 14.0]",London,CONTRACTING,1,15,2,0,0,0,0
2025-02,"(10.0, 14.0]",London,EXPANDING,1,15,62,5,3,2,0
2025-02,"(10.0, 14.0]",London,STABLE,1,15,42,9,0,9,0
2025-02,"(10.0, 14.0]",London-NY,CONTRACTING,1,15,5,0,0,0,0
2025-02,"(10.0, 14.0]",London-NY,EXPANDING,1,15,88,12,8,4,0
2025-02,"(10.0, 14.0]",London-NY,STABLE,1,15,40,3,2,1,0
2025-02,"(10.0, 14.0]",NY,CONTRACTING,1,15,128,7,3,4,0
2025-02,"(10.0, 14.0]",NY,EXPANDING,1,15,30,3,2,1,0
2025-02,"(10.0, 14.0]",NY,STABLE,1,15,138,13,3,10,0
2025-02,"(10.0, 14.0]",NY-Asia,CONTRACTING,1,15,2,2,1,1,0
2025-02,"(10.0, 14.0]",NY-Asia,EXPANDING,1,15,11,1,1,0,0
2025-02,"(10.0, 14.0]",NY-Asia,STABLE,1,15,8,0,0,0,0
2025-02,"(14.0, inf]",Asia,CONTRACTING,1,15,5,0,0,0,0
2025-02,"(14.0, inf]",Asia,EXPANDING,1,15,21,0,0,0,0
2025-02,"(14.0, inf]",Asia,STABLE,1,15,8,0,0,0,0
2025-02,"(14.0, inf]",Asia,unclassified,1,15,18,2,2,0,0
2025-02,"(14.0, inf]",London,EXPANDING,1,15,6,3,2,1,0
2025-02,"(14.0, inf]",London-NY,EXPANDING,1,15,83,6,2,4,0
2025-02,"(14.0, inf]",London-NY,STABLE,1,15,12,2,0,2,0
2025-02,"(14.0, inf]",NY,CONTRACTING,1,15,53,1,1,0,0
2025-02,"(14.0, inf]",NY,EXPANDING,1,15,103,7,5,2,0
2025-02,"(14.0, inf]",NY,STABLE,1,15,117,9,5,4,0
2025-02,unclassified,Asia,unclassified,1,15,100,16,8,8,0
2025-02,"(0.0, 7.0]",Asia,CONTRACTING,1,30,283,4,2,2,0
2025-02,"(0.0, 7.0]",Asia,EXPANDING,1,30,267,8,7,1,0
2025-02,"(0.0, 7.0]",Asia,STABLE,1,30,472,13,10,3,0
2025-02,"(0.0, 7.0]",Asia,unclassified,1,30,170,3,3,0,0
2025-02,"(0.0, 7.0]",Asia-London,CONTRACTING,1,30,26,0,0,0,0
2025-02,"(0.0, 7.0]",Asia-London,EXPANDING,1,30,36,2,0,2,0
2025-02,"(0.0, 7.0]",Asia-London,STABLE,1,30,63,1,1,0,0
2025-02,"(0.0, 7.0]",London,CONTRACTING,1,30,182,2,0,2,0
2025-02,"(0.0, 7.0]",London,EXPANDING,1,30,32,1,0,1,0
2025-02,"(0.0, 7.0]",London,STABLE,1,30,340,5,3,2,0
2025-02,"(0.0, 7.0]",London-NY,CONTRACTING,1,30,2,0,0,0,0
2025-02,"(0.0, 7.0]",London-NY,EXPANDING,1,30,4,0,0,0,0
2025-02,"(0.0, 7.0]",London-NY,STABLE,1,30,23,2,2,0,0
2025-02,"(0.0, 7.0]",NY,CONTRACTING,1,30,69,0,0,0,0
2025-02,"(0.0, 7.0]",NY,STABLE,1,30,44,0,0,0,0
2025-02,"(0.0, 7.0]",NY-Asia,CONTRACTING,1,30,208,6,1,5,0
2025-02,"(0.0, 7.0]",NY-Asia,EXPANDING,1,30,16,1,0,1,0
2025-02,"(0.0, 7.0]",NY-Asia,STABLE,1,30,286,7,3,4,0
2025-02,"(7.0, 10.0]",Asia,CONTRACTING,1,30,92,2,0,2,0
2025-02,"(7.0, 10.0]",Asia,EXPANDING,1,30,201,1,1,0,0
2025-02,"(7.0, 10.0]",Asia,STABLE,1,30,114,1,1,0,0
2025-02,"(7.0, 10.0]",Asia,unclassified,1,30,22,0,0,0,0
2025-02,"(7.0, 10.0]",Asia-London,CONTRACTING,1,30,4,0,0,0,0
2025-02,"(7.0, 10.0]",Asia-London,EXPANDING,1,30,50,2,0,2,0
2025-02,"(7.0, 10.0]",Asia-London,STABLE,1,30,48,1,0,1,0
2025-02,"(7.0, 10.0]",London,CONTRACTING,1,30,76,1,0,1,0
2025-02,"(7.0, 10.0]",London,EXPANDING,1,30,188,9,4,5,0
2025-02,"(7.0, 10.0]",London,STABLE,1,30,270,5,4,1,0
2025-02,"(7.0, 10.0]",London-NY,CONTRACTING,1,30,1,0,0,0,0
2025-02,"(7.0, 10.0]",London-NY,EXPANDING,1,30,59,9,8,1,0
2025-02,"(7.0, 10.0]",London-NY,STABLE,1,30,43,0,0,0,0
2025-02,"(7.0, 10.0]",NY,CONTRACTING,1,30,127,10,6,4,0
2025-02,"(7.0, 10.0]",NY,EXPANDING,1,30,6,0,0,0,0
2025-02,"(7.0, 10.0]",NY,STABLE,1,30,145,0,0,0,0
2025-02,"(7.0, 10.0]",NY-Asia,CONTRACTING,1,30,40,0,0,0,0
2025-02,"(7.0, 10.0]",NY-Asia,EXPANDING,1,30,34,0,0,0,0
2025-02,"(7.0, 10.0]",NY-Asia,STABLE,1,30,85,1,0,1,0
2025-02,"(10.0, 14.0]",Asia,CONTRACTING,1,30,22,1,1,0,0
2025-02,"(10.0, 14.0]",Asia,EXPANDING,1,30,78,1,0,1,0
2025-02,"(10.0, 14.0]",Asia,STABLE,1,30,37,0,0,0,0
2025-02,"(10.0, 14.0]",Asia,unclassified,1,30,10,0,0,0,0
2025-02,"(10.0, 14.0]",Asia-London,EXPANDING,1,30,11,0,0,0,0
2025-02,"(10.0, 14.0]",Asia-London,STABLE,1,30,2,0,0,0,0
2025-02,"(10.0, 14.0]",London,CONTRACTING,1,30,2,0,0,0,0
2025-02,"(10.0, 14.0]",London,EXPANDING,1,30,62,3,1,2,0
2025-02,"(10.0, 14.0]",London,STABLE,1,30,42,5,0,5,0
2025-02,"(10.0, 14.0]",London-NY,CONTRACTING,1,30,5,0,0,0,0
2025-02,"(10.0, 14.0]",London-NY,EXPANDING,1,30,88,0,0,0,0
2025-02,"(10.0, 14.0]",London-NY,STABLE,1,30,40,2,2,0,0
2025-02,"(10.0, 14.0]",NY,CONTRACTING,1,30,128,0,0,0,0
2025-02,"(10.0, 14.0]",NY,EXPANDING,1,30,30,1,0,1,0
2025-02,"(10.0, 14.0]",NY,STABLE,1,30,138,5,1,4,0
2025-02,"(10.0, 14.0]",NY-Asia,CONTRACTING,1,30,2,0,0,0,0
2025-02,"(10.0, 14.0]",NY-Asia,EXPANDING,1,30,11,0,0,0,0
2025-02,"(10.0, 14.0]",NY-Asia,STABLE,1,30,8,0,0,0,0
2025-02,"(14.0, inf]",Asia,CONTRACTING,1,30,5,0,0,0,0
2025-02,"(14.0, inf]",Asia,EXPANDING,1,30,21,0,0,0,0
2025-02,"(14.0, inf]",Asia,STABLE,1,30,8,0,0,0,0
2025-02,"(14.0, inf]",Asia,unclassified,1,30,18,0,0,0,0
2025-02,"(14.0, inf]",London,EXPANDING,1,30,6,3,2,1,0
2025-02,"(14.0, inf]",London-NY,EXPANDING,1,30,83,0,0,0,0
2025-02,"(14.0, inf]",London-NY,STABLE,1,30,12,0,0,0,0
2025-02,"(14.0, inf]",NY,CONTRACTING,1,30,53,0,0,0,0
2025-02,"(14.0, inf]",NY,EXPANDING,1,30,103,2,1,1,0
2025-02,"(14.0, inf]",NY,STABLE,1,30,117,0,0,0,0
2025-02,unclassified,Asia,unclassified,1,30,100,3,3,0,0
2025-02,"(0.0, 7.0]",Asia,CONTRACTING,1,60,283,1,1,0,0
2025-02,"(0.0, 7.0]",Asia,EXPANDING,1,60,267,0,0,0,0
2025-02,"(0.0, 7.0]",Asia,STABLE,1,60,472,2,1,1,0
2025-02,"(0.0, 7.0]",Asia,unclassified,1,60,170,0,0,0,0
2025-02,"(0.0, 7.0]",Asia-London,CONTRACTING,1,60,26,0,0,0,0
2025-02,"(0.0, 7.0]",Asia-London,EXPANDING,1,60,36,0,0,0,0
2025-02,"(0.0, 7.0]",Asia-London,STABLE,1,60,63,0,0,0,0
2025-02,"(0.0, 7.0]",London,CONTRACTING,1,60,182,0,0,0,0
2025-02,"(0.0, 7.0]",London,EXPANDING,1,60,32,1,0,1,0
2025-02,"(0.0, 7.0]",London,STABLE,1,60,340,10,8,2,0
2025-02,"(0.0, 7.0]",London-NY,CONTRACTING,1,60,2,0,0,0,0
2025-02,"(0.0, 7.0]",London-NY,EXPANDING,1,60,4,0,0,0,0
2025-02,"(0.0, 7.0]",London-NY,STABLE,1,60,23,2,2,0,0
2025-02,"(0.0, 7.0]",NY,CONTRACTING,1,60,69,0,0,0,0
2025-02,"(0.0, 7.0]",NY,STABLE,1,60,44,0,0,0,0
2025-02,"(0.0, 7.0]",NY-Asia,CONTRACTING,1,60,182,0,0,0,0
2025-02,"(0.0, 7.0]",NY-Asia,EXPANDING,1,60,12,1,0,1,0
2025-02,"(0.0, 7.0]",NY-Asia,STABLE,1,60,203,1,0,1,0
2025-02,"(7.0, 10.0]",Asia,CONTRACTING,1,60,92,0,0,0,0
2025-02,"(7.0, 10.0]",Asia,EXPANDING,1,60,201,0,0,0,0
2025-02,"(7.0, 10.0]",Asia,STABLE,1,60,114,0,0,0,0
2025-02,"(7.0, 10.0]",Asia,unclassified,1,60,22,0,0,0,0
2025-02,"(7.0, 10.0]",Asia-London,CONTRACTING,1,60,4,0,0,0,0
2025-02,"(7.0, 10.0]",Asia-London,EXPANDING,1,60,50,0,0,0,0
2025-02,"(7.0, 10.0]",Asia-London,STABLE,1,60,48,0,0,0,0
2025-02,"(7.0, 10.0]",London,CONTRACTING,1,60,76,0,0,0,0
2025-02,"(7.0, 10.0]",London,EXPANDING,1,60,188,0,0,0,0
2025-02,"(7.0, 10.0]",London,STABLE,1,60,270,1,1,0,0
2025-02,"(7.0, 10.0]",London-NY,CONTRACTING,1,60,1,0,0,0,0
2025-02,"(7.0, 10.0]",London-NY,EXPANDING,1,60,59,2,2,0,0
2025-02,"(7.0, 10.0]",London-NY,STABLE,1,60,43,0,0,0,0
2025-02,"(7.0, 10.0]",NY,CONTRACTING,1,60,127,1,0,1,0
2025-02,"(7.0, 10.0]",NY,EXPANDING,1,60,6,0,0,0,0
2025-02,"(7.0, 10.0]",NY,STABLE,1,60,145,0,0,0,0
2025-02,"(7.0, 10.0]",NY-Asia,CONTRACTING,1,60,37,0,0,0,0
2025-02,"(7.0, 10.0]",NY-Asia,EXPANDING,1,60,33,0,0,0,0
2025-02,"(7.0, 10.0]",NY-Asia,STABLE,1,60,82,0,0,0,0
2025-02,"(10.0, 14.0]",Asia,CONTRACTING,1,60,22,1,1,0,0
2025-02,"(10.0, 14.0]",Asia,EXPANDING,1,60,78,0,0,0,0
2025-02,"(10.0, 14.0]",Asia,STABLE,1,60,37,0,0,0,0
2025-02,"(10.0, 14.0]",Asia,unclassified,1,60,10,0,0,0,0
2025-02,"(10.0, 14.0]",Asia-London,EXPANDING,1,60,11,0,0,0,0
2025-02,"(10.0, 14.0]",Asia-London,STABLE,1,60,2,0,0,0,0
2025-02,"(10.0, 14.0]",London,CONTRACTING,1,60,2,0,0,0,0
2025-02,"(10.0, 14.0]",London,EXPANDING,1,60,62,1,0,1,0
2025-02,"(10.0, 14.0]",London,STABLE,1,60,42,1,0,1,0
2025-02,"(10.0, 14.0]",London-NY,CONTRACTING,1,60,5,0,0,0,0
2025-02,"(10.0, 14.0]",London-NY,EXPANDING,1,60,88,0,0,0,0
2025-02,"(10.0, 14.0]",London-NY,STABLE,1,60,40,0,0,0,0
2025-02,"(10.0, 14.0]",NY,CONTRACTING,1,60,128,0,0,0,0
2025-02,"(10.0, 14.0]",NY,EXPANDING,1,60,30,0,0,0,0
2025-02,"(10.0, 14.0]",NY,STABLE,1,60,138,0,0,0,0
2025-02,"(10.0, 14.0]",NY-Asia,CONTRACTING,1,60,2,0,0,0,0
2025-02,"(10.0, 14.0]",NY-Asia,EXPANDING,1,60,11,0,0,0,0
2025-02,"(10.0, 14.0]",NY-Asia,STABLE,1,60,8,0,0,0,0
2025-02,"(14.0, inf]",Asia,CONTRACTING,1,60,5,0,0,0,0
2025-02,"(14.0, inf]",Asia,EXPANDING,1,60,21,0,0,0,0
2025-02,"(14.0, inf]",Asia,STABLE,1,60,8,0,0,0,0
2025-02,"(14.0, inf]",Asia,unclassified,1,60,18,0,0,0,0
2025-02,"(14.0, inf]",London,EXPANDING,1,60,6,1,0,1,0
2025-02,"(14.0, inf]",London-NY,EXPANDING,1,60,83,0,0,0,0
2025-02,"(14.0, inf]",London-NY,STABLE,1,60,12,0,0,0,0
2025-02,"(14.0, inf]",NY,CONTRACTING,1,60,53,0,0,0,0
2025-02,"(14.0, inf]",NY,EXPANDING,1,60,103,1,1,0,0
2025-02,"(14.0, inf]",NY,STABLE,1,60,117,0,0,0,0
2025-02,unclassified,Asia,unclassified,1,60,100,0,0,0,0
2025-02,"(0.0, 7.0]",Asia,CONTRACTING,-1,15,283,40,15,25,0
2025-02,"(0.0, 7.0]",Asia,EXPANDING,-1,15,267,27,11,16,0
2025-02,"(0.0, 7.0]",Asia,STABLE,-1,15,472,57,25,32,0
2025-02,"(0.0, 7.0]",Asia,unclassified,-1,15,170,31,16,15,0
2025-02,"(0.0, 7.0]",Asia-London,CONTRACTING,-1,15,26,2,1,1,0
2025-02,"(0.0, 7.0]",Asia-London,EXPANDING,-1,15,36,3,3,0,0
2025-02,"(0.0, 7.0]",Asia-London,STABLE,-1,15,63,7,3,4,0
2025-02,"(0.0, 7.0]",London,CONTRACTING,-1,15,182,23,12,11,0
2025-02,"(0.0, 7.0]",London,EXPANDING,-1,15,32,5,4,1,0
2025-02,"(0.0, 7.0]",London,STABLE,-1,15,340,23,8,15,0
2025-02,"(0.0, 7.0]",London-NY,CONTRACTING,-1,15,2,0,0,0,0
2025-02,"(0.0, 7.0]",London-NY,EXPANDING,-1,15,4,0,0,0,0
2025-02,"(0.0, 7.0]",London-NY,STABLE,-1,15,23,1,0,1,0
2025-02,"(0.0, 7.0]",NY,CONTRACTING,-1,15,69,11,6,5,0
2025-02,"(0.0, 7.0]",NY,STABLE,-1,15,44,7,3,4,0
2025-02,"(0.0, 7.0]",NY-Asia,CONTRACTING,-1,15,235,26,15,11,0
2025-02,"(0.0, 7.0]",NY-Asia,EXPANDING,-1,15,17,3,2,1,0
2025-02,"(0.0, 7.0]",NY-Asia,STABLE,-1,15,318,37,20,17,0
2025-02,"(7.0, 10.0]",Asia,CONTRACTING,-1,15,92,13,8,5,0
2025-02,"(7.0, 10.0]",Asia,EXPANDING,-1,15,201,12,4,8,0
2025-02,"(7.0, 10.0]",Asia,STABLE,-1,15,114,10,8,2,0
2025-02,"(7.0, 10.0]",Asia,unclassified,-1,15,22,2,1,1,0
2025-02,"(7.0, 10.0]",Asia-London,CONTRACTING,-1,15,4,0,0,0,0
2025-02,"(7.0, 10.0]",Asia-London,EXPANDING,-1,15,50,7,6,1,0
2025-02,"(7.0, 10.0]",Asia-London,STABLE,-1,15,48,9,6,3,0
2025-02,"(7.0, 10.0]",London,CONTRACTING,-1,15,76,9,6,3,0
2025-02,"(7.0, 10.0]",London,EXPANDING,-1,15,188,31,16,15,0
2025-02,"(7.0, 10.0]",London,STABLE,-1,15,270,30,11,19,0
2025-02,"(7.0, 10.0]",London-NY,CONTRACTING,-1,15,1,0,0,0,0
2025-02,"(7.0, 10.0]",London-NY,EXPANDING,-1,15,59,12,3,9,0
2025-02,"(7.0, 10.0]",London-NY,STABLE,-1,15,43,1,1,0,0
2025-02,"(7.0, 10.0]",NY,CONTRACTING,-1,15,127,17,5,12,0
2025-02,"(7.0, 10.0]",NY,EXPANDING,-1,15,6,1,1,0,0
2025-02,"(7.0, 10.0]",NY,STABLE,-1,15,145,11,4,7,0
2025-02,"(7.0, 10.0]",NY-Asia,CONTRACTING,-1,15,40,3,1,2,0
2025-02,"(7.0, 10.0]",NY-Asia,EXPANDING,-1,15,34,2,2,0,0
2025-02,"(7.0, 10.0]",NY-Asia,STABLE,-1,15,85,10,6,4,0
2025-02,"(10.0, 14.0]",Asia,CONTRACTING,-1,15,22,2,0,2,0
2025-02,"(10.0, 14.0]",Asia,EXPANDING,-1,15,78,9,6,3,0
2025-02,"(10.0, 14.0]",Asia,STABLE,-1,15,37,4,2,2,0
2025-02,"(10.0, 14.0]",Asia,unclassified,-1,15,10,1,1,0,0
2025-02,"(10.0, 14.0]",Asia-London,EXPANDING,-1,15,11,2,1,1,0
2025-02,"(10.0, 14.0]",Asia-London,STABLE,-1,15,2,0,0,0,0
2025-02,"(10.0, 14.0]",London,CONTRACTING,-1,15,2,0,0,0,0
2025-02,"(10.0, 14.0]",London,EXPANDING,-1,15,62,5,2,3,0
2025-02,"(10.0, 14.0]",London,STABLE,-1,15,42,9,9,0,0
2025-02,"(10.0, 14.0]",London-NY,CONTRACTING,-1,15,5,0,0,0,0
2025-02,"(10.0, 14.0]",London-NY,EXPANDING,-1,15,88,12,4,8,0
2025-02,"(10.0, 14.0]",London-NY,STABLE,-1,15,40,3,1,2,0
2025-02,"(10.0, 14.0]",NY,CONTRACTING,-1,15,128,7,4,3,0
2025-02,"(10.0, 14.0]",NY,EXPANDING,-1,15,30,3,1,2,0
2025-02,"(10.0, 14.0]",NY,STABLE,-1,15,138,13,10,3,0
2025-02,"(10.0, 14.0]",NY-Asia,CONTRACTING,-1,15,2,2,1,1,0
2025-02,"(10.0, 14.0]",NY-Asia,EXPANDING,-1,15,11,1,0,1,0
2025-02,"(10.0, 14.0]",NY-Asia,STABLE,-1,15,8,0,0,0,0
2025-02,"(14.0, inf]",Asia,CONTRACTING,-1,15,5,0,0,0,0
2025-02,"(14.0, inf]",Asia,EXPANDING,-1,15,21,0,0,0,0
2025-02,"(14.0, inf]",Asia,STABLE,-1,15,8,0,0,0,0
2025-02,"(14.0, inf]",Asia,unclassified,-1,15,18,2,0,2,0
2025-02,"(14.0, inf]",London,EXPANDING,-1,15,6,3,1,2,0
2025-02,"(14.0, inf]",London-NY,EXPANDING,-1,15,83,6,4,2,0
2025-02,"(14.0, inf]",London-NY,STABLE,-1,15,12,2,2,0,0
2025-02,"(14.0, inf]",NY,CONTRACTING,-1,15,53,1,0,1,0
2025-02,"(14.0, inf]",NY,EXPANDING,-1,15,103,7,2,5,0
2025-02,"(14.0, inf]",NY,STABLE,-1,15,117,9,4,5,0
2025-02,unclassified,Asia,unclassified,-1,15,100,16,8,8,0
2025-02,"(0.0, 7.0]",Asia,CONTRACTING,-1,30,283,4,2,2,0
2025-02,"(0.0, 7.0]",Asia,EXPANDING,-1,30,267,8,1,7,0
2025-02,"(0.0, 7.0]",Asia,STABLE,-1,30,472,13,3,10,0
2025-02,"(0.0, 7.0]",Asia,unclassified,-1,30,170,3,0,3,0
2025-02,"(0.0, 7.0]",Asia-London,CONTRACTING,-1,30,26,0,0,0,0
2025-02,"(0.0, 7.0]",Asia-London,EXPANDING,-1,30,36,2,2,0,0
2025-02,"(0.0, 7.0]",Asia-London,STABLE,-1,30,63,1,0,1,0
2025-02,"(0.0, 7.0]",London,CONTRACTING,-1,30,182,2,2,0,0
2025-02,"(0.0, 7.0]",London,EXPANDING,-1,30,32,1,1,0,0
2025-02,"(0.0, 7.0]",London,STABLE,-1,30,340,5,2,3,0
2025-02,"(0.0, 7.0]",London-NY,CONTRACTING,-1,30,2,0,0,0,0
2025-02,"(0.0, 7.0]",London-NY,EXPANDING,-1,30,4,0,0,0,0
2025-02,"(0.0, 7.0]",London-NY,STABLE,-1,30,23,2,0,2,0
2025-02,"(0.0, 7.0]",NY,CONTRACTING,-1,30,69,0,0,0,0
2025-02,"(0.0, 7.0]",NY,STABLE,-1,30,44,0,0,0,0
2025-02,"(0.0, 7.0]",NY-Asia,CONTRACTING,-1,30,208,6,5,1,0
2025-02,"(0.0, 7.0]",NY-Asia,EXPANDING,-1,30,16,1,1,0,0
2025-02,"(0.0, 7.0]",NY-Asia,STABLE,-1,30,286,7,4,3,0
2025-02,"(7.0, 10.0]",Asia,CONTRACTING,-1,30,92,2,2,0,0
2025-02,"(7.0, 10.0]",Asia,EXPANDING,-1,30,201,1,0,1,0
2025-02,"(7.0, 10.0]",Asia,STABLE,-1,30,114,1,0,1,0
2025-02,"(7.0, 10.0]",Asia,unclassified,-1,30,22,0,0,0,0
2025-02,"(7.0, 10.0]",Asia-London,CONTRACTING,-1,30,4,0,0,0,0
2025-02,"(7.0, 10.0]",Asia-London,EXPANDING,-1,30,50,2,2,0,0
2025-02,"(7.0, 10.0]",Asia-London,STABLE,-1,30,48,1,1,0,0
2025-02,"(7.0, 10.0]",London,CONTRACTING,-1,30,76,1,1,0,0
2025-02,"(7.0, 10.0]",London,EXPANDING,-1,30,188,9,5,4,0
2025-02,"(7.0, 10.0]",London,STABLE,-1,30,270,5,1,4,0
2025-02,"(7.0, 10.0]",London-NY,CONTRACTING,-1,30,1,0,0,0,0
2025-02,"(7.0, 10.0]",London-NY,EXPANDING,-1,30,59,9,1,8,0
2025-02,"(7.0, 10.0]",London-NY,STABLE,-1,30,43,0,0,0,0
2025-02,"(7.0, 10.0]",NY,CONTRACTING,-1,30,127,10,4,6,0
2025-02,"(7.0, 10.0]",NY,EXPANDING,-1,30,6,0,0,0,0
2025-02,"(7.0, 10.0]",NY,STABLE,-1,30,145,0,0,0,0
2025-02,"(7.0, 10.0]",NY-Asia,CONTRACTING,-1,30,40,0,0,0,0
2025-02,"(7.0, 10.0]",NY-Asia,EXPANDING,-1,30,34,0,0,0,0
2025-02,"(7.0, 10.0]",NY-Asia,STABLE,-1,30,85,1,1,0,0
2025-02,"(10.0, 14.0]",Asia,CONTRACTING,-1,30,22,1,0,1,0
2025-02,"(10.0, 14.0]",Asia,EXPANDING,-1,30,78,1,1,0,0
2025-02,"(10.0, 14.0]",Asia,STABLE,-1,30,37,0,0,0,0
2025-02,"(10.0, 14.0]",Asia,unclassified,-1,30,10,0,0,0,0
2025-02,"(10.0, 14.0]",Asia-London,EXPANDING,-1,30,11,0,0,0,0
2025-02,"(10.0, 14.0]",Asia-London,STABLE,-1,30,2,0,0,0,0
2025-02,"(10.0, 14.0]",London,CONTRACTING,-1,30,2,0,0,0,0
2025-02,"(10.0, 14.0]",London,EXPANDING,-1,30,62,3,2,1,0
2025-02,"(10.0, 14.0]",London,STABLE,-1,30,42,5,5,0,0
2025-02,"(10.0, 14.0]",London-NY,CONTRACTING,-1,30,5,0,0,0,0
2025-02,"(10.0, 14.0]",London-NY,EXPANDING,-1,30,88,0,0,0,0
2025-02,"(10.0, 14.0]",London-NY,STABLE,-1,30,40,2,0,2,0
2025-02,"(10.0, 14.0]",NY,CONTRACTING,-1,30,128,0,0,0,0
2025-02,"(10.0, 14.0]",NY,EXPANDING,-1,30,30,1,1,0,0
2025-02,"(10.0, 14.0]",NY,STABLE,-1,30,138,5,4,1,0
2025-02,"(10.0, 14.0]",NY-Asia,CONTRACTING,-1,30,2,0,0,0,0
2025-02,"(10.0, 14.0]",NY-Asia,EXPANDING,-1,30,11,0,0,0,0
2025-02,"(10.0, 14.0]",NY-Asia,STABLE,-1,30,8,0,0,0,0
2025-02,"(14.0, inf]",Asia,CONTRACTING,-1,30,5,0,0,0,0
2025-02,"(14.0, inf]",Asia,EXPANDING,-1,30,21,0,0,0,0
2025-02,"(14.0, inf]",Asia,STABLE,-1,30,8,0,0,0,0
2025-02,"(14.0, inf]",Asia,unclassified,-1,30,18,0,0,0,0
2025-02,"(14.0, inf]",London,EXPANDING,-1,30,6,3,1,2,0
2025-02,"(14.0, inf]",London-NY,EXPANDING,-1,30,83,0,0,0,0
2025-02,"(14.0, inf]",London-NY,STABLE,-1,30,12,0,0,0,0
2025-02,"(14.0, inf]",NY,CONTRACTING,-1,30,53,0,0,0,0
2025-02,"(14.0, inf]",NY,EXPANDING,-1,30,103,2,1,1,0
2025-02,"(14.0, inf]",NY,STABLE,-1,30,117,0,0,0,0
2025-02,unclassified,Asia,unclassified,-1,30,100,3,0,3,0
2025-02,"(0.0, 7.0]",Asia,CONTRACTING,-1,60,283,1,0,1,0
2025-02,"(0.0, 7.0]",Asia,EXPANDING,-1,60,267,0,0,0,0
2025-02,"(0.0, 7.0]",Asia,STABLE,-1,60,472,2,1,1,0
2025-02,"(0.0, 7.0]",Asia,unclassified,-1,60,170,0,0,0,0
2025-02,"(0.0, 7.0]",Asia-London,CONTRACTING,-1,60,26,0,0,0,0
2025-02,"(0.0, 7.0]",Asia-London,EXPANDING,-1,60,36,0,0,0,0
2025-02,"(0.0, 7.0]",Asia-London,STABLE,-1,60,63,0,0,0,0
2025-02,"(0.0, 7.0]",London,CONTRACTING,-1,60,182,0,0,0,0
2025-02,"(0.0, 7.0]",London,EXPANDING,-1,60,32,1,1,0,0
2025-02,"(0.0, 7.0]",London,STABLE,-1,60,340,10,2,8,0
2025-02,"(0.0, 7.0]",London-NY,CONTRACTING,-1,60,2,0,0,0,0
2025-02,"(0.0, 7.0]",London-NY,EXPANDING,-1,60,4,0,0,0,0
2025-02,"(0.0, 7.0]",London-NY,STABLE,-1,60,23,2,0,2,0
2025-02,"(0.0, 7.0]",NY,CONTRACTING,-1,60,69,0,0,0,0
2025-02,"(0.0, 7.0]",NY,STABLE,-1,60,44,0,0,0,0
2025-02,"(0.0, 7.0]",NY-Asia,CONTRACTING,-1,60,182,0,0,0,0
2025-02,"(0.0, 7.0]",NY-Asia,EXPANDING,-1,60,12,1,1,0,0
2025-02,"(0.0, 7.0]",NY-Asia,STABLE,-1,60,203,1,1,0,0
2025-02,"(7.0, 10.0]",Asia,CONTRACTING,-1,60,92,0,0,0,0
2025-02,"(7.0, 10.0]",Asia,EXPANDING,-1,60,201,0,0,0,0
2025-02,"(7.0, 10.0]",Asia,STABLE,-1,60,114,0,0,0,0
2025-02,"(7.0, 10.0]",Asia,unclassified,-1,60,22,0,0,0,0
2025-02,"(7.0, 10.0]",Asia-London,CONTRACTING,-1,60,4,0,0,0,0
2025-02,"(7.0, 10.0]",Asia-London,EXPANDING,-1,60,50,0,0,0,0
2025-02,"(7.0, 10.0]",Asia-London,STABLE,-1,60,48,0,0,0,0
2025-02,"(7.0, 10.0]",London,CONTRACTING,-1,60,76,0,0,0,0
2025-02,"(7.0, 10.0]",London,EXPANDING,-1,60,188,0,0,0,0
2025-02,"(7.0, 10.0]",London,STABLE,-1,60,270,1,0,1,0
2025-02,"(7.0, 10.0]",London-NY,CONTRACTING,-1,60,1,0,0,0,0
2025-02,"(7.0, 10.0]",London-NY,EXPANDING,-1,60,59,2,0,2,0
2025-02,"(7.0, 10.0]",London-NY,STABLE,-1,60,43,0,0,0,0
2025-02,"(7.0, 10.0]",NY,CONTRACTING,-1,60,127,1,1,0,0
2025-02,"(7.0, 10.0]",NY,EXPANDING,-1,60,6,0,0,0,0
2025-02,"(7.0, 10.0]",NY,STABLE,-1,60,145,0,0,0,0
2025-02,"(7.0, 10.0]",NY-Asia,CONTRACTING,-1,60,37,0,0,0,0
2025-02,"(7.0, 10.0]",NY-Asia,EXPANDING,-1,60,33,0,0,0,0
2025-02,"(7.0, 10.0]",NY-Asia,STABLE,-1,60,82,0,0,0,0
2025-02,"(10.0, 14.0]",Asia,CONTRACTING,-1,60,22,1,0,1,0
2025-02,"(10.0, 14.0]",Asia,EXPANDING,-1,60,78,0,0,0,0
2025-02,"(10.0, 14.0]",Asia,STABLE,-1,60,37,0,0,0,0
2025-02,"(10.0, 14.0]",Asia,unclassified,-1,60,10,0,0,0,0
2025-02,"(10.0, 14.0]",Asia-London,EXPANDING,-1,60,11,0,0,0,0
2025-02,"(10.0, 14.0]",Asia-London,STABLE,-1,60,2,0,0,0,0
2025-02,"(10.0, 14.0]",London,CONTRACTING,-1,60,2,0,0,0,0
2025-02,"(10.0, 14.0]",London,EXPANDING,-1,60,62,1,1,0,0
2025-02,"(10.0, 14.0]",London,STABLE,-1,60,42,1,1,0,0
2025-02,"(10.0, 14.0]",London-NY,CONTRACTING,-1,60,5,0,0,0,0
2025-02,"(10.0, 14.0]",London-NY,EXPANDING,-1,60,88,0,0,0,0
2025-02,"(10.0, 14.0]",London-NY,STABLE,-1,60,40,0,0,0,0
2025-02,"(10.0, 14.0]",NY,CONTRACTING,-1,60,128,0,0,0,0
2025-02,"(10.0, 14.0]",NY,EXPANDING,-1,60,30,0,0,0,0
2025-02,"(10.0, 14.0]",NY,STABLE,-1,60,138,0,0,0,0
2025-02,"(10.0, 14.0]",NY-Asia,CONTRACTING,-1,60,2,0,0,0,0
2025-02,"(10.0, 14.0]",NY-Asia,EXPANDING,-1,60,11,0,0,0,0
2025-02,"(10.0, 14.0]",NY-Asia,STABLE,-1,60,8,0,0,0,0
2025-02,"(14.0, inf]",Asia,CONTRACTING,-1,60,5,0,0,0,0
2025-02,"(14.0, inf]",Asia,EXPANDING,-1,60,21,0,0,0,0
2025-02,"(14.0, inf]",Asia,STABLE,-1,60,8,0,0,0,0
2025-02,"(14.0, inf]",Asia,unclassified,-1,60,18,0,0,0,0
2025-02,"(14.0, inf]",London,EXPANDING,-1,60,6,1,1,0,0
2025-02,"(14.0, inf]",London-NY,EXPANDING,-1,60,83,0,0,0,0
2025-02,"(14.0, inf]",London-NY,STABLE,-1,60,12,0,0,0,0
2025-02,"(14.0, inf]",NY,CONTRACTING,-1,60,53,0,0,0,0
2025-02,"(14.0, inf]",NY,EXPANDING,-1,60,103,1,0,1,0
2025-02,"(14.0, inf]",NY,STABLE,-1,60,117,0,0,0,0
2025-02,unclassified,Asia,unclassified,-1,60,100,0,0,0,0
2025-03,"(0.0, 7.0]",Asia,CONTRACTING,1,15,373,32,11,21,0
2025-03,"(0.0, 7.0]",Asia,EXPANDING,1,15,355,39,21,18,0
2025-03,"(0.0, 7.0]",Asia,STABLE,1,15,642,46,14,32,0
2025-03,"(0.0, 7.0]",Asia,unclassified,1,15,203,23,8,15,0
2025-03,"(0.0, 7.0]",Asia-London,CONTRACTING,1,15,9,0,0,0,0
2025-03,"(0.0, 7.0]",Asia-London,EXPANDING,1,15,58,4,1,3,0
2025-03,"(0.0, 7.0]",Asia-London,STABLE,1,15,99,14,4,10,0
2025-03,"(0.0, 7.0]",London,CONTRACTING,1,15,134,21,9,12,0
2025-03,"(0.0, 7.0]",London,EXPANDING,1,15,48,4,2,2,0
2025-03,"(0.0, 7.0]",London,STABLE,1,15,567,54,26,28,0
2025-03,"(0.0, 7.0]",London-NY,CONTRACTING,1,15,5,1,1,0,0
2025-03,"(0.0, 7.0]",London-NY,EXPANDING,1,15,16,1,1,0,0
2025-03,"(0.0, 7.0]",London-NY,STABLE,1,15,42,3,0,3,0
2025-03,"(0.0, 7.0]",NY,CONTRACTING,1,15,97,11,7,4,0
2025-03,"(0.0, 7.0]",NY,STABLE,1,15,31,3,3,0,0
2025-03,"(0.0, 7.0]",NY-Asia,CONTRACTING,1,15,231,30,14,16,0
2025-03,"(0.0, 7.0]",NY-Asia,EXPANDING,1,15,7,1,0,1,0
2025-03,"(0.0, 7.0]",NY-Asia,STABLE,1,15,379,40,21,19,0
2025-03,"(7.0, 10.0]",Asia,CONTRACTING,1,15,52,8,1,7,0
2025-03,"(7.0, 10.0]",Asia,EXPANDING,1,15,106,13,8,5,0
2025-03,"(7.0, 10.0]",Asia,STABLE,1,15,64,4,2,2,0
2025-03,"(7.0, 10.0]",Asia,unclassified,1,15,24,3,2,1,0
2025-03,"(7.0, 10.0]",Asia-London,CONTRACTING,1,15,2,0,0,0,0
2025-03,"(7.0, 10.0]",Asia-London,EXPANDING,1,15,56,6,4,2,0
2025-03,"(7.0, 10.0]",Asia-London,STABLE,1,15,16,0,0,0,0
2025-03,"(7.0, 10.0]",London,CONTRACTING,1,15,32,1,0,1,0
2025-03,"(7.0, 10.0]",London,EXPANDING,1,15,124,15,4,11,0
2025-03,"(7.0, 10.0]",London,STABLE,1,15,219,16,6,10,0
2025-03,"(7.0, 10.0]",London-NY,CONTRACTING,1,15,14,1,1,0,0
2025-03,"(7.0, 10.0]",London-NY,EXPANDING,1,15,95,3,2,1,0
2025-03,"(7.0, 10.0]",London-NY,STABLE,1,15,57,2,2,0,0
2025-03,"(7.0, 10.0]",NY,CONTRACTING,1,15,155,13,6,7,0
2025-03,"(7.0, 10.0]",NY,EXPANDING,1,15,16,1,0,1,0
2025-03,"(7.0, 10.0]",NY,STABLE,1,15,142,11,4,7,0
2025-03,"(7.0, 10.0]",NY-Asia,CONTRACTING,1,15,40,4,1,3,0
2025-03,"(7.0, 10.0]",NY-Asia,EXPANDING,1,15,12,0,0,0,0
2025-03,"(7.0, 10.0]",NY-Asia,STABLE,1,15,86,8,4,4,0
2025-03,"(10.0, 14.0]",Asia,CONTRACTING,1,15,5,0,0,0,0
2025-03,"(10.0, 14.0]",Asia,EXPANDING,1,15,60,9,7,2,0
2025-03,"(10.0, 14.0]",Asia,STABLE,1,15,28,0,0,0,0
2025-03,"(10.0, 14.0]",Asia,unclassified,1,15,8,0,0,0,0
2025-03,"(10.0, 14.0]",Asia-London,EXPANDING,1,15,10,1,1,0,0
2025-03,"(10.0, 14.0]",Asia-London,STABLE,1,15,2,0,0,0,0
2025-03,"(10.0, 14.0]",London,CONTRACTING,1,15,4,2,2,0,0
2025-03,"(10.0, 14.0]",London,EXPANDING,1,15,41,4,3,1,0
2025-03,"(10.0, 14.0]",London,STABLE,1,15,78,6,2,4,0
2025-03,"(10.0, 14.0]",London-NY,EXPANDING,1,15,79,8,6,2,0
2025-03,"(10.0, 14.0]",London-NY,STABLE,1,15,28,2,2,0,0
2025-03,"(10.0, 14.0]",NY,CONTRACTING,1,15,111,19,9,10,0
2025-03,"(10.0, 14.0]",NY,EXPANDING,1,15,78,5,3,2,0
2025-03,"(10.0, 14.0]",NY,STABLE,1,15,185,20,8,12,0
2025-03,"(10.0, 14.0]",NY-Asia,CONTRACTING,1,15,6,0,0,0,0
2025-03,"(10.0, 14.0]",NY-Asia,EXPANDING,1,15,21,2,1,1,0
2025-03,"(10.0, 14.0]",NY-Asia,STABLE,1,15,23,4,0,4,0
2025-03,"(14.0, inf]",Asia,unclassified,1,15,7,1,1,0,0
2025-03,"(14.0, inf]",London,EXPANDING,1,15,11,0,0,0,0
2025-03,"(14.0, inf]",London,STABLE,1,15,2,0,0,0,0
2025-03,"(14.0, inf]",London-NY,EXPANDING,1,15,39,2,1,1,0
2025-03,"(14.0, inf]",London-NY,STABLE,1,15,3,0,0,0,0
2025-03,"(14.0, inf]",NY,CONTRACTING,1,15,8,0,0,0,0
2025-03,"(14.0, inf]",NY,EXPANDING,1,15,97,5,5,0,0
2025-03,"(14.0, inf]",NY,STABLE,1,15,88,4,1,3,0
2025-03,"(14.0, inf]",NY-Asia,EXPANDING,1,15,11,0,0,0,0
2025-03,"(14.0, inf]",NY-Asia,STABLE,1,15,3,1,0,1,0
2025-03,unclassified,Asia,unclassified,1,15,110,11,7,4,0
2025-03,"(0.0, 7.0]",Asia,CONTRACTING,1,30,371,6,0,6,0
2025-03,"(0.0, 7.0]",Asia,EXPANDING,1,30,355,8,5,3,0
2025-03,"(0.0, 7.0]",Asia,STABLE,1,30,641,10,3,7,0
2025-03,"(0.0, 7.0]",Asia,unclassified,1,30,203,11,4,7,0
2025-03,"(0.0, 7.0]",Asia-London,CONTRACTING,1,30,9,0,0,0,0
2025-03,"(0.0, 7.0]",Asia-London,EXPANDING,1,30,58,3,0,3,0
2025-03,"(0.0, 7.0]",Asia-London,STABLE,1,30,99,3,0,3,0
2025-03,"(0.0, 7.0]",London,CONTRACTING,1,30,134,0,0,0,0
2025-03,"(0.0, 7.0]",London,EXPANDING,1,30,48,0,0,0,0
2025-03,"(0.0, 7.0]",London,STABLE,1,30,567,7,6,1,0
2025-03,"(0.0, 7.0]",London-NY,CONTRACTING,1,30,5,0,0,0,0
2025-03,"(0.0, 7.0]",London-NY,EXPANDING,1,30,16,0,0,0,0
2025-03,"(0.0, 7.0]",London-NY,STABLE,1,30,42,1,0,1,0
2025-03,"(0.0, 7.0]",NY,CONTRACTING,1,30,97,5,0,5,0
2025-03,"(0.0, 7.0]",NY,STABLE,1,30,31,0,0,0,0
2025-03,"(0.0, 7.0]",NY-Asia,CONTRACTING,1,30,214,12,9,3,0
2025-03,"(0.0, 7.0]",NY-Asia,EXPANDING,1,30,7,0,0,0,0
2025-03,"(0.0, 7.0]",NY-Asia,STABLE,1,30,340,12,9,3,0
2025-03,"(7.0, 10.0]",Asia,CONTRACTING,1,30,52,1,0,1,0
2025-03,"(7.0, 10.0]",Asia,EXPANDING,1,30,106,2,0,2,0
2025-03,"(7.0, 10.0]",Asia,STABLE,1,30,64,0,0,0,0
2025-03,"(7.0, 10.0]",Asia,unclassified,1,30,24,1,1,0,0
2025-03,"(7.0, 10.0]",Asia-London,CONTRACTING,1,30,2,0,0,0,0
2025-03,"(7.0, 10.0]",Asia-London,EXPANDING,1,30,56,1,1,0,0
2025-03,"(7.0, 10.0]",Asia-London,STABLE,1,30,16,0,0,0,0
2025-03,"(7.0, 10.0]",London,CONTRACTING,1,30,32,0,0,0,0
2025-03,"(7.0, 10.0]",London,EXPANDING,1,30,124,2,1,1,0
2025-03,"(7.0, 10.0]",London,STABLE,1,30,219,3,0,3,0
2025-03,"(7.0, 10.0]",London-NY,CONTRACTING,1,30,14,0,0,0,0
2025-03,"(7.0, 10.0]",London-NY,EXPANDING,1,30,95,0,0,0,0
2025-03,"(7.0, 10.0]",London-NY,STABLE,1,30,57,0,0,0,0
2025-03,"(7.0, 10.0]",NY,CONTRACTING,1,30,155,0,0,0,0
2025-03,"(7.0, 10.0]",NY,EXPANDING,1,30,16,0,0,0,0
2025-03,"(7.0, 10.0]",NY,STABLE,1,30,142,1,1,0,0
2025-03,"(7.0, 10.0]",NY-Asia,CONTRACTING,1,30,36,0,0,0,0
2025-03,"(7.0, 10.0]",NY-Asia,EXPANDING,1,30,11,0,0,0,0
2025-03,"(7.0, 10.0]",NY-Asia,STABLE,1,30,84,3,2,1,0
2025-03,"(10.0, 14.0]",Asia,CONTRACTING,1,30,5,0,0,0,0
2025-03,"(10.0, 14.0]",Asia,EXPANDING,1,30,60,1,0,1,0
2025-03,"(10.0, 14.0]",Asia,STABLE,1,30,28,0,0,0,0
2025-03,"(10.0, 14.0]",Asia,unclassified,1,30,8,0,0,0,0
2025-03,"(10.0, 14.0]",Asia-London,EXPANDING,1,30,10,0,0,0,0
2025-03,"(10.0, 14.0]",Asia-London,STABLE,1,30,2,0,0,0,0
2025-03,"(10.0, 14.0]",London,CONTRACTING,1,30,4,0,0,0,0
2025-03,"(10.0, 14.0]",London,EXPANDING,1,30,41,0,0,0,0
2025-03,"(10.0, 14.0]",London,STABLE,1,30,78,0,0,0,0
2025-03,"(10.0, 14.0]",London-NY,EXPANDING,1,30,79,1,1,0,0
2025-03,"(10.0, 14.0]",London-NY,STABLE,1,30,28,0,0,0,0
2025-03,"(10.0, 14.0]",NY,CONTRACTING,1,30,111,5,2,3,0
2025-03,"(10.0, 14.0]",NY,EXPANDING,1,30,78,0,0,0,0
2025-03,"(10.0, 14.0]",NY,STABLE,1,30,185,1,1,0,0
2025-03,"(10.0, 14.0]",NY-Asia,CONTRACTING,1,30,6,0,0,0,0
2025-03,"(10.0, 14.0]",NY-Asia,EXPANDING,1,30,21,0,0,0,0
2025-03,"(10.0, 14.0]",NY-Asia,STABLE,1,30,23,1,0,1,0
2025-03,"(14.0, inf]",Asia,unclassified,1,30,7,1,1,0,0
2025-03,"(14.0, inf]",London,EXPANDING,1,30,11,0,0,0,0
2025-03,"(14.0, inf]",London,STABLE,1,30,2,0,0,0,0
2025-03,"(14.0, inf]",London-NY,EXPANDING,1,30,39,0,0,0,0
2025-03,"(14.0, inf]",London-NY,STABLE,1,30,3,0,0,0,0
2025-03,"(14.0, inf]",NY,CONTRACTING,1,30,8,0,0,0,0
2025-03,"(14.0, inf]",NY,EXPANDING,1,30,97,1,1,0,0
2025-03,"(14.0, inf]",NY,STABLE,1,30,88,0,0,0,0
2025-03,"(14.0, inf]",NY-Asia,EXPANDING,1,30,11,0,0,0,0
2025-03,"(14.0, inf]",NY-Asia,STABLE,1,30,3,0,0,0,0
2025-03,unclassified,Asia,unclassified,1,30,110,5,2,3,0
2025-03,"(0.0, 7.0]",Asia,CONTRACTING,1,60,369,0,0,0,0
2025-03,"(0.0, 7.0]",Asia,EXPANDING,1,60,355,0,0,0,0
2025-03,"(0.0, 7.0]",Asia,STABLE,1,60,641,1,1,0,0
2025-03,"(0.0, 7.0]",Asia,unclassified,1,60,199,0,0,0,0
2025-03,"(0.0, 7.0]",Asia-London,CONTRACTING,1,60,9,0,0,0,0
2025-03,"(0.0, 7.0]",Asia-London,EXPANDING,1,60,58,0,0,0,0
2025-03,"(0.0, 7.0]",Asia-London,STABLE,1,60,99,0,0,0,0
2025-03,"(0.0, 7.0]",London,CONTRACTING,1,60,134,0,0,0,0
2025-03,"(0.0, 7.0]",London,EXPANDING,1,60,48,0,0,0,0
2025-03,"(0.0, 7.0]",London,STABLE,1,60,567,0,0,0,0
2025-03,"(0.0, 7.0]",London-NY,CONTRACTING,1,60,5,0,0,0,0
2025-03,"(0.0, 7.0]",London-NY,EXPANDING,1,60,16,0,0,0,0
2025-03,"(0.0, 7.0]",London-NY,STABLE,1,60,42,0,0,0,0
2025-03,"(0.0, 7.0]",NY,CONTRACTING,1,60,97,0,0,0,0
2025-03,"(0.0, 7.0]",NY,STABLE,1,60,31,1,0,1,0
2025-03,"(0.0, 7.0]",NY-Asia,CONTRACTING,1,60,175,3,3,0,0
2025-03,"(0.0, 7.0]",NY-Asia,EXPANDING,1,60,1,0,0,0,0
2025-03,"(0.0, 7.0]",NY-Asia,STABLE,1,60,275,2,2,0,0
2025-03,"(7.0, 10.0]",Asia,CONTRACTING,1,60,52,0,0,0,0
2025-03,"(7.0, 10.0]",Asia,EXPANDING,1,60,106,0,0,0,0
2025-03,"(7.0, 10.0]",Asia,STABLE,1,60,64,0,0,0,0
2025-03,"(7.0, 10.0]",Asia,unclassified,1,60,24,1,1,0,0
2025-03,"(7.0, 10.0]",Asia-London,CONTRACTING,1,60,2,0,0,0,0
2025-03,"(7.0, 10.0]",Asia-London,EXPANDING,1,60,56,0,0,0,0
2025-03,"(7.0, 10.0]",Asia-London,STABLE,1,60,16,0,0,0,0
2025-03,"(7.0, 10.0]",London,CONTRACTING,1,60,32,0,0,0,0
2025-03,"(7.0, 10.0]",London,EXPANDING,1,60,124,0,0,0,0
2025-03,"(7.0, 10.0]",London,STABLE,1,60,219,0,0,0,0
2025-03,"(7.0, 10.0]",London-NY,CONTRACTING,1,60,14,0,0,0,0
2025-03,"(7.0, 10.0]",London-NY,EXPANDING,1,60,95,0,0,0,0
2025-03,"(7.0, 10.0]",London-NY,STABLE,1,60,57,0,0,0,0
2025-03,"(7.0, 10.0]",NY,CONTRACTING,1,60,155,0,0,0,0
2025-03,"(7.0, 10.0]",NY,EXPANDING,1,60,16,0,0,0,0
2025-03,"(7.0, 10.0]",NY,STABLE,1,60,142,0,0,0,0
2025-03,"(7.0, 10.0]",NY-Asia,CONTRACTING,1,60,31,0,0,0,0
2025-03,"(7.0, 10.0]",NY-Asia,EXPANDING,1,60,10,0,0,0,0
2025-03,"(7.0, 10.0]",NY-Asia,STABLE,1,60,78,3,3,0,0
2025-03,"(10.0, 14.0]",Asia,CONTRACTING,1,60,5,0,0,0,0
2025-03,"(10.0, 14.0]",Asia,EXPANDING,1,60,60,0,0,0,0
2025-03,"(10.0, 14.0]",Asia,STABLE,1,60,28,0,0,0,0
2025-03,"(10.0, 14.0]",Asia,unclassified,1,60,8,0,0,0,0
2025-03,"(10.0, 14.0]",Asia-London,EXPANDING,1,60,10,0,0,0,0
2025-03,"(10.0, 14.0]",Asia-London,STABLE,1,60,2,0,0,0,0
2025-03,"(10.0, 14.0]",London,CONTRACTING,1,60,4,0,0,0,0
2025-03,"(10.0, 14.0]",London,EXPANDING,1,60,41,0,0,0,0
2025-03,"(10.0, 14.0]",London,STABLE,1,60,78,0,0,0,0
2025-03,"(10.0, 14.0]",London-NY,EXPANDING,1,60,79,1,1,0,0
2025-03,"(10.0, 14.0]",London-NY,STABLE,1,60,28,0,0,0,0
2025-03,"(10.0, 14.0]",NY,CONTRACTING,1,60,111,0,0,0,0
2025-03,"(10.0, 14.0]",NY,EXPANDING,1,60,78,0,0,0,0
2025-03,"(10.0, 14.0]",NY,STABLE,1,60,185,0,0,0,0
2025-03,"(10.0, 14.0]",NY-Asia,CONTRACTING,1,60,6,0,0,0,0
2025-03,"(10.0, 14.0]",NY-Asia,EXPANDING,1,60,18,0,0,0,0
2025-03,"(10.0, 14.0]",NY-Asia,STABLE,1,60,22,0,0,0,0
2025-03,"(14.0, inf]",Asia,unclassified,1,60,7,1,1,0,0
2025-03,"(14.0, inf]",London,EXPANDING,1,60,11,0,0,0,0
2025-03,"(14.0, inf]",London,STABLE,1,60,2,0,0,0,0
2025-03,"(14.0, inf]",London-NY,EXPANDING,1,60,39,0,0,0,0
2025-03,"(14.0, inf]",London-NY,STABLE,1,60,3,0,0,0,0
2025-03,"(14.0, inf]",NY,CONTRACTING,1,60,8,0,0,0,0
2025-03,"(14.0, inf]",NY,EXPANDING,1,60,97,0,0,0,0
2025-03,"(14.0, inf]",NY,STABLE,1,60,88,0,0,0,0
2025-03,"(14.0, inf]",NY-Asia,EXPANDING,1,60,11,0,0,0,0
2025-03,"(14.0, inf]",NY-Asia,STABLE,1,60,3,0,0,0,0
2025-03,unclassified,Asia,unclassified,1,60,110,1,0,1,0
2025-03,"(0.0, 7.0]",Asia,CONTRACTING,-1,15,373,32,21,11,0
2025-03,"(0.0, 7.0]",Asia,EXPANDING,-1,15,355,39,18,21,0
2025-03,"(0.0, 7.0]",Asia,STABLE,-1,15,642,46,32,14,0
2025-03,"(0.0, 7.0]",Asia,unclassified,-1,15,203,23,15,8,0
2025-03,"(0.0, 7.0]",Asia-London,CONTRACTING,-1,15,9,0,0,0,0
2025-03,"(0.0, 7.0]",Asia-London,EXPANDING,-1,15,58,4,3,1,0
2025-03,"(0.0, 7.0]",Asia-London,STABLE,-1,15,99,14,10,4,0
2025-03,"(0.0, 7.0]",London,CONTRACTING,-1,15,134,21,12,9,0
2025-03,"(0.0, 7.0]",London,EXPANDING,-1,15,48,4,2,2,0
2025-03,"(0.0, 7.0]",London,STABLE,-1,15,567,54,28,26,0
2025-03,"(0.0, 7.0]",London-NY,CONTRACTING,-1,15,5,1,0,1,0
2025-03,"(0.0, 7.0]",London-NY,EXPANDING,-1,15,16,1,0,1,0
2025-03,"(0.0, 7.0]",London-NY,STABLE,-1,15,42,3,3,0,0
2025-03,"(0.0, 7.0]",NY,CONTRACTING,-1,15,97,11,4,7,0
2025-03,"(0.0, 7.0]",NY,STABLE,-1,15,31,3,0,3,0
2025-03,"(0.0, 7.0]",NY-Asia,CONTRACTING,-1,15,231,30,16,14,0
2025-03,"(0.0, 7.0]",NY-Asia,EXPANDING,-1,15,7,1,1,0,0
2025-03,"(0.0, 7.0]",NY-Asia,STABLE,-1,15,379,40,19,21,0
2025-03,"(7.0, 10.0]",Asia,CONTRACTING,-1,15,52,8,7,1,0
2025-03,"(7.0, 10.0]",Asia,EXPANDING,-1,15,106,13,5,8,0
2025-03,"(7.0, 10.0]",Asia,STABLE,-1,15,64,4,2,2,0
2025-03,"(7.0, 10.0]",Asia,unclassified,-1,15,24,3,1,2,0
2025-03,"(7.0, 10.0]",Asia-London,CONTRACTING,-1,15,2,0,0,0,0
2025-03,"(7.0, 10.0]",Asia-London,EXPANDING,-1,15,56,6,2,4,0
2025-03,"(7.0, 10.0]",Asia-London,STABLE,-1,15,16,0,0,0,0
2025-03,"(7.0, 10.0]",London,CONTRACTING,-1,15,32,1,1,0,0
2025-03,"(7.0, 10.0]",London,EXPANDING,-1,15,124,15,11,4,0
2025-03,"(7.0, 10.0]",London,STABLE,-1,15,219,16,10,6,0
2025-03,"(7.0, 10.0]",London-NY,CONTRACTING,-1,15,14,1,0,1,0
2025-03,"(7.0, 10.0]",London-NY,EXPANDING,-1,15,95,3,1,2,0
2025-03,"(7.0, 10.0]",London-NY,STABLE,-1,15,57,2,0,2,0
2025-03,"(7.0, 10.0]",NY,CONTRACTING,-1,15,155,13,7,6,0
2025-03,"(7.0, 10.0]",NY,EXPANDING,-1,15,16,1,1,0,0
2025-03,"(7.0, 10.0]",NY,STABLE,-1,15,142,11,7,4,0
2025-03,"(7.0, 10.0]",NY-Asia,CONTRACTING,-1,15,40,4,3,1,0
2025-03,"(7.0, 10.0]",NY-Asia,EXPANDING,-1,15,12,0,0,0,0
2025-03,"(7.0, 10.0]",NY-Asia,STABLE,-1,15,86,8,4,4,0
2025-03,"(10.0, 14.0]",Asia,CONTRACTING,-1,15,5,0,0,0,0
2025-03,"(10.0, 14.0]",Asia,EXPANDING,-1,15,60,9,2,7,0
2025-03,"(10.0, 14.0]",Asia,STABLE,-1,15,28,0,0,0,0
2025-03,"(10.0, 14.0]",Asia,unclassified,-1,15,8,0,0,0,0
2025-03,"(10.0, 14.0]",Asia-London,EXPANDING,-1,15,10,1,0,1,0
2025-03,"(10.0, 14.0]",Asia-London,STABLE,-1,15,2,0,0,0,0
2025-03,"(10.0, 14.0]",London,CONTRACTING,-1,15,4,2,0,2,0
2025-03,"(10.0, 14.0]",London,EXPANDING,-1,15,41,4,1,3,0
2025-03,"(10.0, 14.0]",London,STABLE,-1,15,78,6,4,2,0
2025-03,"(10.0, 14.0]",London-NY,EXPANDING,-1,15,79,8,2,6,0
2025-03,"(10.0, 14.0]",London-NY,STABLE,-1,15,28,2,0,2,0
2025-03,"(10.0, 14.0]",NY,CONTRACTING,-1,15,111,19,10,9,0
2025-03,"(10.0, 14.0]",NY,EXPANDING,-1,15,78,5,2,3,0
2025-03,"(10.0, 14.0]",NY,STABLE,-1,15,185,20,12,8,0
2025-03,"(10.0, 14.0]",NY-Asia,CONTRACTING,-1,15,6,0,0,0,0
2025-03,"(10.0, 14.0]",NY-Asia,EXPANDING,-1,15,21,2,1,1,0
2025-03,"(10.0, 14.0]",NY-Asia,STABLE,-1,15,23,4,4,0,0
2025-03,"(14.0, inf]",Asia,unclassified,-1,15,7,1,0,1,0
2025-03,"(14.0, inf]",London,EXPANDING,-1,15,11,0,0,0,0
2025-03,"(14.0, inf]",London,STABLE,-1,15,2,0,0,0,0
2025-03,"(14.0, inf]",London-NY,EXPANDING,-1,15,39,2,1,1,0
2025-03,"(14.0, inf]",London-NY,STABLE,-1,15,3,0,0,0,0
2025-03,"(14.0, inf]",NY,CONTRACTING,-1,15,8,0,0,0,0
2025-03,"(14.0, inf]",NY,EXPANDING,-1,15,97,5,0,5,0
2025-03,"(14.0, inf]",NY,STABLE,-1,15,88,4,3,1,0
2025-03,"(14.0, inf]",NY-Asia,EXPANDING,-1,15,11,0,0,0,0
2025-03,"(14.0, inf]",NY-Asia,STABLE,-1,15,3,1,1,0,0
2025-03,unclassified,Asia,unclassified,-1,15,110,11,4,7,0
2025-03,"(0.0, 7.0]",Asia,CONTRACTING,-1,30,371,6,6,0,0
2025-03,"(0.0, 7.0]",Asia,EXPANDING,-1,30,355,8,3,5,0
2025-03,"(0.0, 7.0]",Asia,STABLE,-1,30,641,10,7,3,0
2025-03,"(0.0, 7.0]",Asia,unclassified,-1,30,203,11,7,4,0
2025-03,"(0.0, 7.0]",Asia-London,CONTRACTING,-1,30,9,0,0,0,0
2025-03,"(0.0, 7.0]",Asia-London,EXPANDING,-1,30,58,3,3,0,0
2025-03,"(0.0, 7.0]",Asia-London,STABLE,-1,30,99,3,3,0,0
2025-03,"(0.0, 7.0]",London,CONTRACTING,-1,30,134,0,0,0,0
2025-03,"(0.0, 7.0]",London,EXPANDING,-1,30,48,0,0,0,0
2025-03,"(0.0, 7.0]",London,STABLE,-1,30,567,7,1,6,0
2025-03,"(0.0, 7.0]",London-NY,CONTRACTING,-1,30,5,0,0,0,0
2025-03,"(0.0, 7.0]",London-NY,EXPANDING,-1,30,16,0,0,0,0
2025-03,"(0.0, 7.0]",London-NY,STABLE,-1,30,42,1,1,0,0
2025-03,"(0.0, 7.0]",NY,CONTRACTING,-1,30,97,5,5,0,0
2025-03,"(0.0, 7.0]",NY,STABLE,-1,30,31,0,0,0,0
2025-03,"(0.0, 7.0]",NY-Asia,CONTRACTING,-1,30,214,12,3,9,0
2025-03,"(0.0, 7.0]",NY-Asia,EXPANDING,-1,30,7,0,0,0,0
2025-03,"(0.0, 7.0]",NY-Asia,STABLE,-1,30,340,12,3,9,0
2025-03,"(7.0, 10.0]",Asia,CONTRACTING,-1,30,52,1,1,0,0
2025-03,"(7.0, 10.0]",Asia,EXPANDING,-1,30,106,2,2,0,0
2025-03,"(7.0, 10.0]",Asia,STABLE,-1,30,64,0,0,0,0
2025-03,"(7.0, 10.0]",Asia,unclassified,-1,30,24,1,0,1,0
2025-03,"(7.0, 10.0]",Asia-London,CONTRACTING,-1,30,2,0,0,0,0
2025-03,"(7.0, 10.0]",Asia-London,EXPANDING,-1,30,56,1,0,1,0
2025-03,"(7.0, 10.0]",Asia-London,STABLE,-1,30,16,0,0,0,0
2025-03,"(7.0, 10.0]",London,CONTRACTING,-1,30,32,0,0,0,0
2025-03,"(7.0, 10.0]",London,EXPANDING,-1,30,124,2,1,1,0
2025-03,"(7.0, 10.0]",London,STABLE,-1,30,219,3,3,0,0
2025-03,"(7.0, 10.0]",London-NY,CONTRACTING,-1,30,14,0,0,0,0
2025-03,"(7.0, 10.0]",London-NY,EXPANDING,-1,30,95,0,0,0,0
2025-03,"(7.0, 10.0]",London-NY,STABLE,-1,30,57,0,0,0,0
2025-03,"(7.0, 10.0]",NY,CONTRACTING,-1,30,155,0,0,0,0
2025-03,"(7.0, 10.0]",NY,EXPANDING,-1,30,16,0,0,0,0
2025-03,"(7.0, 10.0]",NY,STABLE,-1,30,142,1,0,1,0
2025-03,"(7.0, 10.0]",NY-Asia,CONTRACTING,-1,30,36,0,0,0,0
2025-03,"(7.0, 10.0]",NY-Asia,EXPANDING,-1,30,11,0,0,0,0
2025-03,"(7.0, 10.0]",NY-Asia,STABLE,-1,30,84,3,1,2,0
2025-03,"(10.0, 14.0]",Asia,CONTRACTING,-1,30,5,0,0,0,0
2025-03,"(10.0, 14.0]",Asia,EXPANDING,-1,30,60,1,1,0,0
2025-03,"(10.0, 14.0]",Asia,STABLE,-1,30,28,0,0,0,0
2025-03,"(10.0, 14.0]",Asia,unclassified,-1,30,8,0,0,0,0
2025-03,"(10.0, 14.0]",Asia-London,EXPANDING,-1,30,10,0,0,0,0
2025-03,"(10.0, 14.0]",Asia-London,STABLE,-1,30,2,0,0,0,0
2025-03,"(10.0, 14.0]",London,CONTRACTING,-1,30,4,0,0,0,0
2025-03,"(10.0, 14.0]",London,EXPANDING,-1,30,41,0,0,0,0
2025-03,"(10.0, 14.0]",London,STABLE,-1,30,78,0,0,0,0
2025-03,"(10.0, 14.0]",London-NY,EXPANDING,-1,30,79,1,0,1,0
2025-03,"(10.0, 14.0]",London-NY,STABLE,-1,30,28,0,0,0,0
2025-03,"(10.0, 14.0]",NY,CONTRACTING,-1,30,111,5,3,2,0
2025-03,"(10.0, 14.0]",NY,EXPANDING,-1,30,78,0,0,0,0
2025-03,"(10.0, 14.0]",NY,STABLE,-1,30,185,1,0,1,0
2025-03,"(10.0, 14.0]",NY-Asia,CONTRACTING,-1,30,6,0,0,0,0
2025-03,"(10.0, 14.0]",NY-Asia,EXPANDING,-1,30,21,0,0,0,0
2025-03,"(10.0, 14.0]",NY-Asia,STABLE,-1,30,23,1,1,0,0
2025-03,"(14.0, inf]",Asia,unclassified,-1,30,7,1,0,1,0
2025-03,"(14.0, inf]",London,EXPANDING,-1,30,11,0,0,0,0
2025-03,"(14.0, inf]",London,STABLE,-1,30,2,0,0,0,0
2025-03,"(14.0, inf]",London-NY,EXPANDING,-1,30,39,0,0,0,0
2025-03,"(14.0, inf]",London-NY,STABLE,-1,30,3,0,0,0,0
2025-03,"(14.0, inf]",NY,CONTRACTING,-1,30,8,0,0,0,0
2025-03,"(14.0, inf]",NY,EXPANDING,-1,30,97,1,0,1,0
2025-03,"(14.0, inf]",NY,STABLE,-1,30,88,0,0,0,0
2025-03,"(14.0, inf]",NY-Asia,EXPANDING,-1,30,11,0,0,0,0
2025-03,"(14.0, inf]",NY-Asia,STABLE,-1,30,3,0,0,0,0
2025-03,unclassified,Asia,unclassified,-1,30,110,5,3,2,0
2025-03,"(0.0, 7.0]",Asia,CONTRACTING,-1,60,369,0,0,0,0
2025-03,"(0.0, 7.0]",Asia,EXPANDING,-1,60,355,0,0,0,0
2025-03,"(0.0, 7.0]",Asia,STABLE,-1,60,641,1,0,1,0
2025-03,"(0.0, 7.0]",Asia,unclassified,-1,60,199,0,0,0,0
2025-03,"(0.0, 7.0]",Asia-London,CONTRACTING,-1,60,9,0,0,0,0
2025-03,"(0.0, 7.0]",Asia-London,EXPANDING,-1,60,58,0,0,0,0
2025-03,"(0.0, 7.0]",Asia-London,STABLE,-1,60,99,0,0,0,0
2025-03,"(0.0, 7.0]",London,CONTRACTING,-1,60,134,0,0,0,0
2025-03,"(0.0, 7.0]",London,EXPANDING,-1,60,48,0,0,0,0
2025-03,"(0.0, 7.0]",London,STABLE,-1,60,567,0,0,0,0
2025-03,"(0.0, 7.0]",London-NY,CONTRACTING,-1,60,5,0,0,0,0
2025-03,"(0.0, 7.0]",London-NY,EXPANDING,-1,60,16,0,0,0,0
2025-03,"(0.0, 7.0]",London-NY,STABLE,-1,60,42,0,0,0,0
2025-03,"(0.0, 7.0]",NY,CONTRACTING,-1,60,97,0,0,0,0
2025-03,"(0.0, 7.0]",NY,STABLE,-1,60,31,1,1,0,0
2025-03,"(0.0, 7.0]",NY-Asia,CONTRACTING,-1,60,175,3,0,3,0
2025-03,"(0.0, 7.0]",NY-Asia,EXPANDING,-1,60,1,0,0,0,0
2025-03,"(0.0, 7.0]",NY-Asia,STABLE,-1,60,275,2,0,2,0
2025-03,"(7.0, 10.0]",Asia,CONTRACTING,-1,60,52,0,0,0,0
2025-03,"(7.0, 10.0]",Asia,EXPANDING,-1,60,106,0,0,0,0
2025-03,"(7.0, 10.0]",Asia,STABLE,-1,60,64,0,0,0,0
2025-03,"(7.0, 10.0]",Asia,unclassified,-1,60,24,1,0,1,0
2025-03,"(7.0, 10.0]",Asia-London,CONTRACTING,-1,60,2,0,0,0,0
2025-03,"(7.0, 10.0]",Asia-London,EXPANDING,-1,60,56,0,0,0,0
2025-03,"(7.0, 10.0]",Asia-London,STABLE,-1,60,16,0,0,0,0
2025-03,"(7.0, 10.0]",London,CONTRACTING,-1,60,32,0,0,0,0
2025-03,"(7.0, 10.0]",London,EXPANDING,-1,60,124,0,0,0,0
2025-03,"(7.0, 10.0]",London,STABLE,-1,60,219,0,0,0,0
2025-03,"(7.0, 10.0]",London-NY,CONTRACTING,-1,60,14,0,0,0,0
2025-03,"(7.0, 10.0]",London-NY,EXPANDING,-1,60,95,0,0,0,0
2025-03,"(7.0, 10.0]",London-NY,STABLE,-1,60,57,0,0,0,0
2025-03,"(7.0, 10.0]",NY,CONTRACTING,-1,60,155,0,0,0,0
2025-03,"(7.0, 10.0]",NY,EXPANDING,-1,60,16,0,0,0,0
2025-03,"(7.0, 10.0]",NY,STABLE,-1,60,142,0,0,0,0
2025-03,"(7.0, 10.0]",NY-Asia,CONTRACTING,-1,60,31,0,0,0,0
2025-03,"(7.0, 10.0]",NY-Asia,EXPANDING,-1,60,10,0,0,0,0
2025-03,"(7.0, 10.0]",NY-Asia,STABLE,-1,60,78,3,0,3,0
2025-03,"(10.0, 14.0]",Asia,CONTRACTING,-1,60,5,0,0,0,0
2025-03,"(10.0, 14.0]",Asia,EXPANDING,-1,60,60,0,0,0,0
2025-03,"(10.0, 14.0]",Asia,STABLE,-1,60,28,0,0,0,0
2025-03,"(10.0, 14.0]",Asia,unclassified,-1,60,8,0,0,0,0
2025-03,"(10.0, 14.0]",Asia-London,EXPANDING,-1,60,10,0,0,0,0
2025-03,"(10.0, 14.0]",Asia-London,STABLE,-1,60,2,0,0,0,0
2025-03,"(10.0, 14.0]",London,CONTRACTING,-1,60,4,0,0,0,0
2025-03,"(10.0, 14.0]",London,EXPANDING,-1,60,41,0,0,0,0
2025-03,"(10.0, 14.0]",London,STABLE,-1,60,78,0,0,0,0
2025-03,"(10.0, 14.0]",London-NY,EXPANDING,-1,60,79,1,0,1,0
2025-03,"(10.0, 14.0]",London-NY,STABLE,-1,60,28,0,0,0,0
2025-03,"(10.0, 14.0]",NY,CONTRACTING,-1,60,111,0,0,0,0
2025-03,"(10.0, 14.0]",NY,EXPANDING,-1,60,78,0,0,0,0
2025-03,"(10.0, 14.0]",NY,STABLE,-1,60,185,0,0,0,0
2025-03,"(10.0, 14.0]",NY-Asia,CONTRACTING,-1,60,6,0,0,0,0
2025-03,"(10.0, 14.0]",NY-Asia,EXPANDING,-1,60,18,0,0,0,0
2025-03,"(10.0, 14.0]",NY-Asia,STABLE,-1,60,22,0,0,0,0
2025-03,"(14.0, inf]",Asia,unclassified,-1,60,7,1,0,1,0
2025-03,"(14.0, inf]",London,EXPANDING,-1,60,11,0,0,0,0
2025-03,"(14.0, inf]",London,STABLE,-1,60,2,0,0,0,0
2025-03,"(14.0, inf]",London-NY,EXPANDING,-1,60,39,0,0,0,0
2025-03,"(14.0, inf]",London-NY,STABLE,-1,60,3,0,0,0,0
2025-03,"(14.0, inf]",NY,CONTRACTING,-1,60,8,0,0,0,0
2025-03,"(14.0, inf]",NY,EXPANDING,-1,60,97,0,0,0,0
2025-03,"(14.0, inf]",NY,STABLE,-1,60,88,0,0,0,0
2025-03,"(14.0, inf]",NY-Asia,EXPANDING,-1,60,11,0,0,0,0
2025-03,"(14.0, inf]",NY-Asia,STABLE,-1,60,3,0,0,0,0
2025-03,unclassified,Asia,unclassified,-1,60,110,1,1,0,0
2025-04,"(0.0, 7.0]",Asia,CONTRACTING,1,15,59,6,4,2,0
2025-04,"(0.0, 7.0]",Asia,EXPANDING,1,15,24,5,2,3,0
2025-04,"(0.0, 7.0]",Asia,STABLE,1,15,72,6,4,2,0
2025-04,"(0.0, 7.0]",Asia,unclassified,1,15,39,3,1,2,0
2025-04,"(0.0, 7.0]",Asia-London,CONTRACTING,1,15,1,0,0,0,0
2025-04,"(0.0, 7.0]",London,CONTRACTING,1,15,19,2,0,2,0
2025-04,"(0.0, 7.0]",London,STABLE,1,15,23,4,2,2,0
2025-04,"(0.0, 7.0]",London-NY,STABLE,1,15,2,0,0,0,0
2025-04,"(0.0, 7.0]",NY,CONTRACTING,1,15,13,0,0,0,0
2025-04,"(0.0, 7.0]",NY,STABLE,1,15,1,0,0,0,0
2025-04,"(0.0, 7.0]",NY-Asia,CONTRACTING,1,15,62,8,6,2,0
2025-04,"(0.0, 7.0]",NY-Asia,EXPANDING,1,15,13,0,0,0,0
2025-04,"(0.0, 7.0]",NY-Asia,STABLE,1,15,67,9,5,4,0
2025-04,"(7.0, 10.0]",Asia,CONTRACTING,1,15,147,18,13,5,0
2025-04,"(7.0, 10.0]",Asia,EXPANDING,1,15,76,7,4,3,0
2025-04,"(7.0, 10.0]",Asia,STABLE,1,15,182,13,9,4,0
2025-04,"(7.0, 10.0]",Asia,unclassified,1,15,51,4,0,4,0
2025-04,"(7.0, 10.0]",Asia-London,CONTRACTING,1,15,12,1,1,0,0
2025-04,"(7.0, 10.0]",Asia-London,EXPANDING,1,15,7,1,0,1,0
2025-04,"(7.0, 10.0]",Asia-London,STABLE,1,15,40,6,2,4,0
2025-04,"(7.0, 10.0]",London,CONTRACTING,1,15,97,15,5,10,0
2025-04,"(7.0, 10.0]",London,EXPANDING,1,15,52,6,3,3,0
2025-04,"(7.0, 10.0]",London,STABLE,1,15,175,19,9,10,0
2025-04,"(7.0, 10.0]",London-NY,CONTRACTING,1,15,9,0,0,0,0
2025-04,"(7.0, 10.0]",London-NY,EXPANDING,1,15,3,0,0,0,0
2025-04,"(7.0, 10.0]",London-NY,STABLE,1,15,32,3,1,2,0
2025-04,"(7.0, 10.0]",NY,CONTRACTING,1,15,41,5,1,4,0
2025-04,"(7.0, 10.0]",NY,EXPANDING,1,15,1,0,0,0,0
2025-04,"(7.0, 10.0]",NY,STABLE,1,15,15,1,1,0,0
2025-04,"(7.0, 10.0]",NY-Asia,CONTRACTING,1,15,95,8,4,4,0
2025-04,"(7.0, 10.0]",NY-Asia,EXPANDING,1,15,32,4,2,2,0
2025-04,"(7.0, 10.0]",NY-Asia,STABLE,1,15,164,22,6,16,0
2025-04,"(10.0, 14.0]",Asia,CONTRACTING,1,15,173,24,16,8,0
2025-04,"(10.0, 14.0]",Asia,EXPANDING,1,15,122,18,8,10,0
2025-04,"(10.0, 14.0]",Asia,STABLE,1,15,173,13,5,8,0
2025-04,"(10.0, 14.0]",Asia,unclassified,1,15,37,3,3,0,0
2025-04,"(10.0, 14.0]",Asia-London,CONTRACTING,1,15,1,0,0,0,0
2025-04,"(10.0, 14.0]",Asia-London,EXPANDING,1,15,41,3,1,2,0
2025-04,"(10.0, 14.0]",Asia-London,STABLE,1,15,48,7,5,2,0
2025-04,"(10.0, 14.0]",London,CONTRACTING,1,15,88,10,6,4,0
2025-04,"(10.0, 14.0]",London,EXPANDING,1,15,75,8,2,6,0
2025-04,"(10.0, 14.0]",London,STABLE,1,15,317,30,14,16,0
2025-04,"(10.0, 14.0]",London-NY,CONTRACTING,1,15,1,0,0,0,0
2025-04,"(10.0, 14.0]",London-NY,EXPANDING,1,15,35,2,1,1,0
2025-04,"(10.0, 14.0]",London-NY,STABLE,1,15,63,10,4,6,0
2025-04,"(10.0, 14.0]",NY,CONTRACTING,1,15,125,10,7,3,0
2025-04,"(10.0, 14.0]",NY,EXPANDING,1,15,12,2,2,0,0
2025-04,"(10.0, 14.0]",NY,STABLE,1,15,129,7,3,4,0
2025-04,"(10.0, 14.0]",NY-Asia,CONTRACTING,1,15,47,5,1,4,0
2025-04,"(10.0, 14.0]",NY-Asia,EXPANDING,1,15,32,5,2,3,0
2025-04,"(10.0, 14.0]",NY-Asia,STABLE,1,15,155,18,12,6,0
2025-04,"(14.0, inf]",Asia,CONTRACTING,1,15,134,12,6,6,0
2025-04,"(14.0, inf]",Asia,EXPANDING,1,15,251,28,14,14,0
2025-04,"(14.0, inf]",Asia,STABLE,1,15,248,18,7,11,0
2025-04,"(14.0, inf]",Asia,unclassified,1,15,115,12,5,7,0
2025-04,"(14.0, inf]",Asia-London,CONTRACTING,1,15,3,1,0,1,0
2025-04,"(14.0, inf]",Asia-London,EXPANDING,1,15,55,2,2,0,0
2025-04,"(14.0, inf]",Asia-London,STABLE,1,15,44,2,0,2,0
2025-04,"(14.0, inf]",London,CONTRACTING,1,15,53,2,1,1,0
2025-04,"(14.0, inf]",London,EXPANDING,1,15,143,20,5,15,0
2025-04,"(14.0, inf]",London,STABLE,1,15,218,9,8,1,0
2025-04,"(14.0, inf]",London-NY,CONTRACTING,1,15,6,0,0,0,0
2025-04,"(14.0, inf]",London-NY,EXPANDING,1,15,142,19,7,12,0
2025-04,"(14.0, inf]",London-NY,STABLE,1,15,85,9,3,6,0
2025-04,"(14.0, inf]",NY,CONTRACTING,1,15,170,17,11,6,0
2025-04,"(14.0, inf]",NY,EXPANDING,1,15,231,15,6,9,0
2025-04,"(14.0, inf]",NY,STABLE,1,15,270,33,20,13,0
2025-04,"(14.0, inf]",NY-Asia,CONTRACTING,1,15,45,3,2,1,0
2025-04,"(14.0, inf]",NY-Asia,EXPANDING,1,15,41,5,1,4,0
2025-04,"(14.0, inf]",NY-Asia,STABLE,1,15,66,8,4,4,0
2025-04,unclassified,Asia,unclassified,1,15,110,13,3,10,0
2025-04,"(0.0, 7.0]",Asia,CONTRACTING,1,30,59,1,1,0,0
2025-04,"(0.0, 7.0]",Asia,EXPANDING,1,30,24,1,0,1,0
2025-04,"(0.0, 7.0]",Asia,STABLE,1,30,72,1,1,0,0
2025-04,"(0.0, 7.0]",Asia,unclassified,1,30,39,0,0,0,0
2025-04,"(0.0, 7.0]",Asia-London,CONTRACTING,1,30,1,0,0,0,0
2025-04,"(0.0, 7.0]",London,CONTRACTING,1,30,19,0,0,0,0
2025-04,"(0.0, 7.0]",London,STABLE,1,30,23,0,0,0,0
2025-04,"(0.0, 7.0]",London-NY,STABLE,1,30,2,0,0,0,0
2025-04,"(0.0, 7.0]",NY,CONTRACTING,1,30,13,0,0,0,0
2025-04,"(0.0, 7.0]",NY,STABLE,1,30,1,0,0,0,0
2025-04,"(0.0, 7.0]",NY-Asia,CONTRACTING,1,30,58,1,1,0,0
2025-04,"(0.0, 7.0]",NY-Asia,EXPANDING,1,30,10,0,0,0,0
2025-04,"(0.0, 7.0]",NY-Asia,STABLE,1,30,56,0,0,0,0
2025-04,"(7.0, 10.0]",Asia,CONTRACTING,1,30,147,3,2,1,0
2025-04,"(7.0, 10.0]",Asia,EXPANDING,1,30,76,0,0,0,0
2025-04,"(7.0, 10.0]",Asia,STABLE,1,30,182,1,1,0,0
2025-04,"(7.0, 10.0]",Asia,unclassified,1,30,51,0,0,0,0
2025-04,"(7.0, 10.0]",Asia-London,CONTRACTING,1,30,12,0,0,0,0
2025-04,"(7.0, 10.0]",Asia-London,EXPANDING,1,30,7,0,0,0,0
2025-04,"(7.0, 10.0]",Asia-London,STABLE,1,30,40,1,0,1,0
2025-04,"(7.0, 10.0]",London,CONTRACTING,1,30,97,4,2,2,0
2025-04,"(7.0, 10.0]",London,EXPANDING,1,30,52,3,3,0,0
2025-04,"(7.0, 10.0]",London,STABLE,1,30,175,3,2,1,0
2025-04,"(7.0, 10.0]",London-NY,CONTRACTING,1,30,9,0,0,0,0
2025-04,"(7.0, 10.0]",London-NY,EXPANDING,1,30,3,0,0,0,0
2025-04,"(7.0, 10.0]",London-NY,STABLE,1,30,32,0,0,0,0
2025-04,"(7.0, 10.0]",NY,CONTRACTING,1,30,41,0,0,0,0
2025-04,"(7.0, 10.0]",NY,EXPANDING,1,30,1,0,0,0,0
2025-04,"(7.0, 10.0]",NY,STABLE,1,30,15,0,0,0,0
2025-04,"(7.0, 10.0]",NY-Asia,CONTRACTING,1,30,95,1,1,0,0
2025-04,"(7.0, 10.0]",NY-Asia,EXPANDING,1,30,29,0,0,0,0
2025-04,"(7.0, 10.0]",NY-Asia,STABLE,1,30,151,10,1,9,0
2025-04,"(10.0, 14.0]",Asia,CONTRACTING,1,30,173,7,6,1,0
2025-04,"(10.0, 14.0]",Asia,EXPANDING,1,30,122,1,1,0,0
2025-04,"(10.0, 14.0]",Asia,STABLE,1,30,173,1,1,0,0
2025-04,"(10.0, 14.0]",Asia,unclassified,1,30,37,1,1,0,0
2025-04,"(10.0, 14.0]",Asia-London,CONTRACTING,1,30,1,0,0,0,0
2025-04,"(10.0, 14.0]",Asia-London,EXPANDING,1,30,41,0,0,0,0
2025-04,"(10.0, 14.0]",Asia-London,STABLE,1,30,48,0,0,0,0
2025-04,"(10.0, 14.0]",London,CONTRACTING,1,30,88,0,0,0,0
2025-04,"(10.0, 14.0]",London,EXPANDING,1,30,75,3,0,3,0
2025-04,"(10.0, 14.0]",London,STABLE,1,30,317,11,4,7,0
2025-04,"(10.0, 14.0]",London-NY,CONTRACTING,1,30,1,0,0,0,0
2025-04,"(10.0, 14.0]",London-NY,EXPANDING,1,30,35,0,0,0,0
2025-04,"(10.0, 14.0]",London-NY,STABLE,1,30,63,1,1,0,0
2025-04,"(10.0, 14.0]",NY,CONTRACTING,1,30,125,1,1,0,0
2025-04,"(10.0, 14.0]",NY,EXPANDING,1,30,12,1,1,0,0
2025-04,"(10.0, 14.0]",NY,STABLE,1,30,129,1,0,1,0
2025-04,"(10.0, 14.0]",NY-Asia,CONTRACTING,1,30,43,0,0,0,0
2025-04,"(10.0, 14.0]",NY-Asia,EXPANDING,1,30,28,0,0,0,0
2025-04,"(10.0, 14.0]",NY-Asia,STABLE,1,30,140,3,3,0,0
2025-04,"(14.0, inf]",Asia,CONTRACTING,1,30,132,2,1,1,0
2025-04,"(14.0, inf]",Asia,EXPANDING,1,30,251,4,1,3,0
2025-04,"(14.0, inf]",Asia,STABLE,1,30,247,4,3,1,0
2025-04,"(14.0, inf]",Asia,unclassified,1,30,115,3,2,1,0
2025-04,"(14.0, inf]",Asia-London,CONTRACTING,1,30,3,0,0,0,0
2025-04,"(14.0, inf]",Asia-London,EXPANDING,1,30,55,0,0,0,0
2025-04,"(14.0, inf]",Asia-London,STABLE,1,30,44,0,0,0,0
2025-04,"(14.0, inf]",London,CONTRACTING,1,30,53,0,0,0,0
2025-04,"(14.0, inf]",London,EXPANDING,1,30,143,3,0,3,0
2025-04,"(14.0, inf]",London,STABLE,1,30,218,1,0,1,0
2025-04,"(14.0, inf]",London-NY,CONTRACTING,1,30,6,0,0,0,0
2025-04,"(14.0, inf]",London-NY,EXPANDING,1,30,142,2,0,2,0
2025-04,"(14.0, inf]",London-NY,STABLE,1,30,85,0,0,0,0
2025-04,"(14.0, inf]",NY,CONTRACTING,1,30,170,1,0,1,0
2025-04,"(14.0, inf]",NY,EXPANDING,1,30,231,0,0,0,0
2025-04,"(14.0, inf]",NY,STABLE,1,30,270,2,2,0,0
2025-04,"(14.0, inf]",NY-Asia,CONTRACTING,1,30,44,1,1,0,0
2025-04,"(14.0, inf]",NY-Asia,EXPANDING,1,30,38,2,0,2,0
2025-04,"(14.0, inf]",NY-Asia,STABLE,1,30,64,2,2,0,0
2025-04,unclassified,Asia,unclassified,1,30,110,0,0,0,0
2025-04,"(0.0, 7.0]",Asia,CONTRACTING,1,60,59,0,0,0,0
2025-04,"(0.0, 7.0]",Asia,EXPANDING,1,60,24,0,0,0,0
2025-04,"(0.0, 7.0]",Asia,STABLE,1,60,72,0,0,0,0
2025-04,"(0.0, 7.0]",Asia,unclassified,1,60,39,0,0,0,0
2025-04,"(0.0, 7.0]",Asia-London,CONTRACTING,1,60,1,0,0,0,0
2025-04,"(0.0, 7.0]",London,CONTRACTING,1,60,19,0,0,0,0
2025-04,"(0.0, 7.0]",London,STABLE,1,60,23,0,0,0,0
2025-04,"(0.0, 7.0]",London-NY,STABLE,1,60,2,0,0,0,0
2025-04,"(0.0, 7.0]",NY,CONTRACTING,1,60,13,0,0,0,0
2025-04,"(0.0, 7.0]",NY,STABLE,1,60,1,0,0,0,0
2025-04,"(0.0, 7.0]",NY-Asia,CONTRACTING,1,60,43,0,0,0,0
2025-04,"(0.0, 7.0]",NY-Asia,EXPANDING,1,60,4,0,0,0,0
2025-04,"(0.0, 7.0]",NY-Asia,STABLE,1,60,53,0,0,0,0
2025-04,"(7.0, 10.0]",Asia,CONTRACTING,1,60,147,0,0,0,0
2025-04,"(7.0, 10.0]",Asia,EXPANDING,1,60,76,0,0,0,0
2025-04,"(7.0, 10.0]",Asia,STABLE,1,60,182,0,0,0,0
2025-04,"(7.0, 10.0]",Asia,unclassified,1,60,51,0,0,0,0
2025-04,"(7.0, 10.0]",Asia-London,CONTRACTING,1,60,12,0,0,0,0
2025-04,"(7.0, 10.0]",Asia-London,EXPANDING,1,60,7,0,0,0,0
2025-04,"(7.0, 10.0]",Asia-London,STABLE,1,60,40,0,0,0,0
2025-04,"(7.0, 10.0]",London,CONTRACTING,1,60,97,1,0,1,0
2025-04,"(7.0, 10.0]",London,EXPANDING,1,60,52,0,0,0,0
2025-04,"(7.0, 10.0]",London,STABLE,1,60,175,0,0,0,0
2025-04,"(7.0, 10.0]",London-NY,CONTRACTING,1,60,9,0,0,0,0
2025-04,"(7.0, 10.0]",London-NY,EXPANDING,1,60,3,0,0,0,0
2025-04,"(7.0, 10.0]",London-NY,STABLE,1,60,32,0,0,0,0
2025-04,"(7.0, 10.0]",NY,CONTRACTING,1,60,41,0,0,0,0
2025-04,"(7.0, 10.0]",NY,EXPANDING,1,60,1,0,0,0,0
2025-04,"(7.0, 10.0]",NY,STABLE,1,60,15,0,0,0,0
2025-04,"(7.0, 10.0]",NY-Asia,CONTRACTING,1,60,91,0,0,0,0
2025-04,"(7.0, 10.0]",NY-Asia,EXPANDING,1,60,13,0,0,0,0
2025-04,"(7.0, 10.0]",NY-Asia,STABLE,1,60,125,0,0,0,0
2025-04,"(10.0, 14.0]",Asia,CONTRACTING,1,60,173,3,3,0,0
2025-04,"(10.0, 14.0]",Asia,EXPANDING,1,60,122,1,1,0,0
2025-04,"(10.0, 14.0]",Asia,STABLE,1,60,173,0,0,0,0
2025-04,"(10.0, 14.0]",Asia,unclassified,1,60,37,0,0,0,0
2025-04,"(10.0, 14.0]",Asia-London,CONTRACTING,1,60,1,0,0,0,0
2025-04,"(10.0, 14.0]",Asia-London,EXPANDING,1,60,41,0,0,0,0
2025-04,"(10.0, 14.0]",Asia-London,STABLE,1,60,48,0,0,0,0
2025-04,"(10.0, 14.0]",London,CONTRACTING,1,60,88,1,0,1,0
2025-04,"(10.0, 14.0]",London,EXPANDING,1,60,75,0,0,0,0
2025-04,"(10.0, 14.0]",London,STABLE,1,60,317,1,0,1,0
2025-04,"(10.0, 14.0]",London-NY,CONTRACTING,1,60,1,0,0,0,0
2025-04,"(10.0, 14.0]",London-NY,EXPANDING,1,60,35,0,0,0,0
2025-04,"(10.0, 14.0]",London-NY,STABLE,1,60,63,0,0,0,0
2025-04,"(10.0, 14.0]",NY,CONTRACTING,1,60,125,0,0,0,0
2025-04,"(10.0, 14.0]",NY,EXPANDING,1,60,12,0,0,0,0
2025-04,"(10.0, 14.0]",NY,STABLE,1,60,129,0,0,0,0
2025-04,"(10.0, 14.0]",NY-Asia,CONTRACTING,1,60,43,0,0,0,0
2025-04,"(10.0, 14.0]",NY-Asia,EXPANDING,1,60,16,0,0,0,0
2025-04,"(10.0, 14.0]",NY-Asia,STABLE,1,60,114,0,0,0,0
2025-04,"(14.0, inf]",Asia,CONTRACTING,1,60,132,1,1,0,0
2025-04,"(14.0, inf]",Asia,EXPANDING,1,60,251,0,0,0,0
2025-04,"(14.0, inf]",Asia,STABLE,1,60,245,0,0,0,0
2025-04,"(14.0, inf]",Asia,unclassified,1,60,111,0,0,0,0
2025-04,"(14.0, inf]",Asia-London,CONTRACTING,1,60,3,0,0,0,0
2025-04,"(14.0, inf]",Asia-London,EXPANDING,1,60,55,0,0,0,0
2025-04,"(14.0, inf]",Asia-London,STABLE,1,60,44,0,0,0,0
2025-04,"(14.0, inf]",London,CONTRACTING,1,60,53,0,0,0,0
2025-04,"(14.0, inf]",London,EXPANDING,1,60,143,0,0,0,0
2025-04,"(14.0, inf]",London,STABLE,1,60,218,0,0,0,0
2025-04,"(14.0, inf]",London-NY,CONTRACTING,1,60,6,0,0,0,0
2025-04,"(14.0, inf]",London-NY,EXPANDING,1,60,142,0,0,0,0
2025-04,"(14.0, inf]",London-NY,STABLE,1,60,85,0,0,0,0
2025-04,"(14.0, inf]",NY,CONTRACTING,1,60,170,0,0,0,0
2025-04,"(14.0, inf]",NY,EXPANDING,1,60,231,0,0,0,0
2025-04,"(14.0, inf]",NY,STABLE,1,60,270,1,1,0,0
2025-04,"(14.0, inf]",NY-Asia,CONTRACTING,1,60,44,0,0,0,0
2025-04,"(14.0, inf]",NY-Asia,EXPANDING,1,60,32,1,0,1,0
2025-04,"(14.0, inf]",NY-Asia,STABLE,1,60,52,0,0,0,0
2025-04,unclassified,Asia,unclassified,1,60,110,0,0,0,0
2025-04,"(0.0, 7.0]",Asia,CONTRACTING,-1,15,59,6,2,4,0
2025-04,"(0.0, 7.0]",Asia,EXPANDING,-1,15,24,5,3,2,0
2025-04,"(0.0, 7.0]",Asia,STABLE,-1,15,72,6,2,4,0
2025-04,"(0.0, 7.0]",Asia,unclassified,-1,15,39,3,2,1,0
2025-04,"(0.0, 7.0]",Asia-London,CONTRACTING,-1,15,1,0,0,0,0
2025-04,"(0.0, 7.0]",London,CONTRACTING,-1,15,19,2,2,0,0
2025-04,"(0.0, 7.0]",London,STABLE,-1,15,23,4,2,2,0
2025-04,"(0.0, 7.0]",London-NY,STABLE,-1,15,2,0,0,0,0
2025-04,"(0.0, 7.0]",NY,CONTRACTING,-1,15,13,0,0,0,0
2025-04,"(0.0, 7.0]",NY,STABLE,-1,15,1,0,0,0,0
2025-04,"(0.0, 7.0]",NY-Asia,CONTRACTING,-1,15,62,8,2,6,0
2025-04,"(0.0, 7.0]",NY-Asia,EXPANDING,-1,15,13,0,0,0,0
2025-04,"(0.0, 7.0]",NY-Asia,STABLE,-1,15,67,9,4,5,0
2025-04,"(7.0, 10.0]",Asia,CONTRACTING,-1,15,147,18,5,13,0
2025-04,"(7.0, 10.0]",Asia,EXPANDING,-1,15,76,7,3,4,0
2025-04,"(7.0, 10.0]",Asia,STABLE,-1,15,182,13,4,9,0
2025-04,"(7.0, 10.0]",Asia,unclassified,-1,15,51,4,4,0,0
2025-04,"(7.0, 10.0]",Asia-London,CONTRACTING,-1,15,12,1,0,1,0
2025-04,"(7.0, 10.0]",Asia-London,EXPANDING,-1,15,7,1,1,0,0
2025-04,"(7.0, 10.0]",Asia-London,STABLE,-1,15,40,6,4,2,0
2025-04,"(7.0, 10.0]",London,CONTRACTING,-1,15,97,15,10,5,0
2025-04,"(7.0, 10.0]",London,EXPANDING,-1,15,52,6,3,3,0
2025-04,"(7.0, 10.0]",London,STABLE,-1,15,175,19,10,9,0
2025-04,"(7.0, 10.0]",London-NY,CONTRACTING,-1,15,9,0,0,0,0
2025-04,"(7.0, 10.0]",London-NY,EXPANDING,-1,15,3,0,0,0,0
2025-04,"(7.0, 10.0]",London-NY,STABLE,-1,15,32,3,2,1,0
2025-04,"(7.0, 10.0]",NY,CONTRACTING,-1,15,41,5,4,1,0
2025-04,"(7.0, 10.0]",NY,EXPANDING,-1,15,1,0,0,0,0
2025-04,"(7.0, 10.0]",NY,STABLE,-1,15,15,1,0,1,0
2025-04,"(7.0, 10.0]",NY-Asia,CONTRACTING,-1,15,95,8,4,4,0
2025-04,"(7.0, 10.0]",NY-Asia,EXPANDING,-1,15,32,4,2,2,0
2025-04,"(7.0, 10.0]",NY-Asia,STABLE,-1,15,164,22,16,6,0
2025-04,"(10.0, 14.0]",Asia,CONTRACTING,-1,15,173,24,8,16,0
2025-04,"(10.0, 14.0]",Asia,EXPANDING,-1,15,122,18,10,8,0
2025-04,"(10.0, 14.0]",Asia,STABLE,-1,15,173,13,8,5,0
2025-04,"(10.0, 14.0]",Asia,unclassified,-1,15,37,3,0,3,0
2025-04,"(10.0, 14.0]",Asia-London,CONTRACTING,-1,15,1,0,0,0,0
2025-04,"(10.0, 14.0]",Asia-London,EXPANDING,-1,15,41,3,2,1,0
2025-04,"(10.0, 14.0]",Asia-London,STABLE,-1,15,48,7,2,5,0
2025-04,"(10.0, 14.0]",London,CONTRACTING,-1,15,88,10,4,6,0
2025-04,"(10.0, 14.0]",London,EXPANDING,-1,15,75,8,6,2,0
2025-04,"(10.0, 14.0]",London,STABLE,-1,15,317,30,16,14,0
2025-04,"(10.0, 14.0]",London-NY,CONTRACTING,-1,15,1,0,0,0,0
2025-04,"(10.0, 14.0]",London-NY,EXPANDING,-1,15,35,2,1,1,0
2025-04,"(10.0, 14.0]",London-NY,STABLE,-1,15,63,10,6,4,0
2025-04,"(10.0, 14.0]",NY,CONTRACTING,-1,15,125,10,3,7,0
2025-04,"(10.0, 14.0]",NY,EXPANDING,-1,15,12,2,0,2,0
2025-04,"(10.0, 14.0]",NY,STABLE,-1,15,129,7,4,3,0
2025-04,"(10.0, 14.0]",NY-Asia,CONTRACTING,-1,15,47,5,4,1,0
2025-04,"(10.0, 14.0]",NY-Asia,EXPANDING,-1,15,32,5,3,2,0
2025-04,"(10.0, 14.0]",NY-Asia,STABLE,-1,15,155,18,6,12,0
2025-04,"(14.0, inf]",Asia,CONTRACTING,-1,15,134,12,6,6,0
2025-04,"(14.0, inf]",Asia,EXPANDING,-1,15,251,28,14,14,0
2025-04,"(14.0, inf]",Asia,STABLE,-1,15,248,18,11,7,0
2025-04,"(14.0, inf]",Asia,unclassified,-1,15,115,12,7,5,0
2025-04,"(14.0, inf]",Asia-London,CONTRACTING,-1,15,3,1,1,0,0
2025-04,"(14.0, inf]",Asia-London,EXPANDING,-1,15,55,2,0,2,0
2025-04,"(14.0, inf]",Asia-London,STABLE,-1,15,44,2,2,0,0
2025-04,"(14.0, inf]",London,CONTRACTING,-1,15,53,2,1,1,0
2025-04,"(14.0, inf]",London,EXPANDING,-1,15,143,20,15,5,0
2025-04,"(14.0, inf]",London,STABLE,-1,15,218,9,1,8,0
2025-04,"(14.0, inf]",London-NY,CONTRACTING,-1,15,6,0,0,0,0
2025-04,"(14.0, inf]",London-NY,EXPANDING,-1,15,142,19,12,7,0
2025-04,"(14.0, inf]",London-NY,STABLE,-1,15,85,9,6,3,0
2025-04,"(14.0, inf]",NY,CONTRACTING,-1,15,170,17,6,11,0
2025-04,"(14.0, inf]",NY,EXPANDING,-1,15,231,15,9,6,0
2025-04,"(14.0, inf]",NY,STABLE,-1,15,270,33,13,20,0
2025-04,"(14.0, inf]",NY-Asia,CONTRACTING,-1,15,45,3,1,2,0
2025-04,"(14.0, inf]",NY-Asia,EXPANDING,-1,15,41,5,4,1,0
2025-04,"(14.0, inf]",NY-Asia,STABLE,-1,15,66,8,4,4,0
2025-04,unclassified,Asia,unclassified,-1,15,110,13,10,3,0
2025-04,"(0.0, 7.0]",Asia,CONTRACTING,-1,30,59,1,0,1,0
2025-04,"(0.0, 7.0]",Asia,EXPANDING,-1,30,24,1,1,0,0
2025-04,"(0.0, 7.0]",Asia,STABLE,-1,30,72,1,0,1,0
2025-04,"(0.0, 7.0]",Asia,unclassified,-1,30,39,0,0,0,0
2025-04,"(0.0, 7.0]",Asia-London,CONTRACTING,-1,30,1,0,0,0,0
2025-04,"(0.0, 7.0]",London,CONTRACTING,-1,30,19,0,0,0,0
2025-04,"(0.0, 7.0]",London,STABLE,-1,30,23,0,0,0,0
2025-04,"(0.0, 7.0]",London-NY,STABLE,-1,30,2,0,0,0,0
2025-04,"(0.0, 7.0]",NY,CONTRACTING,-1,30,13,0,0,0,0
2025-04,"(0.0, 7.0]",NY,STABLE,-1,30,1,0,0,0,0
2025-04,"(0.0, 7.0]",NY-Asia,CONTRACTING,-1,30,58,1,0,1,0
2025-04,"(0.0, 7.0]",NY-Asia,EXPANDING,-1,30,10,0,0,0,0
2025-04,"(0.0, 7.0]",NY-Asia,STABLE,-1,30,56,0,0,0,0
2025-04,"(7.0, 10.0]",Asia,CONTRACTING,-1,30,147,3,1,2,0
2025-04,"(7.0, 10.0]",Asia,EXPANDING,-1,30,76,0,0,0,0
2025-04,"(7.0, 10.0]",Asia,STABLE,-1,30,182,1,0,1,0
2025-04,"(7.0, 10.0]",Asia,unclassified,-1,30,51,0,0,0,0
2025-04,"(7.0, 10.0]",Asia-London,CONTRACTING,-1,30,12,0,0,0,0
2025-04,"(7.0, 10.0]",Asia-London,EXPANDING,-1,30,7,0,0,0,0
2025-04,"(7.0, 10.0]",Asia-London,STABLE,-1,30,40,1,1,0,0
2025-04,"(7.0, 10.0]",London,CONTRACTING,-1,30,97,4,2,2,0
2025-04,"(7.0, 10.0]",London,EXPANDING,-1,30,52,3,0,3,0
2025-04,"(7.0, 10.0]",London,STABLE,-1,30,175,3,1,2,0
2025-04,"(7.0, 10.0]",London-NY,CONTRACTING,-1,30,9,0,0,0,0
2025-04,"(7.0, 10.0]",London-NY,EXPANDING,-1,30,3,0,0,0,0
2025-04,"(7.0, 10.0]",London-NY,STABLE,-1,30,32,0,0,0,0
2025-04,"(7.0, 10.0]",NY,CONTRACTING,-1,30,41,0,0,0,0
2025-04,"(7.0, 10.0]",NY,EXPANDING,-1,30,1,0,0,0,0
2025-04,"(7.0, 10.0]",NY,STABLE,-1,30,15,0,0,0,0
2025-04,"(7.0, 10.0]",NY-Asia,CONTRACTING,-1,30,95,1,0,1,0
2025-04,"(7.0, 10.0]",NY-Asia,EXPANDING,-1,30,29,0,0,0,0
2025-04,"(7.0, 10.0]",NY-Asia,STABLE,-1,30,151,10,9,1,0
2025-04,"(10.0, 14.0]",Asia,CONTRACTING,-1,30,173,7,1,6,0
2025-04,"(10.0, 14.0]",Asia,EXPANDING,-1,30,122,1,0,1,0
2025-04,"(10.0, 14.0]",Asia,STABLE,-1,30,173,1,0,1,0
2025-04,"(10.0, 14.0]",Asia,unclassified,-1,30,37,1,0,1,0
2025-04,"(10.0, 14.0]",Asia-London,CONTRACTING,-1,30,1,0,0,0,0
2025-04,"(10.0, 14.0]",Asia-London,EXPANDING,-1,30,41,0,0,0,0
2025-04,"(10.0, 14.0]",Asia-London,STABLE,-1,30,48,0,0,0,0
2025-04,"(10.0, 14.0]",London,CONTRACTING,-1,30,88,0,0,0,0
2025-04,"(10.0, 14.0]",London,EXPANDING,-1,30,75,3,3,0,0
2025-04,"(10.0, 14.0]",London,STABLE,-1,30,317,11,7,4,0
2025-04,"(10.0, 14.0]",London-NY,CONTRACTING,-1,30,1,0,0,0,0
2025-04,"(10.0, 14.0]",London-NY,EXPANDING,-1,30,35,0,0,0,0
2025-04,"(10.0, 14.0]",London-NY,STABLE,-1,30,63,1,0,1,0
2025-04,"(10.0, 14.0]",NY,CONTRACTING,-1,30,125,1,0,1,0
2025-04,"(10.0, 14.0]",NY,EXPANDING,-1,30,12,1,0,1,0
2025-04,"(10.0, 14.0]",NY,STABLE,-1,30,129,1,1,0,0
2025-04,"(10.0, 14.0]",NY-Asia,CONTRACTING,-1,30,43,0,0,0,0
2025-04,"(10.0, 14.0]",NY-Asia,EXPANDING,-1,30,28,0,0,0,0
2025-04,"(10.0, 14.0]",NY-Asia,STABLE,-1,30,140,3,0,3,0
2025-04,"(14.0, inf]",Asia,CONTRACTING,-1,30,132,2,1,1,0
2025-04,"(14.0, inf]",Asia,EXPANDING,-1,30,251,4,3,1,0
2025-04,"(14.0, inf]",Asia,STABLE,-1,30,247,4,1,3,0
2025-04,"(14.0, inf]",Asia,unclassified,-1,30,115,3,1,2,0
2025-04,"(14.0, inf]",Asia-London,CONTRACTING,-1,30,3,0,0,0,0
2025-04,"(14.0, inf]",Asia-London,EXPANDING,-1,30,55,0,0,0,0
2025-04,"(14.0, inf]",Asia-London,STABLE,-1,30,44,0,0,0,0
2025-04,"(14.0, inf]",London,CONTRACTING,-1,30,53,0,0,0,0
2025-04,"(14.0, inf]",London,EXPANDING,-1,30,143,3,3,0,0
2025-04,"(14.0, inf]",London,STABLE,-1,30,218,1,1,0,0
2025-04,"(14.0, inf]",London-NY,CONTRACTING,-1,30,6,0,0,0,0
2025-04,"(14.0, inf]",London-NY,EXPANDING,-1,30,142,2,2,0,0
2025-04,"(14.0, inf]",London-NY,STABLE,-1,30,85,0,0,0,0
2025-04,"(14.0, inf]",NY,CONTRACTING,-1,30,170,1,1,0,0
2025-04,"(14.0, inf]",NY,EXPANDING,-1,30,231,0,0,0,0
2025-04,"(14.0, inf]",NY,STABLE,-1,30,270,2,0,2,0
2025-04,"(14.0, inf]",NY-Asia,CONTRACTING,-1,30,44,1,0,1,0
2025-04,"(14.0, inf]",NY-Asia,EXPANDING,-1,30,38,2,2,0,0
2025-04,"(14.0, inf]",NY-Asia,STABLE,-1,30,64,2,0,2,0
2025-04,unclassified,Asia,unclassified,-1,30,110,0,0,0,0
2025-04,"(0.0, 7.0]",Asia,CONTRACTING,-1,60,59,0,0,0,0
2025-04,"(0.0, 7.0]",Asia,EXPANDING,-1,60,24,0,0,0,0
2025-04,"(0.0, 7.0]",Asia,STABLE,-1,60,72,0,0,0,0
2025-04,"(0.0, 7.0]",Asia,unclassified,-1,60,39,0,0,0,0
2025-04,"(0.0, 7.0]",Asia-London,CONTRACTING,-1,60,1,0,0,0,0
2025-04,"(0.0, 7.0]",London,CONTRACTING,-1,60,19,0,0,0,0
2025-04,"(0.0, 7.0]",London,STABLE,-1,60,23,0,0,0,0
2025-04,"(0.0, 7.0]",London-NY,STABLE,-1,60,2,0,0,0,0
2025-04,"(0.0, 7.0]",NY,CONTRACTING,-1,60,13,0,0,0,0
2025-04,"(0.0, 7.0]",NY,STABLE,-1,60,1,0,0,0,0
2025-04,"(0.0, 7.0]",NY-Asia,CONTRACTING,-1,60,43,0,0,0,0
2025-04,"(0.0, 7.0]",NY-Asia,EXPANDING,-1,60,4,0,0,0,0
2025-04,"(0.0, 7.0]",NY-Asia,STABLE,-1,60,53,0,0,0,0
2025-04,"(7.0, 10.0]",Asia,CONTRACTING,-1,60,147,0,0,0,0
2025-04,"(7.0, 10.0]",Asia,EXPANDING,-1,60,76,0,0,0,0
2025-04,"(7.0, 10.0]",Asia,STABLE,-1,60,182,0,0,0,0
2025-04,"(7.0, 10.0]",Asia,unclassified,-1,60,51,0,0,0,0
2025-04,"(7.0, 10.0]",Asia-London,CONTRACTING,-1,60,12,0,0,0,0
2025-04,"(7.0, 10.0]",Asia-London,EXPANDING,-1,60,7,0,0,0,0
2025-04,"(7.0, 10.0]",Asia-London,STABLE,-1,60,40,0,0,0,0
2025-04,"(7.0, 10.0]",London,CONTRACTING,-1,60,97,1,1,0,0
2025-04,"(7.0, 10.0]",London,EXPANDING,-1,60,52,0,0,0,0
2025-04,"(7.0, 10.0]",London,STABLE,-1,60,175,0,0,0,0
2025-04,"(7.0, 10.0]",London-NY,CONTRACTING,-1,60,9,0,0,0,0
2025-04,"(7.0, 10.0]",London-NY,EXPANDING,-1,60,3,0,0,0,0
2025-04,"(7.0, 10.0]",London-NY,STABLE,-1,60,32,0,0,0,0
2025-04,"(7.0, 10.0]",NY,CONTRACTING,-1,60,41,0,0,0,0
2025-04,"(7.0, 10.0]",NY,EXPANDING,-1,60,1,0,0,0,0
2025-04,"(7.0, 10.0]",NY,STABLE,-1,60,15,0,0,0,0
2025-04,"(7.0, 10.0]",NY-Asia,CONTRACTING,-1,60,91,0,0,0,0
2025-04,"(7.0, 10.0]",NY-Asia,EXPANDING,-1,60,13,0,0,0,0
2025-04,"(7.0, 10.0]",NY-Asia,STABLE,-1,60,125,0,0,0,0
2025-04,"(10.0, 14.0]",Asia,CONTRACTING,-1,60,173,3,0,3,0
2025-04,"(10.0, 14.0]",Asia,EXPANDING,-1,60,122,1,0,1,0
2025-04,"(10.0, 14.0]",Asia,STABLE,-1,60,173,0,0,0,0
2025-04,"(10.0, 14.0]",Asia,unclassified,-1,60,37,0,0,0,0
2025-04,"(10.0, 14.0]",Asia-London,CONTRACTING,-1,60,1,0,0,0,0
2025-04,"(10.0, 14.0]",Asia-London,EXPANDING,-1,60,41,0,0,0,0
2025-04,"(10.0, 14.0]",Asia-London,STABLE,-1,60,48,0,0,0,0
2025-04,"(10.0, 14.0]",London,CONTRACTING,-1,60,88,1,1,0,0
2025-04,"(10.0, 14.0]",London,EXPANDING,-1,60,75,0,0,0,0
2025-04,"(10.0, 14.0]",London,STABLE,-1,60,317,1,1,0,0
2025-04,"(10.0, 14.0]",London-NY,CONTRACTING,-1,60,1,0,0,0,0
2025-04,"(10.0, 14.0]",London-NY,EXPANDING,-1,60,35,0,0,0,0
2025-04,"(10.0, 14.0]",London-NY,STABLE,-1,60,63,0,0,0,0
2025-04,"(10.0, 14.0]",NY,CONTRACTING,-1,60,125,0,0,0,0
2025-04,"(10.0, 14.0]",NY,EXPANDING,-1,60,12,0,0,0,0
2025-04,"(10.0, 14.0]",NY,STABLE,-1,60,129,0,0,0,0
2025-04,"(10.0, 14.0]",NY-Asia,CONTRACTING,-1,60,43,0,0,0,0
2025-04,"(10.0, 14.0]",NY-Asia,EXPANDING,-1,60,16,0,0,0,0
2025-04,"(10.0, 14.0]",NY-Asia,STABLE,-1,60,114,0,0,0,0
2025-04,"(14.0, inf]",Asia,CONTRACTING,-1,60,132,1,0,1,0
2025-04,"(14.0, inf]",Asia,EXPANDING,-1,60,251,0,0,0,0
2025-04,"(14.0, inf]",Asia,STABLE,-1,60,245,0,0,0,0
2025-04,"(14.0, inf]",Asia,unclassified,-1,60,111,0,0,0,0
2025-04,"(14.0, inf]",Asia-London,CONTRACTING,-1,60,3,0,0,0,0
2025-04,"(14.0, inf]",Asia-London,EXPANDING,-1,60,55,0,0,0,0
2025-04,"(14.0, inf]",Asia-London,STABLE,-1,60,44,0,0,0,0
2025-04,"(14.0, inf]",London,CONTRACTING,-1,60,53,0,0,0,0
2025-04,"(14.0, inf]",London,EXPANDING,-1,60,143,0,0,0,0
2025-04,"(14.0, inf]",London,STABLE,-1,60,218,0,0,0,0
2025-04,"(14.0, inf]",London-NY,CONTRACTING,-1,60,6,0,0,0,0
2025-04,"(14.0, inf]",London-NY,EXPANDING,-1,60,142,0,0,0,0
2025-04,"(14.0, inf]",London-NY,STABLE,-1,60,85,0,0,0,0
2025-04,"(14.0, inf]",NY,CONTRACTING,-1,60,170,0,0,0,0
2025-04,"(14.0, inf]",NY,EXPANDING,-1,60,231,0,0,0,0
2025-04,"(14.0, inf]",NY,STABLE,-1,60,270,1,0,1,0
2025-04,"(14.0, inf]",NY-Asia,CONTRACTING,-1,60,44,0,0,0,0
2025-04,"(14.0, inf]",NY-Asia,EXPANDING,-1,60,32,1,1,0,0
2025-04,"(14.0, inf]",NY-Asia,STABLE,-1,60,52,0,0,0,0
2025-04,unclassified,Asia,unclassified,-1,60,110,0,0,0,0
2025-05,"(0.0, 7.0]",Asia,CONTRACTING,1,15,93,10,8,2,0
2025-05,"(0.0, 7.0]",Asia,EXPANDING,1,15,18,0,0,0,0
2025-05,"(0.0, 7.0]",Asia,STABLE,1,15,64,5,1,4,0
2025-05,"(0.0, 7.0]",Asia,unclassified,1,15,61,7,2,5,0
2025-05,"(0.0, 7.0]",London,CONTRACTING,1,15,47,4,3,1,0
2025-05,"(0.0, 7.0]",London,STABLE,1,15,33,6,1,5,0
2025-05,"(0.0, 7.0]",London-NY,EXPANDING,1,15,3,0,0,0,0
2025-05,"(0.0, 7.0]",London-NY,STABLE,1,15,4,0,0,0,0
2025-05,"(0.0, 7.0]",NY,CONTRACTING,1,15,33,2,1,1,0
2025-05,"(0.0, 7.0]",NY,STABLE,1,15,16,2,1,1,0
2025-05,"(0.0, 7.0]",NY-Asia,CONTRACTING,1,15,135,16,8,8,0
2025-05,"(0.0, 7.0]",NY-Asia,EXPANDING,1,15,12,1,1,0,0
2025-05,"(0.0, 7.0]",NY-Asia,STABLE,1,15,166,14,8,6,0
2025-05,"(7.0, 10.0]",Asia,CONTRACTING,1,15,192,13,6,7,0
2025-05,"(7.0, 10.0]",Asia,EXPANDING,1,15,130,10,5,5,0
2025-05,"(7.0, 10.0]",Asia,STABLE,1,15,250,30,17,13,0
2025-05,"(7.0, 10.0]",Asia,unclassified,1,15,64,12,2,10,0
2025-05,"(7.0, 10.0]",Asia-London,EXPANDING,1,15,8,0,0,0,0
2025-05,"(7.0, 10.0]",Asia-London,STABLE,1,15,41,8,4,4,0
2025-05,"(7.0, 10.0]",London,CONTRACTING,1,15,163,13,4,9,0
2025-05,"(7.0, 10.0]",London,EXPANDING,1,15,51,7,3,4,0
2025-05,"(7.0, 10.0]",London,STABLE,1,15,331,28,15,13,0
2025-05,"(7.0, 10.0]",London-NY,CONTRACTING,1,15,10,1,0,1,0
2025-05,"(7.0, 10.0]",London-NY,EXPANDING,1,15,11,1,0,1,0
2025-05,"(7.0, 10.0]",London-NY,STABLE,1,15,45,2,2,0,0
2025-05,"(7.0, 10.0]",NY,CONTRACTING,1,15,124,5,3,2,0
2025-05,"(7.0, 10.0]",NY,EXPANDING,1,15,3,0,0,0,0
2025-05,"(7.0, 10.0]",NY,STABLE,1,15,89,14,4,10,0
2025-05,"(7.0, 10.0]",NY-Asia,CONTRACTING,1,15,79,7,5,2,0
2025-05,"(7.0, 10.0]",NY-Asia,EXPANDING,1,15,43,4,3,1,0
2025-05,"(7.0, 10.0]",NY-Asia,STABLE,1,15,259,36,15,21,0
2025-05,"(10.0, 14.0]",Asia,CONTRACTING,1,15,154,17,8,9,0
2025-05,"(10.0, 14.0]",Asia,EXPANDING,1,15,178,14,5,9,0
2025-05,"(10.0, 14.0]",Asia,STABLE,1,15,231,26,12,14,0
2025-05,"(10.0, 14.0]",Asia,unclassified,1,15,54,7,4,3,0
2025-05,"(10.0, 14.0]",Asia-London,CONTRACTING,1,15,1,0,0,0,0
2025-05,"(10.0, 14.0]",Asia-London,EXPANDING,1,15,100,13,6,7,0
2025-05,"(10.0, 14.0]",Asia-London,STABLE,1,15,72,8,1,7,0
2025-05,"(10.0, 14.0]",London,CONTRACTING,1,15,65,5,4,1,0
2025-05,"(10.0, 14.0]",London,EXPANDING,1,15,99,9,6,3,0
2025-05,"(10.0, 14.0]",London,STABLE,1,15,340,31,8,23,0
2025-05,"(10.0, 14.0]",London-NY,CONTRACTING,1,15,8,0,0,0,0
2025-05,"(10.0, 14.0]",London-NY,EXPANDING,1,15,90,6,2,4,0
2025-05,"(10.0, 14.0]",London-NY,STABLE,1,15,45,4,1,3,0
2025-05,"(10.0, 14.0]",NY,CONTRACTING,1,15,150,11,7,4,0
2025-05,"(10.0, 14.0]",NY,EXPANDING,1,15,38,3,1,2,0
2025-05,"(10.0, 14.0]",NY,STABLE,1,15,128,14,11,3,0
2025-05,"(10.0, 14.0]",NY-Asia,CONTRACTING,1,15,18,2,1,1,0
2025-05,"(10.0, 14.0]",NY-Asia,EXPANDING,1,15,23,1,0,1,0
2025-05,"(10.0, 14.0]",NY-Asia,STABLE,1,15,49,6,6,0,0
2025-05,"(14.0, inf]",Asia,CONTRACTING,1,15,91,5,3,2,0
2025-05,"(14.0, inf]",Asia,EXPANDING,1,15,152,10,5,5,0
2025-05,"(14.0, inf]",Asia,STABLE,1,15,183,14,8,6,0
2025-05,"(14.0, inf]",Asia,unclassified,1,15,63,8,4,4,0
2025-05,"(14.0, inf]",Asia-London,EXPANDING,1,15,40,2,2,0,0
2025-05,"(14.0, inf]",Asia-London,STABLE,1,15,2,0,0,0,0
2025-05,"(14.0, inf]",London,CONTRACTING,1,15,30,1,0,1,0
2025-05,"(14.0, inf]",London,EXPANDING,1,15,60,12,8,4,0
2025-05,"(14.0, inf]",London,STABLE,1,15,101,8,4,4,0
2025-05,"(14.0, inf]",London-NY,CONTRACTING,1,15,14,2,1,1,0
2025-05,"(14.0, inf]",London-NY,EXPANDING,1,15,110,7,2,5,0
2025-05,"(14.0, inf]",London-NY,STABLE,1,15,56,8,1,7,0
2025-05,"(14.0, inf]",NY,CONTRACTING,1,15,81,5,1,4,0
2025-05,"(14.0, inf]",NY,EXPANDING,1,15,121,4,2,2,0
2025-05,"(14.0, inf]",NY,STABLE,1,15,273,16,9,7,0
2025-05,"(14.0, inf]",NY-Asia,CONTRACTING,1,15,10,3,2,1,0
2025-05,"(14.0, inf]",NY-Asia,EXPANDING,1,15,19,4,3,1,0
2025-05,"(14.0, inf]",NY-Asia,STABLE,1,15,15,4,4,0,0
2025-05,unclassified,Asia,unclassified,1,15,110,13,9,4,0
2025-05,"(0.0, 7.0]",Asia,CONTRACTING,1,30,93,2,1,1,0
2025-05,"(0.0, 7.0]",Asia,EXPANDING,1,30,18,1,1,0,0
2025-05,"(0.0, 7.0]",Asia,STABLE,1,30,64,0,0,0,0
2025-05,"(0.0, 7.0]",Asia,unclassified,1,30,61,1,0,1,0
2025-05,"(0.0, 7.0]",London,CONTRACTING,1,30,47,1,0,1,0
2025-05,"(0.0, 7.0]",London,STABLE,1,30,33,0,0,0,0
2025-05,"(0.0, 7.0]",London-NY,EXPANDING,1,30,3,0,0,0,0
2025-05,"(0.0, 7.0]",London-NY,STABLE,1,30,4,0,0,0,0
2025-05,"(0.0, 7.0]",NY,CONTRACTING,1,30,33,0,0,0,0
2025-05,"(0.0, 7.0]",NY,STABLE,1,30,16,0,0,0,0
2025-05,"(0.0, 7.0]",NY-Asia,CONTRACTING,1,30,114,4,1,3,0
2025-05,"(0.0, 7.0]",NY-Asia,EXPANDING,1,30,8,1,1,0,0
2025-05,"(0.0, 7.0]",NY-Asia,STABLE,1,30,153,0,0,0,0
2025-05,"(7.0, 10.0]",Asia,CONTRACTING,1,30,192,2,0,2,0
2025-05,"(7.0, 10.0]",Asia,EXPANDING,1,30,130,6,2,4,0
2025-05,"(7.0, 10.0]",Asia,STABLE,1,30,250,6,1,5,0
2025-05,"(7.0, 10.0]",Asia,unclassified,1,30,64,3,1,2,0
2025-05,"(7.0, 10.0]",Asia-London,EXPANDING,1,30,8,0,0,0,0
2025-05,"(7.0, 10.0]",Asia-London,STABLE,1,30,41,1,1,0,0
2025-05,"(7.0, 10.0]",London,CONTRACTING,1,30,163,7,0,7,0
2025-05,"(7.0, 10.0]",London,EXPANDING,1,30,51,2,0,2,0
2025-05,"(7.0, 10.0]",London,STABLE,1,30,331,6,4,2,0
2025-05,"(7.0, 10.0]",London-NY,CONTRACTING,1,30,10,0,0,0,0
2025-05,"(7.0, 10.0]",London-NY,EXPANDING,1,30,11,1,0,1,0
2025-05,"(7.0, 10.0]",London-NY,STABLE,1,30,45,0,0,0,0
2025-05,"(7.0, 10.0]",NY,CONTRACTING,1,30,124,0,0,0,0
2025-05,"(7.0, 10.0]",NY,EXPANDING,1,30,3,0,0,0,0
2025-05,"(7.0, 10.0]",NY,STABLE,1,30,89,3,0,3,0
2025-05,"(7.0, 10.0]",NY-Asia,CONTRACTING,1,30,74,0,0,0,0
2025-05,"(7.0, 10.0]",NY-Asia,EXPANDING,1,30,39,2,2,0,0
2025-05,"(7.0, 10.0]",NY-Asia,STABLE,1,30,250,2,1,1,0
2025-05,"(10.0, 14.0]",Asia,CONTRACTING,1,30,154,1,1,0,0
2025-05,"(10.0, 14.0]",Asia,EXPANDING,1,30,178,3,0,3,0
2025-05,"(10.0, 14.0]",Asia,STABLE,1,30,231,8,4,4,0
2025-05,"(10.0, 14.0]",Asia,unclassified,1,30,54,2,2,0,0
2025-05,"(10.0, 14.0]",Asia-London,CONTRACTING,1,30,1,0,0,0,0
2025-05,"(10.0, 14.0]",Asia-London,EXPANDING,1,30,100,0,0,0,0
2025-05,"(10.0, 14.0]",Asia-London,STABLE,1,30,72,1,0,1,0
2025-05,"(10.0, 14.0]",London,CONTRACTING,1,30,65,0,0,0,0
2025-05,"(10.0, 14.0]",London,EXPANDING,1,30,99,1,1,0,0
2025-05,"(10.0, 14.0]",London,STABLE,1,30,340,2,2,0,0
2025-05,"(10.0, 14.0]",London-NY,CONTRACTING,1,30,8,0,0,0,0
2025-05,"(10.0, 14.0]",London-NY,EXPANDING,1,30,90,1,0,1,0
2025-05,"(10.0, 14.0]",London-NY,STABLE,1,30,45,1,1,0,0
2025-05,"(10.0, 14.0]",NY,CONTRACTING,1,30,150,2,1,1,0
2025-05,"(10.0, 14.0]",NY,EXPANDING,1,30,38,0,0,0,0
2025-05,"(10.0, 14.0]",NY,STABLE,1,30,128,0,0,0,0
2025-05,"(10.0, 14.0]",NY-Asia,CONTRACTING,1,30,13,1,1,0,0
2025-05,"(10.0, 14.0]",NY-Asia,EXPANDING,1,30,18,1,1,0,0
2025-05,"(10.0, 14.0]",NY-Asia,STABLE,1,30,49,0,0,0,0
2025-05,"(14.0, inf]",Asia,CONTRACTING,1,30,91,3,2,1,0
2025-05,"(14.0, inf]",Asia,EXPANDING,1,30,152,1,1,0,0
2025-05,"(14.0, inf]",Asia,STABLE,1,30,183,2,2,0,0
2025-05,"(14.0, inf]",Asia,unclassified,1,30,63,0,0,0,0
2025-05,"(14.0, inf]",Asia-London,EXPANDING,1,30,40,0,0,0,0
2025-05,"(14.0, inf]",Asia-London,STABLE,1,30,2,0,0,0,0
2025-05,"(14.0, inf]",London,CONTRACTING,1,30,30,0,0,0,0
2025-05,"(14.0, inf]",London,EXPANDING,1,30,60,2,1,1,0
2025-05,"(14.0, inf]",London,STABLE,1,30,101,2,1,1,0
2025-05,"(14.0, inf]",London-NY,CONTRACTING,1,30,14,0,0,0,0
2025-05,"(14.0, inf]",London-NY,EXPANDING,1,30,110,0,0,0,0
2025-05,"(14.0, inf]",London-NY,STABLE,1,30,56,1,0,1,0
2025-05,"(14.0, inf]",NY,CONTRACTING,1,30,81,1,1,0,0
2025-05,"(14.0, inf]",NY,EXPANDING,1,30,121,0,0,0,0
2025-05,"(14.0, inf]",NY,STABLE,1,30,273,0,0,0,0
2025-05,"(14.0, inf]",NY-Asia,CONTRACTING,1,30,10,0,0,0,0
2025-05,"(14.0, inf]",NY-Asia,EXPANDING,1,30,19,1,1,0,0
2025-05,"(14.0, inf]",NY-Asia,STABLE,1,30,15,4,4,0,0
2025-05,unclassified,Asia,unclassified,1,30,110,4,4,0,0
2025-05,"(0.0, 7.0]",Asia,CONTRACTING,1,60,93,0,0,0,0
2025-05,"(0.0, 7.0]",Asia,EXPANDING,1,60,18,0,0,0,0
2025-05,"(0.0, 7.0]",Asia,STABLE,1,60,64,0,0,0,0
2025-05,"(0.0, 7.0]",Asia,unclassified,1,60,61,0,0,0,0
2025-05,"(0.0, 7.0]",London,CONTRACTING,1,60,47,0,0,0,0
2025-05,"(0.0, 7.0]",London,STABLE,1,60,33,1,0,1,0
2025-05,"(0.0, 7.0]",London-NY,EXPANDING,1,60,3,0,0,0,0
2025-05,"(0.0, 7.0]",London-NY,STABLE,1,60,4,0,0,0,0
2025-05,"(0.0, 7.0]",NY,CONTRACTING,1,60,33,0,0,0,0
2025-05,"(0.0, 7.0]",NY,STABLE,1,60,16,0,0,0,0
2025-05,"(0.0, 7.0]",NY-Asia,CONTRACTING,1,60,107,0,0,0,0
2025-05,"(0.0, 7.0]",NY-Asia,EXPANDING,1,60,4,0,0,0,0
2025-05,"(0.0, 7.0]",NY-Asia,STABLE,1,60,99,0,0,0,0
2025-05,"(7.0, 10.0]",Asia,CONTRACTING,1,60,192,0,0,0,0
2025-05,"(7.0, 10.0]",Asia,EXPANDING,1,60,130,1,0,1,0
2025-05,"(7.0, 10.0]",Asia,STABLE,1,60,250,0,0,0,0
2025-05,"(7.0, 10.0]",Asia,unclassified,1,60,64,0,0,0,0
2025-05,"(7.0, 10.0]",Asia-London,EXPANDING,1,60,8,0,0,0,0
2025-05,"(7.0, 10.0]",Asia-London,STABLE,1,60,41,0,0,0,0
2025-05,"(7.0, 10.0]",London,CONTRACTING,1,60,163,7,0,7,0
2025-05,"(7.0, 10.0]",London,EXPANDING,1,60,51,2,0,2,0
2025-05,"(7.0, 10.0]",London,STABLE,1,60,331,8,0,8,0
2025-05,"(7.0, 10.0]",London-NY,CONTRACTING,1,60,10,0,0,0,0
2025-05,"(7.0, 10.0]",London-NY,EXPANDING,1,60,11,1,0,1,0
2025-05,"(7.0, 10.0]",London-NY,STABLE,1,60,45,0,0,0,0
2025-05,"(7.0, 10.0]",NY,CONTRACTING,1,60,124,0,0,0,0
2025-05,"(7.0, 10.0]",NY,EXPANDING,1,60,3,0,0,0,0
2025-05,"(7.0, 10.0]",NY,STABLE,1,60,89,0,0,0,0
2025-05,"(7.0, 10.0]",NY-Asia,CONTRACTING,1,60,68,0,0,0,0
2025-05,"(7.0, 10.0]",NY-Asia,EXPANDING,1,60,29,1,1,0,0
2025-05,"(7.0, 10.0]",NY-Asia,STABLE,1,60,215,0,0,0,0
2025-05,"(10.0, 14.0]",Asia,CONTRACTING,1,60,154,0,0,0,0
2025-05,"(10.0, 14.0]",Asia,EXPANDING,1,60,178,2,0,2,0
2025-05,"(10.0, 14.0]",Asia,STABLE,1,60,231,0,0,0,0
2025-05,"(10.0, 14.0]",Asia,unclassified,1,60,54,0,0,0,0
2025-05,"(10.0, 14.0]",Asia-London,CONTRACTING,1,60,1,0,0,0,0
2025-05,"(10.0, 14.0]",Asia-London,EXPANDING,1,60,100,0,0,0,0
2025-05,"(10.0, 14.0]",Asia-London,STABLE,1,60,72,0,0,0,0
2025-05,"(10.0, 14.0]",London,CONTRACTING,1,60,65,0,0,0,0
2025-05,"(10.0, 14.0]",London,EXPANDING,1,60,99,0,0,0,0
2025-05,"(10.0, 14.0]",London,STABLE,1,60,340,0,0,0,0
2025-05,"(10.0, 14.0]",London-NY,CONTRACTING,1,60,8,0,0,0,0
2025-05,"(10.0, 14.0]",London-NY,EXPANDING,1,60,90,1,0,1,0
2025-05,"(10.0, 14.0]",London-NY,STABLE,1,60,45,0,0,0,0
2025-05,"(10.0, 14.0]",NY,CONTRACTING,1,60,150,0,0,0,0
2025-05,"(10.0, 14.0]",NY,EXPANDING,1,60,38,0,0,0,0
2025-05,"(10.0, 14.0]",NY,STABLE,1,60,128,0,0,0,0
2025-05,"(10.0, 14.0]",NY-Asia,CONTRACTING,1,60,12,0,0,0,0
2025-05,"(10.0, 14.0]",NY-Asia,EXPANDING,1,60,14,0,0,0,0
2025-05,"(10.0, 14.0]",NY-Asia,STABLE,1,60,47,0,0,0,0
2025-05,"(14.0, inf]",Asia,CONTRACTING,1,60,91,1,0,1,0
2025-05,"(14.0, inf]",Asia,EXPANDING,1,60,152,0,0,0,0
2025-05,"(14.0, inf]",Asia,STABLE,1,60,183,0,0,0,0
2025-05,"(14.0, inf]",Asia,unclassified,1,60,63,0,0,0,0
2025-05,"(14.0, inf]",Asia-London,EXPANDING,1,60,40,0,0,0,0
2025-05,"(14.0, inf]",Asia-London,STABLE,1,60,2,0,0,0,0
2025-05,"(14.0, inf]",London,CONTRACTING,1,60,30,0,0,0,0
2025-05,"(14.0, inf]",London,EXPANDING,1,60,60,1,1,0,0
2025-05,"(14.0, inf]",London,STABLE,1,60,101,0,0,0,0
2025-05,"(14.0, inf]",London-NY,CONTRACTING,1,60,14,0,0,0,0
2025-05,"(14.0, inf]",London-NY,EXPANDING,1,60,110,0,0,0,0
2025-05,"(14.0, inf]",London-NY,STABLE,1,60,56,0,0,0,0
2025-05,"(14.0, inf]",NY,CONTRACTING,1,60,81,0,0,0,0
2025-05,"(14.0, inf]",NY,EXPANDING,1,60,121,0,0,0,0
2025-05,"(14.0, inf]",NY,STABLE,1,60,273,0,0,0,0
2025-05,"(14.0, inf]",NY-Asia,CONTRACTING,1,60,7,0,0,0,0
2025-05,"(14.0, inf]",NY-Asia,EXPANDING,1,60,16,1,1,0,0
2025-05,"(14.0, inf]",NY-Asia,STABLE,1,60,12,0,0,0,0
2025-05,unclassified,Asia,unclassified,1,60,110,2,1,1,0
2025-05,"(0.0, 7.0]",Asia,CONTRACTING,-1,15,93,10,2,8,0
2025-05,"(0.0, 7.0]",Asia,EXPANDING,-1,15,18,0,0,0,0
2025-05,"(0.0, 7.0]",Asia,STABLE,-1,15,64,5,4,1,0
2025-05,"(0.0, 7.0]",Asia,unclassified,-1,15,61,7,5,2,0
2025-05,"(0.0, 7.0]",London,CONTRACTING,-1,15,47,4,1,3,0
2025-05,"(0.0, 7.0]",London,STABLE,-1,15,33,6,5,1,0
2025-05,"(0.0, 7.0]",London-NY,EXPANDING,-1,15,3,0,0,0,0
2025-05,"(0.0, 7.0]",London-NY,STABLE,-1,15,4,0,0,0,0
2025-05,"(0.0, 7.0]",NY,CONTRACTING,-1,15,33,2,1,1,0
2025-05,"(0.0, 7.0]",NY,STABLE,-1,15,16,2,1,1,0
2025-05,"(0.0, 7.0]",NY-Asia,CONTRACTING,-1,15,135,16,8,8,0
2025-05,"(0.0, 7.0]",NY-Asia,EXPANDING,-1,15,12,1,0,1,0
2025-05,"(0.0, 7.0]",NY-Asia,STABLE,-1,15,166,14,6,8,0
2025-05,"(7.0, 10.0]",Asia,CONTRACTING,-1,15,192,13,7,6,0
2025-05,"(7.0, 10.0]",Asia,EXPANDING,-1,15,130,10,5,5,0
2025-05,"(7.0, 10.0]",Asia,STABLE,-1,15,250,30,13,17,0
2025-05,"(7.0, 10.0]",Asia,unclassified,-1,15,64,12,10,2,0
2025-05,"(7.0, 10.0]",Asia-London,EXPANDING,-1,15,8,0,0,0,0
2025-05,"(7.0, 10.0]",Asia-London,STABLE,-1,15,41,8,4,4,0
2025-05,"(7.0, 10.0]",London,CONTRACTING,-1,15,163,13,9,4,0
2025-05,"(7.0, 10.0]",London,EXPANDING,-1,15,51,7,4,3,0
2025-05,"(7.0, 10.0]",London,STABLE,-1,15,331,28,13,15,0
2025-05,"(7.0, 10.0]",London-NY,CONTRACTING,-1,15,10,1,1,0,0
2025-05,"(7.0, 10.0]",London-NY,EXPANDING,-1,15,11,1,1,0,0
2025-05,"(7.0, 10.0]",London-NY,STABLE,-1,15,45,2,0,2,0
2025-05,"(7.0, 10.0]",NY,CONTRACTING,-1,15,124,5,2,3,0
2025-05,"(7.0, 10.0]",NY,EXPANDING,-1,15,3,0,0,0,0
2025-05,"(7.0, 10.0]",NY,STABLE,-1,15,89,14,10,4,0
2025-05,"(7.0, 10.0]",NY-Asia,CONTRACTING,-1,15,79,7,2,5,0
2025-05,"(7.0, 10.0]",NY-Asia,EXPANDING,-1,15,43,4,1,3,0
2025-05,"(7.0, 10.0]",NY-Asia,STABLE,-1,15,259,36,21,15,0
2025-05,"(10.0, 14.0]",Asia,CONTRACTING,-1,15,154,17,9,8,0
2025-05,"(10.0, 14.0]",Asia,EXPANDING,-1,15,178,14,9,5,0
2025-05,"(10.0, 14.0]",Asia,STABLE,-1,15,231,26,14,12,0
2025-05,"(10.0, 14.0]",Asia,unclassified,-1,15,54,7,3,4,0
2025-05,"(10.0, 14.0]",Asia-London,CONTRACTING,-1,15,1,0,0,0,0
2025-05,"(10.0, 14.0]",Asia-London,EXPANDING,-1,15,100,13,7,6,0
2025-05,"(10.0, 14.0]",Asia-London,STABLE,-1,15,72,8,7,1,0
2025-05,"(10.0, 14.0]",London,CONTRACTING,-1,15,65,5,1,4,0
2025-05,"(10.0, 14.0]",London,EXPANDING,-1,15,99,9,3,6,0
2025-05,"(10.0, 14.0]",London,STABLE,-1,15,340,31,23,8,0
2025-05,"(10.0, 14.0]",London-NY,CONTRACTING,-1,15,8,0,0,0,0
2025-05,"(10.0, 14.0]",London-NY,EXPANDING,-1,15,90,6,4,2,0
2025-05,"(10.0, 14.0]",London-NY,STABLE,-1,15,45,4,3,1,0
2025-05,"(10.0, 14.0]",NY,CONTRACTING,-1,15,150,11,4,7,0
2025-05,"(10.0, 14.0]",NY,EXPANDING,-1,15,38,3,2,1,0
2025-05,"(10.0, 14.0]",NY,STABLE,-1,15,128,14,3,11,0
2025-05,"(10.0, 14.0]",NY-Asia,CONTRACTING,-1,15,18,2,1,1,0
2025-05,"(10.0, 14.0]",NY-Asia,EXPANDING,-1,15,23,1,1,0,0
2025-05,"(10.0, 14.0]",NY-Asia,STABLE,-1,15,49,6,0,6,0
2025-05,"(14.0, inf]",Asia,CONTRACTING,-1,15,91,5,2,3,0
2025-05,"(14.0, inf]",Asia,EXPANDING,-1,15,152,10,5,5,0
2025-05,"(14.0, inf]",Asia,STABLE,-1,15,183,14,6,8,0
2025-05,"(14.0, inf]",Asia,unclassified,-1,15,63,8,4,4,0
2025-05,"(14.0, inf]",Asia-London,EXPANDING,-1,15,40,2,0,2,0
2025-05,"(14.0, inf]",Asia-London,STABLE,-1,15,2,0,0,0,0
2025-05,"(14.0, inf]",London,CONTRACTING,-1,15,30,1,1,0,0
2025-05,"(14.0, inf]",London,EXPANDING,-1,15,60,12,4,8,0
2025-05,"(14.0, inf]",London,STABLE,-1,15,101,8,4,4,0
2025-05,"(14.0, inf]",London-NY,CONTRACTING,-1,15,14,2,1,1,0
2025-05,"(14.0, inf]",London-NY,EXPANDING,-1,15,110,7,5,2,0
2025-05,"(14.0, inf]",London-NY,STABLE,-1,15,56,8,7,1,0
2025-05,"(14.0, inf]",NY,CONTRACTING,-1,15,81,5,4,1,0
2025-05,"(14.0, inf]",NY,EXPANDING,-1,15,121,4,2,2,0
2025-05,"(14.0, inf]",NY,STABLE,-1,15,273,16,7,9,0
2025-05,"(14.0, inf]",NY-Asia,CONTRACTING,-1,15,10,3,1,2,0
2025-05,"(14.0, inf]",NY-Asia,EXPANDING,-1,15,19,4,1,3,0
2025-05,"(14.0, inf]",NY-Asia,STABLE,-1,15,15,4,0,4,0
2025-05,unclassified,Asia,unclassified,-1,15,110,13,4,9,0
2025-05,"(0.0, 7.0]",Asia,CONTRACTING,-1,30,93,2,1,1,0
2025-05,"(0.0, 7.0]",Asia,EXPANDING,-1,30,18,1,0,1,0
2025-05,"(0.0, 7.0]",Asia,STABLE,-1,30,64,0,0,0,0
2025-05,"(0.0, 7.0]",Asia,unclassified,-1,30,61,1,1,0,0
2025-05,"(0.0, 7.0]",London,CONTRACTING,-1,30,47,1,1,0,0
2025-05,"(0.0, 7.0]",London,STABLE,-1,30,33,0,0,0,0
2025-05,"(0.0, 7.0]",London-NY,EXPANDING,-1,30,3,0,0,0,0
2025-05,"(0.0, 7.0]",London-NY,STABLE,-1,30,4,0,0,0,0
2025-05,"(0.0, 7.0]",NY,CONTRACTING,-1,30,33,0,0,0,0
2025-05,"(0.0, 7.0]",NY,STABLE,-1,30,16,0,0,0,0
2025-05,"(0.0, 7.0]",NY-Asia,CONTRACTING,-1,30,114,4,3,1,0
2025-05,"(0.0, 7.0]",NY-Asia,EXPANDING,-1,30,8,1,0,1,0
2025-05,"(0.0, 7.0]",NY-Asia,STABLE,-1,30,153,0,0,0,0
2025-05,"(7.0, 10.0]",Asia,CONTRACTING,-1,30,192,2,2,0,0
2025-05,"(7.0, 10.0]",Asia,EXPANDING,-1,30,130,6,4,2,0
2025-05,"(7.0, 10.0]",Asia,STABLE,-1,30,250,6,5,1,0
2025-05,"(7.0, 10.0]",Asia,unclassified,-1,30,64,3,2,1,0
2025-05,"(7.0, 10.0]",Asia-London,EXPANDING,-1,30,8,0,0,0,0
2025-05,"(7.0, 10.0]",Asia-London,STABLE,-1,30,41,1,0,1,0
2025-05,"(7.0, 10.0]",London,CONTRACTING,-1,30,163,7,7,0,0
2025-05,"(7.0, 10.0]",London,EXPANDING,-1,30,51,2,2,0,0
2025-05,"(7.0, 10.0]",London,STABLE,-1,30,331,6,2,4,0
2025-05,"(7.0, 10.0]",London-NY,CONTRACTING,-1,30,10,0,0,0,0
2025-05,"(7.0, 10.0]",London-NY,EXPANDING,-1,30,11,1,1,0,0
2025-05,"(7.0, 10.0]",London-NY,STABLE,-1,30,45,0,0,0,0
2025-05,"(7.0, 10.0]",NY,CONTRACTING,-1,30,124,0,0,0,0
2025-05,"(7.0, 10.0]",NY,EXPANDING,-1,30,3,0,0,0,0
2025-05,"(7.0, 10.0]",NY,STABLE,-1,30,89,3,3,0,0
2025-05,"(7.0, 10.0]",NY-Asia,CONTRACTING,-1,30,74,0,0,0,0
2025-05,"(7.0, 10.0]",NY-Asia,EXPANDING,-1,30,39,2,0,2,0
2025-05,"(7.0, 10.0]",NY-Asia,STABLE,-1,30,250,2,1,1,0
2025-05,"(10.0, 14.0]",Asia,CONTRACTING,-1,30,154,1,0,1,0
2025-05,"(10.0, 14.0]",Asia,EXPANDING,-1,30,178,3,3,0,0
2025-05,"(10.0, 14.0]",Asia,STABLE,-1,30,231,8,4,4,0
2025-05,"(10.0, 14.0]",Asia,unclassified,-1,30,54,2,0,2,0
2025-05,"(10.0, 14.0]",Asia-London,CONTRACTING,-1,30,1,0,0,0,0
2025-05,"(10.0, 14.0]",Asia-London,EXPANDING,-1,30,100,0,0,0,0
2025-05,"(10.0, 14.0]",Asia-London,STABLE,-1,30,72,1,1,0,0
2025-05,"(10.0, 14.0]",London,CONTRACTING,-1,30,65,0,0,0,0
2025-05,"(10.0, 14.0]",London,EXPANDING,-1,30,99,1,0,1,0
2025-05,"(10.0, 14.0]",London,STABLE,-1,30,340,2,0,2,0
2025-05,"(10.0, 14.0]",London-NY,CONTRACTING,-1,30,8,0,0,0,0
2025-05,"(10.0, 14.0]",London-NY,EXPANDING,-1,30,90,1,1,0,0
2025-05,"(10.0, 14.0]",London-NY,STABLE,-1,30,45,1,0,1,0
2025-05,"(10.0, 14.0]",NY,CONTRACTING,-1,30,150,2,1,1,0
2025-05,"(10.0, 14.0]",NY,EXPANDING,-1,30,38,0,0,0,0
2025-05,"(10.0, 14.0]",NY,STABLE,-1,30,128,0,0,0,0
2025-05,"(10.0, 14.0]",NY-Asia,CONTRACTING,-1,30,13,1,0,1,0
2025-05,"(10.0, 14.0]",NY-Asia,EXPANDING,-1,30,18,1,0,1,0
2025-05,"(10.0, 14.0]",NY-Asia,STABLE,-1,30,49,0,0,0,0
2025-05,"(14.0, inf]",Asia,CONTRACTING,-1,30,91,3,1,2,0
2025-05,"(14.0, inf]",Asia,EXPANDING,-1,30,152,1,0,1,0
2025-05,"(14.0, inf]",Asia,STABLE,-1,30,183,2,0,2,0
2025-05,"(14.0, inf]",Asia,unclassified,-1,30,63,0,0,0,0
2025-05,"(14.0, inf]",Asia-London,EXPANDING,-1,30,40,0,0,0,0
2025-05,"(14.0, inf]",Asia-London,STABLE,-1,30,2,0,0,0,0
2025-05,"(14.0, inf]",London,CONTRACTING,-1,30,30,0,0,0,0
2025-05,"(14.0, inf]",London,EXPANDING,-1,30,60,2,1,1,0
2025-05,"(14.0, inf]",London,STABLE,-1,30,101,2,1,1,0
2025-05,"(14.0, inf]",London-NY,CONTRACTING,-1,30,14,0,0,0,0
2025-05,"(14.0, inf]",London-NY,EXPANDING,-1,30,110,0,0,0,0
2025-05,"(14.0, inf]",London-NY,STABLE,-1,30,56,1,1,0,0
2025-05,"(14.0, inf]",NY,CONTRACTING,-1,30,81,1,0,1,0
2025-05,"(14.0, inf]",NY,EXPANDING,-1,30,121,0,0,0,0
2025-05,"(14.0, inf]",NY,STABLE,-1,30,273,0,0,0,0
2025-05,"(14.0, inf]",NY-Asia,CONTRACTING,-1,30,10,0,0,0,0
2025-05,"(14.0, inf]",NY-Asia,EXPANDING,-1,30,19,1,0,1,0
2025-05,"(14.0, inf]",NY-Asia,STABLE,-1,30,15,4,0,4,0
2025-05,unclassified,Asia,unclassified,-1,30,110,4,0,4,0
2025-05,"(0.0, 7.0]",Asia,CONTRACTING,-1,60,93,0,0,0,0
2025-05,"(0.0, 7.0]",Asia,EXPANDING,-1,60,18,0,0,0,0
2025-05,"(0.0, 7.0]",Asia,STABLE,-1,60,64,0,0,0,0
2025-05,"(0.0, 7.0]",Asia,unclassified,-1,60,61,0,0,0,0
2025-05,"(0.0, 7.0]",London,CONTRACTING,-1,60,47,0,0,0,0
2025-05,"(0.0, 7.0]",London,STABLE,-1,60,33,1,1,0,0
2025-05,"(0.0, 7.0]",London-NY,EXPANDING,-1,60,3,0,0,0,0
2025-05,"(0.0, 7.0]",London-NY,STABLE,-1,60,4,0,0,0,0
2025-05,"(0.0, 7.0]",NY,CONTRACTING,-1,60,33,0,0,0,0
2025-05,"(0.0, 7.0]",NY,STABLE,-1,60,16,0,0,0,0
2025-05,"(0.0, 7.0]",NY-Asia,CONTRACTING,-1,60,107,0,0,0,0
2025-05,"(0.0, 7.0]",NY-Asia,EXPANDING,-1,60,4,0,0,0,0
2025-05,"(0.0, 7.0]",NY-Asia,STABLE,-1,60,99,0,0,0,0
2025-05,"(7.0, 10.0]",Asia,CONTRACTING,-1,60,192,0,0,0,0
2025-05,"(7.0, 10.0]",Asia,EXPANDING,-1,60,130,1,1,0,0
2025-05,"(7.0, 10.0]",Asia,STABLE,-1,60,250,0,0,0,0
2025-05,"(7.0, 10.0]",Asia,unclassified,-1,60,64,0,0,0,0
2025-05,"(7.0, 10.0]",Asia-London,EXPANDING,-1,60,8,0,0,0,0
2025-05,"(7.0, 10.0]",Asia-London,STABLE,-1,60,41,0,0,0,0
2025-05,"(7.0, 10.0]",London,CONTRACTING,-1,60,163,7,7,0,0
2025-05,"(7.0, 10.0]",London,EXPANDING,-1,60,51,2,2,0,0
2025-05,"(7.0, 10.0]",London,STABLE,-1,60,331,8,8,0,0
2025-05,"(7.0, 10.0]",London-NY,CONTRACTING,-1,60,10,0,0,0,0
2025-05,"(7.0, 10.0]",London-NY,EXPANDING,-1,60,11,1,1,0,0
2025-05,"(7.0, 10.0]",London-NY,STABLE,-1,60,45,0,0,0,0
2025-05,"(7.0, 10.0]",NY,CONTRACTING,-1,60,124,0,0,0,0
2025-05,"(7.0, 10.0]",NY,EXPANDING,-1,60,3,0,0,0,0
2025-05,"(7.0, 10.0]",NY,STABLE,-1,60,89,0,0,0,0
2025-05,"(7.0, 10.0]",NY-Asia,CONTRACTING,-1,60,68,0,0,0,0
2025-05,"(7.0, 10.0]",NY-Asia,EXPANDING,-1,60,29,1,0,1,0
2025-05,"(7.0, 10.0]",NY-Asia,STABLE,-1,60,215,0,0,0,0
2025-05,"(10.0, 14.0]",Asia,CONTRACTING,-1,60,154,0,0,0,0
2025-05,"(10.0, 14.0]",Asia,EXPANDING,-1,60,178,2,2,0,0
2025-05,"(10.0, 14.0]",Asia,STABLE,-1,60,231,0,0,0,0
2025-05,"(10.0, 14.0]",Asia,unclassified,-1,60,54,0,0,0,0
2025-05,"(10.0, 14.0]",Asia-London,CONTRACTING,-1,60,1,0,0,0,0
2025-05,"(10.0, 14.0]",Asia-London,EXPANDING,-1,60,100,0,0,0,0
2025-05,"(10.0, 14.0]",Asia-London,STABLE,-1,60,72,0,0,0,0
2025-05,"(10.0, 14.0]",London,CONTRACTING,-1,60,65,0,0,0,0
2025-05,"(10.0, 14.0]",London,EXPANDING,-1,60,99,0,0,0,0
2025-05,"(10.0, 14.0]",London,STABLE,-1,60,340,0,0,0,0
2025-05,"(10.0, 14.0]",London-NY,CONTRACTING,-1,60,8,0,0,0,0
2025-05,"(10.0, 14.0]",London-NY,EXPANDING,-1,60,90,1,1,0,0
2025-05,"(10.0, 14.0]",London-NY,STABLE,-1,60,45,0,0,0,0
2025-05,"(10.0, 14.0]",NY,CONTRACTING,-1,60,150,0,0,0,0
2025-05,"(10.0, 14.0]",NY,EXPANDING,-1,60,38,0,0,0,0
2025-05,"(10.0, 14.0]",NY,STABLE,-1,60,128,0,0,0,0
2025-05,"(10.0, 14.0]",NY-Asia,CONTRACTING,-1,60,12,0,0,0,0
2025-05,"(10.0, 14.0]",NY-Asia,EXPANDING,-1,60,14,0,0,0,0
2025-05,"(10.0, 14.0]",NY-Asia,STABLE,-1,60,47,0,0,0,0
2025-05,"(14.0, inf]",Asia,CONTRACTING,-1,60,91,1,1,0,0
2025-05,"(14.0, inf]",Asia,EXPANDING,-1,60,152,0,0,0,0
2025-05,"(14.0, inf]",Asia,STABLE,-1,60,183,0,0,0,0
2025-05,"(14.0, inf]",Asia,unclassified,-1,60,63,0,0,0,0
2025-05,"(14.0, inf]",Asia-London,EXPANDING,-1,60,40,0,0,0,0
2025-05,"(14.0, inf]",Asia-London,STABLE,-1,60,2,0,0,0,0
2025-05,"(14.0, inf]",London,CONTRACTING,-1,60,30,0,0,0,0
2025-05,"(14.0, inf]",London,EXPANDING,-1,60,60,1,0,1,0
2025-05,"(14.0, inf]",London,STABLE,-1,60,101,0,0,0,0
2025-05,"(14.0, inf]",London-NY,CONTRACTING,-1,60,14,0,0,0,0
2025-05,"(14.0, inf]",London-NY,EXPANDING,-1,60,110,0,0,0,0
2025-05,"(14.0, inf]",London-NY,STABLE,-1,60,56,0,0,0,0
2025-05,"(14.0, inf]",NY,CONTRACTING,-1,60,81,0,0,0,0
2025-05,"(14.0, inf]",NY,EXPANDING,-1,60,121,0,0,0,0
2025-05,"(14.0, inf]",NY,STABLE,-1,60,273,0,0,0,0
2025-05,"(14.0, inf]",NY-Asia,CONTRACTING,-1,60,7,0,0,0,0
2025-05,"(14.0, inf]",NY-Asia,EXPANDING,-1,60,16,1,0,1,0
2025-05,"(14.0, inf]",NY-Asia,STABLE,-1,60,12,0,0,0,0
2025-05,unclassified,Asia,unclassified,-1,60,110,2,1,1,0
2025-06,"(0.0, 7.0]",Asia,CONTRACTING,1,15,226,15,7,8,0
2025-06,"(0.0, 7.0]",Asia,EXPANDING,1,15,75,6,4,2,0
2025-06,"(0.0, 7.0]",Asia,STABLE,1,15,364,46,26,20,0
2025-06,"(0.0, 7.0]",Asia,unclassified,1,15,113,14,6,8,0
2025-06,"(0.0, 7.0]",Asia-London,EXPANDING,1,15,13,2,1,1,0
2025-06,"(0.0, 7.0]",Asia-London,STABLE,1,15,16,0,0,0,0
2025-06,"(0.0, 7.0]",London,CONTRACTING,1,15,145,16,12,4,0
2025-06,"(0.0, 7.0]",London,EXPANDING,1,15,12,1,1,0,0
2025-06,"(0.0, 7.0]",London,STABLE,1,15,210,18,11,7,0
2025-06,"(0.0, 7.0]",London-NY,CONTRACTING,1,15,4,0,0,0,0
2025-06,"(0.0, 7.0]",London-NY,EXPANDING,1,15,2,1,1,0,0
2025-06,"(0.0, 7.0]",London-NY,STABLE,1,15,3,0,0,0,0
2025-06,"(0.0, 7.0]",NY,CONTRACTING,1,15,106,9,3,6,0
2025-06,"(0.0, 7.0]",NY,EXPANDING,1,15,1,0,0,0,0
2025-06,"(0.0, 7.0]",NY,STABLE,1,15,60,8,4,4,0
2025-06,"(0.0, 7.0]",NY-Asia,CONTRACTING,1,15,170,18,9,9,0
2025-06,"(0.0, 7.0]",NY-Asia,EXPANDING,1,15,36,5,3,2,0
2025-06,"(0.0, 7.0]",NY-Asia,STABLE,1,15,345,49,31,18,0
2025-06,"(7.0, 10.0]",Asia,CONTRACTING,1,15,144,15,11,4,0
2025-06,"(7.0, 10.0]",Asia,EXPANDING,1,15,190,18,12,6,0
2025-06,"(7.0, 10.0]",Asia,STABLE,1,15,294,33,14,19,0
2025-06,"(7.0, 10.0]",Asia,unclassified,1,15,67,15,10,5,0
2025-06,"(7.0, 10.0]",Asia-London,CONTRACTING,1,15,5,0,0,0,0
2025-06,"(7.0, 10.0]",Asia-London,EXPANDING,1,15,70,3,0,3,0
2025-06,"(7.0, 10.0]",Asia-London,STABLE,1,15,54,3,1,2,0
2025-06,"(7.0, 10.0]",London,CONTRACTING,1,15,94,11,8,3,0
2025-06,"(7.0, 10.0]",London,EXPANDING,1,15,117,10,7,3,0
2025-06,"(7.0, 10.0]",London,STABLE,1,15,428,39,16,23,0
2025-06,"(7.0, 10.0]",London-NY,CONTRACTING,1,15,4,1,0,1,0
2025-06,"(7.0, 10.0]",London-NY,EXPANDING,1,15,74,12,3,9,0
2025-06,"(7.0, 10.0]",London-NY,STABLE,1,15,71,8,3,5,0
2025-06,"(7.0, 10.0]",NY,CONTRACTING,1,15,159,25,19,6,0
2025-06,"(7.0, 10.0]",NY,EXPANDING,1,15,6,1,1,0,0
2025-06,"(7.0, 10.0]",NY,STABLE,1,15,134,16,8,8,0
2025-06,"(7.0, 10.0]",NY-Asia,CONTRACTING,1,15,42,10,3,7,0
2025-06,"(7.0, 10.0]",NY-Asia,EXPANDING,1,15,61,5,4,1,0
2025-06,"(7.0, 10.0]",NY-Asia,STABLE,1,15,81,9,2,7,0
2025-06,"(10.0, 14.0]",Asia,CONTRACTING,1,15,45,3,1,2,0
2025-06,"(10.0, 14.0]",Asia,EXPANDING,1,15,120,13,6,7,0
2025-06,"(10.0, 14.0]",Asia,STABLE,1,15,161,18,10,8,0
2025-06,"(10.0, 14.0]",Asia,unclassified,1,15,18,1,0,1,0
2025-06,"(10.0, 14.0]",Asia-London,EXPANDING,1,15,55,2,2,0,0
2025-06,"(10.0, 14.0]",Asia-London,STABLE,1,15,25,4,1,3,0
2025-06,"(10.0, 14.0]",London,CONTRACTING,1,15,22,1,0,1,0
2025-06,"(10.0, 14.0]",London,EXPANDING,1,15,71,10,5,5,0
2025-06,"(10.0, 14.0]",London,STABLE,1,15,138,17,13,4,0
2025-06,"(10.0, 14.0]",London-NY,EXPANDING,1,15,94,11,6,5,0
2025-06,"(10.0, 14.0]",London-NY,STABLE,1,15,55,7,2,5,0
2025-06,"(10.0, 14.0]",NY,CONTRACTING,1,15,106,8,5,3,0
2025-06,"(10.0, 14.0]",NY,EXPANDING,1,15,43,4,4,0,0
2025-06,"(10.0, 14.0]",NY,STABLE,1,15,120,9,4,5,0
2025-06,"(10.0, 14.0]",NY-Asia,CONTRACTING,1,15,6,0,0,0,0
2025-06,"(10.0, 14.0]",NY-Asia,EXPANDING,1,15,12,2,2,0,0
2025-06,"(10.0, 14.0]",NY-Asia,STABLE,1,15,8,1,1,0,0
2025-06,"(14.0, inf]",Asia,CONTRACTING,1,15,12,1,0,1,0
2025-06,"(14.0, inf]",Asia,EXPANDING,1,15,40,3,1,2,0
2025-06,"(14.0, inf]",Asia,STABLE,1,15,14,4,2,2,0
2025-06,"(14.0, inf]",Asia,unclassified,1,15,44,7,2,5,0
2025-06,"(14.0, inf]",Asia-London,EXPANDING,1,15,14,2,0,2,0
2025-06,"(14.0, inf]",London,EXPANDING,1,15,20,3,2,1,0
2025-06,"(14.0, inf]",London,STABLE,1,15,3,0,0,0,0
2025-06,"(14.0, inf]",London-NY,EXPANDING,1,15,65,4,3,1,0
2025-06,"(14.0, inf]",London-NY,STABLE,1,15,6,0,0,0,0
2025-06,"(14.0, inf]",NY,CONTRACTING,1,15,28,4,4,0,0
2025-06,"(14.0, inf]",NY,EXPANDING,1,15,113,9,4,5,0
2025-06,"(14.0, inf]",NY,STABLE,1,15,132,6,2,4,0
2025-06,"(14.0, inf]",NY-Asia,EXPANDING,1,15,19,2,2,0,0
2025-06,"(14.0, inf]",NY-Asia,STABLE,1,15,9,1,1,0,0
2025-06,unclassified,Asia,unclassified,1,15,110,13,6,7,0
2025-06,"(0.0, 7.0]",Asia,CONTRACTING,1,30,226,3,3,0,0
2025-06,"(0.0, 7.0]",Asia,EXPANDING,1,30,74,3,3,0,0
2025-06,"(0.0, 7.0]",Asia,STABLE,1,30,363,15,10,5,0
2025-06,"(0.0, 7.0]",Asia,unclassified,1,30,113,4,1,3,0
2025-06,"(0.0, 7.0]",Asia-London,EXPANDING,1,30,13,0,0,0,0
2025-06,"(0.0, 7.0]",Asia-London,STABLE,1,30,16,0,0,0,0
2025-06,"(0.0, 7.0]",London,CONTRACTING,1,30,145,0,0,0,0
2025-06,"(0.0, 7.0]",London,EXPANDING,1,30,12,0,0,0,0
2025-06,"(0.0, 7.0]",London,STABLE,1,30,210,3,1,2,0
2025-06,"(0.0, 7.0]",London-NY,CONTRACTING,1,30,4,0,0,0,0
2025-06,"(0.0, 7.0]",London-NY,EXPANDING,1,30,2,0,0,0,0
2025-06,"(0.0, 7.0]",London-NY,STABLE,1,30,3,0,0,0,0
2025-06,"(0.0, 7.0]",NY,CONTRACTING,1,30,106,0,0,0,0
2025-06,"(0.0, 7.0]",NY,EXPANDING,1,30,1,0,0,0,0
2025-06,"(0.0, 7.0]",NY,STABLE,1,30,60,0,0,0,0
2025-06,"(0.0, 7.0]",NY-Asia,CONTRACTING,1,30,163,1,1,0,0
2025-06,"(0.0, 7.0]",NY-Asia,EXPANDING,1,30,31,2,1,1,0
2025-06,"(0.0, 7.0]",NY-Asia,STABLE,1,30,303,5,3,2,0
2025-06,"(7.0, 10.0]",Asia,CONTRACTING,1,30,144,0,0,0,0
2025-06,"(7.0, 10.0]",Asia,EXPANDING,1,30,189,3,2,1,0
2025-06,"(7.0, 10.0]",Asia,STABLE,1,30,294,5,4,1,0
2025-06,"(7.0, 10.0]",Asia,unclassified,1,30,67,5,4,1,0
2025-06,"(7.0, 10.0]",Asia-London,CONTRACTING,1,30,5,0,0,0,0
2025-06,"(7.0, 10.0]",Asia-London,EXPANDING,1,30,70,0,0,0,0
2025-06,"(7.0, 10.0]",Asia-London,STABLE,1,30,54,0,0,0,0
2025-06,"(7.0, 10.0]",London,CONTRACTING,1,30,94,0,0,0,0
2025-06,"(7.0, 10.0]",London,EXPANDING,1,30,117,4,3,1,0
2025-06,"(7.0, 10.0]",London,STABLE,1,30,428,10,2,8,0
2025-06,"(7.0, 10.0]",London-NY,CONTRACTING,1,30,4,0,0,0,0
2025-06,"(7.0, 10.0]",London-NY,EXPANDING,1,30,74,2,0,2,0
2025-06,"(7.0, 10.0]",London-NY,STABLE,1,30,71,1,0,1,0
2025-06,"(7.0, 10.0]",NY,CONTRACTING,1,30,159,6,4,2,0
2025-06,"(7.0, 10.0]",NY,EXPANDING,1,30,6,0,0,0,0
2025-06,"(7.0, 10.0]",NY,STABLE,1,30,134,3,2,1,0
2025-06,"(7.0, 10.0]",NY-Asia,CONTRACTING,1,30,40,3,1,2,0
2025-06,"(7.0, 10.0]",NY-Asia,EXPANDING,1,30,57,2,2,0,0
2025-06,"(7.0, 10.0]",NY-Asia,STABLE,1,30,79,1,1,0,0
2025-06,"(10.0, 14.0]",Asia,CONTRACTING,1,30,45,0,0,0,0
2025-06,"(10.0, 14.0]",Asia,EXPANDING,1,30,120,3,0,3,0
2025-06,"(10.0, 14.0]",Asia,STABLE,1,30,161,6,5,1,0
2025-06,"(10.0, 14.0]",Asia,unclassified,1,30,18,0,0,0,0
2025-06,"(10.0, 14.0]",Asia-London,EXPANDING,1,30,55,1,1,0,0
2025-06,"(10.0, 14.0]",Asia-London,STABLE,1,30,25,0,0,0,0
2025-06,"(10.0, 14.0]",London,CONTRACTING,1,30,22,0,0,0,0
2025-06,"(10.0, 14.0]",London,EXPANDING,1,30,71,1,1,0,0
2025-06,"(10.0, 14.0]",London,STABLE,1,30,138,1,1,0,0
2025-06,"(10.0, 14.0]",London-NY,EXPANDING,1,30,94,0,0,0,0
2025-06,"(10.0, 14.0]",London-NY,STABLE,1,30,55,0,0,0,0
2025-06,"(10.0, 14.0]",NY,CONTRACTING,1,30,106,0,0,0,0
2025-06,"(10.0, 14.0]",NY,EXPANDING,1,30,43,0,0,0,0
2025-06,"(10.0, 14.0]",NY,STABLE,1,30,120,1,0,1,0
2025-06,"(10.0, 14.0]",NY-Asia,CONTRACTING,1,30,5,0,0,0,0
2025-06,"(10.0, 14.0]",NY-Asia,EXPANDING,1,30,12,0,0,0,0
2025-06,"(10.0, 14.0]",NY-Asia,STABLE,1,30,8,0,0,0,0
2025-06,"(14.0, inf]",Asia,CONTRACTING,1,30,12,0,0,0,0
2025-06,"(14.0, inf]",Asia,EXPANDING,1,30,40,1,0,1,0
2025-06,"(14.0, inf]",Asia,STABLE,1,30,14,0,0,0,0
2025-06,"(14.0, inf]",Asia,unclassified,1,30,44,1,0,1,0
2025-06,"(14.0, inf]",Asia-London,EXPANDING,1,30,14,0,0,0,0
2025-06,"(14.0, inf]",London,EXPANDING,1,30,20,0,0,0,0
2025-06,"(14.0, inf]",London,STABLE,1,30,3,0,0,0,0
2025-06,"(14.0, inf]",London-NY,EXPANDING,1,30,65,0,0,0,0
2025-06,"(14.0, inf]",London-NY,STABLE,1,30,6,0,0,0,0
2025-06,"(14.0, inf]",NY,CONTRACTING,1,30,28,1,1,0,0
2025-06,"(14.0, inf]",NY,EXPANDING,1,30,113,1,1,0,0
2025-06,"(14.0, inf]",NY,STABLE,1,30,132,1,0,1,0
2025-06,"(14.0, inf]",NY-Asia,EXPANDING,1,30,19,0,0,0,0
2025-06,"(14.0, inf]",NY-Asia,STABLE,1,30,9,0,0,0,0
2025-06,unclassified,Asia,unclassified,1,30,110,5,3,2,0
2025-06,"(0.0, 7.0]",Asia,CONTRACTING,1,60,226,1,0,1,0
2025-06,"(0.0, 7.0]",Asia,EXPANDING,1,60,72,0,0,0,0
2025-06,"(0.0, 7.0]",Asia,STABLE,1,60,363,0,0,0,0
2025-06,"(0.0, 7.0]",Asia,unclassified,1,60,110,0,0,0,0
2025-06,"(0.0, 7.0]",Asia-London,EXPANDING,1,60,13,0,0,0,0
2025-06,"(0.0, 7.0]",Asia-London,STABLE,1,60,16,0,0,0,0
2025-06,"(0.0, 7.0]",London,CONTRACTING,1,60,145,0,0,0,0
2025-06,"(0.0, 7.0]",London,EXPANDING,1,60,12,0,0,0,0
2025-06,"(0.0, 7.0]",London,STABLE,1,60,210,1,0,1,0
2025-06,"(0.0, 7.0]",London-NY,CONTRACTING,1,60,4,0,0,0,0
2025-06,"(0.0, 7.0]",London-NY,EXPANDING,1,60,2,0,0,0,0
2025-06,"(0.0, 7.0]",London-NY,STABLE,1,60,3,0,0,0,0
2025-06,"(0.0, 7.0]",NY,CONTRACTING,1,60,106,0,0,0,0
2025-06,"(0.0, 7.0]",NY,EXPANDING,1,60,1,0,0,0,0
2025-06,"(0.0, 7.0]",NY,STABLE,1,60,60,0,0,0,0
2025-06,"(0.0, 7.0]",NY-Asia,CONTRACTING,1,60,142,1,1,0,0
2025-06,"(0.0, 7.0]",NY-Asia,EXPANDING,1,60,12,0,0,0,0
2025-06,"(0.0, 7.0]",NY-Asia,STABLE,1,60,244,1,1,0,0
2025-06,"(7.0, 10.0]",Asia,CONTRACTING,1,60,144,0,0,0,0
2025-06,"(7.0, 10.0]",Asia,EXPANDING,1,60,189,0,0,0,0
2025-06,"(7.0, 10.0]",Asia,STABLE,1,60,294,0,0,0,0
2025-06,"(7.0, 10.0]",Asia,unclassified,1,60,66,1,1,0,0
2025-06,"(7.0, 10.0]",Asia-London,CONTRACTING,1,60,5,0,0,0,0
2025-06,"(7.0, 10.0]",Asia-London,EXPANDING,1,60,70,0,0,0,0
2025-06,"(7.0, 10.0]",Asia-London,STABLE,1,60,54,0,0,0,0
2025-06,"(7.0, 10.0]",London,CONTRACTING,1,60,94,0,0,0,0
2025-06,"(7.0, 10.0]",London,EXPANDING,1,60,117,0,0,0,0
2025-06,"(7.0, 10.0]",London,STABLE,1,60,428,0,0,0,0
2025-06,"(7.0, 10.0]",London-NY,CONTRACTING,1,60,4,0,0,0,0
2025-06,"(7.0, 10.0]",London-NY,EXPANDING,1,60,74,0,0,0,0
2025-06,"(7.0, 10.0]",London-NY,STABLE,1,60,71,0,0,0,0
2025-06,"(7.0, 10.0]",NY,CONTRACTING,1,60,159,2,2,0,0
2025-06,"(7.0, 10.0]",NY,EXPANDING,1,60,6,0,0,0,0
2025-06,"(7.0, 10.0]",NY,STABLE,1,60,134,0,0,0,0
2025-06,"(7.0, 10.0]",NY-Asia,CONTRACTING,1,60,37,0,0,0,0
2025-06,"(7.0, 10.0]",NY-Asia,EXPANDING,1,60,50,0,0,0,0
2025-06,"(7.0, 10.0]",NY-Asia,STABLE,1,60,68,1,1,0,0
2025-06,"(10.0, 14.0]",Asia,CONTRACTING,1,60,45,0,0,0,0
2025-06,"(10.0, 14.0]",Asia,EXPANDING,1,60,120,0,0,0,0
2025-06,"(10.0, 14.0]",Asia,STABLE,1,60,161,1,1,0,0
2025-06,"(10.0, 14.0]",Asia,unclassified,1,60,18,0,0,0,0
2025-06,"(10.0, 14.0]",Asia-London,EXPANDING,1,60,55,0,0,0,0
2025-06,"(10.0, 14.0]",Asia-London,STABLE,1,60,25,0,0,0,0
2025-06,"(10.0, 14.0]",London,CONTRACTING,1,60,22,0,0,0,0
2025-06,"(10.0, 14.0]",London,EXPANDING,1,60,71,0,0,0,0
2025-06,"(10.0, 14.0]",London,STABLE,1,60,138,0,0,0,0
2025-06,"(10.0, 14.0]",London-NY,EXPANDING,1,60,94,0,0,0,0
2025-06,"(10.0, 14.0]",London-NY,STABLE,1,60,55,0,0,0,0
2025-06,"(10.0, 14.0]",NY,CONTRACTING,1,60,106,0,0,0,0
2025-06,"(10.0, 14.0]",NY,EXPANDING,1,60,43,0,0,0,0
2025-06,"(10.0, 14.0]",NY,STABLE,1,60,120,0,0,0,0
2025-06,"(10.0, 14.0]",NY-Asia,CONTRACTING,1,60,4,0,0,0,0
2025-06,"(10.0, 14.0]",NY-Asia,EXPANDING,1,60,12,0,0,0,0
2025-06,"(10.0, 14.0]",NY-Asia,STABLE,1,60,8,0,0,0,0
2025-06,"(14.0, inf]",Asia,CONTRACTING,1,60,12,0,0,0,0
2025-06,"(14.0, inf]",Asia,EXPANDING,1,60,40,0,0,0,0
2025-06,"(14.0, inf]",Asia,STABLE,1,60,14,0,0,0,0
2025-06,"(14.0, inf]",Asia,unclassified,1,60,44,0,0,0,0
2025-06,"(14.0, inf]",Asia-London,EXPANDING,1,60,14,0,0,0,0
2025-06,"(14.0, inf]",London,EXPANDING,1,60,20,0,0,0,0
2025-06,"(14.0, inf]",London,STABLE,1,60,3,0,0,0,0
2025-06,"(14.0, inf]",London-NY,EXPANDING,1,60,65,0,0,0,0
2025-06,"(14.0, inf]",London-NY,STABLE,1,60,6,0,0,0,0
2025-06,"(14.0, inf]",NY,CONTRACTING,1,60,28,0,0,0,0
2025-06,"(14.0, inf]",NY,EXPANDING,1,60,113,0,0,0,0
2025-06,"(14.0, inf]",NY,STABLE,1,60,132,0,0,0,0
2025-06,"(14.0, inf]",NY-Asia,EXPANDING,1,60,18,0,0,0,0
2025-06,"(14.0, inf]",NY-Asia,STABLE,1,60,5,0,0,0,0
2025-06,unclassified,Asia,unclassified,1,60,110,2,1,1,0
2025-06,"(0.0, 7.0]",Asia,CONTRACTING,-1,15,226,15,8,7,0
2025-06,"(0.0, 7.0]",Asia,EXPANDING,-1,15,75,6,2,4,0
2025-06,"(0.0, 7.0]",Asia,STABLE,-1,15,364,46,20,26,0
2025-06,"(0.0, 7.0]",Asia,unclassified,-1,15,113,14,8,6,0
2025-06,"(0.0, 7.0]",Asia-London,EXPANDING,-1,15,13,2,1,1,0
2025-06,"(0.0, 7.0]",Asia-London,STABLE,-1,15,16,0,0,0,0
2025-06,"(0.0, 7.0]",London,CONTRACTING,-1,15,145,16,4,12,0
2025-06,"(0.0, 7.0]",London,EXPANDING,-1,15,12,1,0,1,0
2025-06,"(0.0, 7.0]",London,STABLE,-1,15,210,18,7,11,0
2025-06,"(0.0, 7.0]",London-NY,CONTRACTING,-1,15,4,0,0,0,0
2025-06,"(0.0, 7.0]",London-NY,EXPANDING,-1,15,2,1,0,1,0
2025-06,"(0.0, 7.0]",London-NY,STABLE,-1,15,3,0,0,0,0
2025-06,"(0.0, 7.0]",NY,CONTRACTING,-1,15,106,9,6,3,0
2025-06,"(0.0, 7.0]",NY,EXPANDING,-1,15,1,0,0,0,0
2025-06,"(0.0, 7.0]",NY,STABLE,-1,15,60,8,4,4,0
2025-06,"(0.0, 7.0]",NY-Asia,CONTRACTING,-1,15,170,18,9,9,0
2025-06,"(0.0, 7.0]",NY-Asia,EXPANDING,-1,15,36,5,2,3,0
2025-06,"(0.0, 7.0]",NY-Asia,STABLE,-1,15,345,49,18,31,0
2025-06,"(7.0, 10.0]",Asia,CONTRACTING,-1,15,144,15,4,11,0
2025-06,"(7.0, 10.0]",Asia,EXPANDING,-1,15,190,18,6,12,0
2025-06,"(7.0, 10.0]",Asia,STABLE,-1,15,294,33,19,14,0
2025-06,"(7.0, 10.0]",Asia,unclassified,-1,15,67,15,5,10,0
2025-06,"(7.0, 10.0]",Asia-London,CONTRACTING,-1,15,5,0,0,0,0
2025-06,"(7.0, 10.0]",Asia-London,EXPANDING,-1,15,70,3,3,0,0
2025-06,"(7.0, 10.0]",Asia-London,STABLE,-1,15,54,3,2,1,0
2025-06,"(7.0, 10.0]",London,CONTRACTING,-1,15,94,11,3,8,0
2025-06,"(7.0, 10.0]",London,EXPANDING,-1,15,117,10,3,7,0
2025-06,"(7.0, 10.0]",London,STABLE,-1,15,428,39,23,16,0
2025-06,"(7.0, 10.0]",London-NY,CONTRACTING,-1,15,4,1,1,0,0
2025-06,"(7.0, 10.0]",London-NY,EXPANDING,-1,15,74,12,9,3,0
2025-06,"(7.0, 10.0]",London-NY,STABLE,-1,15,71,8,5,3,0
2025-06,"(7.0, 10.0]",NY,CONTRACTING,-1,15,159,25,6,19,0
2025-06,"(7.0, 10.0]",NY,EXPANDING,-1,15,6,1,0,1,0
2025-06,"(7.0, 10.0]",NY,STABLE,-1,15,134,16,8,8,0
2025-06,"(7.0, 10.0]",NY-Asia,CONTRACTING,-1,15,42,10,7,3,0
2025-06,"(7.0, 10.0]",NY-Asia,EXPANDING,-1,15,61,5,1,4,0
2025-06,"(7.0, 10.0]",NY-Asia,STABLE,-1,15,81,9,7,2,0
2025-06,"(10.0, 14.0]",Asia,CONTRACTING,-1,15,45,3,2,1,0
2025-06,"(10.0, 14.0]",Asia,EXPANDING,-1,15,120,13,7,6,0
2025-06,"(10.0, 14.0]",Asia,STABLE,-1,15,161,18,8,10,0
2025-06,"(10.0, 14.0]",Asia,unclassified,-1,15,18,1,1,0,0
2025-06,"(10.0, 14.0]",Asia-London,EXPANDING,-1,15,55,2,0,2,0
2025-06,"(10.0, 14.0]",Asia-London,STABLE,-1,15,25,4,3,1,0
2025-06,"(10.0, 14.0]",London,CONTRACTING,-1,15,22,1,1,0,0
2025-06,"(10.0, 14.0]",London,EXPANDING,-1,15,71,10,5,5,0
2025-06,"(10.0, 14.0]",London,STABLE,-1,15,138,17,4,13,0
2025-06,"(10.0, 14.0]",London-NY,EXPANDING,-1,15,94,11,5,6,0
2025-06,"(10.0, 14.0]",London-NY,STABLE,-1,15,55,7,5,2,0
2025-06,"(10.0, 14.0]",NY,CONTRACTING,-1,15,106,8,3,5,0
2025-06,"(10.0, 14.0]",NY,EXPANDING,-1,15,43,4,0,4,0
2025-06,"(10.0, 14.0]",NY,STABLE,-1,15,120,9,5,4,0
2025-06,"(10.0, 14.0]",NY-Asia,CONTRACTING,-1,15,6,0,0,0,0
2025-06,"(10.0, 14.0]",NY-Asia,EXPANDING,-1,15,12,2,0,2,0
2025-06,"(10.0, 14.0]",NY-Asia,STABLE,-1,15,8,1,0,1,0
2025-06,"(14.0, inf]",Asia,CONTRACTING,-1,15,12,1,1,0,0
2025-06,"(14.0, inf]",Asia,EXPANDING,-1,15,40,3,2,1,0
2025-06,"(14.0, inf]",Asia,STABLE,-1,15,14,4,2,2,0
2025-06,"(14.0, inf]",Asia,unclassified,-1,15,44,7,5,2,0
2025-06,"(14.0, inf]",Asia-London,EXPANDING,-1,15,14,2,2,0,0
2025-06,"(14.0, inf]",London,EXPANDING,-1,15,20,3,1,2,0
2025-06,"(14.0, inf]",London,STABLE,-1,15,3,0,0,0,0
2025-06,"(14.0, inf]",London-NY,EXPANDING,-1,15,65,4,1,3,0
2025-06,"(14.0, inf]",London-NY,STABLE,-1,15,6,0,0,0,0
2025-06,"(14.0, inf]",NY,CONTRACTING,-1,15,28,4,0,4,0
2025-06,"(14.0, inf]",NY,EXPANDING,-1,15,113,9,5,4,0
2025-06,"(14.0, inf]",NY,STABLE,-1,15,132,6,4,2,0
2025-06,"(14.0, inf]",NY-Asia,EXPANDING,-1,15,19,2,0,2,0
2025-06,"(14.0, inf]",NY-Asia,STABLE,-1,15,9,1,0,1,0
2025-06,unclassified,Asia,unclassified,-1,15,110,13,7,6,0
2025-06,"(0.0, 7.0]",Asia,CONTRACTING,-1,30,226,3,0,3,0
2025-06,"(0.0, 7.0]",Asia,EXPANDING,-1,30,74,3,0,3,0
2025-06,"(0.0, 7.0]",Asia,STABLE,-1,30,363,15,5,10,0
2025-06,"(0.0, 7.0]",Asia,unclassified,-1,30,113,4,3,1,0
2025-06,"(0.0, 7.0]",Asia-London,EXPANDING,-1,30,13,0,0,0,0
2025-06,"(0.0, 7.0]",Asia-London,STABLE,-1,30,16,0,0,0,0
2025-06,"(0.0, 7.0]",London,CONTRACTING,-1,30,145,0,0,0,0
2025-06,"(0.0, 7.0]",London,EXPANDING,-1,30,12,0,0,0,0
2025-06,"(0.0, 7.0]",London,STABLE,-1,30,210,3,2,1,0
2025-06,"(0.0, 7.0]",London-NY,CONTRACTING,-1,30,4,0,0,0,0
2025-06,"(0.0, 7.0]",London-NY,EXPANDING,-1,30,2,0,0,0,0
2025-06,"(0.0, 7.0]",London-NY,STABLE,-1,30,3,0,0,0,0
2025-06,"(0.0, 7.0]",NY,CONTRACTING,-1,30,106,0,0,0,0
2025-06,"(0.0, 7.0]",NY,EXPANDING,-1,30,1,0,0,0,0
2025-06,"(0.0, 7.0]",NY,STABLE,-1,30,60,0,0,0,0
2025-06,"(0.0, 7.0]",NY-Asia,CONTRACTING,-1,30,163,1,0,1,0
2025-06,"(0.0, 7.0]",NY-Asia,EXPANDING,-1,30,31,2,1,1,0
2025-06,"(0.0, 7.0]",NY-Asia,STABLE,-1,30,303,5,2,3,0
2025-06,"(7.0, 10.0]",Asia,CONTRACTING,-1,30,144,0,0,0,0
2025-06,"(7.0, 10.0]",Asia,EXPANDING,-1,30,189,3,1,2,0
2025-06,"(7.0, 10.0]",Asia,STABLE,-1,30,294,5,1,4,0
2025-06,"(7.0, 10.0]",Asia,unclassified,-1,30,67,5,1,4,0
2025-06,"(7.0, 10.0]",Asia-London,CONTRACTING,-1,30,5,0,0,0,0
2025-06,"(7.0, 10.0]",Asia-London,EXPANDING,-1,30,70,0,0,0,0
2025-06,"(7.0, 10.0]",Asia-London,STABLE,-1,30,54,0,0,0,0
2025-06,"(7.0, 10.0]",London,CONTRACTING,-1,30,94,0,0,0,0
2025-06,"(7.0, 10.0]",London,EXPANDING,-1,30,117,4,1,3,0
2025-06,"(7.0, 10.0]",London,STABLE,-1,30,428,10,8,2,0
2025-06,"(7.0, 10.0]",London-NY,CONTRACTING,-1,30,4,0,0,0,0
2025-06,"(7.0, 10.0]",London-NY,EXPANDING,-1,30,74,2,2,0,0
2025-06,"(7.0, 10.0]",London-NY,STABLE,-1,30,71,1,1,0,0
2025-06,"(7.0, 10.0]",NY,CONTRACTING,-1,30,159,6,2,4,0
2025-06,"(7.0, 10.0]",NY,EXPANDING,-1,30,6,0,0,0,0
2025-06,"(7.0, 10.0]",NY,STABLE,-1,30,134,3,1,2,0
2025-06,"(7.0, 10.0]",NY-Asia,CONTRACTING,-1,30,40,3,2,1,0
2025-06,"(7.0, 10.0]",NY-Asia,EXPANDING,-1,30,57,2,0,2,0
2025-06,"(7.0, 10.0]",NY-Asia,STABLE,-1,30,79,1,0,1,0
2025-06,"(10.0, 14.0]",Asia,CONTRACTING,-1,30,45,0,0,0,0
2025-06,"(10.0, 14.0]",Asia,EXPANDING,-1,30,120,3,3,0,0
2025-06,"(10.0, 14.0]",Asia,STABLE,-1,30,161,6,1,5,0
2025-06,"(10.0, 14.0]",Asia,unclassified,-1,30,18,0,0,0,0
2025-06,"(10.0, 14.0]",Asia-London,EXPANDING,-1,30,55,1,0,1,0
2025-06,"(10.0, 14.0]",Asia-London,STABLE,-1,30,25,0,0,0,0
2025-06,"(10.0, 14.0]",London,CONTRACTING,-1,30,22,0,0,0,0
2025-06,"(10.0, 14.0]",London,EXPANDING,-1,30,71,1,0,1,0
2025-06,"(10.0, 14.0]",London,STABLE,-1,30,138,1,0,1,0
2025-06,"(10.0, 14.0]",London-NY,EXPANDING,-1,30,94,0,0,0,0
2025-06,"(10.0, 14.0]",London-NY,STABLE,-1,30,55,0,0,0,0
2025-06,"(10.0, 14.0]",NY,CONTRACTING,-1,30,106,0,0,0,0
2025-06,"(10.0, 14.0]",NY,EXPANDING,-1,30,43,0,0,0,0
2025-06,"(10.0, 14.0]",NY,STABLE,-1,30,120,1,1,0,0
2025-06,"(10.0, 14.0]",NY-Asia,CONTRACTING,-1,30,5,0,0,0,0
2025-06,"(10.0, 14.0]",NY-Asia,EXPANDING,-1,30,12,0,0,0,0
2025-06,"(10.0, 14.0]",NY-Asia,STABLE,-1,30,8,0,0,0,0
2025-06,"(14.0, inf]",Asia,CONTRACTING,-1,30,12,0,0,0,0
2025-06,"(14.0, inf]",Asia,EXPANDING,-1,30,40,1,1,0,0
2025-06,"(14.0, inf]",Asia,STABLE,-1,30,14,0,0,0,0
2025-06,"(14.0, inf]",Asia,unclassified,-1,30,44,1,1,0,0
2025-06,"(14.0, inf]",Asia-London,EXPANDING,-1,30,14,0,0,0,0
2025-06,"(14.0, inf]",London,EXPANDING,-1,30,20,0,0,0,0
2025-06,"(14.0, inf]",London,STABLE,-1,30,3,0,0,0,0
2025-06,"(14.0, inf]",London-NY,EXPANDING,-1,30,65,0,0,0,0
2025-06,"(14.0, inf]",London-NY,STABLE,-1,30,6,0,0,0,0
2025-06,"(14.0, inf]",NY,CONTRACTING,-1,30,28,1,0,1,0
2025-06,"(14.0, inf]",NY,EXPANDING,-1,30,113,1,0,1,0
2025-06,"(14.0, inf]",NY,STABLE,-1,30,132,1,1,0,0
2025-06,"(14.0, inf]",NY-Asia,EXPANDING,-1,30,19,0,0,0,0
2025-06,"(14.0, inf]",NY-Asia,STABLE,-1,30,9,0,0,0,0
2025-06,unclassified,Asia,unclassified,-1,30,110,5,2,3,0
2025-06,"(0.0, 7.0]",Asia,CONTRACTING,-1,60,226,1,1,0,0
2025-06,"(0.0, 7.0]",Asia,EXPANDING,-1,60,72,0,0,0,0
2025-06,"(0.0, 7.0]",Asia,STABLE,-1,60,363,0,0,0,0
2025-06,"(0.0, 7.0]",Asia,unclassified,-1,60,110,0,0,0,0
2025-06,"(0.0, 7.0]",Asia-London,EXPANDING,-1,60,13,0,0,0,0
2025-06,"(0.0, 7.0]",Asia-London,STABLE,-1,60,16,0,0,0,0
2025-06,"(0.0, 7.0]",London,CONTRACTING,-1,60,145,0,0,0,0
2025-06,"(0.0, 7.0]",London,EXPANDING,-1,60,12,0,0,0,0
2025-06,"(0.0, 7.0]",London,STABLE,-1,60,210,1,1,0,0
2025-06,"(0.0, 7.0]",London-NY,CONTRACTING,-1,60,4,0,0,0,0
2025-06,"(0.0, 7.0]",London-NY,EXPANDING,-1,60,2,0,0,0,0
2025-06,"(0.0, 7.0]",London-NY,STABLE,-1,60,3,0,0,0,0
2025-06,"(0.0, 7.0]",NY,CONTRACTING,-1,60,106,0,0,0,0
2025-06,"(0.0, 7.0]",NY,EXPANDING,-1,60,1,0,0,0,0
2025-06,"(0.0, 7.0]",NY,STABLE,-1,60,60,0,0,0,0
2025-06,"(0.0, 7.0]",NY-Asia,CONTRACTING,-1,60,142,1,0,1,0
2025-06,"(0.0, 7.0]",NY-Asia,EXPANDING,-1,60,12,0,0,0,0
2025-06,"(0.0, 7.0]",NY-Asia,STABLE,-1,60,244,1,0,1,0
2025-06,"(7.0, 10.0]",Asia,CONTRACTING,-1,60,144,0,0,0,0
2025-06,"(7.0, 10.0]",Asia,EXPANDING,-1,60,189,0,0,0,0
2025-06,"(7.0, 10.0]",Asia,STABLE,-1,60,294,0,0,0,0
2025-06,"(7.0, 10.0]",Asia,unclassified,-1,60,66,1,0,1,0
2025-06,"(7.0, 10.0]",Asia-London,CONTRACTING,-1,60,5,0,0,0,0
2025-06,"(7.0, 10.0]",Asia-London,EXPANDING,-1,60,70,0,0,0,0
2025-06,"(7.0, 10.0]",Asia-London,STABLE,-1,60,54,0,0,0,0
2025-06,"(7.0, 10.0]",London,CONTRACTING,-1,60,94,0,0,0,0
2025-06,"(7.0, 10.0]",London,EXPANDING,-1,60,117,0,0,0,0
2025-06,"(7.0, 10.0]",London,STABLE,-1,60,428,0,0,0,0
2025-06,"(7.0, 10.0]",London-NY,CONTRACTING,-1,60,4,0,0,0,0
2025-06,"(7.0, 10.0]",London-NY,EXPANDING,-1,60,74,0,0,0,0
2025-06,"(7.0, 10.0]",London-NY,STABLE,-1,60,71,0,0,0,0
2025-06,"(7.0, 10.0]",NY,CONTRACTING,-1,60,159,2,0,2,0
2025-06,"(7.0, 10.0]",NY,EXPANDING,-1,60,6,0,0,0,0
2025-06,"(7.0, 10.0]",NY,STABLE,-1,60,134,0,0,0,0
2025-06,"(7.0, 10.0]",NY-Asia,CONTRACTING,-1,60,37,0,0,0,0
2025-06,"(7.0, 10.0]",NY-Asia,EXPANDING,-1,60,50,0,0,0,0
2025-06,"(7.0, 10.0]",NY-Asia,STABLE,-1,60,68,1,0,1,0
2025-06,"(10.0, 14.0]",Asia,CONTRACTING,-1,60,45,0,0,0,0
2025-06,"(10.0, 14.0]",Asia,EXPANDING,-1,60,120,0,0,0,0
2025-06,"(10.0, 14.0]",Asia,STABLE,-1,60,161,1,0,1,0
2025-06,"(10.0, 14.0]",Asia,unclassified,-1,60,18,0,0,0,0
2025-06,"(10.0, 14.0]",Asia-London,EXPANDING,-1,60,55,0,0,0,0
2025-06,"(10.0, 14.0]",Asia-London,STABLE,-1,60,25,0,0,0,0
2025-06,"(10.0, 14.0]",London,CONTRACTING,-1,60,22,0,0,0,0
2025-06,"(10.0, 14.0]",London,EXPANDING,-1,60,71,0,0,0,0
2025-06,"(10.0, 14.0]",London,STABLE,-1,60,138,0,0,0,0
2025-06,"(10.0, 14.0]",London-NY,EXPANDING,-1,60,94,0,0,0,0
2025-06,"(10.0, 14.0]",London-NY,STABLE,-1,60,55,0,0,0,0
2025-06,"(10.0, 14.0]",NY,CONTRACTING,-1,60,106,0,0,0,0
2025-06,"(10.0, 14.0]",NY,EXPANDING,-1,60,43,0,0,0,0
2025-06,"(10.0, 14.0]",NY,STABLE,-1,60,120,0,0,0,0
2025-06,"(10.0, 14.0]",NY-Asia,CONTRACTING,-1,60,4,0,0,0,0
2025-06,"(10.0, 14.0]",NY-Asia,EXPANDING,-1,60,12,0,0,0,0
2025-06,"(10.0, 14.0]",NY-Asia,STABLE,-1,60,8,0,0,0,0
2025-06,"(14.0, inf]",Asia,CONTRACTING,-1,60,12,0,0,0,0
2025-06,"(14.0, inf]",Asia,EXPANDING,-1,60,40,0,0,0,0
2025-06,"(14.0, inf]",Asia,STABLE,-1,60,14,0,0,0,0
2025-06,"(14.0, inf]",Asia,unclassified,-1,60,44,0,0,0,0
2025-06,"(14.0, inf]",Asia-London,EXPANDING,-1,60,14,0,0,0,0
2025-06,"(14.0, inf]",London,EXPANDING,-1,60,20,0,0,0,0
2025-06,"(14.0, inf]",London,STABLE,-1,60,3,0,0,0,0
2025-06,"(14.0, inf]",London-NY,EXPANDING,-1,60,65,0,0,0,0
2025-06,"(14.0, inf]",London-NY,STABLE,-1,60,6,0,0,0,0
2025-06,"(14.0, inf]",NY,CONTRACTING,-1,60,28,0,0,0,0
2025-06,"(14.0, inf]",NY,EXPANDING,-1,60,113,0,0,0,0
2025-06,"(14.0, inf]",NY,STABLE,-1,60,132,0,0,0,0
2025-06,"(14.0, inf]",NY-Asia,EXPANDING,-1,60,18,0,0,0,0
2025-06,"(14.0, inf]",NY-Asia,STABLE,-1,60,5,0,0,0,0
2025-06,unclassified,Asia,unclassified,-1,60,110,2,1,1,0
2025-07,"(0.0, 7.0]",Asia,CONTRACTING,1,15,381,37,18,19,0
2025-07,"(0.0, 7.0]",Asia,EXPANDING,1,15,245,29,20,9,0
2025-07,"(0.0, 7.0]",Asia,STABLE,1,15,752,84,48,36,0
2025-07,"(0.0, 7.0]",Asia,unclassified,1,15,212,27,17,10,0
2025-07,"(0.0, 7.0]",Asia-London,CONTRACTING,1,15,9,4,0,4,0
2025-07,"(0.0, 7.0]",Asia-London,EXPANDING,1,15,99,6,3,3,0
2025-07,"(0.0, 7.0]",Asia-London,STABLE,1,15,81,7,3,4,0
2025-07,"(0.0, 7.0]",London,CONTRACTING,1,15,224,24,12,12,0
2025-07,"(0.0, 7.0]",London,EXPANDING,1,15,98,5,3,2,0
2025-07,"(0.0, 7.0]",London,STABLE,1,15,666,58,28,30,0
2025-07,"(0.0, 7.0]",London-NY,CONTRACTING,1,15,4,0,0,0,0
2025-07,"(0.0, 7.0]",London-NY,EXPANDING,1,15,32,5,3,2,0
2025-07,"(0.0, 7.0]",London-NY,STABLE,1,15,48,8,3,5,0
2025-07,"(0.0, 7.0]",NY,CONTRACTING,1,15,212,24,8,16,0
2025-07,"(0.0, 7.0]",NY,EXPANDING,1,15,12,0,0,0,0
2025-07,"(0.0, 7.0]",NY,STABLE,1,15,102,16,10,6,0
2025-07,"(0.0, 7.0]",NY-Asia,CONTRACTING,1,15,269,29,11,18,0
2025-07,"(0.0, 7.0]",NY-Asia,EXPANDING,1,15,36,1,0,1,0
2025-07,"(0.0, 7.0]",NY-Asia,STABLE,1,15,483,50,26,24,0
2025-07,"(7.0, 10.0]",Asia,CONTRACTING,1,15,41,4,4,0,0
2025-07,"(7.0, 10.0]",Asia,EXPANDING,1,15,137,9,5,4,0
2025-07,"(7.0, 10.0]",Asia,STABLE,1,15,201,18,10,8,0
2025-07,"(7.0, 10.0]",Asia,unclassified,1,15,32,1,1,0,0
2025-07,"(7.0, 10.0]",Asia-London,EXPANDING,1,15,54,3,1,2,0
2025-07,"(7.0, 10.0]",Asia-London,STABLE,1,15,33,1,0,1,0
2025-07,"(7.0, 10.0]",London,CONTRACTING,1,15,20,2,0,2,0
2025-07,"(7.0, 10.0]",London,EXPANDING,1,15,136,7,4,3,0
2025-07,"(7.0, 10.0]",London,STABLE,1,15,214,23,11,12,0
2025-07,"(7.0, 10.0]",London-NY,CONTRACTING,1,15,3,1,0,1,0
2025-07,"(7.0, 10.0]",London-NY,EXPANDING,1,15,123,13,1,12,0
2025-07,"(7.0, 10.0]",London-NY,STABLE,1,15,72,7,3,4,0
2025-07,"(7.0, 10.0]",NY,CONTRACTING,1,15,177,17,11,6,0
2025-07,"(7.0, 10.0]",NY,EXPANDING,1,15,23,1,0,1,0
2025-07,"(7.0, 10.0]",NY,STABLE,1,15,122,12,8,4,0
2025-07,"(7.0, 10.0]",NY-Asia,CONTRACTING,1,15,28,4,1,3,0
2025-07,"(7.0, 10.0]",NY-Asia,EXPANDING,1,15,4,1,1,0,0
2025-07,"(7.0, 10.0]",NY-Asia,STABLE,1,15,6,1,1,0,0
2025-07,"(10.0, 14.0]",Asia,CONTRACTING,1,15,3,0,0,0,0
2025-07,"(10.0, 14.0]",Asia,EXPANDING,1,15,41,5,3,2,0
2025-07,"(10.0, 14.0]",Asia,STABLE,1,15,8,1,1,0,0
2025-07,"(10.0, 14.0]",Asia,unclassified,1,15,11,3,1,2,0
2025-07,"(10.0, 14.0]",London,EXPANDING,1,15,20,5,2,3,0
2025-07,"(10.0, 14.0]",London,STABLE,1,15,2,1,1,0,0
2025-07,"(10.0, 14.0]",London-NY,CONTRACTING,1,15,2,1,0,1,0
2025-07,"(10.0, 14.0]",London-NY,EXPANDING,1,15,90,6,1,5,0
2025-07,"(10.0, 14.0]",London-NY,STABLE,1,15,12,0,0,0,0
2025-07,"(10.0, 14.0]",NY,CONTRACTING,1,15,59,4,1,3,0
2025-07,"(10.0, 14.0]",NY,EXPANDING,1,15,84,5,4,1,0
2025-07,"(10.0, 14.0]",NY,STABLE,1,15,206,19,9,10,0
2025-07,"(10.0, 14.0]",NY-Asia,CONTRACTING,1,15,9,2,1,1,0
2025-07,"(10.0, 14.0]",NY-Asia,EXPANDING,1,15,8,0,0,0,0
2025-07,"(14.0, inf]",Asia,EXPANDING,1,15,11,0,0,0,0
2025-07,"(14.0, inf]",Asia,STABLE,1,15,1,0,0,0,0
2025-07,"(14.0, inf]",Asia,unclassified,1,15,9,1,1,0,0
2025-07,"(14.0, inf]",London-NY,EXPANDING,1,15,27,0,0,0,0
2025-07,"(14.0, inf]",London-NY,STABLE,1,15,1,0,0,0,0
2025-07,"(14.0, inf]",NY,CONTRACTING,1,15,6,1,0,1,0
2025-07,"(14.0, inf]",NY,EXPANDING,1,15,67,6,3,3,0
2025-07,"(14.0, inf]",NY,STABLE,1,15,25,0,0,0,0
2025-07,"(14.0, inf]",NY-Asia,EXPANDING,1,15,9,1,1,0,0
2025-07,"(14.0, inf]",NY-Asia,STABLE,1,15,6,0,0,0,0
2025-07,unclassified,Asia,unclassified,1,15,120,14,7,7,0
2025-07,"(0.0, 7.0]",Asia,CONTRACTING,1,30,381,11,5,6,0
2025-07,"(0.0, 7.0]",Asia,EXPANDING,1,30,245,5,4,1,0
2025-07,"(0.0, 7.0]",Asia,STABLE,1,30,749,15,7,8,0
2025-07,"(0.0, 7.0]",Asia,unclassified,1,30,212,7,5,2,0
2025-07,"(0.0, 7.0]",Asia-London,CONTRACTING,1,30,9,2,0,2,0
2025-07,"(0.0, 7.0]",Asia-London,EXPANDING,1,30,99,1,1,0,0
2025-07,"(0.0, 7.0]",Asia-London,STABLE,1,30,81,2,0,2,0
2025-07,"(0.0, 7.0]",London,CONTRACTING,1,30,224,2,0,2,0
2025-07,"(0.0, 7.0]",London,EXPANDING,1,30,98,4,2,2,0
2025-07,"(0.0, 7.0]",London,STABLE,1,30,666,7,3,4,0
2025-07,"(0.0, 7.0]",London-NY,CONTRACTING,1,30,4,0,0,0,0
2025-07,"(0.0, 7.0]",London-NY,EXPANDING,1,30,32,0,0,0,0
2025-07,"(0.0, 7.0]",London-NY,STABLE,1,30,48,5,0,5,0
2025-07,"(0.0, 7.0]",NY,CONTRACTING,1,30,211,1,0,1,0
2025-07,"(0.0, 7.0]",NY,EXPANDING,1,30,12,0,0,0,0
2025-07,"(0.0, 7.0]",NY,STABLE,1,30,100,8,7,1,0
2025-07,"(0.0, 7.0]",NY-Asia,CONTRACTING,1,30,254,3,2,1,0
2025-07,"(0.0, 7.0]",NY-Asia,EXPANDING,1,30,28,1,0,1,0
2025-07,"(0.0, 7.0]",NY-Asia,STABLE,1,30,443,6,3,3,0
2025-07,"(7.0, 10.0]",Asia,CONTRACTING,1,30,41,0,0,0,0
2025-07,"(7.0, 10.0]",Asia,EXPANDING,1,30,137,2,2,0,0
2025-07,"(7.0, 10.0]",Asia,STABLE,1,30,201,4,2,2,0
2025-07,"(7.0, 10.0]",Asia,unclassified,1,30,32,0,0,0,0
2025-07,"(7.0, 10.0]",Asia-London,EXPANDING,1,30,54,0,0,0,0
2025-07,"(7.0, 10.0]",Asia-London,STABLE,1,30,33,0,0,0,0
2025-07,"(7.0, 10.0]",London,CONTRACTING,1,30,20,0,0,0,0
2025-07,"(7.0, 10.0]",London,EXPANDING,1,30,136,2,0,2,0
2025-07,"(7.0, 10.0]",London,STABLE,1,30,214,4,3,1,0
2025-07,"(7.0, 10.0]",London-NY,CONTRACTING,1,30,3,0,0,0,0
2025-07,"(7.0, 10.0]",London-NY,EXPANDING,1,30,123,0,0,0,0
2025-07,"(7.0, 10.0]",London-NY,STABLE,1,30,72,1,0,1,0
2025-07,"(7.0, 10.0]",NY,CONTRACTING,1,30,177,2,2,0,0
2025-07,"(7.0, 10.0]",NY,EXPANDING,1,30,23,0,0,0,0
2025-07,"(7.0, 10.0]",NY,STABLE,1,30,122,0,0,0,0
2025-07,"(7.0, 10.0]",NY-Asia,CONTRACTING,1,30,27,0,0,0,0
2025-07,"(7.0, 10.0]",NY-Asia,EXPANDING,1,30,4,0,0,0,0
2025-07,"(7.0, 10.0]",NY-Asia,STABLE,1,30,6,0,0,0,0
2025-07,"(10.0, 14.0]",Asia,CONTRACTING,1,30,3,0,0,0,0
2025-07,"(10.0, 14.0]",Asia,EXPANDING,1,30,41,0,0,0,0
2025-07,"(10.0, 14.0]",Asia,STABLE,1,30,8,0,0,0,0
2025-07,"(10.0, 14.0]",Asia,unclassified,1,30,11,0,0,0,0
2025-07,"(10.0, 14.0]",London,EXPANDING,1,30,20,1,0,1,0
2025-07,"(10.0, 14.0]",London,STABLE,1,30,2,1,1,0,0
2025-07,"(10.0, 14.0]",London-NY,CONTRACTING,1,30,2,0,0,0,0
2025-07,"(10.0, 14.0]",London-NY,EXPANDING,1,30,90,0,0,0,0
2025-07,"(10.0, 14.0]",London-NY,STABLE,1,30,12,0,0,0,0
2025-07,"(10.0, 14.0]",NY,CONTRACTING,1,30,59,1,0,1,0
2025-07,"(10.0, 14.0]",NY,EXPANDING,1,30,84,0,0,0,0
2025-07,"(10.0, 14.0]",NY,STABLE,1,30,206,3,2,1,0
2025-07,"(10.0, 14.0]",NY-Asia,CONTRACTING,1,30,7,0,0,0,0
2025-07,"(10.0, 14.0]",NY-Asia,EXPANDING,1,30,8,0,0,0,0
2025-07,"(14.0, inf]",Asia,EXPANDING,1,30,11,0,0,0,0
2025-07,"(14.0, inf]",Asia,STABLE,1,30,1,0,0,0,0
2025-07,"(14.0, inf]",Asia,unclassified,1,30,9,0,0,0,0
2025-07,"(14.0, inf]",London-NY,EXPANDING,1,30,27,0,0,0,0
2025-07,"(14.0, inf]",London-NY,STABLE,1,30,1,0,0,0,0
2025-07,"(14.0, inf]",NY,CONTRACTING,1,30,6,0,0,0,0
2025-07,"(14.0, inf]",NY,EXPANDING,1,30,67,2,1,1,0
2025-07,"(14.0, inf]",NY,STABLE,1,30,25,0,0,0,0
2025-07,"(14.0, inf]",NY-Asia,EXPANDING,1,30,9,0,0,0,0
2025-07,"(14.0, inf]",NY-Asia,STABLE,1,30,6,0,0,0,0
2025-07,unclassified,Asia,unclassified,1,30,120,5,3,2,0
2025-07,"(0.0, 7.0]",Asia,CONTRACTING,1,60,380,5,1,4,0
2025-07,"(0.0, 7.0]",Asia,EXPANDING,1,60,245,1,0,1,0
2025-07,"(0.0, 7.0]",Asia,STABLE,1,60,748,2,2,0,0
2025-07,"(0.0, 7.0]",Asia,unclassified,1,60,208,3,3,0,0
2025-07,"(0.0, 7.0]",Asia-London,CONTRACTING,1,60,9,0,0,0,0
2025-07,"(0.0, 7.0]",Asia-London,EXPANDING,1,60,99,0,0,0,0
2025-07,"(0.0, 7.0]",Asia-London,STABLE,1,60,81,0,0,0,0
2025-07,"(0.0, 7.0]",London,CONTRACTING,1,60,224,0,0,0,0
2025-07,"(0.0, 7.0]",London,EXPANDING,1,60,98,0,0,0,0
2025-07,"(0.0, 7.0]",London,STABLE,1,60,666,1,0,1,0
2025-07,"(0.0, 7.0]",London-NY,CONTRACTING,1,60,4,0,0,0,0
2025-07,"(0.0, 7.0]",London-NY,EXPANDING,1,60,32,0,0,0,0
2025-07,"(0.0, 7.0]",London-NY,STABLE,1,60,48,0,0,0,0
2025-07,"(0.0, 7.0]",NY,CONTRACTING,1,60,205,1,1,0,0
2025-07,"(0.0, 7.0]",NY,EXPANDING,1,60,12,0,0,0,0
2025-07,"(0.0, 7.0]",NY,STABLE,1,60,100,0,0,0,0
2025-07,"(0.0, 7.0]",NY-Asia,CONTRACTING,1,60,230,0,0,0,0
2025-07,"(0.0, 7.0]",NY-Asia,EXPANDING,1,60,10,0,0,0,0
2025-07,"(0.0, 7.0]",NY-Asia,STABLE,1,60,359,1,0,1,0
2025-07,"(7.0, 10.0]",Asia,CONTRACTING,1,60,41,0,0,0,0
2025-07,"(7.0, 10.0]",Asia,EXPANDING,1,60,137,0,0,0,0
2025-07,"(7.0, 10.0]",Asia,STABLE,1,60,201,0,0,0,0
2025-07,"(7.0, 10.0]",Asia,unclassified,1,60,32,0,0,0,0
2025-07,"(7.0, 10.0]",Asia-London,EXPANDING,1,60,54,0,0,0,0
2025-07,"(7.0, 10.0]",Asia-London,STABLE,1,60,33,0,0,0,0
2025-07,"(7.0, 10.0]",London,CONTRACTING,1,60,20,0,0,0,0
2025-07,"(7.0, 10.0]",London,EXPANDING,1,60,136,0,0,0,0
2025-07,"(7.0, 10.0]",London,STABLE,1,60,214,1,1,0,0
2025-07,"(7.0, 10.0]",London-NY,CONTRACTING,1,60,3,0,0,0,0
2025-07,"(7.0, 10.0]",London-NY,EXPANDING,1,60,123,0,0,0,0
2025-07,"(7.0, 10.0]",London-NY,STABLE,1,60,72,0,0,0,0
2025-07,"(7.0, 10.0]",NY,CONTRACTING,1,60,177,0,0,0,0
2025-07,"(7.0, 10.0]",NY,EXPANDING,1,60,23,0,0,0,0
2025-07,"(7.0, 10.0]",NY,STABLE,1,60,122,0,0,0,0
2025-07,"(7.0, 10.0]",NY-Asia,CONTRACTING,1,60,27,0,0,0,0
2025-07,"(7.0, 10.0]",NY-Asia,EXPANDING,1,60,4,0,0,0,0
2025-07,"(7.0, 10.0]",NY-Asia,STABLE,1,60,6,0,0,0,0
2025-07,"(10.0, 14.0]",Asia,CONTRACTING,1,60,3,0,0,0,0
2025-07,"(10.0, 14.0]",Asia,EXPANDING,1,60,41,0,0,0,0
2025-07,"(10.0, 14.0]",Asia,STABLE,1,60,8,0,0,0,0
2025-07,"(10.0, 14.0]",Asia,unclassified,1,60,11,0,0,0,0
2025-07,"(10.0, 14.0]",London,EXPANDING,1,60,20,0,0,0,0
2025-07,"(10.0, 14.0]",London,STABLE,1,60,2,0,0,0,0
2025-07,"(10.0, 14.0]",London-NY,CONTRACTING,1,60,2,0,0,0,0
2025-07,"(10.0, 14.0]",London-NY,EXPANDING,1,60,90,0,0,0,0
2025-07,"(10.0, 14.0]",London-NY,STABLE,1,60,12,0,0,0,0
2025-07,"(10.0, 14.0]",NY,CONTRACTING,1,60,59,0,0,0,0
2025-07,"(10.0, 14.0]",NY,EXPANDING,1,60,84,0,0,0,0
2025-07,"(10.0, 14.0]",NY,STABLE,1,60,206,0,0,0,0
2025-07,"(10.0, 14.0]",NY-Asia,CONTRACTING,1,60,1,0,0,0,0
2025-07,"(10.0, 14.0]",NY-Asia,EXPANDING,1,60,8,0,0,0,0
2025-07,"(14.0, inf]",Asia,EXPANDING,1,60,11,0,0,0,0
2025-07,"(14.0, inf]",Asia,STABLE,1,60,1,0,0,0,0
2025-07,"(14.0, inf]",Asia,unclassified,1,60,9,0,0,0,0
2025-07,"(14.0, inf]",London-NY,EXPANDING,1,60,27,0,0,0,0
2025-07,"(14.0, inf]",London-NY,STABLE,1,60,1,0,0,0,0
2025-07,"(14.0, inf]",NY,CONTRACTING,1,60,6,0,0,0,0
2025-07,"(14.0, inf]",NY,EXPANDING,1,60,67,1,1,0,0
2025-07,"(14.0, inf]",NY,STABLE,1,60,25,0,0,0,0
2025-07,"(14.0, inf]",NY-Asia,EXPANDING,1,60,9,0,0,0,0
2025-07,"(14.0, inf]",NY-Asia,STABLE,1,60,6,0,0,0,0
2025-07,unclassified,Asia,unclassified,1,60,120,0,0,0,0
2025-07,"(0.0, 7.0]",Asia,CONTRACTING,-1,15,381,37,19,18,0
2025-07,"(0.0, 7.0]",Asia,EXPANDING,-1,15,245,29,9,20,0
2025-07,"(0.0, 7.0]",Asia,STABLE,-1,15,752,84,36,48,0
2025-07,"(0.0, 7.0]",Asia,unclassified,-1,15,212,27,10,17,0
2025-07,"(0.0, 7.0]",Asia-London,CONTRACTING,-1,15,9,4,4,0,0
2025-07,"(0.0, 7.0]",Asia-London,EXPANDING,-1,15,99,6,3,3,0
2025-07,"(0.0, 7.0]",Asia-London,STABLE,-1,15,81,7,4,3,0
2025-07,"(0.0, 7.0]",London,CONTRACTING,-1,15,224,24,12,12,0
2025-07,"(0.0, 7.0]",London,EXPANDING,-1,15,98,5,2,3,0
2025-07,"(0.0, 7.0]",London,STABLE,-1,15,666,58,30,28,0
2025-07,"(0.0, 7.0]",London-NY,CONTRACTING,-1,15,4,0,0,0,0
2025-07,"(0.0, 7.0]",London-NY,EXPANDING,-1,15,32,5,2,3,0
2025-07,"(0.0, 7.0]",London-NY,STABLE,-1,15,48,8,5,3,0
2025-07,"(0.0, 7.0]",NY,CONTRACTING,-1,15,212,24,16,8,0
2025-07,"(0.0, 7.0]",NY,EXPANDING,-1,15,12,0,0,0,0
2025-07,"(0.0, 7.0]",NY,STABLE,-1,15,102,16,6,10,0
2025-07,"(0.0, 7.0]",NY-Asia,CONTRACTING,-1,15,269,29,18,11,0
2025-07,"(0.0, 7.0]",NY-Asia,EXPANDING,-1,15,36,1,1,0,0
2025-07,"(0.0, 7.0]",NY-Asia,STABLE,-1,15,483,50,24,26,0
2025-07,"(7.0, 10.0]",Asia,CONTRACTING,-1,15,41,4,0,4,0
2025-07,"(7.0, 10.0]",Asia,EXPANDING,-1,15,137,9,4,5,0
2025-07,"(7.0, 10.0]",Asia,STABLE,-1,15,201,18,8,10,0
2025-07,"(7.0, 10.0]",Asia,unclassified,-1,15,32,1,0,1,0
2025-07,"(7.0, 10.0]",Asia-London,EXPANDING,-1,15,54,3,2,1,0
2025-07,"(7.0, 10.0]",Asia-London,STABLE,-1,15,33,1,1,0,0
2025-07,"(7.0, 10.0]",London,CONTRACTING,-1,15,20,2,2,0,0
2025-07,"(7.0, 10.0]",London,EXPANDING,-1,15,136,7,3,4,0
2025-07,"(7.0, 10.0]",London,STABLE,-1,15,214,23,12,11,0
2025-07,"(7.0, 10.0]",London-NY,CONTRACTING,-1,15,3,1,1,0,0
2025-07,"(7.0, 10.0]",London-NY,EXPANDING,-1,15,123,13,12,1,0
2025-07,"(7.0, 10.0]",London-NY,STABLE,-1,15,72,7,4,3,0
2025-07,"(7.0, 10.0]",NY,CONTRACTING,-1,15,177,17,6,11,0
2025-07,"(7.0, 10.0]",NY,EXPANDING,-1,15,23,1,1,0,0
2025-07,"(7.0, 10.0]",NY,STABLE,-1,15,122,12,4,8,0
2025-07,"(7.0, 10.0]",NY-Asia,CONTRACTING,-1,15,28,4,3,1,0
2025-07,"(7.0, 10.0]",NY-Asia,EXPANDING,-1,15,4,1,0,1,0
2025-07,"(7.0, 10.0]",NY-Asia,STABLE,-1,15,6,1,0,1,0
2025-07,"(10.0, 14.0]",Asia,CONTRACTING,-1,15,3,0,0,0,0
2025-07,"(10.0, 14.0]",Asia,EXPANDING,-1,15,41,5,2,3,0
2025-07,"(10.0, 14.0]",Asia,STABLE,-1,15,8,1,0,1,0
2025-07,"(10.0, 14.0]",Asia,unclassified,-1,15,11,3,2,1,0
2025-07,"(10.0, 14.0]",London,EXPANDING,-1,15,20,5,3,2,0
2025-07,"(10.0, 14.0]",London,STABLE,-1,15,2,1,0,1,0
2025-07,"(10.0, 14.0]",London-NY,CONTRACTING,-1,15,2,1,1,0,0
2025-07,"(10.0, 14.0]",London-NY,EXPANDING,-1,15,90,6,5,1,0
2025-07,"(10.0, 14.0]",London-NY,STABLE,-1,15,12,0,0,0,0
2025-07,"(10.0, 14.0]",NY,CONTRACTING,-1,15,59,4,3,1,0
2025-07,"(10.0, 14.0]",NY,EXPANDING,-1,15,84,5,1,4,0
2025-07,"(10.0, 14.0]",NY,STABLE,-1,15,206,19,10,9,0
2025-07,"(10.0, 14.0]",NY-Asia,CONTRACTING,-1,15,9,2,1,1,0
2025-07,"(10.0, 14.0]",NY-Asia,EXPANDING,-1,15,8,0,0,0,0
2025-07,"(14.0, inf]",Asia,EXPANDING,-1,15,11,0,0,0,0
2025-07,"(14.0, inf]",Asia,STABLE,-1,15,1,0,0,0,0
2025-07,"(14.0, inf]",Asia,unclassified,-1,15,9,1,0,1,0
2025-07,"(14.0, inf]",London-NY,EXPANDING,-1,15,27,0,0,0,0
2025-07,"(14.0, inf]",London-NY,STABLE,-1,15,1,0,0,0,0
2025-07,"(14.0, inf]",NY,CONTRACTING,-1,15,6,1,1,0,0
2025-07,"(14.0, inf]",NY,EXPANDING,-1,15,67,6,3,3,0
2025-07,"(14.0, inf]",NY,STABLE,-1,15,25,0,0,0,0
2025-07,"(14.0, inf]",NY-Asia,EXPANDING,-1,15,9,1,0,1,0
2025-07,"(14.0, inf]",NY-Asia,STABLE,-1,15,6,0,0,0,0
2025-07,unclassified,Asia,unclassified,-1,15,120,14,7,7,0
2025-07,"(0.0, 7.0]",Asia,CONTRACTING,-1,30,381,11,6,5,0
2025-07,"(0.0, 7.0]",Asia,EXPANDING,-1,30,245,5,1,4,0
2025-07,"(0.0, 7.0]",Asia,STABLE,-1,30,749,15,8,7,0
2025-07,"(0.0, 7.0]",Asia,unclassified,-1,30,212,7,2,5,0
2025-07,"(0.0, 7.0]",Asia-London,CONTRACTING,-1,30,9,2,2,0,0
2025-07,"(0.0, 7.0]",Asia-London,EXPANDING,-1,30,99,1,0,1,0
2025-07,"(0.0, 7.0]",Asia-London,STABLE,-1,30,81,2,2,0,0
2025-07,"(0.0, 7.0]",London,CONTRACTING,-1,30,224,2,2,0,0
2025-07,"(0.0, 7.0]",London,EXPANDING,-1,30,98,4,2,2,0
2025-07,"(0.0, 7.0]",London,STABLE,-1,30,666,7,4,3,0
2025-07,"(0.0, 7.0]",London-NY,CONTRACTING,-1,30,4,0,0,0,0
2025-07,"(0.0, 7.0]",London-NY,EXPANDING,-1,30,32,0,0,0,0
2025-07,"(0.0, 7.0]",London-NY,STABLE,-1,30,48,5,5,0,0
2025-07,"(0.0, 7.0]",NY,CONTRACTING,-1,30,211,1,1,0,0
2025-07,"(0.0, 7.0]",NY,EXPANDING,-1,30,12,0,0,0,0
2025-07,"(0.0, 7.0]",NY,STABLE,-1,30,100,8,1,7,0
2025-07,"(0.0, 7.0]",NY-Asia,CONTRACTING,-1,30,254,3,1,2,0
2025-07,"(0.0, 7.0]",NY-Asia,EXPANDING,-1,30,28,1,1,0,0
2025-07,"(0.0, 7.0]",NY-Asia,STABLE,-1,30,443,6,3,3,0
2025-07,"(7.0, 10.0]",Asia,CONTRACTING,-1,30,41,0,0,0,0
2025-07,"(7.0, 10.0]",Asia,EXPANDING,-1,30,137,2,0,2,0
2025-07,"(7.0, 10.0]",Asia,STABLE,-1,30,201,4,2,2,0
2025-07,"(7.0, 10.0]",Asia,unclassified,-1,30,32,0,0,0,0
2025-07,"(7.0, 10.0]",Asia-London,EXPANDING,-1,30,54,0,0,0,0
2025-07,"(7.0, 10.0]",Asia-London,STABLE,-1,30,33,0,0,0,0
2025-07,"(7.0, 10.0]",London,CONTRACTING,-1,30,20,0,0,0,0
2025-07,"(7.0, 10.0]",London,EXPANDING,-1,30,136,2,2,0,0
2025-07,"(7.0, 10.0]",London,STABLE,-1,30,214,4,1,3,0
2025-07,"(7.0, 10.0]",London-NY,CONTRACTING,-1,30,3,0,0,0,0
2025-07,"(7.0, 10.0]",London-NY,EXPANDING,-1,30,123,0,0,0,0
2025-07,"(7.0, 10.0]",London-NY,STABLE,-1,30,72,1,1,0,0
2025-07,"(7.0, 10.0]",NY,CONTRACTING,-1,30,177,2,0,2,0
2025-07,"(7.0, 10.0]",NY,EXPANDING,-1,30,23,0,0,0,0
2025-07,"(7.0, 10.0]",NY,STABLE,-1,30,122,0,0,0,0
2025-07,"(7.0, 10.0]",NY-Asia,CONTRACTING,-1,30,27,0,0,0,0
2025-07,"(7.0, 10.0]",NY-Asia,EXPANDING,-1,30,4,0,0,0,0
2025-07,"(7.0, 10.0]",NY-Asia,STABLE,-1,30,6,0,0,0,0
2025-07,"(10.0, 14.0]",Asia,CONTRACTING,-1,30,3,0,0,0,0
2025-07,"(10.0, 14.0]",Asia,EXPANDING,-1,30,41,0,0,0,0
2025-07,"(10.0, 14.0]",Asia,STABLE,-1,30,8,0,0,0,0
2025-07,"(10.0, 14.0]",Asia,unclassified,-1,30,11,0,0,0,0
2025-07,"(10.0, 14.0]",London,EXPANDING,-1,30,20,1,1,0,0
2025-07,"(10.0, 14.0]",London,STABLE,-1,30,2,1,0,1,0
2025-07,"(10.0, 14.0]",London-NY,CONTRACTING,-1,30,2,0,0,0,0
2025-07,"(10.0, 14.0]",London-NY,EXPANDING,-1,30,90,0,0,0,0
2025-07,"(10.0, 14.0]",London-NY,STABLE,-1,30,12,0,0,0,0
2025-07,"(10.0, 14.0]",NY,CONTRACTING,-1,30,59,1,1,0,0
2025-07,"(10.0, 14.0]",NY,EXPANDING,-1,30,84,0,0,0,0
2025-07,"(10.0, 14.0]",NY,STABLE,-1,30,206,3,1,2,0
2025-07,"(10.0, 14.0]",NY-Asia,CONTRACTING,-1,30,7,0,0,0,0
2025-07,"(10.0, 14.0]",NY-Asia,EXPANDING,-1,30,8,0,0,0,0
2025-07,"(14.0, inf]",Asia,EXPANDING,-1,30,11,0,0,0,0
2025-07,"(14.0, inf]",Asia,STABLE,-1,30,1,0,0,0,0
2025-07,"(14.0, inf]",Asia,unclassified,-1,30,9,0,0,0,0
2025-07,"(14.0, inf]",London-NY,EXPANDING,-1,30,27,0,0,0,0
2025-07,"(14.0, inf]",London-NY,STABLE,-1,30,1,0,0,0,0
2025-07,"(14.0, inf]",NY,CONTRACTING,-1,30,6,0,0,0,0
2025-07,"(14.0, inf]",NY,EXPANDING,-1,30,67,2,1,1,0
2025-07,"(14.0, inf]",NY,STABLE,-1,30,25,0,0,0,0
2025-07,"(14.0, inf]",NY-Asia,EXPANDING,-1,30,9,0,0,0,0
2025-07,"(14.0, inf]",NY-Asia,STABLE,-1,30,6,0,0,0,0
2025-07,unclassified,Asia,unclassified,-1,30,120,5,2,3,0
2025-07,"(0.0, 7.0]",Asia,CONTRACTING,-1,60,380,5,4,1,0
2025-07,"(0.0, 7.0]",Asia,EXPANDING,-1,60,245,1,1,0,0
2025-07,"(0.0, 7.0]",Asia,STABLE,-1,60,748,2,0,2,0
2025-07,"(0.0, 7.0]",Asia,unclassified,-1,60,208,3,0,3,0
2025-07,"(0.0, 7.0]",Asia-London,CONTRACTING,-1,60,9,0,0,0,0
2025-07,"(0.0, 7.0]",Asia-London,EXPANDING,-1,60,99,0,0,0,0
2025-07,"(0.0, 7.0]",Asia-London,STABLE,-1,60,81,0,0,0,0
2025-07,"(0.0, 7.0]",London,CONTRACTING,-1,60,224,0,0,0,0
2025-07,"(0.0, 7.0]",London,EXPANDING,-1,60,98,0,0,0,0
2025-07,"(0.0, 7.0]",London,STABLE,-1,60,666,1,1,0,0
2025-07,"(0.0, 7.0]",London-NY,CONTRACTING,-1,60,4,0,0,0,0
2025-07,"(0.0, 7.0]",London-NY,EXPANDING,-1,60,32,0,0,0,0
2025-07,"(0.0, 7.0]",London-NY,STABLE,-1,60,48,0,0,0,0
2025-07,"(0.0, 7.0]",NY,CONTRACTING,-1,60,205,1,0,1,0
2025-07,"(0.0, 7.0]",NY,EXPANDING,-1,60,12,0,0,0,0
2025-07,"(0.0, 7.0]",NY,STABLE,-1,60,100,0,0,0,0
2025-07,"(0.0, 7.0]",NY-Asia,CONTRACTING,-1,60,230,0,0,0,0
2025-07,"(0.0, 7.0]",NY-Asia,EXPANDING,-1,60,10,0,0,0,0
2025-07,"(0.0, 7.0]",NY-Asia,STABLE,-1,60,359,1,1,0,0
2025-07,"(7.0, 10.0]",Asia,CONTRACTING,-1,60,41,0,0,0,0
2025-07,"(7.0, 10.0]",Asia,EXPANDING,-1,60,137,0,0,0,0
2025-07,"(7.0, 10.0]",Asia,STABLE,-1,60,201,0,0,0,0
2025-07,"(7.0, 10.0]",Asia,unclassified,-1,60,32,0,0,0,0
2025-07,"(7.0, 10.0]",Asia-London,EXPANDING,-1,60,54,0,0,0,0
2025-07,"(7.0, 10.0]",Asia-London,STABLE,-1,60,33,0,0,0,0
2025-07,"(7.0, 10.0]",London,CONTRACTING,-1,60,20,0,0,0,0
2025-07,"(7.0, 10.0]",London,EXPANDING,-1,60,136,0,0,0,0
2025-07,"(7.0, 10.0]",London,STABLE,-1,60,214,1,0,1,0
2025-07,"(7.0, 10.0]",London-NY,CONTRACTING,-1,60,3,0,0,0,0
2025-07,"(7.0, 10.0]",London-NY,EXPANDING,-1,60,123,0,0,0,0
2025-07,"(7.0, 10.0]",London-NY,STABLE,-1,60,72,0,0,0,0
2025-07,"(7.0, 10.0]",NY,CONTRACTING,-1,60,177,0,0,0,0
2025-07,"(7.0, 10.0]",NY,EXPANDING,-1,60,23,0,0,0,0
2025-07,"(7.0, 10.0]",NY,STABLE,-1,60,122,0,0,0,0
2025-07,"(7.0, 10.0]",NY-Asia,CONTRACTING,-1,60,27,0,0,0,0
2025-07,"(7.0, 10.0]",NY-Asia,EXPANDING,-1,60,4,0,0,0,0
2025-07,"(7.0, 10.0]",NY-Asia,STABLE,-1,60,6,0,0,0,0
2025-07,"(10.0, 14.0]",Asia,CONTRACTING,-1,60,3,0,0,0,0
2025-07,"(10.0, 14.0]",Asia,EXPANDING,-1,60,41,0,0,0,0
2025-07,"(10.0, 14.0]",Asia,STABLE,-1,60,8,0,0,0,0
2025-07,"(10.0, 14.0]",Asia,unclassified,-1,60,11,0,0,0,0
2025-07,"(10.0, 14.0]",London,EXPANDING,-1,60,20,0,0,0,0
2025-07,"(10.0, 14.0]",London,STABLE,-1,60,2,0,0,0,0
2025-07,"(10.0, 14.0]",London-NY,CONTRACTING,-1,60,2,0,0,0,0
2025-07,"(10.0, 14.0]",London-NY,EXPANDING,-1,60,90,0,0,0,0
2025-07,"(10.0, 14.0]",London-NY,STABLE,-1,60,12,0,0,0,0
2025-07,"(10.0, 14.0]",NY,CONTRACTING,-1,60,59,0,0,0,0
2025-07,"(10.0, 14.0]",NY,EXPANDING,-1,60,84,0,0,0,0
2025-07,"(10.0, 14.0]",NY,STABLE,-1,60,206,0,0,0,0
2025-07,"(10.0, 14.0]",NY-Asia,CONTRACTING,-1,60,1,0,0,0,0
2025-07,"(10.0, 14.0]",NY-Asia,EXPANDING,-1,60,8,0,0,0,0
2025-07,"(14.0, inf]",Asia,EXPANDING,-1,60,11,0,0,0,0
2025-07,"(14.0, inf]",Asia,STABLE,-1,60,1,0,0,0,0
2025-07,"(14.0, inf]",Asia,unclassified,-1,60,9,0,0,0,0
2025-07,"(14.0, inf]",London-NY,EXPANDING,-1,60,27,0,0,0,0
2025-07,"(14.0, inf]",London-NY,STABLE,-1,60,1,0,0,0,0
2025-07,"(14.0, inf]",NY,CONTRACTING,-1,60,6,0,0,0,0
2025-07,"(14.0, inf]",NY,EXPANDING,-1,60,67,1,0,1,0
2025-07,"(14.0, inf]",NY,STABLE,-1,60,25,0,0,0,0
2025-07,"(14.0, inf]",NY-Asia,EXPANDING,-1,60,9,0,0,0,0
2025-07,"(14.0, inf]",NY-Asia,STABLE,-1,60,6,0,0,0,0
2025-07,unclassified,Asia,unclassified,-1,60,120,0,0,0,0
2025-08,"(0.0, 7.0]",Asia,CONTRACTING,1,15,361,48,28,20,0
2025-08,"(0.0, 7.0]",Asia,EXPANDING,1,15,304,25,14,11,0
2025-08,"(0.0, 7.0]",Asia,STABLE,1,15,725,82,45,37,0
2025-08,"(0.0, 7.0]",Asia,unclassified,1,15,207,25,13,12,0
2025-08,"(0.0, 7.0]",Asia-London,EXPANDING,1,15,114,20,13,7,0
2025-08,"(0.0, 7.0]",Asia-London,STABLE,1,15,100,12,5,7,0
2025-08,"(0.0, 7.0]",London,CONTRACTING,1,15,145,9,9,0,0
2025-08,"(0.0, 7.0]",London,EXPANDING,1,15,119,12,7,5,0
2025-08,"(0.0, 7.0]",London,STABLE,1,15,609,53,29,24,0
2025-08,"(0.0, 7.0]",London-NY,CONTRACTING,1,15,13,0,0,0,0
2025-08,"(0.0, 7.0]",London-NY,EXPANDING,1,15,55,2,1,1,0
2025-08,"(0.0, 7.0]",London-NY,STABLE,1,15,65,6,5,1,0
2025-08,"(0.0, 7.0]",NY,CONTRACTING,1,15,190,20,12,8,0
2025-08,"(0.0, 7.0]",NY,EXPANDING,1,15,5,0,0,0,0
2025-08,"(0.0, 7.0]",NY,STABLE,1,15,124,19,5,14,0
2025-08,"(0.0, 7.0]",NY-Asia,CONTRACTING,1,15,274,25,15,10,0
2025-08,"(0.0, 7.0]",NY-Asia,EXPANDING,1,15,27,9,3,6,0
2025-08,"(0.0, 7.0]",NY-Asia,STABLE,1,15,441,51,25,26,0
2025-08,"(7.0, 10.0]",Asia,CONTRACTING,1,15,33,3,3,0,0
2025-08,"(7.0, 10.0]",Asia,EXPANDING,1,15,95,8,3,5,0
2025-08,"(7.0, 10.0]",Asia,STABLE,1,15,76,7,4,3,0
2025-08,"(7.0, 10.0]",Asia,unclassified,1,15,15,1,1,0,0
2025-08,"(7.0, 10.0]",Asia-London,EXPANDING,1,15,18,1,0,1,0
2025-08,"(7.0, 10.0]",Asia-London,STABLE,1,15,12,0,0,0,0
2025-08,"(7.0, 10.0]",London,CONTRACTING,1,15,41,7,3,4,0
2025-08,"(7.0, 10.0]",London,EXPANDING,1,15,105,11,7,4,0
2025-08,"(7.0, 10.0]",London,STABLE,1,15,159,12,3,9,0
2025-08,"(7.0, 10.0]",London-NY,EXPANDING,1,15,116,14,8,6,0
2025-08,"(7.0, 10.0]",London-NY,STABLE,1,15,23,0,0,0,0
2025-08,"(7.0, 10.0]",NY,CONTRACTING,1,15,129,6,5,1,0
2025-08,"(7.0, 10.0]",NY,EXPANDING,1,15,71,10,7,3,0
2025-08,"(7.0, 10.0]",NY,STABLE,1,15,194,27,18,9,0
2025-08,"(7.0, 10.0]",NY-Asia,CONTRACTING,1,15,8,1,0,1,0
2025-08,"(7.0, 10.0]",NY-Asia,EXPANDING,1,15,30,3,1,2,0
2025-08,"(7.0, 10.0]",NY-Asia,STABLE,1,15,11,1,1,0,0
2025-08,"(10.0, 14.0]",Asia,CONTRACTING,1,15,18,0,0,0,0
2025-08,"(10.0, 14.0]",Asia,EXPANDING,1,15,14,2,0,2,0
2025-08,"(10.0, 14.0]",Asia,STABLE,1,15,3,0,0,0,0
2025-08,"(10.0, 14.0]",Asia,unclassified,1,15,8,4,1,3,0
2025-08,"(10.0, 14.0]",Asia-London,EXPANDING,1,15,8,0,0,0,0
2025-08,"(10.0, 14.0]",London,CONTRACTING,1,15,7,1,1,0,0
2025-08,"(10.0, 14.0]",London,EXPANDING,1,15,46,2,1,1,0
2025-08,"(10.0, 14.0]",London,STABLE,1,15,25,4,2,2,0
2025-08,"(10.0, 14.0]",London-NY,EXPANDING,1,15,45,3,1,2,0
2025-08,"(10.0, 14.0]",London-NY,STABLE,1,15,23,7,2,5,0
2025-08,"(10.0, 14.0]",NY,CONTRACTING,1,15,39,6,3,3,0
2025-08,"(10.0, 14.0]",NY,EXPANDING,1,15,47,2,0,2,0
2025-08,"(10.0, 14.0]",NY,STABLE,1,15,110,3,2,1,0
2025-08,"(10.0, 14.0]",NY-Asia,CONTRACTING,1,15,8,1,0,1,0
2025-08,"(10.0, 14.0]",NY-Asia,EXPANDING,1,15,2,1,1,0,0
2025-08,"(14.0, inf]",Asia,CONTRACTING,1,15,3,0,0,0,0
2025-08,"(14.0, inf]",Asia,EXPANDING,1,15,22,2,1,1,0
2025-08,"(14.0, inf]",Asia,STABLE,1,15,7,2,1,1,0
2025-08,"(14.0, inf]",Asia,unclassified,1,15,12,1,1,0,0
2025-08,"(14.0, inf]",London,EXPANDING,1,15,4,1,0,1,0
2025-08,"(14.0, inf]",London-NY,EXPANDING,1,15,37,6,0,6,0
2025-08,"(14.0, inf]",London-NY,STABLE,1,15,1,0,0,0,0
2025-08,"(14.0, inf]",NY,CONTRACTING,1,15,20,1,1,0,0
2025-08,"(14.0, inf]",NY,EXPANDING,1,15,34,4,3,1,0
2025-08,"(14.0, inf]",NY,STABLE,1,15,45,3,2,1,0
2025-08,"(14.0, inf]",NY-Asia,CONTRACTING,1,15,6,2,0,2,0
2025-08,"(14.0, inf]",NY-Asia,EXPANDING,1,15,11,0,0,0,0
2025-08,"(14.0, inf]",NY-Asia,STABLE,1,15,1,0,0,0,0
2025-08,unclassified,Asia,unclassified,1,15,110,14,10,4,0
2025-08,"(0.0, 7.0]",Asia,CONTRACTING,1,30,358,14,11,3,0
2025-08,"(0.0, 7.0]",Asia,EXPANDING,1,30,304,1,0,1,0
2025-08,"(0.0, 7.0]",Asia,STABLE,1,30,725,16,9,7,0
2025-08,"(0.0, 7.0]",Asia,unclassified,1,30,207,4,3,1,0
2025-08,"(0.0, 7.0]",Asia-London,EXPANDING,1,30,114,0,0,0,0
2025-08,"(0.0, 7.0]",Asia-London,STABLE,1,30,100,0,0,0,0
2025-08,"(0.0, 7.0]",London,CONTRACTING,1,30,145,0,0,0,0
2025-08,"(0.0, 7.0]",London,EXPANDING,1,30,119,1,0,1,0
2025-08,"(0.0, 7.0]",London,STABLE,1,30,609,8,4,4,0
2025-08,"(0.0, 7.0]",London-NY,CONTRACTING,1,30,13,0,0,0,0
2025-08,"(0.0, 7.0]",London-NY,EXPANDING,1,30,55,1,1,0,0
2025-08,"(0.0, 7.0]",London-NY,STABLE,1,30,65,0,0,0,0
2025-08,"(0.0, 7.0]",NY,CONTRACTING,1,30,190,5,2,3,0
2025-08,"(0.0, 7.0]",NY,EXPANDING,1,30,5,0,0,0,0
2025-08,"(0.0, 7.0]",NY,STABLE,1,30,124,2,0,2,0
2025-08,"(0.0, 7.0]",NY-Asia,CONTRACTING,1,30,256,5,3,2,0
2025-08,"(0.0, 7.0]",NY-Asia,EXPANDING,1,30,25,6,2,4,0
2025-08,"(0.0, 7.0]",NY-Asia,STABLE,1,30,404,8,5,3,0
2025-08,"(7.0, 10.0]",Asia,CONTRACTING,1,30,33,1,1,0,0
2025-08,"(7.0, 10.0]",Asia,EXPANDING,1,30,95,1,0,1,0
2025-08,"(7.0, 10.0]",Asia,STABLE,1,30,76,0,0,0,0
2025-08,"(7.0, 10.0]",Asia,unclassified,1,30,15,0,0,0,0
2025-08,"(7.0, 10.0]",Asia-London,EXPANDING,1,30,18,0,0,0,0
2025-08,"(7.0, 10.0]",Asia-London,STABLE,1,30,12,0,0,0,0
2025-08,"(7.0, 10.0]",London,CONTRACTING,1,30,41,0,0,0,0
2025-08,"(7.0, 10.0]",London,EXPANDING,1,30,105,1,1,0,0
2025-08,"(7.0, 10.0]",London,STABLE,1,30,159,2,1,1,0
2025-08,"(7.0, 10.0]",London-NY,EXPANDING,1,30,116,4,2,2,0
2025-08,"(7.0, 10.0]",London-NY,STABLE,1,30,23,0,0,0,0
2025-08,"(7.0, 10.0]",NY,CONTRACTING,1,30,129,0,0,0,0
2025-08,"(7.0, 10.0]",NY,EXPANDING,1,30,71,0,0,0,0
2025-08,"(7.0, 10.0]",NY,STABLE,1,30,194,6,4,2,0
2025-08,"(7.0, 10.0]",NY-Asia,CONTRACTING,1,30,5,0,0,0,0
2025-08,"(7.0, 10.0]",NY-Asia,EXPANDING,1,30,30,0,0,0,0
2025-08,"(7.0, 10.0]",NY-Asia,STABLE,1,30,8,0,0,0,0
2025-08,"(10.0, 14.0]",Asia,CONTRACTING,1,30,18,0,0,0,0
2025-08,"(10.0, 14.0]",Asia,EXPANDING,1,30,14,0,0,0,0
2025-08,"(10.0, 14.0]",Asia,STABLE,1,30,3,0,0,0,0
2025-08,"(10.0, 14.0]",Asia,unclassified,1,30,8,2,1,1,0
2025-08,"(10.0, 14.0]",Asia-London,EXPANDING,1,30,8,0,0,0,0
2025-08,"(10.0, 14.0]",London,CONTRACTING,1,30,7,0,0,0,0
2025-08,"(10.0, 14.0]",London,EXPANDING,1,30,46,0,0,0,0
2025-08,"(10.0, 14.0]",London,STABLE,1,30,25,1,0,1,0
2025-08,"(10.0, 14.0]",London-NY,EXPANDING,1,30,45,0,0,0,0
2025-08,"(10.0, 14.0]",London-NY,STABLE,1,30,23,0,0,0,0
2025-08,"(10.0, 14.0]",NY,CONTRACTING,1,30,39,1,0,1,0
2025-08,"(10.0, 14.0]",NY,EXPANDING,1,30,47,2,1,1,0
2025-08,"(10.0, 14.0]",NY,STABLE,1,30,110,1,0,1,0
2025-08,"(10.0, 14.0]",NY-Asia,CONTRACTING,1,30,8,0,0,0,0
2025-08,"(10.0, 14.0]",NY-Asia,EXPANDING,1,30,2,1,1,0,0
2025-08,"(14.0, inf]",Asia,CONTRACTING,1,30,3,0,0,0,0
2025-08,"(14.0, inf]",Asia,EXPANDING,1,30,22,0,0,0,0
2025-08,"(14.0, inf]",Asia,STABLE,1,30,7,0,0,0,0
2025-08,"(14.0, inf]",Asia,unclassified,1,30,12,0,0,0,0
2025-08,"(14.0, inf]",London,EXPANDING,1,30,4,0,0,0,0
2025-08,"(14.0, inf]",London-NY,EXPANDING,1,30,37,1,0,1,0
2025-08,"(14.0, inf]",London-NY,STABLE,1,30,1,0,0,0,0
2025-08,"(14.0, inf]",NY,CONTRACTING,1,30,20,1,1,0,0
2025-08,"(14.0, inf]",NY,EXPANDING,1,30,34,0,0,0,0
2025-08,"(14.0, inf]",NY,STABLE,1,30,45,0,0,0,0
2025-08,"(14.0, inf]",NY-Asia,CONTRACTING,1,30,6,0,0,0,0
2025-08,"(14.0, inf]",NY-Asia,EXPANDING,1,30,11,0,0,0,0
2025-08,"(14.0, inf]",NY-Asia,STABLE,1,30,1,0,0,0,0
2025-08,unclassified,Asia,unclassified,1,30,110,4,4,0,0
2025-08,"(0.0, 7.0]",Asia,CONTRACTING,1,60,356,1,1,0,0
2025-08,"(0.0, 7.0]",Asia,EXPANDING,1,60,304,0,0,0,0
2025-08,"(0.0, 7.0]",Asia,STABLE,1,60,725,0,0,0,0
2025-08,"(0.0, 7.0]",Asia,unclassified,1,60,203,4,4,0,0
2025-08,"(0.0, 7.0]",Asia-London,EXPANDING,1,60,114,0,0,0,0
2025-08,"(0.0, 7.0]",Asia-London,STABLE,1,60,100,0,0,0,0
2025-08,"(0.0, 7.0]",London,CONTRACTING,1,60,145,0,0,0,0
2025-08,"(0.0, 7.0]",London,EXPANDING,1,60,119,0,0,0,0
2025-08,"(0.0, 7.0]",London,STABLE,1,60,609,1,0,1,0
2025-08,"(0.0, 7.0]",London-NY,CONTRACTING,1,60,13,0,0,0,0
2025-08,"(0.0, 7.0]",London-NY,EXPANDING,1,60,55,0,0,0,0
2025-08,"(0.0, 7.0]",London-NY,STABLE,1,60,65,0,0,0,0
2025-08,"(0.0, 7.0]",NY,CONTRACTING,1,60,190,1,1,0,0
2025-08,"(0.0, 7.0]",NY,EXPANDING,1,60,5,0,0,0,0
2025-08,"(0.0, 7.0]",NY,STABLE,1,60,124,0,0,0,0
2025-08,"(0.0, 7.0]",NY-Asia,CONTRACTING,1,60,230,1,1,0,0
2025-08,"(0.0, 7.0]",NY-Asia,EXPANDING,1,60,17,4,1,3,0
2025-08,"(0.0, 7.0]",NY-Asia,STABLE,1,60,330,1,1,0,0
2025-08,"(7.0, 10.0]",Asia,CONTRACTING,1,60,33,0,0,0,0
2025-08,"(7.0, 10.0]",Asia,EXPANDING,1,60,95,0,0,0,0
2025-08,"(7.0, 10.0]",Asia,STABLE,1,60,76,0,0,0,0
2025-08,"(7.0, 10.0]",Asia,unclassified,1,60,15,0,0,0,0
2025-08,"(7.0, 10.0]",Asia-London,EXPANDING,1,60,18,0,0,0,0
2025-08,"(7.0, 10.0]",Asia-London,STABLE,1,60,12,0,0,0,0
2025-08,"(7.0, 10.0]",London,CONTRACTING,1,60,41,0,0,0,0
2025-08,"(7.0, 10.0]",London,EXPANDING,1,60,105,0,0,0,0
2025-08,"(7.0, 10.0]",London,STABLE,1,60,159,0,0,0,0
2025-08,"(7.0, 10.0]",London-NY,EXPANDING,1,60,116,0,0,0,0
2025-08,"(7.0, 10.0]",London-NY,STABLE,1,60,23,0,0,0,0
2025-08,"(7.0, 10.0]",NY,CONTRACTING,1,60,129,1,1,0,0
2025-08,"(7.0, 10.0]",NY,EXPANDING,1,60,71,0,0,0,0
2025-08,"(7.0, 10.0]",NY,STABLE,1,60,194,1,1,0,0
2025-08,"(7.0, 10.0]",NY-Asia,CONTRACTING,1,60,1,0,0,0,0
2025-08,"(7.0, 10.0]",NY-Asia,EXPANDING,1,60,19,0,0,0,0
2025-08,"(7.0, 10.0]",NY-Asia,STABLE,1,60,8,0,0,0,0
2025-08,"(10.0, 14.0]",Asia,CONTRACTING,1,60,18,0,0,0,0
2025-08,"(10.0, 14.0]",Asia,EXPANDING,1,60,14,0,0,0,0
2025-08,"(10.0, 14.0]",Asia,STABLE,1,60,3,0,0,0,0
2025-08,"(10.0, 14.0]",Asia,unclassified,1,60,8,0,0,0,0
2025-08,"(10.0, 14.0]",Asia-London,EXPANDING,1,60,8,0,0,0,0
2025-08,"(10.0, 14.0]",London,CONTRACTING,1,60,7,0,0,0,0
2025-08,"(10.0, 14.0]",London,EXPANDING,1,60,46,0,0,0,0
2025-08,"(10.0, 14.0]",London,STABLE,1,60,25,0,0,0,0
2025-08,"(10.0, 14.0]",London-NY,EXPANDING,1,60,45,0,0,0,0
2025-08,"(10.0, 14.0]",London-NY,STABLE,1,60,23,0,0,0,0
2025-08,"(10.0, 14.0]",NY,CONTRACTING,1,60,39,0,0,0,0
2025-08,"(10.0, 14.0]",NY,EXPANDING,1,60,47,0,0,0,0
2025-08,"(10.0, 14.0]",NY,STABLE,1,60,110,0,0,0,0
2025-08,"(10.0, 14.0]",NY-Asia,CONTRACTING,1,60,6,0,0,0,0
2025-08,"(10.0, 14.0]",NY-Asia,EXPANDING,1,60,1,1,1,0,0
2025-08,"(14.0, inf]",Asia,CONTRACTING,1,60,3,0,0,0,0
2025-08,"(14.0, inf]",Asia,EXPANDING,1,60,22,0,0,0,0
2025-08,"(14.0, inf]",Asia,STABLE,1,60,7,0,0,0,0
2025-08,"(14.0, inf]",Asia,unclassified,1,60,12,0,0,0,0
2025-08,"(14.0, inf]",London,EXPANDING,1,60,4,0,0,0,0
2025-08,"(14.0, inf]",London-NY,EXPANDING,1,60,37,0,0,0,0
2025-08,"(14.0, inf]",London-NY,STABLE,1,60,1,0,0,0,0
2025-08,"(14.0, inf]",NY,CONTRACTING,1,60,20,0,0,0,0
2025-08,"(14.0, inf]",NY,EXPANDING,1,60,34,0,0,0,0
2025-08,"(14.0, inf]",NY,STABLE,1,60,45,0,0,0,0
2025-08,"(14.0, inf]",NY-Asia,CONTRACTING,1,60,6,0,0,0,0
2025-08,"(14.0, inf]",NY-Asia,EXPANDING,1,60,11,0,0,0,0
2025-08,"(14.0, inf]",NY-Asia,STABLE,1,60,1,0,0,0,0
2025-08,unclassified,Asia,unclassified,1,60,110,3,3,0,0
2025-08,"(0.0, 7.0]",Asia,CONTRACTING,-1,15,361,48,20,28,0
2025-08,"(0.0, 7.0]",Asia,EXPANDING,-1,15,304,25,11,14,0
2025-08,"(0.0, 7.0]",Asia,STABLE,-1,15,725,82,37,45,0
2025-08,"(0.0, 7.0]",Asia,unclassified,-1,15,207,25,12,13,0
2025-08,"(0.0, 7.0]",Asia-London,EXPANDING,-1,15,114,20,7,13,0
2025-08,"(0.0, 7.0]",Asia-London,STABLE,-1,15,100,12,7,5,0
2025-08,"(0.0, 7.0]",London,CONTRACTING,-1,15,145,9,0,9,0
2025-08,"(0.0, 7.0]",London,EXPANDING,-1,15,119,12,5,7,0
2025-08,"(0.0, 7.0]",London,STABLE,-1,15,609,53,24,29,0
2025-08,"(0.0, 7.0]",London-NY,CONTRACTING,-1,15,13,0,0,0,0
2025-08,"(0.0, 7.0]",London-NY,EXPANDING,-1,15,55,2,1,1,0
2025-08,"(0.0, 7.0]",London-NY,STABLE,-1,15,65,6,1,5,0
2025-08,"(0.0, 7.0]",NY,CONTRACTING,-1,15,190,20,8,12,0
2025-08,"(0.0, 7.0]",NY,EXPANDING,-1,15,5,0,0,0,0
2025-08,"(0.0, 7.0]",NY,STABLE,-1,15,124,19,14,5,0
2025-08,"(0.0, 7.0]",NY-Asia,CONTRACTING,-1,15,274,25,10,15,0
2025-08,"(0.0, 7.0]",NY-Asia,EXPANDING,-1,15,27,9,6,3,0
2025-08,"(0.0, 7.0]",NY-Asia,STABLE,-1,15,441,51,26,25,0
2025-08,"(7.0, 10.0]",Asia,CONTRACTING,-1,15,33,3,0,3,0
2025-08,"(7.0, 10.0]",Asia,EXPANDING,-1,15,95,8,5,3,0
2025-08,"(7.0, 10.0]",Asia,STABLE,-1,15,76,7,3,4,0
2025-08,"(7.0, 10.0]",Asia,unclassified,-1,15,15,1,0,1,0
2025-08,"(7.0, 10.0]",Asia-London,EXPANDING,-1,15,18,1,1,0,0
2025-08,"(7.0, 10.0]",Asia-London,STABLE,-1,15,12,0,0,0,0
2025-08,"(7.0, 10.0]",London,CONTRACTING,-1,15,41,7,4,3,0
2025-08,"(7.0, 10.0]",London,EXPANDING,-1,15,105,11,4,7,0
2025-08,"(7.0, 10.0]",London,STABLE,-1,15,159,12,9,3,0
2025-08,"(7.0, 10.0]",London-NY,EXPANDING,-1,15,116,14,6,8,0
2025-08,"(7.0, 10.0]",London-NY,STABLE,-1,15,23,0,0,0,0
2025-08,"(7.0, 10.0]",NY,CONTRACTING,-1,15,129,6,1,5,0
2025-08,"(7.0, 10.0]",NY,EXPANDING,-1,15,71,10,3,7,0
2025-08,"(7.0, 10.0]",NY,STABLE,-1,15,194,27,9,18,0
2025-08,"(7.0, 10.0]",NY-Asia,CONTRACTING,-1,15,8,1,1,0,0
2025-08,"(7.0, 10.0]",NY-Asia,EXPANDING,-1,15,30,3,2,1,0
2025-08,"(7.0, 10.0]",NY-Asia,STABLE,-1,15,11,1,0,1,0
2025-08,"(10.0, 14.0]",Asia,CONTRACTING,-1,15,18,0,0,0,0
2025-08,"(10.0, 14.0]",Asia,EXPANDING,-1,15,14,2,2,0,0
2025-08,"(10.0, 14.0]",Asia,STABLE,-1,15,3,0,0,0,0
2025-08,"(10.0, 14.0]",Asia,unclassified,-1,15,8,4,3,1,0
2025-08,"(10.0, 14.0]",Asia-London,EXPANDING,-1,15,8,0,0,0,0
2025-08,"(10.0, 14.0]",London,CONTRACTING,-1,15,7,1,0,1,0
2025-08,"(10.0, 14.0]",London,EXPANDING,-1,15,46,2,1,1,0
2025-08,"(10.0, 14.0]",London,STABLE,-1,15,25,4,2,2,0
2025-08,"(10.0, 14.0]",London-NY,EXPANDING,-1,15,45,3,2,1,0
2025-08,"(10.0, 14.0]",London-NY,STABLE,-1,15,23,7,5,2,0
2025-08,"(10.0, 14.0]",NY,CONTRACTING,-1,15,39,6,3,3,0
2025-08,"(10.0, 14.0]",NY,EXPANDING,-1,15,47,2,2,0,0
2025-08,"(10.0, 14.0]",NY,STABLE,-1,15,110,3,1,2,0
2025-08,"(10.0, 14.0]",NY-Asia,CONTRACTING,-1,15,8,1,1,0,0
2025-08,"(10.0, 14.0]",NY-Asia,EXPANDING,-1,15,2,1,0,1,0
2025-08,"(14.0, inf]",Asia,CONTRACTING,-1,15,3,0,0,0,0
2025-08,"(14.0, inf]",Asia,EXPANDING,-1,15,22,2,1,1,0
2025-08,"(14.0, inf]",Asia,STABLE,-1,15,7,2,1,1,0
2025-08,"(14.0, inf]",Asia,unclassified,-1,15,12,1,0,1,0
2025-08,"(14.0, inf]",London,EXPANDING,-1,15,4,1,1,0,0
2025-08,"(14.0, inf]",London-NY,EXPANDING,-1,15,37,6,6,0,0
2025-08,"(14.0, inf]",London-NY,STABLE,-1,15,1,0,0,0,0
2025-08,"(14.0, inf]",NY,CONTRACTING,-1,15,20,1,0,1,0
2025-08,"(14.0, inf]",NY,EXPANDING,-1,15,34,4,1,3,0
2025-08,"(14.0, inf]",NY,STABLE,-1,15,45,3,1,2,0
2025-08,"(14.0, inf]",NY-Asia,CONTRACTING,-1,15,6,2,2,0,0
2025-08,"(14.0, inf]",NY-Asia,EXPANDING,-1,15,11,0,0,0,0
2025-08,"(14.0, inf]",NY-Asia,STABLE,-1,15,1,0,0,0,0
2025-08,unclassified,Asia,unclassified,-1,15,110,14,4,10,0
2025-08,"(0.0, 7.0]",Asia,CONTRACTING,-1,30,358,14,3,11,0
2025-08,"(0.0, 7.0]",Asia,EXPANDING,-1,30,304,1,1,0,0
2025-08,"(0.0, 7.0]",Asia,STABLE,-1,30,725,16,7,9,0
2025-08,"(0.0, 7.0]",Asia,unclassified,-1,30,207,4,1,3,0
2025-08,"(0.0, 7.0]",Asia-London,EXPANDING,-1,30,114,0,0,0,0
2025-08,"(0.0, 7.0]",Asia-London,STABLE,-1,30,100,0,0,0,0
2025-08,"(0.0, 7.0]",London,CONTRACTING,-1,30,145,0,0,0,0
2025-08,"(0.0, 7.0]",London,EXPANDING,-1,30,119,1,1,0,0
2025-08,"(0.0, 7.0]",London,STABLE,-1,30,609,8,4,4,0
2025-08,"(0.0, 7.0]",London-NY,CONTRACTING,-1,30,13,0,0,0,0
2025-08,"(0.0, 7.0]",London-NY,EXPANDING,-1,30,55,1,0,1,0
2025-08,"(0.0, 7.0]",London-NY,STABLE,-1,30,65,0,0,0,0
2025-08,"(0.0, 7.0]",NY,CONTRACTING,-1,30,190,5,3,2,0
2025-08,"(0.0, 7.0]",NY,EXPANDING,-1,30,5,0,0,0,0
2025-08,"(0.0, 7.0]",NY,STABLE,-1,30,124,2,2,0,0
2025-08,"(0.0, 7.0]",NY-Asia,CONTRACTING,-1,30,256,5,2,3,0
2025-08,"(0.0, 7.0]",NY-Asia,EXPANDING,-1,30,25,6,4,2,0
2025-08,"(0.0, 7.0]",NY-Asia,STABLE,-1,30,404,8,3,5,0
2025-08,"(7.0, 10.0]",Asia,CONTRACTING,-1,30,33,1,0,1,0
2025-08,"(7.0, 10.0]",Asia,EXPANDING,-1,30,95,1,1,0,0
2025-08,"(7.0, 10.0]",Asia,STABLE,-1,30,76,0,0,0,0
2025-08,"(7.0, 10.0]",Asia,unclassified,-1,30,15,0,0,0,0
2025-08,"(7.0, 10.0]",Asia-London,EXPANDING,-1,30,18,0,0,0,0
2025-08,"(7.0, 10.0]",Asia-London,STABLE,-1,30,12,0,0,0,0
2025-08,"(7.0, 10.0]",London,CONTRACTING,-1,30,41,0,0,0,0
2025-08,"(7.0, 10.0]",London,EXPANDING,-1,30,105,1,0,1,0
2025-08,"(7.0, 10.0]",London,STABLE,-1,30,159,2,1,1,0
2025-08,"(7.0, 10.0]",London-NY,EXPANDING,-1,30,116,4,2,2,0
2025-08,"(7.0, 10.0]",London-NY,STABLE,-1,30,23,0,0,0,0
2025-08,"(7.0, 10.0]",NY,CONTRACTING,-1,30,129,0,0,0,0
2025-08,"(7.0, 10.0]",NY,EXPANDING,-1,30,71,0,0,0,0
2025-08,"(7.0, 10.0]",NY,STABLE,-1,30,194,6,2,4,0
2025-08,"(7.0, 10.0]",NY-Asia,CONTRACTING,-1,30,5,0,0,0,0
2025-08,"(7.0, 10.0]",NY-Asia,EXPANDING,-1,30,30,0,0,0,0
2025-08,"(7.0, 10.0]",NY-Asia,STABLE,-1,30,8,0,0,0,0
2025-08,"(10.0, 14.0]",Asia,CONTRACTING,-1,30,18,0,0,0,0
2025-08,"(10.0, 14.0]",Asia,EXPANDING,-1,30,14,0,0,0,0
2025-08,"(10.0, 14.0]",Asia,STABLE,-1,30,3,0,0,0,0
2025-08,"(10.0, 14.0]",Asia,unclassified,-1,30,8,2,1,1,0
2025-08,"(10.0, 14.0]",Asia-London,EXPANDING,-1,30,8,0,0,0,0
2025-08,"(10.0, 14.0]",London,CONTRACTING,-1,30,7,0,0,0,0
2025-08,"(10.0, 14.0]",London,EXPANDING,-1,30,46,0,0,0,0
2025-08,"(10.0, 14.0]",London,STABLE,-1,30,25,1,1,0,0
2025-08,"(10.0, 14.0]",London-NY,EXPANDING,-1,30,45,0,0,0,0
2025-08,"(10.0, 14.0]",London-NY,STABLE,-1,30,23,0,0,0,0
2025-08,"(10.0, 14.0]",NY,CONTRACTING,-1,30,39,1,1,0,0
2025-08,"(10.0, 14.0]",NY,EXPANDING,-1,30,47,2,1,1,0
2025-08,"(10.0, 14.0]",NY,STABLE,-1,30,110,1,1,0,0
2025-08,"(10.0, 14.0]",NY-Asia,CONTRACTING,-1,30,8,0,0,0,0
2025-08,"(10.0, 14.0]",NY-Asia,EXPANDING,-1,30,2,1,0,1,0
2025-08,"(14.0, inf]",Asia,CONTRACTING,-1,30,3,0,0,0,0
2025-08,"(14.0, inf]",Asia,EXPANDING,-1,30,22,0,0,0,0
2025-08,"(14.0, inf]",Asia,STABLE,-1,30,7,0,0,0,0
2025-08,"(14.0, inf]",Asia,unclassified,-1,30,12,0,0,0,0
2025-08,"(14.0, inf]",London,EXPANDING,-1,30,4,0,0,0,0
2025-08,"(14.0, inf]",London-NY,EXPANDING,-1,30,37,1,1,0,0
2025-08,"(14.0, inf]",London-NY,STABLE,-1,30,1,0,0,0,0
2025-08,"(14.0, inf]",NY,CONTRACTING,-1,30,20,1,0,1,0
2025-08,"(14.0, inf]",NY,EXPANDING,-1,30,34,0,0,0,0
2025-08,"(14.0, inf]",NY,STABLE,-1,30,45,0,0,0,0
2025-08,"(14.0, inf]",NY-Asia,CONTRACTING,-1,30,6,0,0,0,0
2025-08,"(14.0, inf]",NY-Asia,EXPANDING,-1,30,11,0,0,0,0
2025-08,"(14.0, inf]",NY-Asia,STABLE,-1,30,1,0,0,0,0
2025-08,unclassified,Asia,unclassified,-1,30,110,4,0,4,0
2025-08,"(0.0, 7.0]",Asia,CONTRACTING,-1,60,356,1,0,1,0
2025-08,"(0.0, 7.0]",Asia,EXPANDING,-1,60,304,0,0,0,0
2025-08,"(0.0, 7.0]",Asia,STABLE,-1,60,725,0,0,0,0
2025-08,"(0.0, 7.0]",Asia,unclassified,-1,60,203,4,0,4,0
2025-08,"(0.0, 7.0]",Asia-London,EXPANDING,-1,60,114,0,0,0,0
2025-08,"(0.0, 7.0]",Asia-London,STABLE,-1,60,100,0,0,0,0
2025-08,"(0.0, 7.0]",London,CONTRACTING,-1,60,145,0,0,0,0
2025-08,"(0.0, 7.0]",London,EXPANDING,-1,60,119,0,0,0,0
2025-08,"(0.0, 7.0]",London,STABLE,-1,60,609,1,1,0,0
2025-08,"(0.0, 7.0]",London-NY,CONTRACTING,-1,60,13,0,0,0,0
2025-08,"(0.0, 7.0]",London-NY,EXPANDING,-1,60,55,0,0,0,0
2025-08,"(0.0, 7.0]",London-NY,STABLE,-1,60,65,0,0,0,0
2025-08,"(0.0, 7.0]",NY,CONTRACTING,-1,60,190,1,0,1,0
2025-08,"(0.0, 7.0]",NY,EXPANDING,-1,60,5,0,0,0,0
2025-08,"(0.0, 7.0]",NY,STABLE,-1,60,124,0,0,0,0
2025-08,"(0.0, 7.0]",NY-Asia,CONTRACTING,-1,60,230,1,0,1,0
2025-08,"(0.0, 7.0]",NY-Asia,EXPANDING,-1,60,17,4,3,1,0
2025-08,"(0.0, 7.0]",NY-Asia,STABLE,-1,60,330,1,0,1,0
2025-08,"(7.0, 10.0]",Asia,CONTRACTING,-1,60,33,0,0,0,0
2025-08,"(7.0, 10.0]",Asia,EXPANDING,-1,60,95,0,0,0,0
2025-08,"(7.0, 10.0]",Asia,STABLE,-1,60,76,0,0,0,0
2025-08,"(7.0, 10.0]",Asia,unclassified,-1,60,15,0,0,0,0
2025-08,"(7.0, 10.0]",Asia-London,EXPANDING,-1,60,18,0,0,0,0
2025-08,"(7.0, 10.0]",Asia-London,STABLE,-1,60,12,0,0,0,0
2025-08,"(7.0, 10.0]",London,CONTRACTING,-1,60,41,0,0,0,0
2025-08,"(7.0, 10.0]",London,EXPANDING,-1,60,105,0,0,0,0
2025-08,"(7.0, 10.0]",London,STABLE,-1,60,159,0,0,0,0
2025-08,"(7.0, 10.0]",London-NY,EXPANDING,-1,60,116,0,0,0,0
2025-08,"(7.0, 10.0]",London-NY,STABLE,-1,60,23,0,0,0,0
2025-08,"(7.0, 10.0]",NY,CONTRACTING,-1,60,129,1,0,1,0
2025-08,"(7.0, 10.0]",NY,EXPANDING,-1,60,71,0,0,0,0
2025-08,"(7.0, 10.0]",NY,STABLE,-1,60,194,1,0,1,0
2025-08,"(7.0, 10.0]",NY-Asia,CONTRACTING,-1,60,1,0,0,0,0
2025-08,"(7.0, 10.0]",NY-Asia,EXPANDING,-1,60,19,0,0,0,0
2025-08,"(7.0, 10.0]",NY-Asia,STABLE,-1,60,8,0,0,0,0
2025-08,"(10.0, 14.0]",Asia,CONTRACTING,-1,60,18,0,0,0,0
2025-08,"(10.0, 14.0]",Asia,EXPANDING,-1,60,14,0,0,0,0
2025-08,"(10.0, 14.0]",Asia,STABLE,-1,60,3,0,0,0,0
2025-08,"(10.0, 14.0]",Asia,unclassified,-1,60,8,0,0,0,0
2025-08,"(10.0, 14.0]",Asia-London,EXPANDING,-1,60,8,0,0,0,0
2025-08,"(10.0, 14.0]",London,CONTRACTING,-1,60,7,0,0,0,0
2025-08,"(10.0, 14.0]",London,EXPANDING,-1,60,46,0,0,0,0
2025-08,"(10.0, 14.0]",London,STABLE,-1,60,25,0,0,0,0
2025-08,"(10.0, 14.0]",London-NY,EXPANDING,-1,60,45,0,0,0,0
2025-08,"(10.0, 14.0]",London-NY,STABLE,-1,60,23,0,0,0,0
2025-08,"(10.0, 14.0]",NY,CONTRACTING,-1,60,39,0,0,0,0
2025-08,"(10.0, 14.0]",NY,EXPANDING,-1,60,47,0,0,0,0
2025-08,"(10.0, 14.0]",NY,STABLE,-1,60,110,0,0,0,0
2025-08,"(10.0, 14.0]",NY-Asia,CONTRACTING,-1,60,6,0,0,0,0
2025-08,"(10.0, 14.0]",NY-Asia,EXPANDING,-1,60,1,1,0,1,0
2025-08,"(14.0, inf]",Asia,CONTRACTING,-1,60,3,0,0,0,0
2025-08,"(14.0, inf]",Asia,EXPANDING,-1,60,22,0,0,0,0
2025-08,"(14.0, inf]",Asia,STABLE,-1,60,7,0,0,0,0
2025-08,"(14.0, inf]",Asia,unclassified,-1,60,12,0,0,0,0
2025-08,"(14.0, inf]",London,EXPANDING,-1,60,4,0,0,0,0
2025-08,"(14.0, inf]",London-NY,EXPANDING,-1,60,37,0,0,0,0
2025-08,"(14.0, inf]",London-NY,STABLE,-1,60,1,0,0,0,0
2025-08,"(14.0, inf]",NY,CONTRACTING,-1,60,20,0,0,0,0
2025-08,"(14.0, inf]",NY,EXPANDING,-1,60,34,0,0,0,0
2025-08,"(14.0, inf]",NY,STABLE,-1,60,45,0,0,0,0
2025-08,"(14.0, inf]",NY-Asia,CONTRACTING,-1,60,6,0,0,0,0
2025-08,"(14.0, inf]",NY-Asia,EXPANDING,-1,60,11,0,0,0,0
2025-08,"(14.0, inf]",NY-Asia,STABLE,-1,60,1,0,0,0,0
2025-08,unclassified,Asia,unclassified,-1,60,110,3,0,3,0
2025-09,"(0.0, 7.0]",Asia,CONTRACTING,1,15,412,47,22,25,0
2025-09,"(0.0, 7.0]",Asia,EXPANDING,1,15,191,23,9,14,0
2025-09,"(0.0, 7.0]",Asia,STABLE,1,15,356,40,17,23,0
2025-09,"(0.0, 7.0]",Asia,unclassified,1,15,198,26,19,7,0
2025-09,"(0.0, 7.0]",Asia-London,EXPANDING,1,15,58,4,1,3,0
2025-09,"(0.0, 7.0]",Asia-London,STABLE,1,15,22,2,1,1,0
2025-09,"(0.0, 7.0]",London,CONTRACTING,1,15,199,12,4,8,0
2025-09,"(0.0, 7.0]",London,EXPANDING,1,15,50,2,1,1,0
2025-09,"(0.0, 7.0]",London,STABLE,1,15,426,53,32,21,0
2025-09,"(0.0, 7.0]",London-NY,CONTRACTING,1,15,4,1,1,0,0
2025-09,"(0.0, 7.0]",London-NY,EXPANDING,1,15,14,3,3,0,0
2025-09,"(0.0, 7.0]",London-NY,STABLE,1,15,42,7,4,3,0
2025-09,"(0.0, 7.0]",NY,CONTRACTING,1,15,155,18,7,11,0
2025-09,"(0.0, 7.0]",NY,STABLE,1,15,62,5,3,2,0
2025-09,"(0.0, 7.0]",NY-Asia,CONTRACTING,1,15,237,23,8,15,0
2025-09,"(0.0, 7.0]",NY-Asia,EXPANDING,1,15,64,5,5,0,0
2025-09,"(0.0, 7.0]",NY-Asia,STABLE,1,15,303,33,17,16,0
2025-09,"(7.0, 10.0]",Asia,CONTRACTING,1,15,131,16,9,7,0
2025-09,"(7.0, 10.0]",Asia,EXPANDING,1,15,191,19,12,7,0
2025-09,"(7.0, 10.0]",Asia,STABLE,1,15,222,16,8,8,0
2025-09,"(7.0, 10.0]",Asia,unclassified,1,15,34,7,4,3,0
2025-09,"(7.0, 10.0]",Asia-London,EXPANDING,1,15,106,9,4,5,0
2025-09,"(7.0, 10.0]",Asia-London,STABLE,1,15,36,4,2,2,0
2025-09,"(7.0, 10.0]",London,CONTRACTING,1,15,80,4,2,2,0
2025-09,"(7.0, 10.0]",London,EXPANDING,1,15,108,8,1,7,0
2025-09,"(7.0, 10.0]",London,STABLE,1,15,322,27,12,15,0
2025-09,"(7.0, 10.0]",London-NY,CONTRACTING,1,15,4,0,0,0,0
2025-09,"(7.0, 10.0]",London-NY,EXPANDING,1,15,124,12,4,8,0
2025-09,"(7.0, 10.0]",London-NY,STABLE,1,15,53,5,3,2,0
2025-09,"(7.0, 10.0]",NY,CONTRACTING,1,15,153,12,9,3,0
2025-09,"(7.0, 10.0]",NY,EXPANDING,1,15,21,1,0,1,0
2025-09,"(7.0, 10.0]",NY,STABLE,1,15,155,17,11,6,0
2025-09,"(7.0, 10.0]",NY-Asia,CONTRACTING,1,15,32,5,5,0,0
2025-09,"(7.0, 10.0]",NY-Asia,EXPANDING,1,15,46,4,1,3,0
2025-09,"(7.0, 10.0]",NY-Asia,STABLE,1,15,94,5,2,3,0
2025-09,"(10.0, 14.0]",Asia,CONTRACTING,1,15,24,2,1,1,0
2025-09,"(10.0, 14.0]",Asia,EXPANDING,1,15,118,13,10,3,0
2025-09,"(10.0, 14.0]",Asia,STABLE,1,15,45,4,1,3,0
2025-09,"(10.0, 14.0]",Asia,unclassified,1,15,17,1,1,0,0
2025-09,"(10.0, 14.0]",Asia-London,EXPANDING,1,15,26,6,5,1,0
2025-09,"(10.0, 14.0]",Asia-London,STABLE,1,15,13,3,3,0,0
2025-09,"(10.0, 14.0]",London,CONTRACTING,1,15,11,1,0,1,0
2025-09,"(10.0, 14.0]",London,EXPANDING,1,15,52,3,1,2,0
2025-09,"(10.0, 14.0]",London,STABLE,1,15,48,5,1,4,0
2025-09,"(10.0, 14.0]",London-NY,EXPANDING,1,15,84,11,3,8,0
2025-09,"(10.0, 14.0]",London-NY,STABLE,1,15,21,1,1,0,0
2025-09,"(10.0, 14.0]",NY,CONTRACTING,1,15,90,3,0,3,0
2025-09,"(10.0, 14.0]",NY,EXPANDING,1,15,84,6,4,2,0
2025-09,"(10.0, 14.0]",NY,STABLE,1,15,127,8,4,4,0
2025-09,"(10.0, 14.0]",NY-Asia,CONTRACTING,1,15,4,1,0,1,0
2025-09,"(10.0, 14.0]",NY-Asia,EXPANDING,1,15,9,1,1,0,0
2025-09,"(10.0, 14.0]",NY-Asia,STABLE,1,15,4,0,0,0,0
2025-09,"(14.0, inf]",Asia,CONTRACTING,1,15,3,0,0,0,0
2025-09,"(14.0, inf]",Asia,EXPANDING,1,15,39,3,1,2,0
2025-09,"(14.0, inf]",Asia,STABLE,1,15,9,1,0,1,0
2025-09,"(14.0, inf]",Asia,unclassified,1,15,4,1,1,0,0
2025-09,"(14.0, inf]",Asia-London,EXPANDING,1,15,3,0,0,0,0
2025-09,"(14.0, inf]",London,CONTRACTING,1,15,5,0,0,0,0
2025-09,"(14.0, inf]",London,EXPANDING,1,15,13,1,1,0,0
2025-09,"(14.0, inf]",London,STABLE,1,15,6,0,0,0,0
2025-09,"(14.0, inf]",London-NY,EXPANDING,1,15,48,6,3,3,0
2025-09,"(14.0, inf]",London-NY,STABLE,1,15,2,1,1,0,0
2025-09,"(14.0, inf]",NY,CONTRACTING,1,15,33,3,1,2,0
2025-09,"(14.0, inf]",NY,EXPANDING,1,15,75,7,4,3,0
2025-09,"(14.0, inf]",NY,STABLE,1,15,101,9,4,5,0
2025-09,"(14.0, inf]",NY-Asia,CONTRACTING,1,15,15,2,2,0,0
2025-09,"(14.0, inf]",NY-Asia,EXPANDING,1,15,18,0,0,0,0
2025-09,"(14.0, inf]",NY-Asia,STABLE,1,15,2,1,1,0,0
2025-09,unclassified,Asia,unclassified,1,15,115,15,7,8,0
2025-09,"(0.0, 7.0]",Asia,CONTRACTING,1,30,409,3,3,0,0
2025-09,"(0.0, 7.0]",Asia,EXPANDING,1,30,191,4,2,2,0
2025-09,"(0.0, 7.0]",Asia,STABLE,1,30,356,7,1,6,0
2025-09,"(0.0, 7.0]",Asia,unclassified,1,30,198,8,6,2,0
2025-09,"(0.0, 7.0]",Asia-London,EXPANDING,1,30,58,2,0,2,0
2025-09,"(0.0, 7.0]",Asia-London,STABLE,1,30,22,3,3,0,0
2025-09,"(0.0, 7.0]",London,CONTRACTING,1,30,199,0,0,0,0
2025-09,"(0.0, 7.0]",London,EXPANDING,1,30,50,0,0,0,0
2025-09,"(0.0, 7.0]",London,STABLE,1,30,426,11,6,5,0
2025-09,"(0.0, 7.0]",London-NY,CONTRACTING,1,30,4,0,0,0,0
2025-09,"(0.0, 7.0]",London-NY,EXPANDING,1,30,14,1,1,0,0
2025-09,"(0.0, 7.0]",London-NY,STABLE,1,30,42,3,1,2,0
2025-09,"(0.0, 7.0]",NY,CONTRACTING,1,30,155,4,2,2,0
2025-09,"(0.0, 7.0]",NY,STABLE,1,30,62,0,0,0,0
2025-09,"(0.0, 7.0]",NY-Asia,CONTRACTING,1,30,211,2,2,0,0
2025-09,"(0.0, 7.0]",NY-Asia,EXPANDING,1,30,56,3,3,0,0
2025-09,"(0.0, 7.0]",NY-Asia,STABLE,1,30,280,3,2,1,0
2025-09,"(7.0, 10.0]",Asia,CONTRACTING,1,30,131,1,1,0,0
2025-09,"(7.0, 10.0]",Asia,EXPANDING,1,30,191,3,1,2,0
2025-09,"(7.0, 10.0]",Asia,STABLE,1,30,222,1,1,0,0
2025-09,"(7.0, 10.0]",Asia,unclassified,1,30,34,0,0,0,0
2025-09,"(7.0, 10.0]",Asia-London,EXPANDING,1,30,106,2,1,1,0
2025-09,"(7.0, 10.0]",Asia-London,STABLE,1,30,36,0,0,0,0
2025-09,"(7.0, 10.0]",London,CONTRACTING,1,30,80,0,0,0,0
2025-09,"(7.0, 10.0]",London,EXPANDING,1,30,108,2,1,1,0
2025-09,"(7.0, 10.0]",London,STABLE,1,30,322,4,1,3,0
2025-09,"(7.0, 10.0]",London-NY,CONTRACTING,1,30,4,0,0,0,0
2025-09,"(7.0, 10.0]",London-NY,EXPANDING,1,30,124,3,0,3,0
2025-09,"(7.0, 10.0]",London-NY,STABLE,1,30,53,1,1,0,0
2025-09,"(7.0, 10.0]",NY,CONTRACTING,1,30,153,5,5,0,0
2025-09,"(7.0, 10.0]",NY,EXPANDING,1,30,21,0,0,0,0
2025-09,"(7.0, 10.0]",NY,STABLE,1,30,155,2,2,0,0
2025-09,"(7.0, 10.0]",NY-Asia,CONTRACTING,1,30,30,1,1,0,0
2025-09,"(7.0, 10.0]",NY-Asia,EXPANDING,1,30,43,1,0,1,0
2025-09,"(7.0, 10.0]",NY-Asia,STABLE,1,30,91,1,0,1,0
2025-09,"(10.0, 14.0]",Asia,CONTRACTING,1,30,24,0,0,0,0
2025-09,"(10.0, 14.0]",Asia,EXPANDING,1,30,118,5,5,0,0
2025-09,"(10.0, 14.0]",Asia,STABLE,1,30,45,1,0,1,0
2025-09,"(10.0, 14.0]",Asia,unclassified,1,30,17,0,0,0,0
2025-09,"(10.0, 14.0]",Asia-London,EXPANDING,1,30,26,3,3,0,0
2025-09,"(10.0, 14.0]",Asia-London,STABLE,1,30,13,0,0,0,0
2025-09,"(10.0, 14.0]",London,CONTRACTING,1,30,11,0,0,0,0
2025-09,"(10.0, 14.0]",London,EXPANDING,1,30,52,0,0,0,0
2025-09,"(10.0, 14.0]",London,STABLE,1,30,48,2,0,2,0
2025-09,"(10.0, 14.0]",London-NY,EXPANDING,1,30,84,1,0,1,0
2025-09,"(10.0, 14.0]",London-NY,STABLE,1,30,21,0,0,0,0
2025-09,"(10.0, 14.0]",NY,CONTRACTING,1,30,90,0,0,0,0
2025-09,"(10.0, 14.0]",NY,EXPANDING,1,30,84,1,1,0,0
2025-09,"(10.0, 14.0]",NY,STABLE,1,30,127,1,0,1,0
2025-09,"(10.0, 14.0]",NY-Asia,CONTRACTING,1,30,3,0,0,0,0
2025-09,"(10.0, 14.0]",NY-Asia,EXPANDING,1,30,9,1,1,0,0
2025-09,"(10.0, 14.0]",NY-Asia,STABLE,1,30,4,0,0,0,0
2025-09,"(14.0, inf]",Asia,CONTRACTING,1,30,3,0,0,0,0
2025-09,"(14.0, inf]",Asia,EXPANDING,1,30,39,0,0,0,0
2025-09,"(14.0, inf]",Asia,STABLE,1,30,9,0,0,0,0
2025-09,"(14.0, inf]",Asia,unclassified,1,30,4,0,0,0,0
2025-09,"(14.0, inf]",Asia-London,EXPANDING,1,30,3,0,0,0,0
2025-09,"(14.0, inf]",London,CONTRACTING,1,30,5,0,0,0,0
2025-09,"(14.0, inf]",London,EXPANDING,1,30,13,1,1,0,0
2025-09,"(14.0, inf]",London,STABLE,1,30,6,0,0,0,0
2025-09,"(14.0, inf]",London-NY,EXPANDING,1,30,48,2,2,0,0
2025-09,"(14.0, inf]",London-NY,STABLE,1,30,2,0,0,0,0
2025-09,"(14.0, inf]",NY,CONTRACTING,1,30,33,0,0,0,0
2025-09,"(14.0, inf]",NY,EXPANDING,1,30,75,0,0,0,0
2025-09,"(14.0, inf]",NY,STABLE,1,30,101,1,0,1,0
2025-09,"(14.0, inf]",NY-Asia,CONTRACTING,1,30,15,0,0,0,0
2025-09,"(14.0, inf]",NY-Asia,EXPANDING,1,30,18,0,0,0,0
2025-09,"(14.0, inf]",NY-Asia,STABLE,1,30,2,0,0,0,0
2025-09,unclassified,Asia,unclassified,1,30,115,2,1,1,0
2025-09,"(0.0, 7.0]",Asia,CONTRACTING,1,60,407,1,1,0,0
2025-09,"(0.0, 7.0]",Asia,EXPANDING,1,60,191,1,1,0,0
2025-09,"(0.0, 7.0]",Asia,STABLE,1,60,356,0,0,0,0
2025-09,"(0.0, 7.0]",Asia,unclassified,1,60,194,1,0,1,0
2025-09,"(0.0, 7.0]",Asia-London,EXPANDING,1,60,58,0,0,0,0
2025-09,"(0.0, 7.0]",Asia-London,STABLE,1,60,22,0,0,0,0
2025-09,"(0.0, 7.0]",London,CONTRACTING,1,60,199,0,0,0,0
2025-09,"(0.0, 7.0]",London,EXPANDING,1,60,50,0,0,0,0
2025-09,"(0.0, 7.0]",London,STABLE,1,60,426,3,1,2,0
2025-09,"(0.0, 7.0]",London-NY,CONTRACTING,1,60,4,0,0,0,0
2025-09,"(0.0, 7.0]",London-NY,EXPANDING,1,60,14,0,0,0,0
2025-09,"(0.0, 7.0]",London-NY,STABLE,1,60,42,0,0,0,0
2025-09,"(0.0, 7.0]",NY,CONTRACTING,1,60,155,0,0,0,0
2025-09,"(0.0, 7.0]",NY,STABLE,1,60,62,1,1,0,0
2025-09,"(0.0, 7.0]",NY-Asia,CONTRACTING,1,60,187,1,1,0,0
2025-09,"(0.0, 7.0]",NY-Asia,EXPANDING,1,60,35,0,0,0,0
2025-09,"(0.0, 7.0]",NY-Asia,STABLE,1,60,231,1,1,0,0
2025-09,"(7.0, 10.0]",Asia,CONTRACTING,1,60,131,0,0,0,0
2025-09,"(7.0, 10.0]",Asia,EXPANDING,1,60,191,0,0,0,0
2025-09,"(7.0, 10.0]",Asia,STABLE,1,60,222,0,0,0,0
2025-09,"(7.0, 10.0]",Asia,unclassified,1,60,34,0,0,0,0
2025-09,"(7.0, 10.0]",Asia-London,EXPANDING,1,60,106,0,0,0,0
2025-09,"(7.0, 10.0]",Asia-London,STABLE,1,60,36,0,0,0,0
2025-09,"(7.0, 10.0]",London,CONTRACTING,1,60,80,0,0,0,0
2025-09,"(7.0, 10.0]",London,EXPANDING,1,60,108,0,0,0,0
2025-09,"(7.0, 10.0]",London,STABLE,1,60,322,0,0,0,0
2025-09,"(7.0, 10.0]",London-NY,CONTRACTING,1,60,4,0,0,0,0
2025-09,"(7.0, 10.0]",London-NY,EXPANDING,1,60,124,0,0,0,0
2025-09,"(7.0, 10.0]",London-NY,STABLE,1,60,53,0,0,0,0
2025-09,"(7.0, 10.0]",NY,CONTRACTING,1,60,153,0,0,0,0
2025-09,"(7.0, 10.0]",NY,EXPANDING,1,60,21,0,0,0,0
2025-09,"(7.0, 10.0]",NY,STABLE,1,60,155,0,0,0,0
2025-09,"(7.0, 10.0]",NY-Asia,CONTRACTING,1,60,22,0,0,0,0
2025-09,"(7.0, 10.0]",NY-Asia,EXPANDING,1,60,30,0,0,0,0
2025-09,"(7.0, 10.0]",NY-Asia,STABLE,1,60,81,0,0,0,0
2025-09,"(10.0, 14.0]",Asia,CONTRACTING,1,60,24,0,0,0,0
2025-09,"(10.0, 14.0]",Asia,EXPANDING,1,60,118,0,0,0,0
2025-09,"(10.0, 14.0]",Asia,STABLE,1,60,45,0,0,0,0
2025-09,"(10.0, 14.0]",Asia,unclassified,1,60,17,0,0,0,0
2025-09,"(10.0, 14.0]",Asia-London,EXPANDING,1,60,26,0,0,0,0
2025-09,"(10.0, 14.0]",Asia-London,STABLE,1,60,13,0,0,0,0
2025-09,"(10.0, 14.0]",London,CONTRACTING,1,60,11,0,0,0,0
2025-09,"(10.0, 14.0]",London,EXPANDING,1,60,52,0,0,0,0
2025-09,"(10.0, 14.0]",London,STABLE,1,60,48,0,0,0,0
2025-09,"(10.0, 14.0]",London-NY,EXPANDING,1,60,84,0,0,0,0
2025-09,"(10.0, 14.0]",London-NY,STABLE,1,60,21,0,0,0,0
2025-09,"(10.0, 14.0]",NY,CONTRACTING,1,60,90,0,0,0,0
2025-09,"(10.0, 14.0]",NY,EXPANDING,1,60,84,0,0,0,0
2025-09,"(10.0, 14.0]",NY,STABLE,1,60,127,0,0,0,0
2025-09,"(10.0, 14.0]",NY-Asia,EXPANDING,1,60,9,0,0,0,0
2025-09,"(10.0, 14.0]",NY-Asia,STABLE,1,60,4,0,0,0,0
2025-09,"(14.0, inf]",Asia,CONTRACTING,1,60,3,0,0,0,0
2025-09,"(14.0, inf]",Asia,EXPANDING,1,60,39,0,0,0,0
2025-09,"(14.0, inf]",Asia,STABLE,1,60,9,0,0,0,0
2025-09,"(14.0, inf]",Asia,unclassified,1,60,4,0,0,0,0
2025-09,"(14.0, inf]",Asia-London,EXPANDING,1,60,3,0,0,0,0
2025-09,"(14.0, inf]",London,CONTRACTING,1,60,5,0,0,0,0
2025-09,"(14.0, inf]",London,EXPANDING,1,60,13,0,0,0,0
2025-09,"(14.0, inf]",London,STABLE,1,60,6,0,0,0,0
2025-09,"(14.0, inf]",London-NY,EXPANDING,1,60,48,0,0,0,0
2025-09,"(14.0, inf]",London-NY,STABLE,1,60,2,0,0,0,0
2025-09,"(14.0, inf]",NY,CONTRACTING,1,60,33,0,0,0,0
2025-09,"(14.0, inf]",NY,EXPANDING,1,60,75,0,0,0,0
2025-09,"(14.0, inf]",NY,STABLE,1,60,101,0,0,0,0
2025-09,"(14.0, inf]",NY-Asia,CONTRACTING,1,60,11,0,0,0,0
2025-09,"(14.0, inf]",NY-Asia,EXPANDING,1,60,18,0,0,0,0
2025-09,"(14.0, inf]",NY-Asia,STABLE,1,60,2,0,0,0,0
2025-09,unclassified,Asia,unclassified,1,60,115,0,0,0,0
2025-09,"(0.0, 7.0]",Asia,CONTRACTING,-1,15,412,47,25,22,0
2025-09,"(0.0, 7.0]",Asia,EXPANDING,-1,15,191,23,14,9,0
2025-09,"(0.0, 7.0]",Asia,STABLE,-1,15,356,40,23,17,0
2025-09,"(0.0, 7.0]",Asia,unclassified,-1,15,198,26,7,19,0
2025-09,"(0.0, 7.0]",Asia-London,EXPANDING,-1,15,58,4,3,1,0
2025-09,"(0.0, 7.0]",Asia-London,STABLE,-1,15,22,2,1,1,0
2025-09,"(0.0, 7.0]",London,CONTRACTING,-1,15,199,12,8,4,0
2025-09,"(0.0, 7.0]",London,EXPANDING,-1,15,50,2,1,1,0
2025-09,"(0.0, 7.0]",London,STABLE,-1,15,426,53,21,32,0
2025-09,"(0.0, 7.0]",London-NY,CONTRACTING,-1,15,4,1,0,1,0
2025-09,"(0.0, 7.0]",London-NY,EXPANDING,-1,15,14,3,0,3,0
2025-09,"(0.0, 7.0]",London-NY,STABLE,-1,15,42,7,3,4,0
2025-09,"(0.0, 7.0]",NY,CONTRACTING,-1,15,155,18,11,7,0
2025-09,"(0.0, 7.0]",NY,STABLE,-1,15,62,5,2,3,0
2025-09,"(0.0, 7.0]",NY-Asia,CONTRACTING,-1,15,237,23,15,8,0
2025-09,"(0.0, 7.0]",NY-Asia,EXPANDING,-1,15,64,5,0,5,0
2025-09,"(0.0, 7.0]",NY-Asia,STABLE,-1,15,303,33,16,17,0
2025-09,"(7.0, 10.0]",Asia,CONTRACTING,-1,15,131,16,7,9,0
2025-09,"(7.0, 10.0]",Asia,EXPANDING,-1,15,191,19,7,12,0
2025-09,"(7.0, 10.0]",Asia,STABLE,-1,15,222,16,8,8,0
2025-09,"(7.0, 10.0]",Asia,unclassified,-1,15,34,7,3,4,0
2025-09,"(7.0, 10.0]",Asia-London,EXPANDING,-1,15,106,9,5,4,0
2025-09,"(7.0, 10.0]",Asia-London,STABLE,-1,15,36,4,2,2,0
2025-09,"(7.0, 10.0]",London,CONTRACTING,-1,15,80,4,2,2,0
2025-09,"(7.0, 10.0]",London,EXPANDING,-1,15,108,8,7,1,0
2025-09,"(7.0, 10.0]",London,STABLE,-1,15,322,27,15,12,0
2025-09,"(7.0, 10.0]",London-NY,CONTRACTING,-1,15,4,0,0,0,0
2025-09,"(7.0, 10.0]",London-NY,EXPANDING,-1,15,124,12,8,4,0
2025-09,"(7.0, 10.0]",London-NY,STABLE,-1,15,53,5,2,3,0
2025-09,"(7.0, 10.0]",NY,CONTRACTING,-1,15,153,12,3,9,0
2025-09,"(7.0, 10.0]",NY,EXPANDING,-1,15,21,1,1,0,0
2025-09,"(7.0, 10.0]",NY,STABLE,-1,15,155,17,6,11,0
2025-09,"(7.0, 10.0]",NY-Asia,CONTRACTING,-1,15,32,5,0,5,0
2025-09,"(7.0, 10.0]",NY-Asia,EXPANDING,-1,15,46,4,3,1,0
2025-09,"(7.0, 10.0]",NY-Asia,STABLE,-1,15,94,5,3,2,0
2025-09,"(10.0, 14.0]",Asia,CONTRACTING,-1,15,24,2,1,1,0
2025-09,"(10.0, 14.0]",Asia,EXPANDING,-1,15,118,13,3,10,0
2025-09,"(10.0, 14.0]",Asia,STABLE,-1,15,45,4,3,1,0
2025-09,"(10.0, 14.0]",Asia,unclassified,-1,15,17,1,0,1,0
2025-09,"(10.0, 14.0]",Asia-London,EXPANDING,-1,15,26,6,1,5,0
2025-09,"(10.0, 14.0]",Asia-London,STABLE,-1,15,13,3,0,3,0
2025-09,"(10.0, 14.0]",London,CONTRACTING,-1,15,11,1,1,0,0
2025-09,"(10.0, 14.0]",London,EXPANDING,-1,15,52,3,2,1,0
2025-09,"(10.0, 14.0]",London,STABLE,-1,15,48,5,4,1,0
2025-09,"(10.0, 14.0]",London-NY,EXPANDING,-1,15,84,11,8,3,0
2025-09,"(10.0, 14.0]",London-NY,STABLE,-1,15,21,1,0,1,0
2025-09,"(10.0, 14.0]",NY,CONTRACTING,-1,15,90,3,3,0,0
2025-09,"(10.0, 14.0]",NY,EXPANDING,-1,15,84,6,2,4,0
2025-09,"(10.0, 14.0]",NY,STABLE,-1,15,127,8,4,4,0
2025-09,"(10.0, 14.0]",NY-Asia,CONTRACTING,-1,15,4,1,1,0,0
2025-09,"(10.0, 14.0]",NY-Asia,EXPANDING,-1,15,9,1,0,1,0
2025-09,"(10.0, 14.0]",NY-Asia,STABLE,-1,15,4,0,0,0,0
2025-09,"(14.0, inf]",Asia,CONTRACTING,-1,15,3,0,0,0,0
2025-09,"(14.0, inf]",Asia,EXPANDING,-1,15,39,3,2,1,0
2025-09,"(14.0, inf]",Asia,STABLE,-1,15,9,1,1,0,0
2025-09,"(14.0, inf]",Asia,unclassified,-1,15,4,1,0,1,0
2025-09,"(14.0, inf]",Asia-London,EXPANDING,-1,15,3,0,0,0,0
2025-09,"(14.0, inf]",London,CONTRACTING,-1,15,5,0,0,0,0
2025-09,"(14.0, inf]",London,EXPANDING,-1,15,13,1,0,1,0
2025-09,"(14.0, inf]",London,STABLE,-1,15,6,0,0,0,0
2025-09,"(14.0, inf]",London-NY,EXPANDING,-1,15,48,6,3,3,0
2025-09,"(14.0, inf]",London-NY,STABLE,-1,15,2,1,0,1,0
2025-09,"(14.0, inf]",NY,CONTRACTING,-1,15,33,3,2,1,0
2025-09,"(14.0, inf]",NY,EXPANDING,-1,15,75,7,3,4,0
2025-09,"(14.0, inf]",NY,STABLE,-1,15,101,9,5,4,0
2025-09,"(14.0, inf]",NY-Asia,CONTRACTING,-1,15,15,2,0,2,0
2025-09,"(14.0, inf]",NY-Asia,EXPANDING,-1,15,18,0,0,0,0
2025-09,"(14.0, inf]",NY-Asia,STABLE,-1,15,2,1,0,1,0
2025-09,unclassified,Asia,unclassified,-1,15,115,15,8,7,0
2025-09,"(0.0, 7.0]",Asia,CONTRACTING,-1,30,409,3,0,3,0
2025-09,"(0.0, 7.0]",Asia,EXPANDING,-1,30,191,4,2,2,0
2025-09,"(0.0, 7.0]",Asia,STABLE,-1,30,356,7,6,1,0
2025-09,"(0.0, 7.0]",Asia,unclassified,-1,30,198,8,2,6,0
2025-09,"(0.0, 7.0]",Asia-London,EXPANDING,-1,30,58,2,2,0,0
2025-09,"(0.0, 7.0]",Asia-London,STABLE,-1,30,22,3,0,3,0
2025-09,"(0.0, 7.0]",London,CONTRACTING,-1,30,199,0,0,0,0
2025-09,"(0.0, 7.0]",London,EXPANDING,-1,30,50,0,0,0,0
2025-09,"(0.0, 7.0]",London,STABLE,-1,30,426,11,5,6,0
2025-09,"(0.0, 7.0]",London-NY,CONTRACTING,-1,30,4,0,0,0,0
2025-09,"(0.0, 7.0]",London-NY,EXPANDING,-1,30,14,1,0,1,0
2025-09,"(0.0, 7.0]",London-NY,STABLE,-1,30,42,3,2,1,0
2025-09,"(0.0, 7.0]",NY,CONTRACTING,-1,30,155,4,2,2,0
2025-09,"(0.0, 7.0]",NY,STABLE,-1,30,62,0,0,0,0
2025-09,"(0.0, 7.0]",NY-Asia,CONTRACTING,-1,30,211,2,0,2,0
2025-09,"(0.0, 7.0]",NY-Asia,EXPANDING,-1,30,56,3,0,3,0
2025-09,"(0.0, 7.0]",NY-Asia,STABLE,-1,30,280,3,1,2,0
2025-09,"(7.0, 10.0]",Asia,CONTRACTING,-1,30,131,1,0,1,0
2025-09,"(7.0, 10.0]",Asia,EXPANDING,-1,30,191,3,2,1,0
2025-09,"(7.0, 10.0]",Asia,STABLE,-1,30,222,1,0,1,0
2025-09,"(7.0, 10.0]",Asia,unclassified,-1,30,34,0,0,0,0
2025-09,"(7.0, 10.0]",Asia-London,EXPANDING,-1,30,106,2,1,1,0
2025-09,"(7.0, 10.0]",Asia-London,STABLE,-1,30,36,0,0,0,0
2025-09,"(7.0, 10.0]",London,CONTRACTING,-1,30,80,0,0,0,0
2025-09,"(7.0, 10.0]",London,EXPANDING,-1,30,108,2,1,1,0
2025-09,"(7.0, 10.0]",London,STABLE,-1,30,322,4,3,1,0
2025-09,"(7.0, 10.0]",London-NY,CONTRACTING,-1,30,4,0,0,0,0
2025-09,"(7.0, 10.0]",London-NY,EXPANDING,-1,30,124,3,3,0,0
2025-09,"(7.0, 10.0]",London-NY,STABLE,-1,30,53,1,0,1,0
2025-09,"(7.0, 10.0]",NY,CONTRACTING,-1,30,153,5,0,5,0
2025-09,"(7.0, 10.0]",NY,EXPANDING,-1,30,21,0,0,0,0
2025-09,"(7.0, 10.0]",NY,STABLE,-1,30,155,2,0,2,0
2025-09,"(7.0, 10.0]",NY-Asia,CONTRACTING,-1,30,30,1,0,1,0
2025-09,"(7.0, 10.0]",NY-Asia,EXPANDING,-1,30,43,1,1,0,0
2025-09,"(7.0, 10.0]",NY-Asia,STABLE,-1,30,91,1,1,0,0
2025-09,"(10.0, 14.0]",Asia,CONTRACTING,-1,30,24,0,0,0,0
2025-09,"(10.0, 14.0]",Asia,EXPANDING,-1,30,118,5,0,5,0
2025-09,"(10.0, 14.0]",Asia,STABLE,-1,30,45,1,1,0,0
2025-09,"(10.0, 14.0]",Asia,unclassified,-1,30,17,0,0,0,0
2025-09,"(10.0, 14.0]",Asia-London,EXPANDING,-1,30,26,3,0,3,0
2025-09,"(10.0, 14.0]",Asia-London,STABLE,-1,30,13,0,0,0,0
2025-09,"(10.0, 14.0]",London,CONTRACTING,-1,30,11,0,0,0,0
2025-09,"(10.0, 14.0]",London,EXPANDING,-1,30,52,0,0,0,0
2025-09,"(10.0, 14.0]",London,STABLE,-1,30,48,2,2,0,0
2025-09,"(10.0, 14.0]",London-NY,EXPANDING,-1,30,84,1,1,0,0
2025-09,"(10.0, 14.0]",London-NY,STABLE,-1,30,21,0,0,0,0
2025-09,"(10.0, 14.0]",NY,CONTRACTING,-1,30,90,0,0,0,0
2025-09,"(10.0, 14.0]",NY,EXPANDING,-1,30,84,1,0,1,0
2025-09,"(10.0, 14.0]",NY,STABLE,-1,30,127,1,1,0,0
2025-09,"(10.0, 14.0]",NY-Asia,CONTRACTING,-1,30,3,0,0,0,0
2025-09,"(10.0, 14.0]",NY-Asia,EXPANDING,-1,30,9,1,0,1,0
2025-09,"(10.0, 14.0]",NY-Asia,STABLE,-1,30,4,0,0,0,0
2025-09,"(14.0, inf]",Asia,CONTRACTING,-1,30,3,0,0,0,0
2025-09,"(14.0, inf]",Asia,EXPANDING,-1,30,39,0,0,0,0
2025-09,"(14.0, inf]",Asia,STABLE,-1,30,9,0,0,0,0
2025-09,"(14.0, inf]",Asia,unclassified,-1,30,4,0,0,0,0
2025-09,"(14.0, inf]",Asia-London,EXPANDING,-1,30,3,0,0,0,0
2025-09,"(14.0, inf]",London,CONTRACTING,-1,30,5,0,0,0,0
2025-09,"(14.0, inf]",London,EXPANDING,-1,30,13,1,0,1,0
2025-09,"(14.0, inf]",London,STABLE,-1,30,6,0,0,0,0
2025-09,"(14.0, inf]",London-NY,EXPANDING,-1,30,48,2,0,2,0
2025-09,"(14.0, inf]",London-NY,STABLE,-1,30,2,0,0,0,0
2025-09,"(14.0, inf]",NY,CONTRACTING,-1,30,33,0,0,0,0
2025-09,"(14.0, inf]",NY,EXPANDING,-1,30,75,0,0,0,0
2025-09,"(14.0, inf]",NY,STABLE,-1,30,101,1,1,0,0
2025-09,"(14.0, inf]",NY-Asia,CONTRACTING,-1,30,15,0,0,0,0
2025-09,"(14.0, inf]",NY-Asia,EXPANDING,-1,30,18,0,0,0,0
2025-09,"(14.0, inf]",NY-Asia,STABLE,-1,30,2,0,0,0,0
2025-09,unclassified,Asia,unclassified,-1,30,115,2,1,1,0
2025-09,"(0.0, 7.0]",Asia,CONTRACTING,-1,60,407,1,0,1,0
2025-09,"(0.0, 7.0]",Asia,EXPANDING,-1,60,191,1,0,1,0
2025-09,"(0.0, 7.0]",Asia,STABLE,-1,60,356,0,0,0,0
2025-09,"(0.0, 7.0]",Asia,unclassified,-1,60,194,1,1,0,0
2025-09,"(0.0, 7.0]",Asia-London,EXPANDING,-1,60,58,0,0,0,0
2025-09,"(0.0, 7.0]",Asia-London,STABLE,-1,60,22,0,0,0,0
2025-09,"(0.0, 7.0]",London,CONTRACTING,-1,60,199,0,0,0,0
2025-09,"(0.0, 7.0]",London,EXPANDING,-1,60,50,0,0,0,0
2025-09,"(0.0, 7.0]",London,STABLE,-1,60,426,3,2,1,0
2025-09,"(0.0, 7.0]",London-NY,CONTRACTING,-1,60,4,0,0,0,0
2025-09,"(0.0, 7.0]",London-NY,EXPANDING,-1,60,14,0,0,0,0
2025-09,"(0.0, 7.0]",London-NY,STABLE,-1,60,42,0,0,0,0
2025-09,"(0.0, 7.0]",NY,CONTRACTING,-1,60,155,0,0,0,0
2025-09,"(0.0, 7.0]",NY,STABLE,-1,60,62,1,0,1,0
2025-09,"(0.0, 7.0]",NY-Asia,CONTRACTING,-1,60,187,1,0,1,0
2025-09,"(0.0, 7.0]",NY-Asia,EXPANDING,-1,60,35,0,0,0,0
2025-09,"(0.0, 7.0]",NY-Asia,STABLE,-1,60,231,1,0,1,0
2025-09,"(7.0, 10.0]",Asia,CONTRACTING,-1,60,131,0,0,0,0
2025-09,"(7.0, 10.0]",Asia,EXPANDING,-1,60,191,0,0,0,0
2025-09,"(7.0, 10.0]",Asia,STABLE,-1,60,222,0,0,0,0
2025-09,"(7.0, 10.0]",Asia,unclassified,-1,60,34,0,0,0,0
2025-09,"(7.0, 10.0]",Asia-London,EXPANDING,-1,60,106,0,0,0,0
2025-09,"(7.0, 10.0]",Asia-London,STABLE,-1,60,36,0,0,0,0
2025-09,"(7.0, 10.0]",London,CONTRACTING,-1,60,80,0,0,0,0
2025-09,"(7.0, 10.0]",London,EXPANDING,-1,60,108,0,0,0,0
2025-09,"(7.0, 10.0]",London,STABLE,-1,60,322,0,0,0,0
2025-09,"(7.0, 10.0]",London-NY,CONTRACTING,-1,60,4,0,0,0,0
2025-09,"(7.0, 10.0]",London-NY,EXPANDING,-1,60,124,0,0,0,0
2025-09,"(7.0, 10.0]",London-NY,STABLE,-1,60,53,0,0,0,0
2025-09,"(7.0, 10.0]",NY,CONTRACTING,-1,60,153,0,0,0,0
2025-09,"(7.0, 10.0]",NY,EXPANDING,-1,60,21,0,0,0,0
2025-09,"(7.0, 10.0]",NY,STABLE,-1,60,155,0,0,0,0
2025-09,"(7.0, 10.0]",NY-Asia,CONTRACTING,-1,60,22,0,0,0,0
2025-09,"(7.0, 10.0]",NY-Asia,EXPANDING,-1,60,30,0,0,0,0
2025-09,"(7.0, 10.0]",NY-Asia,STABLE,-1,60,81,0,0,0,0
2025-09,"(10.0, 14.0]",Asia,CONTRACTING,-1,60,24,0,0,0,0
2025-09,"(10.0, 14.0]",Asia,EXPANDING,-1,60,118,0,0,0,0
2025-09,"(10.0, 14.0]",Asia,STABLE,-1,60,45,0,0,0,0
2025-09,"(10.0, 14.0]",Asia,unclassified,-1,60,17,0,0,0,0
2025-09,"(10.0, 14.0]",Asia-London,EXPANDING,-1,60,26,0,0,0,0
2025-09,"(10.0, 14.0]",Asia-London,STABLE,-1,60,13,0,0,0,0
2025-09,"(10.0, 14.0]",London,CONTRACTING,-1,60,11,0,0,0,0
2025-09,"(10.0, 14.0]",London,EXPANDING,-1,60,52,0,0,0,0
2025-09,"(10.0, 14.0]",London,STABLE,-1,60,48,0,0,0,0
2025-09,"(10.0, 14.0]",London-NY,EXPANDING,-1,60,84,0,0,0,0
2025-09,"(10.0, 14.0]",London-NY,STABLE,-1,60,21,0,0,0,0
2025-09,"(10.0, 14.0]",NY,CONTRACTING,-1,60,90,0,0,0,0
2025-09,"(10.0, 14.0]",NY,EXPANDING,-1,60,84,0,0,0,0
2025-09,"(10.0, 14.0]",NY,STABLE,-1,60,127,0,0,0,0
2025-09,"(10.0, 14.0]",NY-Asia,EXPANDING,-1,60,9,0,0,0,0
2025-09,"(10.0, 14.0]",NY-Asia,STABLE,-1,60,4,0,0,0,0
2025-09,"(14.0, inf]",Asia,CONTRACTING,-1,60,3,0,0,0,0
2025-09,"(14.0, inf]",Asia,EXPANDING,-1,60,39,0,0,0,0
2025-09,"(14.0, inf]",Asia,STABLE,-1,60,9,0,0,0,0
2025-09,"(14.0, inf]",Asia,unclassified,-1,60,4,0,0,0,0
2025-09,"(14.0, inf]",Asia-London,EXPANDING,-1,60,3,0,0,0,0
2025-09,"(14.0, inf]",London,CONTRACTING,-1,60,5,0,0,0,0
2025-09,"(14.0, inf]",London,EXPANDING,-1,60,13,0,0,0,0
2025-09,"(14.0, inf]",London,STABLE,-1,60,6,0,0,0,0
2025-09,"(14.0, inf]",London-NY,EXPANDING,-1,60,48,0,0,0,0
2025-09,"(14.0, inf]",London-NY,STABLE,-1,60,2,0,0,0,0
2025-09,"(14.0, inf]",NY,CONTRACTING,-1,60,33,0,0,0,0
2025-09,"(14.0, inf]",NY,EXPANDING,-1,60,75,0,0,0,0
2025-09,"(14.0, inf]",NY,STABLE,-1,60,101,0,0,0,0
2025-09,"(14.0, inf]",NY-Asia,CONTRACTING,-1,60,11,0,0,0,0
2025-09,"(14.0, inf]",NY-Asia,EXPANDING,-1,60,18,0,0,0,0
2025-09,"(14.0, inf]",NY-Asia,STABLE,-1,60,2,0,0,0,0
2025-09,unclassified,Asia,unclassified,-1,60,115,0,0,0,0
2025-10,"(0.0, 7.0]",Asia,CONTRACTING,1,15,85,14,7,7,0
2025-10,"(0.0, 7.0]",Asia,EXPANDING,1,15,26,3,3,0,0
2025-10,"(0.0, 7.0]",Asia,STABLE,1,15,57,9,7,2,0
2025-10,"(0.0, 7.0]",Asia,unclassified,1,15,43,6,4,2,0
2025-10,"(0.0, 7.0]",Asia-London,STABLE,1,15,11,0,0,0,0
2025-10,"(0.0, 7.0]",London,CONTRACTING,1,15,33,5,4,1,0
2025-10,"(0.0, 7.0]",London,EXPANDING,1,15,2,0,0,0,0
2025-10,"(0.0, 7.0]",London,STABLE,1,15,68,8,0,8,0
2025-10,"(0.0, 7.0]",London-NY,STABLE,1,15,2,0,0,0,0
2025-10,"(0.0, 7.0]",NY,CONTRACTING,1,15,10,1,1,0,0
2025-10,"(0.0, 7.0]",NY-Asia,CONTRACTING,1,15,61,6,3,3,0
2025-10,"(0.0, 7.0]",NY-Asia,EXPANDING,1,15,7,0,0,0,0
2025-10,"(0.0, 7.0]",NY-Asia,STABLE,1,15,47,7,4,3,0
2025-10,"(7.0, 10.0]",Asia,CONTRACTING,1,15,142,14,11,3,0
2025-10,"(7.0, 10.0]",Asia,EXPANDING,1,15,86,12,7,5,0
2025-10,"(7.0, 10.0]",Asia,STABLE,1,15,187,26,15,11,0
2025-10,"(7.0, 10.0]",Asia,unclassified,1,15,17,1,0,1,0
2025-10,"(7.0, 10.0]",Asia-London,CONTRACTING,1,15,11,1,1,0,0
2025-10,"(7.0, 10.0]",Asia-London,EXPANDING,1,15,5,0,0,0,0
2025-10,"(7.0, 10.0]",Asia-London,STABLE,1,15,36,5,4,1,0
2025-10,"(7.0, 10.0]",London,CONTRACTING,1,15,99,12,7,5,0
2025-10,"(7.0, 10.0]",London,EXPANDING,1,15,53,4,2,2,0
2025-10,"(7.0, 10.0]",London,STABLE,1,15,229,15,8,7,0
2025-10,"(7.0, 10.0]",London-NY,CONTRACTING,1,15,1,0,0,0,0
2025-10,"(7.0, 10.0]",London-NY,EXPANDING,1,15,17,1,1,0,0
2025-10,"(7.0, 10.0]",London-NY,STABLE,1,15,56,1,1,0,0
2025-10,"(7.0, 10.0]",NY,CONTRACTING,1,15,35,5,3,2,0
2025-10,"(7.0, 10.0]",NY,STABLE,1,15,8,1,1,0,0
2025-10,"(7.0, 10.0]",NY-Asia,CONTRACTING,1,15,82,6,5,1,0
2025-10,"(7.0, 10.0]",NY-Asia,EXPANDING,1,15,19,3,2,1,0
2025-10,"(7.0, 10.0]",NY-Asia,STABLE,1,15,81,8,3,5,0
2025-10,"(10.0, 14.0]",Asia,CONTRACTING,1,15,179,21,13,8,0
2025-10,"(10.0, 14.0]",Asia,EXPANDING,1,15,123,12,6,6,0
2025-10,"(10.0, 14.0]",Asia,STABLE,1,15,251,17,8,9,0
2025-10,"(10.0, 14.0]",Asia,unclassified,1,15,47,7,4,3,0
2025-10,"(10.0, 14.0]",Asia-London,CONTRACTING,1,15,6,0,0,0,0
2025-10,"(10.0, 14.0]",Asia-London,EXPANDING,1,15,23,4,3,1,0
2025-10,"(10.0, 14.0]",Asia-London,STABLE,1,15,65,5,3,2,0
2025-10,"(10.0, 14.0]",London,CONTRACTING,1,15,73,4,0,4,0
2025-10,"(10.0, 14.0]",London,EXPANDING,1,15,63,9,2,7,0
2025-10,"(10.0, 14.0]",London,STABLE,1,15,237,28,9,19,0
2025-10,"(10.0, 14.0]",London-NY,CONTRACTING,1,15,20,1,0,1,0
2025-10,"(10.0, 14.0]",London-NY,EXPANDING,1,15,68,6,4,2,0
2025-10,"(10.0, 14.0]",London-NY,STABLE,1,15,35,2,0,2,0
2025-10,"(10.0, 14.0]",NY,CONTRACTING,1,15,96,11,8,3,0
2025-10,"(10.0, 14.0]",NY,EXPANDING,1,15,26,3,1,2,0
2025-10,"(10.0, 14.0]",NY,STABLE,1,15,122,11,7,4,0
2025-10,"(10.0, 14.0]",NY-Asia,CONTRACTING,1,15,84,7,0,7,0
2025-10,"(10.0, 14.0]",NY-Asia,EXPANDING,1,15,40,6,3,3,0
2025-10,"(10.0, 14.0]",NY-Asia,STABLE,1,15,179,27,13,14,0
2025-10,"(14.0, inf]",Asia,CONTRACTING,1,15,158,14,6,8,0
2025-10,"(14.0, inf]",Asia,EXPANDING,1,15,248,26,17,9,0
2025-10,"(14.0, inf]",Asia,STABLE,1,15,274,32,12,20,0
2025-10,"(14.0, inf]",Asia,unclassified,1,15,146,17,9,8,0
2025-10,"(14.0, inf]",Asia-London,CONTRACTING,1,15,5,0,0,0,0
2025-10,"(14.0, inf]",Asia-London,EXPANDING,1,15,55,5,1,4,0
2025-10,"(14.0, inf]",Asia-London,STABLE,1,15,59,8,5,3,0
2025-10,"(14.0, inf]",London,CONTRACTING,1,15,98,14,6,8,0
2025-10,"(14.0, inf]",London,EXPANDING,1,15,166,30,18,12,0
2025-10,"(14.0, inf]",London,STABLE,1,15,259,22,6,16,0
2025-10,"(14.0, inf]",London-NY,CONTRACTING,1,15,15,1,1,0,0
2025-10,"(14.0, inf]",London-NY,EXPANDING,1,15,128,8,4,4,0
2025-10,"(14.0, inf]",London-NY,STABLE,1,15,72,9,8,1,0
2025-10,"(14.0, inf]",NY,CONTRACTING,1,15,165,15,3,12,0
2025-10,"(14.0, inf]",NY,EXPANDING,1,15,261,21,10,11,0
2025-10,"(14.0, inf]",NY,STABLE,1,15,381,35,17,18,0
2025-10,"(14.0, inf]",NY-Asia,CONTRACTING,1,15,84,9,3,6,0
2025-10,"(14.0, inf]",NY-Asia,EXPANDING,1,15,61,7,5,2,0
2025-10,"(14.0, inf]",NY-Asia,STABLE,1,15,152,18,11,7,0
2025-10,unclassified,Asia,unclassified,1,15,115,10,5,5,0
2025-10,"(0.0, 7.0]",Asia,CONTRACTING,1,30,85,4,3,1,0
2025-10,"(0.0, 7.0]",Asia,EXPANDING,1,30,26,1,1,0,0
2025-10,"(0.0, 7.0]",Asia,STABLE,1,30,57,3,3,0,0
2025-10,"(0.0, 7.0]",Asia,unclassified,1,30,43,0,0,0,0
2025-10,"(0.0, 7.0]",Asia-London,STABLE,1,30,11,0,0,0,0
2025-10,"(0.0, 7.0]",London,CONTRACTING,1,30,33,0,0,0,0
2025-10,"(0.0, 7.0]",London,EXPANDING,1,30,2,0,0,0,0
2025-10,"(0.0, 7.0]",London,STABLE,1,30,68,4,0,4,0
2025-10,"(0.0, 7.0]",London-NY,STABLE,1,30,2,0,0,0,0
2025-10,"(0.0, 7.0]",NY,CONTRACTING,1,30,10,0,0,0,0
2025-10,"(0.0, 7.0]",NY-Asia,CONTRACTING,1,30,51,1,0,1,0
2025-10,"(0.0, 7.0]",NY-Asia,EXPANDING,1,30,7,0,0,0,0
2025-10,"(0.0, 7.0]",NY-Asia,STABLE,1,30,41,2,1,1,0
2025-10,"(7.0, 10.0]",Asia,CONTRACTING,1,30,142,2,2,0,0
2025-10,"(7.0, 10.0]",Asia,EXPANDING,1,30,86,8,4,4,0
2025-10,"(7.0, 10.0]",Asia,STABLE,1,30,187,13,4,9,0
2025-10,"(7.0, 10.0]",Asia,unclassified,1,30,17,0,0,0,0
2025-10,"(7.0, 10.0]",Asia-London,CONTRACTING,1,30,11,0,0,0,0
2025-10,"(7.0, 10.0]",Asia-London,EXPANDING,1,30,5,0,0,0,0
2025-10,"(7.0, 10.0]",Asia-London,STABLE,1,30,36,1,1,0,0
2025-10,"(7.0, 10.0]",London,CONTRACTING,1,30,99,3,2,1,0
2025-10,"(7.0, 10.0]",London,EXPANDING,1,30,53,0,0,0,0
2025-10,"(7.0, 10.0]",London,STABLE,1,30,229,1,0,1,0
2025-10,"(7.0, 10.0]",London-NY,CONTRACTING,1,30,1,0,0,0,0
2025-10,"(7.0, 10.0]",London-NY,EXPANDING,1,30,17,0,0,0,0
2025-10,"(7.0, 10.0]",London-NY,STABLE,1,30,56,1,1,0,0
2025-10,"(7.0, 10.0]",NY,CONTRACTING,1,30,35,0,0,0,0
2025-10,"(7.0, 10.0]",NY,STABLE,1,30,8,0,0,0,0
2025-10,"(7.0, 10.0]",NY-Asia,CONTRACTING,1,30,74,0,0,0,0
2025-10,"(7.0, 10.0]",NY-Asia,EXPANDING,1,30,19,0,0,0,0
2025-10,"(7.0, 10.0]",NY-Asia,STABLE,1,30,69,1,1,0,0
2025-10,"(10.0, 14.0]",Asia,CONTRACTING,1,30,179,2,2,0,0
2025-10,"(10.0, 14.0]",Asia,EXPANDING,1,30,123,2,2,0,0
2025-10,"(10.0, 14.0]",Asia,STABLE,1,30,251,6,2,4,0
2025-10,"(10.0, 14.0]",Asia,unclassified,1,30,47,3,1,2,0
2025-10,"(10.0, 14.0]",Asia-London,CONTRACTING,1,30,6,0,0,0,0
2025-10,"(10.0, 14.0]",Asia-London,EXPANDING,1,30,23,1,1,0,0
2025-10,"(10.0, 14.0]",Asia-London,STABLE,1,30,65,0,0,0,0
2025-10,"(10.0, 14.0]",London,CONTRACTING,1,30,73,1,1,0,0
2025-10,"(10.0, 14.0]",London,EXPANDING,1,30,63,0,0,0,0
2025-10,"(10.0, 14.0]",London,STABLE,1,30,237,2,1,1,0
2025-10,"(10.0, 14.0]",London-NY,CONTRACTING,1,30,20,1,0,1,0
2025-10,"(10.0, 14.0]",London-NY,EXPANDING,1,30,68,2,1,1,0
2025-10,"(10.0, 14.0]",London-NY,STABLE,1,30,35,0,0,0,0
2025-10,"(10.0, 14.0]",NY,CONTRACTING,1,30,96,4,4,0,0
2025-10,"(10.0, 14.0]",NY,EXPANDING,1,30,26,0,0,0,0
2025-10,"(10.0, 14.0]",NY,STABLE,1,30,122,2,2,0,0
2025-10,"(10.0, 14.0]",NY-Asia,CONTRACTING,1,30,81,1,0,1,0
2025-10,"(10.0, 14.0]",NY-Asia,EXPANDING,1,30,37,0,0,0,0
2025-10,"(10.0, 14.0]",NY-Asia,STABLE,1,30,169,6,1,5,0
2025-10,"(14.0, inf]",Asia,CONTRACTING,1,30,158,6,0,6,0
2025-10,"(14.0, inf]",Asia,EXPANDING,1,30,248,4,3,1,0
2025-10,"(14.0, inf]",Asia,STABLE,1,30,274,3,1,2,0
2025-10,"(14.0, inf]",Asia,unclassified,1,30,146,2,1,1,0
2025-10,"(14.0, inf]",Asia-London,CONTRACTING,1,30,5,0,0,0,0
2025-10,"(14.0, inf]",Asia-London,EXPANDING,1,30,55,0,0,0,0
2025-10,"(14.0, inf]",Asia-London,STABLE,1,30,59,1,0,1,0
2025-10,"(14.0, inf]",London,CONTRACTING,1,30,98,0,0,0,0
2025-10,"(14.0, inf]",London,EXPANDING,1,30,166,6,6,0,0
2025-10,"(14.0, inf]",London,STABLE,1,30,259,2,1,1,0
2025-10,"(14.0, inf]",London-NY,CONTRACTING,1,30,15,0,0,0,0
2025-10,"(14.0, inf]",London-NY,EXPANDING,1,30,128,2,1,1,0
2025-10,"(14.0, inf]",London-NY,STABLE,1,30,72,1,1,0,0
2025-10,"(14.0, inf]",NY,CONTRACTING,1,30,165,3,0,3,0
2025-10,"(14.0, inf]",NY,EXPANDING,1,30,261,3,1,2,0
2025-10,"(14.0, inf]",NY,STABLE,1,30,381,5,3,2,0
2025-10,"(14.0, inf]",NY-Asia,CONTRACTING,1,30,80,0,0,0,0
2025-10,"(14.0, inf]",NY-Asia,EXPANDING,1,30,56,5,4,1,0
2025-10,"(14.0, inf]",NY-Asia,STABLE,1,30,144,2,1,1,0
2025-10,unclassified,Asia,unclassified,1,30,115,3,3,0,0
2025-10,"(0.0, 7.0]",Asia,CONTRACTING,1,60,85,0,0,0,0
2025-10,"(0.0, 7.0]",Asia,EXPANDING,1,60,26,0,0,0,0
2025-10,"(0.0, 7.0]",Asia,STABLE,1,60,57,0,0,0,0
2025-10,"(0.0, 7.0]",Asia,unclassified,1,60,43,0,0,0,0
2025-10,"(0.0, 7.0]",Asia-London,STABLE,1,60,11,0,0,0,0
2025-10,"(0.0, 7.0]",London,CONTRACTING,1,60,33,0,0,0,0
2025-10,"(0.0, 7.0]",London,EXPANDING,1,60,2,0,0,0,0
2025-10,"(0.0, 7.0]",London,STABLE,1,60,68,0,0,0,0
2025-10,"(0.0, 7.0]",London-NY,STABLE,1,60,2,0,0,0,0
2025-10,"(0.0, 7.0]",NY,CONTRACTING,1,60,10,0,0,0,0
2025-10,"(0.0, 7.0]",NY-Asia,CONTRACTING,1,60,40,1,0,1,0
2025-10,"(0.0, 7.0]",NY-Asia,EXPANDING,1,60,7,0,0,0,0
2025-10,"(0.0, 7.0]",NY-Asia,STABLE,1,60,26,0,0,0,0
2025-10,"(7.0, 10.0]",Asia,CONTRACTING,1,60,142,0,0,0,0
2025-10,"(7.0, 10.0]",Asia,EXPANDING,1,60,86,1,1,0,0
2025-10,"(7.0, 10.0]",Asia,STABLE,1,60,187,5,2,3,0
2025-10,"(7.0, 10.0]",Asia,unclassified,1,60,17,0,0,0,0
2025-10,"(7.0, 10.0]",Asia-London,CONTRACTING,1,60,11,0,0,0,0
2025-10,"(7.0, 10.0]",Asia-London,EXPANDING,1,60,5,0,0,0,0
2025-10,"(7.0, 10.0]",Asia-London,STABLE,1,60,36,0,0,0,0
2025-10,"(7.0, 10.0]",London,CONTRACTING,1,60,99,1,1,0,0
2025-10,"(7.0, 10.0]",London,EXPANDING,1,60,53,0,0,0,0
2025-10,"(7.0, 10.0]",London,STABLE,1,60,229,0,0,0,0
2025-10,"(7.0, 10.0]",London-NY,CONTRACTING,1,60,1,0,0,0,0
2025-10,"(7.0, 10.0]",London-NY,EXPANDING,1,60,17,0,0,0,0
2025-10,"(7.0, 10.0]",London-NY,STABLE,1,60,56,0,0,0,0
2025-10,"(7.0, 10.0]",NY,CONTRACTING,1,60,35,0,0,0,0
2025-10,"(7.0, 10.0]",NY,STABLE,1,60,8,0,0,0,0
2025-10,"(7.0, 10.0]",NY-Asia,CONTRACTING,1,60,67,0,0,0,0
2025-10,"(7.0, 10.0]",NY-Asia,EXPANDING,1,60,19,0,0,0,0
2025-10,"(7.0, 10.0]",NY-Asia,STABLE,1,60,54,0,0,0,0
2025-10,"(10.0, 14.0]",Asia,CONTRACTING,1,60,179,0,0,0,0
2025-10,"(10.0, 14.0]",Asia,EXPANDING,1,60,123,1,1,0,0
2025-10,"(10.0, 14.0]",Asia,STABLE,1,60,251,0,0,0,0
2025-10,"(10.0, 14.0]",Asia,unclassified,1,60,47,0,0,0,0
2025-10,"(10.0, 14.0]",Asia-London,CONTRACTING,1,60,6,0,0,0,0
2025-10,"(10.0, 14.0]",Asia-London,EXPANDING,1,60,23,0,0,0,0
2025-10,"(10.0, 14.0]",Asia-London,STABLE,1,60,65,0,0,0,0
2025-10,"(10.0, 14.0]",London,CONTRACTING,1,60,73,0,0,0,0
2025-10,"(10.0, 14.0]",London,EXPANDING,1,60,63,0,0,0,0
2025-10,"(10.0, 14.0]",London,STABLE,1,60,237,0,0,0,0
2025-10,"(10.0, 14.0]",London-NY,CONTRACTING,1,60,20,0,0,0,0
2025-10,"(10.0, 14.0]",London-NY,EXPANDING,1,60,68,1,0,1,0
2025-10,"(10.0, 14.0]",London-NY,STABLE,1,60,35,0,0,0,0
2025-10,"(10.0, 14.0]",NY,CONTRACTING,1,60,96,6,2,4,0
2025-10,"(10.0, 14.0]",NY,EXPANDING,1,60,26,0,0,0,0
2025-10,"(10.0, 14.0]",NY,STABLE,1,60,122,1,0,1,0
2025-10,"(10.0, 14.0]",NY-Asia,CONTRACTING,1,60,73,1,0,1,0
2025-10,"(10.0, 14.0]",NY-Asia,EXPANDING,1,60,21,0,0,0,0
2025-10,"(10.0, 14.0]",NY-Asia,STABLE,1,60,143,1,1,0,0
2025-10,"(14.0, inf]",Asia,CONTRACTING,1,60,158,0,0,0,0
2025-10,"(14.0, inf]",Asia,EXPANDING,1,60,248,1,1,0,0
2025-10,"(14.0, inf]",Asia,STABLE,1,60,274,0,0,0,0
2025-10,"(14.0, inf]",Asia,unclassified,1,60,146,0,0,0,0
2025-10,"(14.0, inf]",Asia-London,CONTRACTING,1,60,5,0,0,0,0
2025-10,"(14.0, inf]",Asia-London,EXPANDING,1,60,55,0,0,0,0
2025-10,"(14.0, inf]",Asia-London,STABLE,1,60,59,0,0,0,0
2025-10,"(14.0, inf]",London,CONTRACTING,1,60,98,0,0,0,0
2025-10,"(14.0, inf]",London,EXPANDING,1,60,166,1,1,0,0
2025-10,"(14.0, inf]",London,STABLE,1,60,259,1,0,1,0
2025-10,"(14.0, inf]",London-NY,CONTRACTING,1,60,15,0,0,0,0
2025-10,"(14.0, inf]",London-NY,EXPANDING,1,60,128,0,0,0,0
2025-10,"(14.0, inf]",London-NY,STABLE,1,60,72,0,0,0,0
2025-10,"(14.0, inf]",NY,CONTRACTING,1,60,165,2,0,2,0
2025-10,"(14.0, inf]",NY,EXPANDING,1,60,261,0,0,0,0
2025-10,"(14.0, inf]",NY,STABLE,1,60,381,0,0,0,0
2025-10,"(14.0, inf]",NY-Asia,CONTRACTING,1,60,74,0,0,0,0
2025-10,"(14.0, inf]",NY-Asia,EXPANDING,1,60,46,0,0,0,0
2025-10,"(14.0, inf]",NY-Asia,STABLE,1,60,120,0,0,0,0
2025-10,unclassified,Asia,unclassified,1,60,115,1,1,0,0
2025-10,"(0.0, 7.0]",Asia,CONTRACTING,-1,15,85,14,7,7,0
2025-10,"(0.0, 7.0]",Asia,EXPANDING,-1,15,26,3,0,3,0
2025-10,"(0.0, 7.0]",Asia,STABLE,-1,15,57,9,2,7,0
2025-10,"(0.0, 7.0]",Asia,unclassified,-1,15,43,6,2,4,0
2025-10,"(0.0, 7.0]",Asia-London,STABLE,-1,15,11,0,0,0,0
2025-10,"(0.0, 7.0]",London,CONTRACTING,-1,15,33,5,1,4,0
2025-10,"(0.0, 7.0]",London,EXPANDING,-1,15,2,0,0,0,0
2025-10,"(0.0, 7.0]",London,STABLE,-1,15,68,8,8,0,0
2025-10,"(0.0, 7.0]",London-NY,STABLE,-1,15,2,0,0,0,0
2025-10,"(0.0, 7.0]",NY,CONTRACTING,-1,15,10,1,0,1,0
2025-10,"(0.0, 7.0]",NY-Asia,CONTRACTING,-1,15,61,6,3,3,0
2025-10,"(0.0, 7.0]",NY-Asia,EXPANDING,-1,15,7,0,0,0,0
2025-10,"(0.0, 7.0]",NY-Asia,STABLE,-1,15,47,7,3,4,0
2025-10,"(7.0, 10.0]",Asia,CONTRACTING,-1,15,142,14,3,11,0
2025-10,"(7.0, 10.0]",Asia,EXPANDING,-1,15,86,12,5,7,0
2025-10,"(7.0, 10.0]",Asia,STABLE,-1,15,187,26,11,15,0
2025-10,"(7.0, 10.0]",Asia,unclassified,-1,15,17,1,1,0,0
2025-10,"(7.0, 10.0]",Asia-London,CONTRACTING,-1,15,11,1,0,1,0
2025-10,"(7.0, 10.0]",Asia-London,EXPANDING,-1,15,5,0,0,0,0
2025-10,"(7.0, 10.0]",Asia-London,STABLE,-1,15,36,5,1,4,0
2025-10,"(7.0, 10.0]",London,CONTRACTING,-1,15,99,12,5,7,0
2025-10,"(7.0, 10.0]",London,EXPANDING,-1,15,53,4,2,2,0
2025-10,"(7.0, 10.0]",London,STABLE,-1,15,229,15,7,8,0
2025-10,"(7.0, 10.0]",London-NY,CONTRACTING,-1,15,1,0,0,0,0
2025-10,"(7.0, 10.0]",London-NY,EXPANDING,-1,15,17,1,0,1,0
2025-10,"(7.0, 10.0]",London-NY,STABLE,-1,15,56,1,0,1,0
2025-10,"(7.0, 10.0]",NY,CONTRACTING,-1,15,35,5,2,3,0
2025-10,"(7.0, 10.0]",NY,STABLE,-1,15,8,1,0,1,0
2025-10,"(7.0, 10.0]",NY-Asia,CONTRACTING,-1,15,82,6,1,5,0
2025-10,"(7.0, 10.0]",NY-Asia,EXPANDING,-1,15,19,3,1,2,0
2025-10,"(7.0, 10.0]",NY-Asia,STABLE,-1,15,81,8,5,3,0
2025-10,"(10.0, 14.0]",Asia,CONTRACTING,-1,15,179,21,8,13,0
2025-10,"(10.0, 14.0]",Asia,EXPANDING,-1,15,123,12,6,6,0
2025-10,"(10.0, 14.0]",Asia,STABLE,-1,15,251,17,9,8,0
2025-10,"(10.0, 14.0]",Asia,unclassified,-1,15,47,7,3,4,0
2025-10,"(10.0, 14.0]",Asia-London,CONTRACTING,-1,15,6,0,0,0,0
2025-10,"(10.0, 14.0]",Asia-London,EXPANDING,-1,15,23,4,1,3,0
2025-10,"(10.0, 14.0]",Asia-London,STABLE,-1,15,65,5,2,3,0
2025-10,"(10.0, 14.0]",London,CONTRACTING,-1,15,73,4,4,0,0
2025-10,"(10.0, 14.0]",London,EXPANDING,-1,15,63,9,7,2,0
2025-10,"(10.0, 14.0]",London,STABLE,-1,15,237,28,19,9,0
2025-10,"(10.0, 14.0]",London-NY,CONTRACTING,-1,15,20,1,1,0,0
2025-10,"(10.0, 14.0]",London-NY,EXPANDING,-1,15,68,6,2,4,0
2025-10,"(10.0, 14.0]",London-NY,STABLE,-1,15,35,2,2,0,0
2025-10,"(10.0, 14.0]",NY,CONTRACTING,-1,15,96,11,3,8,0
2025-10,"(10.0, 14.0]",NY,EXPANDING,-1,15,26,3,2,1,0
2025-10,"(10.0, 14.0]",NY,STABLE,-1,15,122,11,4,7,0
2025-10,"(10.0, 14.0]",NY-Asia,CONTRACTING,-1,15,84,7,7,0,0
2025-10,"(10.0, 14.0]",NY-Asia,EXPANDING,-1,15,40,6,3,3,0
2025-10,"(10.0, 14.0]",NY-Asia,STABLE,-1,15,179,27,14,13,0
2025-10,"(14.0, inf]",Asia,CONTRACTING,-1,15,158,14,8,6,0
2025-10,"(14.0, inf]",Asia,EXPANDING,-1,15,248,26,9,17,0
2025-10,"(14.0, inf]",Asia,STABLE,-1,15,274,32,20,12,0
2025-10,"(14.0, inf]",Asia,unclassified,-1,15,146,17,8,9,0
2025-10,"(14.0, inf]",Asia-London,CONTRACTING,-1,15,5,0,0,0,0
2025-10,"(14.0, inf]",Asia-London,EXPANDING,-1,15,55,5,4,1,0
2025-10,"(14.0, inf]",Asia-London,STABLE,-1,15,59,8,3,5,0
2025-10,"(14.0, inf]",London,CONTRACTING,-1,15,98,14,8,6,0
2025-10,"(14.0, inf]",London,EXPANDING,-1,15,166,30,12,18,0
2025-10,"(14.0, inf]",London,STABLE,-1,15,259,22,16,6,0
2025-10,"(14.0, inf]",London-NY,CONTRACTING,-1,15,15,1,0,1,0
2025-10,"(14.0, inf]",London-NY,EXPANDING,-1,15,128,8,4,4,0
2025-10,"(14.0, inf]",London-NY,STABLE,-1,15,72,9,1,8,0
2025-10,"(14.0, inf]",NY,CONTRACTING,-1,15,165,15,12,3,0
2025-10,"(14.0, inf]",NY,EXPANDING,-1,15,261,21,11,10,0
2025-10,"(14.0, inf]",NY,STABLE,-1,15,381,35,18,17,0
2025-10,"(14.0, inf]",NY-Asia,CONTRACTING,-1,15,84,9,6,3,0
2025-10,"(14.0, inf]",NY-Asia,EXPANDING,-1,15,61,7,2,5,0
2025-10,"(14.0, inf]",NY-Asia,STABLE,-1,15,152,18,7,11,0
2025-10,unclassified,Asia,unclassified,-1,15,115,10,5,5,0
2025-10,"(0.0, 7.0]",Asia,CONTRACTING,-1,30,85,4,1,3,0
2025-10,"(0.0, 7.0]",Asia,EXPANDING,-1,30,26,1,0,1,0
2025-10,"(0.0, 7.0]",Asia,STABLE,-1,30,57,3,0,3,0
2025-10,"(0.0, 7.0]",Asia,unclassified,-1,30,43,0,0,0,0
2025-10,"(0.0, 7.0]",Asia-London,STABLE,-1,30,11,0,0,0,0
2025-10,"(0.0, 7.0]",London,CONTRACTING,-1,30,33,0,0,0,0
2025-10,"(0.0, 7.0]",London,EXPANDING,-1,30,2,0,0,0,0
2025-10,"(0.0, 7.0]",London,STABLE,-1,30,68,4,4,0,0
2025-10,"(0.0, 7.0]",London-NY,STABLE,-1,30,2,0,0,0,0
2025-10,"(0.0, 7.0]",NY,CONTRACTING,-1,30,10,0,0,0,0
2025-10,"(0.0, 7.0]",NY-Asia,CONTRACTING,-1,30,51,1,1,0,0
2025-10,"(0.0, 7.0]",NY-Asia,EXPANDING,-1,30,7,0,0,0,0
2025-10,"(0.0, 7.0]",NY-Asia,STABLE,-1,30,41,2,1,1,0
2025-10,"(7.0, 10.0]",Asia,CONTRACTING,-1,30,142,2,0,2,0
2025-10,"(7.0, 10.0]",Asia,EXPANDING,-1,30,86,8,4,4,0
2025-10,"(7.0, 10.0]",Asia,STABLE,-1,30,187,13,9,4,0
2025-10,"(7.0, 10.0]",Asia,unclassified,-1,30,17,0,0,0,0
2025-10,"(7.0, 10.0]",Asia-London,CONTRACTING,-1,30,11,0,0,0,0
2025-10,"(7.0, 10.0]",Asia-London,EXPANDING,-1,30,5,0,0,0,0
2025-10,"(7.0, 10.0]",Asia-London,STABLE,-1,30,36,1,0,1,0
2025-10,"(7.0, 10.0]",London,CONTRACTING,-1,30,99,3,1,2,0
2025-10,"(7.0, 10.0]",London,EXPANDING,-1,30,53,0,0,0,0
2025-10,"(7.0, 10.0]",London,STABLE,-1,30,229,1,1,0,0
2025-10,"(7.0, 10.0]",London-NY,CONTRACTING,-1,30,1,0,0,0,0
2025-10,"(7.0, 10.0]",London-NY,EXPANDING,-1,30,17,0,0,0,0
2025-10,"(7.0, 10.0]",London-NY,STABLE,-1,30,56,1,0,1,0
2025-10,"(7.0, 10.0]",NY,CONTRACTING,-1,30,35,0,0,0,0
2025-10,"(7.0, 10.0]",NY,STABLE,-1,30,8,0,0,0,0
2025-10,"(7.0, 10.0]",NY-Asia,CONTRACTING,-1,30,74,0,0,0,0
2025-10,"(7.0, 10.0]",NY-Asia,EXPANDING,-1,30,19,0,0,0,0
2025-10,"(7.0, 10.0]",NY-Asia,STABLE,-1,30,69,1,0,1,0
2025-10,"(10.0, 14.0]",Asia,CONTRACTING,-1,30,179,2,0,2,0
2025-10,"(10.0, 14.0]",Asia,EXPANDING,-1,30,123,2,0,2,0
2025-10,"(10.0, 14.0]",Asia,STABLE,-1,30,251,6,4,2,0
2025-10,"(10.0, 14.0]",Asia,unclassified,-1,30,47,3,2,1,0
2025-10,"(10.0, 14.0]",Asia-London,CONTRACTING,-1,30,6,0,0,0,0
2025-10,"(10.0, 14.0]",Asia-London,EXPANDING,-1,30,23,1,0,1,0
2025-10,"(10.0, 14.0]",Asia-London,STABLE,-1,30,65,0,0,0,0
2025-10,"(10.0, 14.0]",London,CONTRACTING,-1,30,73,1,0,1,0
2025-10,"(10.0, 14.0]",London,EXPANDING,-1,30,63,0,0,0,0
2025-10,"(10.0, 14.0]",London,STABLE,-1,30,237,2,1,1,0
2025-10,"(10.0, 14.0]",London-NY,CONTRACTING,-1,30,20,1,1,0,0
2025-10,"(10.0, 14.0]",London-NY,EXPANDING,-1,30,68,2,1,1,0
2025-10,"(10.0, 14.0]",London-NY,STABLE,-1,30,35,0,0,0,0
2025-10,"(10.0, 14.0]",NY,CONTRACTING,-1,30,96,4,0,4,0
2025-10,"(10.0, 14.0]",NY,EXPANDING,-1,30,26,0,0,0,0
2025-10,"(10.0, 14.0]",NY,STABLE,-1,30,122,2,0,2,0
2025-10,"(10.0, 14.0]",NY-Asia,CONTRACTING,-1,30,81,1,1,0,0
2025-10,"(10.0, 14.0]",NY-Asia,EXPANDING,-1,30,37,0,0,0,0
2025-10,"(10.0, 14.0]",NY-Asia,STABLE,-1,30,169,6,5,1,0
2025-10,"(14.0, inf]",Asia,CONTRACTING,-1,30,158,6,6,0,0
2025-10,"(14.0, inf]",Asia,EXPANDING,-1,30,248,4,1,3,0
2025-10,"(14.0, inf]",Asia,STABLE,-1,30,274,3,2,1,0
2025-10,"(14.0, inf]",Asia,unclassified,-1,30,146,2,1,1,0
2025-10,"(14.0, inf]",Asia-London,CONTRACTING,-1,30,5,0,0,0,0
2025-10,"(14.0, inf]",Asia-London,EXPANDING,-1,30,55,0,0,0,0
2025-10,"(14.0, inf]",Asia-London,STABLE,-1,30,59,1,1,0,0
2025-10,"(14.0, inf]",London,CONTRACTING,-1,30,98,0,0,0,0
2025-10,"(14.0, inf]",London,EXPANDING,-1,30,166,6,0,6,0
2025-10,"(14.0, inf]",London,STABLE,-1,30,259,2,1,1,0
2025-10,"(14.0, inf]",London-NY,CONTRACTING,-1,30,15,0,0,0,0
2025-10,"(14.0, inf]",London-NY,EXPANDING,-1,30,128,2,1,1,0
2025-10,"(14.0, inf]",London-NY,STABLE,-1,30,72,1,0,1,0
2025-10,"(14.0, inf]",NY,CONTRACTING,-1,30,165,3,3,0,0
2025-10,"(14.0, inf]",NY,EXPANDING,-1,30,261,3,2,1,0
2025-10,"(14.0, inf]",NY,STABLE,-1,30,381,5,2,3,0
2025-10,"(14.0, inf]",NY-Asia,CONTRACTING,-1,30,80,0,0,0,0
2025-10,"(14.0, inf]",NY-Asia,EXPANDING,-1,30,56,5,1,4,0
2025-10,"(14.0, inf]",NY-Asia,STABLE,-1,30,144,2,1,1,0
2025-10,unclassified,Asia,unclassified,-1,30,115,3,0,3,0
2025-10,"(0.0, 7.0]",Asia,CONTRACTING,-1,60,85,0,0,0,0
2025-10,"(0.0, 7.0]",Asia,EXPANDING,-1,60,26,0,0,0,0
2025-10,"(0.0, 7.0]",Asia,STABLE,-1,60,57,0,0,0,0
2025-10,"(0.0, 7.0]",Asia,unclassified,-1,60,43,0,0,0,0
2025-10,"(0.0, 7.0]",Asia-London,STABLE,-1,60,11,0,0,0,0
2025-10,"(0.0, 7.0]",London,CONTRACTING,-1,60,33,0,0,0,0
2025-10,"(0.0, 7.0]",London,EXPANDING,-1,60,2,0,0,0,0
2025-10,"(0.0, 7.0]",London,STABLE,-1,60,68,0,0,0,0
2025-10,"(0.0, 7.0]",London-NY,STABLE,-1,60,2,0,0,0,0
2025-10,"(0.0, 7.0]",NY,CONTRACTING,-1,60,10,0,0,0,0
2025-10,"(0.0, 7.0]",NY-Asia,CONTRACTING,-1,60,40,1,1,0,0
2025-10,"(0.0, 7.0]",NY-Asia,EXPANDING,-1,60,7,0,0,0,0
2025-10,"(0.0, 7.0]",NY-Asia,STABLE,-1,60,26,0,0,0,0
2025-10,"(7.0, 10.0]",Asia,CONTRACTING,-1,60,142,0,0,0,0
2025-10,"(7.0, 10.0]",Asia,EXPANDING,-1,60,86,1,0,1,0
2025-10,"(7.0, 10.0]",Asia,STABLE,-1,60,187,5,3,2,0
2025-10,"(7.0, 10.0]",Asia,unclassified,-1,60,17,0,0,0,0
2025-10,"(7.0, 10.0]",Asia-London,CONTRACTING,-1,60,11,0,0,0,0
2025-10,"(7.0, 10.0]",Asia-London,EXPANDING,-1,60,5,0,0,0,0
2025-10,"(7.0, 10.0]",Asia-London,STABLE,-1,60,36,0,0,0,0
2025-10,"(7.0, 10.0]",London,CONTRACTING,-1,60,99,1,0,1,0
2025-10,"(7.0, 10.0]",London,EXPANDING,-1,60,53,0,0,0,0
2025-10,"(7.0, 10.0]",London,STABLE,-1,60,229,0,0,0,0
2025-10,"(7.0, 10.0]",London-NY,CONTRACTING,-1,60,1,0,0,0,0
2025-10,"(7.0, 10.0]",London-NY,EXPANDING,-1,60,17,0,0,0,0
2025-10,"(7.0, 10.0]",London-NY,STABLE,-1,60,56,0,0,0,0
2025-10,"(7.0, 10.0]",NY,CONTRACTING,-1,60,35,0,0,0,0
2025-10,"(7.0, 10.0]",NY,STABLE,-1,60,8,0,0,0,0
2025-10,"(7.0, 10.0]",NY-Asia,CONTRACTING,-1,60,67,0,0,0,0
2025-10,"(7.0, 10.0]",NY-Asia,EXPANDING,-1,60,19,0,0,0,0
2025-10,"(7.0, 10.0]",NY-Asia,STABLE,-1,60,54,0,0,0,0
2025-10,"(10.0, 14.0]",Asia,CONTRACTING,-1,60,179,0,0,0,0
2025-10,"(10.0, 14.0]",Asia,EXPANDING,-1,60,123,1,0,1,0
2025-10,"(10.0, 14.0]",Asia,STABLE,-1,60,251,0,0,0,0
2025-10,"(10.0, 14.0]",Asia,unclassified,-1,60,47,0,0,0,0
2025-10,"(10.0, 14.0]",Asia-London,CONTRACTING,-1,60,6,0,0,0,0
2025-10,"(10.0, 14.0]",Asia-London,EXPANDING,-1,60,23,0,0,0,0
2025-10,"(10.0, 14.0]",Asia-London,STABLE,-1,60,65,0,0,0,0
2025-10,"(10.0, 14.0]",London,CONTRACTING,-1,60,73,0,0,0,0
2025-10,"(10.0, 14.0]",London,EXPANDING,-1,60,63,0,0,0,0
2025-10,"(10.0, 14.0]",London,STABLE,-1,60,237,0,0,0,0
2025-10,"(10.0, 14.0]",London-NY,CONTRACTING,-1,60,20,0,0,0,0
2025-10,"(10.0, 14.0]",London-NY,EXPANDING,-1,60,68,1,1,0,0
2025-10,"(10.0, 14.0]",London-NY,STABLE,-1,60,35,0,0,0,0
2025-10,"(10.0, 14.0]",NY,CONTRACTING,-1,60,96,6,4,2,0
2025-10,"(10.0, 14.0]",NY,EXPANDING,-1,60,26,0,0,0,0
2025-10,"(10.0, 14.0]",NY,STABLE,-1,60,122,1,1,0,0
2025-10,"(10.0, 14.0]",NY-Asia,CONTRACTING,-1,60,73,1,1,0,0
2025-10,"(10.0, 14.0]",NY-Asia,EXPANDING,-1,60,21,0,0,0,0
2025-10,"(10.0, 14.0]",NY-Asia,STABLE,-1,60,143,1,0,1,0
2025-10,"(14.0, inf]",Asia,CONTRACTING,-1,60,158,0,0,0,0
2025-10,"(14.0, inf]",Asia,EXPANDING,-1,60,248,1,0,1,0
2025-10,"(14.0, inf]",Asia,STABLE,-1,60,274,0,0,0,0
2025-10,"(14.0, inf]",Asia,unclassified,-1,60,146,0,0,0,0
2025-10,"(14.0, inf]",Asia-London,CONTRACTING,-1,60,5,0,0,0,0
2025-10,"(14.0, inf]",Asia-London,EXPANDING,-1,60,55,0,0,0,0
2025-10,"(14.0, inf]",Asia-London,STABLE,-1,60,59,0,0,0,0
2025-10,"(14.0, inf]",London,CONTRACTING,-1,60,98,0,0,0,0
2025-10,"(14.0, inf]",London,EXPANDING,-1,60,166,1,0,1,0
2025-10,"(14.0, inf]",London,STABLE,-1,60,259,1,1,0,0
2025-10,"(14.0, inf]",London-NY,CONTRACTING,-1,60,15,0,0,0,0
2025-10,"(14.0, inf]",London-NY,EXPANDING,-1,60,128,0,0,0,0
2025-10,"(14.0, inf]",London-NY,STABLE,-1,60,72,0,0,0,0
2025-10,"(14.0, inf]",NY,CONTRACTING,-1,60,165,2,2,0,0
2025-10,"(14.0, inf]",NY,EXPANDING,-1,60,261,0,0,0,0
2025-10,"(14.0, inf]",NY,STABLE,-1,60,381,0,0,0,0
2025-10,"(14.0, inf]",NY-Asia,CONTRACTING,-1,60,74,0,0,0,0
2025-10,"(14.0, inf]",NY-Asia,EXPANDING,-1,60,46,0,0,0,0
2025-10,"(14.0, inf]",NY-Asia,STABLE,-1,60,120,0,0,0,0
2025-10,unclassified,Asia,unclassified,-1,60,115,1,0,1,0
2025-11,"(0.0, 7.0]",Asia,CONTRACTING,1,15,45,6,5,1,0
2025-11,"(0.0, 7.0]",Asia,EXPANDING,1,15,5,1,0,1,0
2025-11,"(0.0, 7.0]",Asia,STABLE,1,15,75,6,3,3,0
2025-11,"(0.0, 7.0]",Asia,unclassified,1,15,32,2,2,0,0
2025-11,"(0.0, 7.0]",Asia-London,STABLE,1,15,2,0,0,0,0
2025-11,"(0.0, 7.0]",London,CONTRACTING,1,15,30,0,0,0,0
2025-11,"(0.0, 7.0]",London,STABLE,1,15,55,10,5,5,0
2025-11,"(0.0, 7.0]",London-NY,EXPANDING,1,15,3,0,0,0,0
2025-11,"(0.0, 7.0]",London-NY,STABLE,1,15,5,1,1,0,0
2025-11,"(0.0, 7.0]",NY,CONTRACTING,1,15,34,3,3,0,0
2025-11,"(0.0, 7.0]",NY,STABLE,1,15,24,4,2,2,0
2025-11,"(0.0, 7.0]",NY-Asia,CONTRACTING,1,15,58,8,5,3,0
2025-11,"(0.0, 7.0]",NY-Asia,STABLE,1,15,63,10,7,3,0
2025-11,"(7.0, 10.0]",Asia,CONTRACTING,1,15,138,10,5,5,0
2025-11,"(7.0, 10.0]",Asia,EXPANDING,1,15,67,6,3,3,0
2025-11,"(7.0, 10.0]",Asia,STABLE,1,15,308,29,17,12,0
2025-11,"(7.0, 10.0]",Asia,unclassified,1,15,51,5,3,2,0
2025-11,"(7.0, 10.0]",Asia-London,CONTRACTING,1,15,32,3,1,2,0
2025-11,"(7.0, 10.0]",Asia-London,EXPANDING,1,15,6,1,0,1,0
2025-11,"(7.0, 10.0]",Asia-London,STABLE,1,15,87,4,4,0,0
2025-11,"(7.0, 10.0]",London,CONTRACTING,1,15,110,13,3,10,0
2025-11,"(7.0, 10.0]",London,EXPANDING,1,15,36,5,3,2,0
2025-11,"(7.0, 10.0]",London,STABLE,1,15,305,26,12,14,0
2025-11,"(7.0, 10.0]",London-NY,EXPANDING,1,15,13,2,1,1,0
2025-11,"(7.0, 10.0]",London-NY,STABLE,1,15,36,2,1,1,0
2025-11,"(7.0, 10.0]",NY,CONTRACTING,1,15,71,6,2,4,0
2025-11,"(7.0, 10.0]",NY,STABLE,1,15,53,8,3,5,0
2025-11,"(7.0, 10.0]",NY-Asia,CONTRACTING,1,15,87,13,3,10,0
2025-11,"(7.0, 10.0]",NY-Asia,EXPANDING,1,15,30,3,0,3,0
2025-11,"(7.0, 10.0]",NY-Asia,STABLE,1,15,141,13,3,10,0
2025-11,"(10.0, 14.0]",Asia,CONTRACTING,1,15,79,11,3,8,0
2025-11,"(10.0, 14.0]",Asia,EXPANDING,1,15,159,13,4,9,0
2025-11,"(10.0, 14.0]",Asia,STABLE,1,15,398,47,25,22,0
2025-11,"(10.0, 14.0]",Asia,unclassified,1,15,77,4,3,1,0
2025-11,"(10.0, 14.0]",Asia-London,CONTRACTING,1,15,18,1,1,0,0
2025-11,"(10.0, 14.0]",Asia-London,EXPANDING,1,15,12,3,1,2,0
2025-11,"(10.0, 14.0]",Asia-London,STABLE,1,15,52,6,3,3,0
2025-11,"(10.0, 14.0]",London,CONTRACTING,1,15,64,8,3,5,0
2025-11,"(10.0, 14.0]",London,EXPANDING,1,15,123,8,3,5,0
2025-11,"(10.0, 14.0]",London,STABLE,1,15,237,20,9,11,0
2025-11,"(10.0, 14.0]",London-NY,CONTRACTING,1,15,10,0,0,0,0
2025-11,"(10.0, 14.0]",London-NY,EXPANDING,1,15,68,2,2,0,0
2025-11,"(10.0, 14.0]",London-NY,STABLE,1,15,68,6,4,2,0
2025-11,"(10.0, 14.0]",NY,CONTRACTING,1,15,104,9,5,4,0
2025-11,"(10.0, 14.0]",NY,EXPANDING,1,15,12,3,3,0,0
2025-11,"(10.0, 14.0]",NY,STABLE,1,15,112,15,10,5,0
2025-11,"(10.0, 14.0]",NY-Asia,CONTRACTING,1,15,87,8,4,4,0
2025-11,"(10.0, 14.0]",NY-Asia,EXPANDING,1,15,32,3,1,2,0
2025-11,"(10.0, 14.0]",NY-Asia,STABLE,1,15,114,14,5,9,0
2025-11,"(14.0, inf]",Asia,CONTRACTING,1,15,26,6,1,5,0
2025-11,"(14.0, inf]",Asia,EXPANDING,1,15,95,7,5,2,0
2025-11,"(14.0, inf]",Asia,STABLE,1,15,154,10,4,6,0
2025-11,"(14.0, inf]",Asia,unclassified,1,15,64,5,3,2,0
2025-11,"(14.0, inf]",Asia-London,CONTRACTING,1,15,1,0,0,0,0
2025-11,"(14.0, inf]",Asia-London,EXPANDING,1,15,3,0,0,0,0
2025-11,"(14.0, inf]",Asia-London,STABLE,1,15,15,1,0,1,0
2025-11,"(14.0, inf]",London,CONTRACTING,1,15,5,0,0,0,0
2025-11,"(14.0, inf]",London,EXPANDING,1,15,97,13,3,10,0
2025-11,"(14.0, inf]",London,STABLE,1,15,78,10,5,5,0
2025-11,"(14.0, inf]",London-NY,CONTRACTING,1,15,8,0,0,0,0
2025-11,"(14.0, inf]",London-NY,EXPANDING,1,15,95,7,3,4,0
2025-11,"(14.0, inf]",London-NY,STABLE,1,15,36,4,1,3,0
2025-11,"(14.0, inf]",London-NY,unclassified,1,15,7,0,0,0,0
2025-11,"(14.0, inf]",NY,CONTRACTING,1,15,95,6,2,4,0
2025-11,"(14.0, inf]",NY,EXPANDING,1,15,180,18,14,4,0
2025-11,"(14.0, inf]",NY,STABLE,1,15,271,21,14,7,0
2025-11,"(14.0, inf]",NY,unclassified,1,15,4,0,0,0,0
2025-11,"(14.0, inf]",NY-Asia,CONTRACTING,1,15,19,4,3,1,0
2025-11,"(14.0, inf]",NY-Asia,EXPANDING,1,15,57,6,2,4,0
2025-11,"(14.0, inf]",NY-Asia,STABLE,1,15,35,2,1,1,0
2025-11,unclassified,Asia,unclassified,1,15,105,17,9,8,0
2025-11,unclassified,London-NY,unclassified,1,15,5,1,1,0,0
2025-11,"(0.0, 7.0]",Asia,CONTRACTING,1,30,45,5,4,1,0
2025-11,"(0.0, 7.0]",Asia,EXPANDING,1,30,5,0,0,0,0
2025-11,"(0.0, 7.0]",Asia,STABLE,1,30,75,1,0,1,0
2025-11,"(0.0, 7.0]",Asia,unclassified,1,30,32,0,0,0,0
2025-11,"(0.0, 7.0]",Asia-London,STABLE,1,30,2,0,0,0,0
2025-11,"(0.0, 7.0]",London,CONTRACTING,1,30,30,0,0,0,0
2025-11,"(0.0, 7.0]",London,STABLE,1,30,55,2,1,1,0
2025-11,"(0.0, 7.0]",London-NY,EXPANDING,1,30,3,0,0,0,0
2025-11,"(0.0, 7.0]",London-NY,STABLE,1,30,5,0,0,0,0
2025-11,"(0.0, 7.0]",NY,CONTRACTING,1,30,34,0,0,0,0
2025-11,"(0.0, 7.0]",NY,STABLE,1,30,24,1,0,1,0
2025-11,"(0.0, 7.0]",NY-Asia,CONTRACTING,1,30,37,2,2,0,0
2025-11,"(0.0, 7.0]",NY-Asia,STABLE,1,30,54,4,3,1,0
2025-11,"(7.0, 10.0]",Asia,CONTRACTING,1,30,138,3,2,1,0
2025-11,"(7.0, 10.0]",Asia,EXPANDING,1,30,67,0,0,0,0
2025-11,"(7.0, 10.0]",Asia,STABLE,1,30,308,3,1,2,0
2025-11,"(7.0, 10.0]",Asia,unclassified,1,30,51,1,0,1,0
2025-11,"(7.0, 10.0]",Asia-London,CONTRACTING,1,30,32,1,1,0,0
2025-11,"(7.0, 10.0]",Asia-London,EXPANDING,1,30,6,0,0,0,0
2025-11,"(7.0, 10.0]",Asia-London,STABLE,1,30,87,0,0,0,0
2025-11,"(7.0, 10.0]",London,CONTRACTING,1,30,110,4,2,2,0
2025-11,"(7.0, 10.0]",London,EXPANDING,1,30,36,1,0,1,0
2025-11,"(7.0, 10.0]",London,STABLE,1,30,305,3,1,2,0
2025-11,"(7.0, 10.0]",London-NY,EXPANDING,1,30,13,0,0,0,0
2025-11,"(7.0, 10.0]",London-NY,STABLE,1,30,36,0,0,0,0
2025-11,"(7.0, 10.0]",NY,CONTRACTING,1,30,71,0,0,0,0
2025-11,"(7.0, 10.0]",NY,STABLE,1,30,53,0,0,0,0
2025-11,"(7.0, 10.0]",NY-Asia,CONTRACTING,1,30,79,6,1,5,0
2025-11,"(7.0, 10.0]",NY-Asia,EXPANDING,1,30,30,1,0,1,0
2025-11,"(7.0, 10.0]",NY-Asia,STABLE,1,30,131,1,0,1,0
2025-11,"(10.0, 14.0]",Asia,CONTRACTING,1,30,79,3,1,2,0
2025-11,"(10.0, 14.0]",Asia,EXPANDING,1,30,159,2,0,2,0
2025-11,"(10.0, 14.0]",Asia,STABLE,1,30,398,8,5,3,0
2025-11,"(10.0, 14.0]",Asia,unclassified,1,30,77,1,1,0,0
2025-11,"(10.0, 14.0]",Asia-London,CONTRACTING,1,30,18,0,0,0,0
2025-11,"(10.0, 14.0]",Asia-London,EXPANDING,1,30,12,0,0,0,0
2025-11,"(10.0, 14.0]",Asia-London,STABLE,1,30,52,1,0,1,0
2025-11,"(10.0, 14.0]",London,CONTRACTING,1,30,64,1,0,1,0
2025-11,"(10.0, 14.0]",London,EXPANDING,1,30,123,0,0,0,0
2025-11,"(10.0, 14.0]",London,STABLE,1,30,237,1,0,1,0
2025-11,"(10.0, 14.0]",London-NY,CONTRACTING,1,30,10,0,0,0,0
2025-11,"(10.0, 14.0]",London-NY,EXPANDING,1,30,68,2,2,0,0
2025-11,"(10.0, 14.0]",London-NY,STABLE,1,30,68,1,1,0,0
2025-11,"(10.0, 14.0]",NY,CONTRACTING,1,30,104,3,3,0,0
2025-11,"(10.0, 14.0]",NY,EXPANDING,1,30,12,1,1,0,0
2025-11,"(10.0, 14.0]",NY,STABLE,1,30,112,7,6,1,0
2025-11,"(10.0, 14.0]",NY-Asia,CONTRACTING,1,30,83,2,0,2,0
2025-11,"(10.0, 14.0]",NY-Asia,EXPANDING,1,30,28,1,0,1,0
2025-11,"(10.0, 14.0]",NY-Asia,STABLE,1,30,111,3,1,2,0
2025-11,"(14.0, inf]",Asia,CONTRACTING,1,30,26,0,0,0,0
2025-11,"(14.0, inf]",Asia,EXPANDING,1,30,95,4,4,0,0
2025-11,"(14.0, inf]",Asia,STABLE,1,30,154,0,0,0,0
2025-11,"(14.0, inf]",Asia,unclassified,1,30,61,0,0,0,0
2025-11,"(14.0, inf]",Asia-London,CONTRACTING,1,30,1,0,0,0,0
2025-11,"(14.0, inf]",Asia-London,EXPANDING,1,30,3,0,0,0,0
2025-11,"(14.0, inf]",Asia-London,STABLE,1,30,15,0,0,0,0
2025-11,"(14.0, inf]",London,CONTRACTING,1,30,5,0,0,0,0
2025-11,"(14.0, inf]",London,EXPANDING,1,30,97,1,0,1,0
2025-11,"(14.0, inf]",London,STABLE,1,30,78,0,0,0,0
2025-11,"(14.0, inf]",London-NY,CONTRACTING,1,30,8,0,0,0,0
2025-11,"(14.0, inf]",London-NY,EXPANDING,1,30,95,1,0,1,0
2025-11,"(14.0, inf]",London-NY,STABLE,1,30,36,0,0,0,0
2025-11,"(14.0, inf]",London-NY,unclassified,1,30,7,0,0,0,0
2025-11,"(14.0, inf]",NY,CONTRACTING,1,30,95,0,0,0,0
2025-11,"(14.0, inf]",NY,EXPANDING,1,30,180,3,3,0,0
2025-11,"(14.0, inf]",NY,STABLE,1,30,271,2,2,0,0
2025-11,"(14.0, inf]",NY,unclassified,1,30,4,0,0,0,0
2025-11,"(14.0, inf]",NY-Asia,CONTRACTING,1,30,19,2,2,0,0
2025-11,"(14.0, inf]",NY-Asia,EXPANDING,1,30,57,2,1,1,0
2025-11,"(14.0, inf]",NY-Asia,STABLE,1,30,34,0,0,0,0
2025-11,unclassified,Asia,unclassified,1,30,105,5,2,3,0
2025-11,unclassified,London-NY,unclassified,1,30,5,0,0,0,0
2025-11,"(0.0, 7.0]",Asia,CONTRACTING,1,60,45,3,2,1,0
2025-11,"(0.0, 7.0]",Asia,EXPANDING,1,60,5,0,0,0,0
2025-11,"(0.0, 7.0]",Asia,STABLE,1,60,75,0,0,0,0
2025-11,"(0.0, 7.0]",Asia,unclassified,1,60,32,0,0,0,0
2025-11,"(0.0, 7.0]",Asia-London,STABLE,1,60,2,0,0,0,0
2025-11,"(0.0, 7.0]",London,CONTRACTING,1,60,30,0,0,0,0
2025-11,"(0.0, 7.0]",London,STABLE,1,60,55,0,0,0,0
2025-11,"(0.0, 7.0]",London-NY,EXPANDING,1,60,3,0,0,0,0
2025-11,"(0.0, 7.0]",London-NY,STABLE,1,60,5,0,0,0,0
2025-11,"(0.0, 7.0]",NY,CONTRACTING,1,60,34,0,0,0,0
2025-11,"(0.0, 7.0]",NY,STABLE,1,60,24,0,0,0,0
2025-11,"(0.0, 7.0]",NY-Asia,CONTRACTING,1,60,28,0,0,0,0
2025-11,"(0.0, 7.0]",NY-Asia,STABLE,1,60,31,1,1,0,0
2025-11,"(7.0, 10.0]",Asia,CONTRACTING,1,60,138,0,0,0,0
2025-11,"(7.0, 10.0]",Asia,EXPANDING,1,60,67,0,0,0,0
2025-11,"(7.0, 10.0]",Asia,STABLE,1,60,308,0,0,0,0
2025-11,"(7.0, 10.0]",Asia,unclassified,1,60,51,0,0,0,0
2025-11,"(7.0, 10.0]",Asia-London,CONTRACTING,1,60,32,0,0,0,0
2025-11,"(7.0, 10.0]",Asia-London,EXPANDING,1,60,6,0,0,0,0
2025-11,"(7.0, 10.0]",Asia-London,STABLE,1,60,87,0,0,0,0
2025-11,"(7.0, 10.0]",London,CONTRACTING,1,60,110,0,0,0,0
2025-11,"(7.0, 10.0]",London,EXPANDING,1,60,36,0,0,0,0
2025-11,"(7.0, 10.0]",London,STABLE,1,60,305,1,0,1,0
2025-11,"(7.0, 10.0]",London-NY,EXPANDING,1,60,13,0,0,0,0
2025-11,"(7.0, 10.0]",London-NY,STABLE,1,60,36,0,0,0,0
2025-11,"(7.0, 10.0]",NY,CONTRACTING,1,60,71,0,0,0,0
2025-11,"(7.0, 10.0]",NY,STABLE,1,60,53,0,0,0,0
2025-11,"(7.0, 10.0]",NY-Asia,CONTRACTING,1,60,64,1,1,0,0
2025-11,"(7.0, 10.0]",NY-Asia,EXPANDING,1,60,28,0,0,0,0
2025-11,"(7.0, 10.0]",NY-Asia,STABLE,1,60,97,0,0,0,0
2025-11,"(10.0, 14.0]",Asia,CONTRACTING,1,60,79,0,0,0,0
2025-11,"(10.0, 14.0]",Asia,EXPANDING,1,60,159,0,0,0,0
2025-11,"(10.0, 14.0]",Asia,STABLE,1,60,398,0,0,0,0
2025-11,"(10.0, 14.0]",Asia,unclassified,1,60,77,0,0,0,0
2025-11,"(10.0, 14.0]",Asia-London,CONTRACTING,1,60,18,0,0,0,0
2025-11,"(10.0, 14.0]",Asia-London,EXPANDING,1,60,12,0,0,0,0
2025-11,"(10.0, 14.0]",Asia-London,STABLE,1,60,52,1,0,1,0
2025-11,"(10.0, 14.0]",London,CONTRACTING,1,60,64,0,0,0,0
2025-11,"(10.0, 14.0]",London,EXPANDING,1,60,123,0,0,0,0
2025-11,"(10.0, 14.0]",London,STABLE,1,60,237,0,0,0,0
2025-11,"(10.0, 14.0]",London-NY,CONTRACTING,1,60,10,0,0,0,0
2025-11,"(10.0, 14.0]",London-NY,EXPANDING,1,60,68,0,0,0,0
2025-11,"(10.0, 14.0]",London-NY,STABLE,1,60,68,0,0,0,0
2025-11,"(10.0, 14.0]",NY,CONTRACTING,1,60,104,0,0,0,0
2025-11,"(10.0, 14.0]",NY,EXPANDING,1,60,12,0,0,0,0
2025-11,"(10.0, 14.0]",NY,STABLE,1,60,112,1,1,0,0
2025-11,"(10.0, 14.0]",NY-Asia,CONTRACTING,1,60,77,0,0,0,0
2025-11,"(10.0, 14.0]",NY-Asia,EXPANDING,1,60,27,1,0,1,0
2025-11,"(10.0, 14.0]",NY-Asia,STABLE,1,60,90,1,1,0,0
2025-11,"(14.0, inf]",Asia,CONTRACTING,1,60,26,0,0,0,0
2025-11,"(14.0, inf]",Asia,EXPANDING,1,60,95,0,0,0,0
2025-11,"(14.0, inf]",Asia,STABLE,1,60,154,0,0,0,0
2025-11,"(14.0, inf]",Asia,unclassified,1,60,60,0,0,0,0
2025-11,"(14.0, inf]",Asia-London,CONTRACTING,1,60,1,0,0,0,0
2025-11,"(14.0, inf]",Asia-London,EXPANDING,1,60,3,0,0,0,0
2025-11,"(14.0, inf]",Asia-London,STABLE,1,60,15,0,0,0,0
2025-11,"(14.0, inf]",London,CONTRACTING,1,60,5,0,0,0,0
2025-11,"(14.0, inf]",London,EXPANDING,1,60,97,0,0,0,0
2025-11,"(14.0, inf]",London,STABLE,1,60,78,0,0,0,0
2025-11,"(14.0, inf]",London-NY,CONTRACTING,1,60,8,0,0,0,0
2025-11,"(14.0, inf]",London-NY,EXPANDING,1,60,95,0,0,0,0
2025-11,"(14.0, inf]",London-NY,STABLE,1,60,36,0,0,0,0
2025-11,"(14.0, inf]",London-NY,unclassified,1,60,7,0,0,0,0
2025-11,"(14.0, inf]",NY,CONTRACTING,1,60,95,0,0,0,0
2025-11,"(14.0, inf]",NY,EXPANDING,1,60,180,0,0,0,0
2025-11,"(14.0, inf]",NY,STABLE,1,60,271,1,1,0,0
2025-11,"(14.0, inf]",NY,unclassified,1,60,4,0,0,0,0
2025-11,"(14.0, inf]",NY-Asia,CONTRACTING,1,60,16,0,0,0,0
2025-11,"(14.0, inf]",NY-Asia,EXPANDING,1,60,52,1,1,0,0
2025-11,"(14.0, inf]",NY-Asia,STABLE,1,60,33,0,0,0,0
2025-11,unclassified,Asia,unclassified,1,60,100,0,0,0,0
2025-11,unclassified,London-NY,unclassified,1,60,5,0,0,0,0
2025-11,"(0.0, 7.0]",Asia,CONTRACTING,-1,15,45,6,1,5,0
2025-11,"(0.0, 7.0]",Asia,EXPANDING,-1,15,5,1,1,0,0
2025-11,"(0.0, 7.0]",Asia,STABLE,-1,15,75,6,3,3,0
2025-11,"(0.0, 7.0]",Asia,unclassified,-1,15,32,2,0,2,0
2025-11,"(0.0, 7.0]",Asia-London,STABLE,-1,15,2,0,0,0,0
2025-11,"(0.0, 7.0]",London,CONTRACTING,-1,15,30,0,0,0,0
2025-11,"(0.0, 7.0]",London,STABLE,-1,15,55,10,5,5,0
2025-11,"(0.0, 7.0]",London-NY,EXPANDING,-1,15,3,0,0,0,0
2025-11,"(0.0, 7.0]",London-NY,STABLE,-1,15,5,1,0,1,0
2025-11,"(0.0, 7.0]",NY,CONTRACTING,-1,15,34,3,0,3,0
2025-11,"(0.0, 7.0]",NY,STABLE,-1,15,24,4,2,2,0
2025-11,"(0.0, 7.0]",NY-Asia,CONTRACTING,-1,15,58,8,3,5,0
2025-11,"(0.0, 7.0]",NY-Asia,STABLE,-1,15,63,10,3,7,0
2025-11,"(7.0, 10.0]",Asia,CONTRACTING,-1,15,138,10,5,5,0
2025-11,"(7.0, 10.0]",Asia,EXPANDING,-1,15,67,6,3,3,0
2025-11,"(7.0, 10.0]",Asia,STABLE,-1,15,308,29,12,17,0
2025-11,"(7.0, 10.0]",Asia,unclassified,-1,15,51,5,2,3,0
2025-11,"(7.0, 10.0]",Asia-London,CONTRACTING,-1,15,32,3,2,1,0
2025-11,"(7.0, 10.0]",Asia-London,EXPANDING,-1,15,6,1,1,0,0
2025-11,"(7.0, 10.0]",Asia-London,STABLE,-1,15,87,4,0,4,0
2025-11,"(7.0, 10.0]",London,CONTRACTING,-1,15,110,13,10,3,0
2025-11,"(7.0, 10.0]",London,EXPANDING,-1,15,36,5,2,3,0
2025-11,"(7.0, 10.0]",London,STABLE,-1,15,305,26,14,12,0
2025-11,"(7.0, 10.0]",London-NY,EXPANDING,-1,15,13,2,1,1,0
2025-11,"(7.0, 10.0]",London-NY,STABLE,-1,15,36,2,1,1,0
2025-11,"(7.0, 10.0]",NY,CONTRACTING,-1,15,71,6,4,2,0
2025-11,"(7.0, 10.0]",NY,STABLE,-1,15,53,8,5,3,0
2025-11,"(7.0, 10.0]",NY-Asia,CONTRACTING,-1,15,87,13,10,3,0
2025-11,"(7.0, 10.0]",NY-Asia,EXPANDING,-1,15,30,3,3,0,0
2025-11,"(7.0, 10.0]",NY-Asia,STABLE,-1,15,141,13,10,3,0
2025-11,"(10.0, 14.0]",Asia,CONTRACTING,-1,15,79,11,8,3,0
2025-11,"(10.0, 14.0]",Asia,EXPANDING,-1,15,159,13,9,4,0
2025-11,"(10.0, 14.0]",Asia,STABLE,-1,15,398,47,22,25,0
2025-11,"(10.0, 14.0]",Asia,unclassified,-1,15,77,4,1,3,0
2025-11,"(10.0, 14.0]",Asia-London,CONTRACTING,-1,15,18,1,0,1,0
2025-11,"(10.0, 14.0]",Asia-London,EXPANDING,-1,15,12,3,2,1,0
2025-11,"(10.0, 14.0]",Asia-London,STABLE,-1,15,52,6,3,3,0
2025-11,"(10.0, 14.0]",London,CONTRACTING,-1,15,64,8,5,3,0
2025-11,"(10.0, 14.0]",London,EXPANDING,-1,15,123,8,5,3,0
2025-11,"(10.0, 14.0]",London,STABLE,-1,15,237,20,11,9,0
2025-11,"(10.0, 14.0]",London-NY,CONTRACTING,-1,15,10,0,0,0,0
2025-11,"(10.0, 14.0]",London-NY,EXPANDING,-1,15,68,2,0,2,0
2025-11,"(10.0, 14.0]",London-NY,STABLE,-1,15,68,6,2,4,0
2025-11,"(10.0, 14.0]",NY,CONTRACTING,-1,15,104,9,4,5,0
2025-11,"(10.0, 14.0]",NY,EXPANDING,-1,15,12,3,0,3,0
2025-11,"(10.0, 14.0]",NY,STABLE,-1,15,112,15,5,10,0
2025-11,"(10.0, 14.0]",NY-Asia,CONTRACTING,-1,15,87,8,4,4,0
2025-11,"(10.0, 14.0]",NY-Asia,EXPANDING,-1,15,32,3,2,1,0
2025-11,"(10.0, 14.0]",NY-Asia,STABLE,-1,15,114,14,9,5,0
2025-11,"(14.0, inf]",Asia,CONTRACTING,-1,15,26,6,5,1,0
2025-11,"(14.0, inf]",Asia,EXPANDING,-1,15,95,7,2,5,0
2025-11,"(14.0, inf]",Asia,STABLE,-1,15,154,10,6,4,0
2025-11,"(14.0, inf]",Asia,unclassified,-1,15,64,5,2,3,0
2025-11,"(14.0, inf]",Asia-London,CONTRACTING,-1,15,1,0,0,0,0
2025-11,"(14.0, inf]",Asia-London,EXPANDING,-1,15,3,0,0,0,0
2025-11,"(14.0, inf]",Asia-London,STABLE,-1,15,15,1,1,0,0
2025-11,"(14.0, inf]",London,CONTRACTING,-1,15,5,0,0,0,0
2025-11,"(14.0, inf]",London,EXPANDING,-1,15,97,13,10,3,0
2025-11,"(14.0, inf]",London,STABLE,-1,15,78,10,5,5,0
2025-11,"(14.0, inf]",London-NY,CONTRACTING,-1,15,8,0,0,0,0
2025-11,"(14.0, inf]",London-NY,EXPANDING,-1,15,95,7,4,3,0
2025-11,"(14.0, inf]",London-NY,STABLE,-1,15,36,4,3,1,0
2025-11,"(14.0, inf]",London-NY,unclassified,-1,15,7,0,0,0,0
2025-11,"(14.0, inf]",NY,CONTRACTING,-1,15,95,6,4,2,0
2025-11,"(14.0, inf]",NY,EXPANDING,-1,15,180,18,4,14,0
2025-11,"(14.0, inf]",NY,STABLE,-1,15,271,21,7,14,0
2025-11,"(14.0, inf]",NY,unclassified,-1,15,4,0,0,0,0
2025-11,"(14.0, inf]",NY-Asia,CONTRACTING,-1,15,19,4,1,3,0
2025-11,"(14.0, inf]",NY-Asia,EXPANDING,-1,15,57,6,4,2,0
2025-11,"(14.0, inf]",NY-Asia,STABLE,-1,15,35,2,1,1,0
2025-11,unclassified,Asia,unclassified,-1,15,105,17,8,9,0
2025-11,unclassified,London-NY,unclassified,-1,15,5,1,0,1,0
2025-11,"(0.0, 7.0]",Asia,CONTRACTING,-1,30,45,5,1,4,0
2025-11,"(0.0, 7.0]",Asia,EXPANDING,-1,30,5,0,0,0,0
2025-11,"(0.0, 7.0]",Asia,STABLE,-1,30,75,1,1,0,0
2025-11,"(0.0, 7.0]",Asia,unclassified,-1,30,32,0,0,0,0
2025-11,"(0.0, 7.0]",Asia-London,STABLE,-1,30,2,0,0,0,0
2025-11,"(0.0, 7.0]",London,CONTRACTING,-1,30,30,0,0,0,0
2025-11,"(0.0, 7.0]",London,STABLE,-1,30,55,2,1,1,0
2025-11,"(0.0, 7.0]",London-NY,EXPANDING,-1,30,3,0,0,0,0
2025-11,"(0.0, 7.0]",London-NY,STABLE,-1,30,5,0,0,0,0
2025-11,"(0.0, 7.0]",NY,CONTRACTING,-1,30,34,0,0,0,0
2025-11,"(0.0, 7.0]",NY,STABLE,-1,30,24,1,1,0,0
2025-11,"(0.0, 7.0]",NY-Asia,CONTRACTING,-1,30,37,2,0,2,0
2025-11,"(0.0, 7.0]",NY-Asia,STABLE,-1,30,54,4,1,3,0
2025-11,"(7.0, 10.0]",Asia,CONTRACTING,-1,30,138,3,1,2,0
2025-11,"(7.0, 10.0]",Asia,EXPANDING,-1,30,67,0,0,0,0
2025-11,"(7.0, 10.0]",Asia,STABLE,-1,30,308,3,2,1,0
2025-11,"(7.0, 10.0]",Asia,unclassified,-1,30,51,1,1,0,0
2025-11,"(7.0, 10.0]",Asia-London,CONTRACTING,-1,30,32,1,0,1,0
2025-11,"(7.0, 10.0]",Asia-London,EXPANDING,-1,30,6,0,0,0,0
2025-11,"(7.0, 10.0]",Asia-London,STABLE,-1,30,87,0,0,0,0
2025-11,"(7.0, 10.0]",London,CONTRACTING,-1,30,110,4,2,2,0
2025-11,"(7.0, 10.0]",London,EXPANDING,-1,30,36,1,1,0,0
2025-11,"(7.0, 10.0]",London,STABLE,-1,30,305,3,2,1,0
2025-11,"(7.0, 10.0]",London-NY,EXPANDING,-1,30,13,0,0,0,0
2025-11,"(7.0, 10.0]",London-NY,STABLE,-1,30,36,0,0,0,0
2025-11,"(7.0, 10.0]",NY,CONTRACTING,-1,30,71,0,0,0,0
2025-11,"(7.0, 10.0]",NY,STABLE,-1,30,53,0,0,0,0
2025-11,"(7.0, 10.0]",NY-Asia,CONTRACTING,-1,30,79,6,5,1,0
2025-11,"(7.0, 10.0]",NY-Asia,EXPANDING,-1,30,30,1,1,0,0
2025-11,"(7.0, 10.0]",NY-Asia,STABLE,-1,30,131,1,1,0,0
2025-11,"(10.0, 14.0]",Asia,CONTRACTING,-1,30,79,3,2,1,0
2025-11,"(10.0, 14.0]",Asia,EXPANDING,-1,30,159,2,2,0,0
2025-11,"(10.0, 14.0]",Asia,STABLE,-1,30,398,8,3,5,0
2025-11,"(10.0, 14.0]",Asia,unclassified,-1,30,77,1,0,1,0
2025-11,"(10.0, 14.0]",Asia-London,CONTRACTING,-1,30,18,0,0,0,0
2025-11,"(10.0, 14.0]",Asia-London,EXPANDING,-1,30,12,0,0,0,0
2025-11,"(10.0, 14.0]",Asia-London,STABLE,-1,30,52,1,1,0,0
2025-11,"(10.0, 14.0]",London,CONTRACTING,-1,30,64,1,1,0,0
2025-11,"(10.0, 14.0]",London,EXPANDING,-1,30,123,0,0,0,0
2025-11,"(10.0, 14.0]",London,STABLE,-1,30,237,1,1,0,0
2025-11,"(10.0, 14.0]",London-NY,CONTRACTING,-1,30,10,0,0,0,0
2025-11,"(10.0, 14.0]",London-NY,EXPANDING,-1,30,68,2,0,2,0
2025-11,"(10.0, 14.0]",London-NY,STABLE,-1,30,68,1,0,1,0
2025-11,"(10.0, 14.0]",NY,CONTRACTING,-1,30,104,3,0,3,0
2025-11,"(10.0, 14.0]",NY,EXPANDING,-1,30,12,1,0,1,0
2025-11,"(10.0, 14.0]",NY,STABLE,-1,30,112,7,1,6,0
2025-11,"(10.0, 14.0]",NY-Asia,CONTRACTING,-1,30,83,2,2,0,0
2025-11,"(10.0, 14.0]",NY-Asia,EXPANDING,-1,30,28,1,1,0,0
2025-11,"(10.0, 14.0]",NY-Asia,STABLE,-1,30,111,3,2,1,0
2025-11,"(14.0, inf]",Asia,CONTRACTING,-1,30,26,0,0,0,0
2025-11,"(14.0, inf]",Asia,EXPANDING,-1,30,95,4,0,4,0
2025-11,"(14.0, inf]",Asia,STABLE,-1,30,154,0,0,0,0
2025-11,"(14.0, inf]",Asia,unclassified,-1,30,61,0,0,0,0
2025-11,"(14.0, inf]",Asia-London,CONTRACTING,-1,30,1,0,0,0,0
2025-11,"(14.0, inf]",Asia-London,EXPANDING,-1,30,3,0,0,0,0
2025-11,"(14.0, inf]",Asia-London,STABLE,-1,30,15,0,0,0,0
2025-11,"(14.0, inf]",London,CONTRACTING,-1,30,5,0,0,0,0
2025-11,"(14.0, inf]",London,EXPANDING,-1,30,97,1,1,0,0
2025-11,"(14.0, inf]",London,STABLE,-1,30,78,0,0,0,0
2025-11,"(14.0, inf]",London-NY,CONTRACTING,-1,30,8,0,0,0,0
2025-11,"(14.0, inf]",London-NY,EXPANDING,-1,30,95,1,1,0,0
2025-11,"(14.0, inf]",London-NY,STABLE,-1,30,36,0,0,0,0
2025-11,"(14.0, inf]",London-NY,unclassified,-1,30,7,0,0,0,0
2025-11,"(14.0, inf]",NY,CONTRACTING,-1,30,95,0,0,0,0
2025-11,"(14.0, inf]",NY,EXPANDING,-1,30,180,3,0,3,0
2025-11,"(14.0, inf]",NY,STABLE,-1,30,271,2,0,2,0
2025-11,"(14.0, inf]",NY,unclassified,-1,30,4,0,0,0,0
2025-11,"(14.0, inf]",NY-Asia,CONTRACTING,-1,30,19,2,0,2,0
2025-11,"(14.0, inf]",NY-Asia,EXPANDING,-1,30,57,2,1,1,0
2025-11,"(14.0, inf]",NY-Asia,STABLE,-1,30,34,0,0,0,0
2025-11,unclassified,Asia,unclassified,-1,30,105,5,3,2,0
2025-11,unclassified,London-NY,unclassified,-1,30,5,0,0,0,0
2025-11,"(0.0, 7.0]",Asia,CONTRACTING,-1,60,45,3,1,2,0
2025-11,"(0.0, 7.0]",Asia,EXPANDING,-1,60,5,0,0,0,0
2025-11,"(0.0, 7.0]",Asia,STABLE,-1,60,75,0,0,0,0
2025-11,"(0.0, 7.0]",Asia,unclassified,-1,60,32,0,0,0,0
2025-11,"(0.0, 7.0]",Asia-London,STABLE,-1,60,2,0,0,0,0
2025-11,"(0.0, 7.0]",London,CONTRACTING,-1,60,30,0,0,0,0
2025-11,"(0.0, 7.0]",London,STABLE,-1,60,55,0,0,0,0
2025-11,"(0.0, 7.0]",London-NY,EXPANDING,-1,60,3,0,0,0,0
2025-11,"(0.0, 7.0]",London-NY,STABLE,-1,60,5,0,0,0,0
2025-11,"(0.0, 7.0]",NY,CONTRACTING,-1,60,34,0,0,0,0
2025-11,"(0.0, 7.0]",NY,STABLE,-1,60,24,0,0,0,0
2025-11,"(0.0, 7.0]",NY-Asia,CONTRACTING,-1,60,28,0,0,0,0
2025-11,"(0.0, 7.0]",NY-Asia,STABLE,-1,60,31,1,0,1,0
2025-11,"(7.0, 10.0]",Asia,CONTRACTING,-1,60,138,0,0,0,0
2025-11,"(7.0, 10.0]",Asia,EXPANDING,-1,60,67,0,0,0,0
2025-11,"(7.0, 10.0]",Asia,STABLE,-1,60,308,0,0,0,0
2025-11,"(7.0, 10.0]",Asia,unclassified,-1,60,51,0,0,0,0
2025-11,"(7.0, 10.0]",Asia-London,CONTRACTING,-1,60,32,0,0,0,0
2025-11,"(7.0, 10.0]",Asia-London,EXPANDING,-1,60,6,0,0,0,0
2025-11,"(7.0, 10.0]",Asia-London,STABLE,-1,60,87,0,0,0,0
2025-11,"(7.0, 10.0]",London,CONTRACTING,-1,60,110,0,0,0,0
2025-11,"(7.0, 10.0]",London,EXPANDING,-1,60,36,0,0,0,0
2025-11,"(7.0, 10.0]",London,STABLE,-1,60,305,1,1,0,0
2025-11,"(7.0, 10.0]",London-NY,EXPANDING,-1,60,13,0,0,0,0
2025-11,"(7.0, 10.0]",London-NY,STABLE,-1,60,36,0,0,0,0
2025-11,"(7.0, 10.0]",NY,CONTRACTING,-1,60,71,0,0,0,0
2025-11,"(7.0, 10.0]",NY,STABLE,-1,60,53,0,0,0,0
2025-11,"(7.0, 10.0]",NY-Asia,CONTRACTING,-1,60,64,1,0,1,0
2025-11,"(7.0, 10.0]",NY-Asia,EXPANDING,-1,60,28,0,0,0,0
2025-11,"(7.0, 10.0]",NY-Asia,STABLE,-1,60,97,0,0,0,0
2025-11,"(10.0, 14.0]",Asia,CONTRACTING,-1,60,79,0,0,0,0
2025-11,"(10.0, 14.0]",Asia,EXPANDING,-1,60,159,0,0,0,0
2025-11,"(10.0, 14.0]",Asia,STABLE,-1,60,398,0,0,0,0
2025-11,"(10.0, 14.0]",Asia,unclassified,-1,60,77,0,0,0,0
2025-11,"(10.0, 14.0]",Asia-London,CONTRACTING,-1,60,18,0,0,0,0
2025-11,"(10.0, 14.0]",Asia-London,EXPANDING,-1,60,12,0,0,0,0
2025-11,"(10.0, 14.0]",Asia-London,STABLE,-1,60,52,1,1,0,0
2025-11,"(10.0, 14.0]",London,CONTRACTING,-1,60,64,0,0,0,0
2025-11,"(10.0, 14.0]",London,EXPANDING,-1,60,123,0,0,0,0
2025-11,"(10.0, 14.0]",London,STABLE,-1,60,237,0,0,0,0
2025-11,"(10.0, 14.0]",London-NY,CONTRACTING,-1,60,10,0,0,0,0
2025-11,"(10.0, 14.0]",London-NY,EXPANDING,-1,60,68,0,0,0,0
2025-11,"(10.0, 14.0]",London-NY,STABLE,-1,60,68,0,0,0,0
2025-11,"(10.0, 14.0]",NY,CONTRACTING,-1,60,104,0,0,0,0
2025-11,"(10.0, 14.0]",NY,EXPANDING,-1,60,12,0,0,0,0
2025-11,"(10.0, 14.0]",NY,STABLE,-1,60,112,1,0,1,0
2025-11,"(10.0, 14.0]",NY-Asia,CONTRACTING,-1,60,77,0,0,0,0
2025-11,"(10.0, 14.0]",NY-Asia,EXPANDING,-1,60,27,1,1,0,0
2025-11,"(10.0, 14.0]",NY-Asia,STABLE,-1,60,90,1,0,1,0
2025-11,"(14.0, inf]",Asia,CONTRACTING,-1,60,26,0,0,0,0
2025-11,"(14.0, inf]",Asia,EXPANDING,-1,60,95,0,0,0,0
2025-11,"(14.0, inf]",Asia,STABLE,-1,60,154,0,0,0,0
2025-11,"(14.0, inf]",Asia,unclassified,-1,60,60,0,0,0,0
2025-11,"(14.0, inf]",Asia-London,CONTRACTING,-1,60,1,0,0,0,0
2025-11,"(14.0, inf]",Asia-London,EXPANDING,-1,60,3,0,0,0,0
2025-11,"(14.0, inf]",Asia-London,STABLE,-1,60,15,0,0,0,0
2025-11,"(14.0, inf]",London,CONTRACTING,-1,60,5,0,0,0,0
2025-11,"(14.0, inf]",London,EXPANDING,-1,60,97,0,0,0,0
2025-11,"(14.0, inf]",London,STABLE,-1,60,78,0,0,0,0
2025-11,"(14.0, inf]",London-NY,CONTRACTING,-1,60,8,0,0,0,0
2025-11,"(14.0, inf]",London-NY,EXPANDING,-1,60,95,0,0,0,0
2025-11,"(14.0, inf]",London-NY,STABLE,-1,60,36,0,0,0,0
2025-11,"(14.0, inf]",London-NY,unclassified,-1,60,7,0,0,0,0
2025-11,"(14.0, inf]",NY,CONTRACTING,-1,60,95,0,0,0,0
2025-11,"(14.0, inf]",NY,EXPANDING,-1,60,180,0,0,0,0
2025-11,"(14.0, inf]",NY,STABLE,-1,60,271,1,0,1,0
2025-11,"(14.0, inf]",NY,unclassified,-1,60,4,0,0,0,0
2025-11,"(14.0, inf]",NY-Asia,CONTRACTING,-1,60,16,0,0,0,0
2025-11,"(14.0, inf]",NY-Asia,EXPANDING,-1,60,52,1,0,1,0
2025-11,"(14.0, inf]",NY-Asia,STABLE,-1,60,33,0,0,0,0
2025-11,unclassified,Asia,unclassified,-1,60,100,0,0,0,0
2025-11,unclassified,London-NY,unclassified,-1,60,5,0,0,0,0
2025-12,"(0.0, 7.0]",Asia,CONTRACTING,1,15,191,13,6,7,0
2025-12,"(0.0, 7.0]",Asia,EXPANDING,1,15,92,9,3,6,0
2025-12,"(0.0, 7.0]",Asia,STABLE,1,15,258,27,13,14,0
2025-12,"(0.0, 7.0]",Asia,unclassified,1,15,99,7,4,3,0
2025-12,"(0.0, 7.0]",Asia-London,CONTRACTING,1,15,43,3,1,2,0
2025-12,"(0.0, 7.0]",Asia-London,STABLE,1,15,56,4,2,2,0
2025-12,"(0.0, 7.0]",London,CONTRACTING,1,15,165,19,7,12,0
2025-12,"(0.0, 7.0]",London,EXPANDING,1,15,55,9,1,8,0
2025-12,"(0.0, 7.0]",London,STABLE,1,15,302,30,13,17,0
2025-12,"(0.0, 7.0]",London-NY,EXPANDING,1,15,8,0,0,0,0
2025-12,"(0.0, 7.0]",London-NY,STABLE,1,15,6,0,0,0,0
2025-12,"(0.0, 7.0]",NY,CONTRACTING,1,15,18,4,4,0,0
2025-12,"(0.0, 7.0]",NY,STABLE,1,15,14,0,0,0,0
2025-12,"(0.0, 7.0]",NY-Asia,CONTRACTING,1,15,110,16,10,6,0
2025-12,"(0.0, 7.0]",NY-Asia,EXPANDING,1,15,6,0,0,0,0
2025-12,"(0.0, 7.0]",NY-Asia,STABLE,1,15,117,9,3,6,0
2025-12,"(7.0, 10.0]",Asia,CONTRACTING,1,15,148,16,4,12,0
2025-12,"(7.0, 10.0]",Asia,EXPANDING,1,15,200,23,11,12,0
2025-12,"(7.0, 10.0]",Asia,STABLE,1,15,335,33,15,18,0
2025-12,"(7.0, 10.0]",Asia,unclassified,1,15,61,11,4,7,0
2025-12,"(7.0, 10.0]",Asia-London,CONTRACTING,1,15,37,5,3,2,0
2025-12,"(7.0, 10.0]",Asia-London,EXPANDING,1,15,12,0,0,0,0
2025-12,"(7.0, 10.0]",Asia-London,STABLE,1,15,70,6,4,2,0
2025-12,"(7.0, 10.0]",London,CONTRACTING,1,15,79,10,7,3,0
2025-12,"(7.0, 10.0]",London,EXPANDING,1,15,132,12,8,4,0
2025-12,"(7.0, 10.0]",London,STABLE,1,15,353,30,18,12,0
2025-12,"(7.0, 10.0]",London-NY,CONTRACTING,1,15,2,1,1,0,0
2025-12,"(7.0, 10.0]",London-NY,EXPANDING,1,15,72,7,2,5,0
2025-12,"(7.0, 10.0]",London-NY,STABLE,1,15,29,5,1,4,0
2025-12,"(7.0, 10.0]",NY,CONTRACTING,1,15,81,6,3,3,0
2025-12,"(7.0, 10.0]",NY,STABLE,1,15,28,2,1,1,0
2025-12,"(7.0, 10.0]",NY-Asia,CONTRACTING,1,15,100,9,7,2,0
2025-12,"(7.0, 10.0]",NY-Asia,EXPANDING,1,15,24,3,0,3,0
2025-12,"(7.0, 10.0]",NY-Asia,STABLE,1,15,191,29,19,10,0
2025-12,"(10.0, 14.0]",Asia,CONTRACTING,1,15,96,6,5,1,0
2025-12,"(10.0, 14.0]",Asia,EXPANDING,1,15,135,18,10,8,0
2025-12,"(10.0, 14.0]",Asia,STABLE,1,15,104,14,10,4,0
2025-12,"(10.0, 14.0]",Asia,unclassified,1,15,42,10,6,4,0
2025-12,"(10.0, 14.0]",Asia-London,CONTRACTING,1,15,6,0,0,0,0
2025-12,"(10.0, 14.0]",Asia-London,EXPANDING,1,15,4,0,0,0,0
2025-12,"(10.0, 14.0]",Asia-London,STABLE,1,15,18,4,2,2,0
2025-12,"(10.0, 14.0]",London,CONTRACTING,1,15,32,3,0,3,0
2025-12,"(10.0, 14.0]",London,EXPANDING,1,15,77,6,3,3,0
2025-12,"(10.0, 14.0]",London,STABLE,1,15,69,7,3,4,0
2025-12,"(10.0, 14.0]",London-NY,CONTRACTING,1,15,6,0,0,0,0
2025-12,"(10.0, 14.0]",London-NY,EXPANDING,1,15,156,8,4,4,0
2025-12,"(10.0, 14.0]",London-NY,STABLE,1,15,52,1,0,1,0
2025-12,"(10.0, 14.0]",NY,CONTRACTING,1,15,161,17,8,9,0
2025-12,"(10.0, 14.0]",NY,EXPANDING,1,15,16,1,0,1,0
2025-12,"(10.0, 14.0]",NY,STABLE,1,15,130,18,9,9,0
2025-12,"(10.0, 14.0]",NY-Asia,CONTRACTING,1,15,53,7,5,2,0
2025-12,"(10.0, 14.0]",NY-Asia,EXPANDING,1,15,47,6,2,4,0
2025-12,"(10.0, 14.0]",NY-Asia,STABLE,1,15,125,9,4,5,0
2025-12,"(14.0, inf]",Asia,CONTRACTING,1,15,21,2,0,2,0
2025-12,"(14.0, inf]",Asia,EXPANDING,1,15,129,14,7,7,0
2025-12,"(14.0, inf]",Asia,STABLE,1,15,39,2,0,2,0
2025-12,"(14.0, inf]",Asia,unclassified,1,15,40,4,2,2,0
2025-12,"(14.0, inf]",Asia-London,CONTRACTING,1,15,6,0,0,0,0
2025-12,"(14.0, inf]",Asia-London,EXPANDING,1,15,11,1,0,1,0
2025-12,"(14.0, inf]",Asia-London,STABLE,1,15,1,0,0,0,0
2025-12,"(14.0, inf]",London,CONTRACTING,1,15,11,0,0,0,0
2025-12,"(14.0, inf]",London,EXPANDING,1,15,24,1,0,1,0
2025-12,"(14.0, inf]",London,STABLE,1,15,21,0,0,0,0
2025-12,"(14.0, inf]",London-NY,EXPANDING,1,15,61,7,5,2,0
2025-12,"(14.0, inf]",London-NY,STABLE,1,15,4,0,0,0,0
2025-12,"(14.0, inf]",NY,CONTRACTING,1,15,90,8,6,2,0
2025-12,"(14.0, inf]",NY,EXPANDING,1,15,261,17,11,6,0
2025-12,"(14.0, inf]",NY,STABLE,1,15,257,18,12,6,0
2025-12,"(14.0, inf]",NY-Asia,CONTRACTING,1,15,7,1,1,0,0
2025-12,"(14.0, inf]",NY-Asia,EXPANDING,1,15,28,1,0,1,0
2025-12,"(14.0, inf]",NY-Asia,STABLE,1,15,11,0,0,0,0
2025-12,unclassified,Asia,unclassified,1,15,110,19,11,8,0
2025-12,"(0.0, 7.0]",Asia,CONTRACTING,1,30,191,3,2,1,0
2025-12,"(0.0, 7.0]",Asia,EXPANDING,1,30,92,1,0,1,0
2025-12,"(0.0, 7.0]",Asia,STABLE,1,30,258,5,2,3,0
2025-12,"(0.0, 7.0]",Asia,unclassified,1,30,99,1,1,0,0
2025-12,"(0.0, 7.0]",Asia-London,CONTRACTING,1,30,43,2,2,0,0
2025-12,"(0.0, 7.0]",Asia-London,STABLE,1,30,56,2,1,1,0
2025-12,"(0.0, 7.0]",London,CONTRACTING,1,30,165,1,0,1,0
2025-12,"(0.0, 7.0]",London,EXPANDING,1,30,55,2,1,1,0
2025-12,"(0.0, 7.0]",London,STABLE,1,30,302,4,2,2,0
2025-12,"(0.0, 7.0]",London-NY,EXPANDING,1,30,8,0,0,0,0
2025-12,"(0.0, 7.0]",London-NY,STABLE,1,30,6,0,0,0,0
2025-12,"(0.0, 7.0]",NY,CONTRACTING,1,30,18,1,1,0,0
2025-12,"(0.0, 7.0]",NY,STABLE,1,30,14,0,0,0,0
2025-12,"(0.0, 7.0]",NY-Asia,CONTRACTING,1,30,88,2,1,1,0
2025-12,"(0.0, 7.0]",NY-Asia,EXPANDING,1,30,6,0,0,0,0
2025-12,"(0.0, 7.0]",NY-Asia,STABLE,1,30,98,1,0,1,0
2025-12,"(7.0, 10.0]",Asia,CONTRACTING,1,30,148,1,1,0,0
2025-12,"(7.0, 10.0]",Asia,EXPANDING,1,30,200,3,0,3,0
2025-12,"(7.0, 10.0]",Asia,STABLE,1,30,335,6,2,4,0
2025-12,"(7.0, 10.0]",Asia,unclassified,1,30,61,1,1,0,0
2025-12,"(7.0, 10.0]",Asia-London,CONTRACTING,1,30,37,0,0,0,0
2025-12,"(7.0, 10.0]",Asia-London,EXPANDING,1,30,12,0,0,0,0
2025-12,"(7.0, 10.0]",Asia-London,STABLE,1,30,70,1,1,0,0
2025-12,"(7.0, 10.0]",London,CONTRACTING,1,30,79,3,2,1,0
2025-12,"(7.0, 10.0]",London,EXPANDING,1,30,132,1,1,0,0
2025-12,"(7.0, 10.0]",London,STABLE,1,30,353,7,6,1,0
2025-12,"(7.0, 10.0]",London-NY,CONTRACTING,1,30,2,0,0,0,0
2025-12,"(7.0, 10.0]",London-NY,EXPANDING,1,30,72,0,0,0,0
2025-12,"(7.0, 10.0]",London-NY,STABLE,1,30,29,0,0,0,0
2025-12,"(7.0, 10.0]",NY,CONTRACTING,1,30,79,2,1,1,0
2025-12,"(7.0, 10.0]",NY,STABLE,1,30,27,2,2,0,0
2025-12,"(7.0, 10.0]",NY-Asia,CONTRACTING,1,30,91,0,0,0,0
2025-12,"(7.0, 10.0]",NY-Asia,EXPANDING,1,30,24,0,0,0,0
2025-12,"(7.0, 10.0]",NY-Asia,STABLE,1,30,185,5,1,4,0
2025-12,"(10.0, 14.0]",Asia,CONTRACTING,1,30,96,2,1,1,0
2025-12,"(10.0, 14.0]",Asia,EXPANDING,1,30,135,5,3,2,0
2025-12,"(10.0, 14.0]",Asia,STABLE,1,30,104,6,3,3,0
2025-12,"(10.0, 14.0]",Asia,unclassified,1,30,42,1,0,1,0
2025-12,"(10.0, 14.0]",Asia-London,CONTRACTING,1,30,6,0,0,0,0
2025-12,"(10.0, 14.0]",Asia-London,EXPANDING,1,30,4,0,0,0,0
2025-12,"(10.0, 14.0]",Asia-London,STABLE,1,30,18,0,0,0,0
2025-12,"(10.0, 14.0]",London,CONTRACTING,1,30,32,0,0,0,0
2025-12,"(10.0, 14.0]",London,EXPANDING,1,30,77,1,1,0,0
2025-12,"(10.0, 14.0]",London,STABLE,1,30,69,3,3,0,0
2025-12,"(10.0, 14.0]",London-NY,CONTRACTING,1,30,6,0,0,0,0
2025-12,"(10.0, 14.0]",London-NY,EXPANDING,1,30,156,1,0,1,0
2025-12,"(10.0, 14.0]",London-NY,STABLE,1,30,52,2,2,0,0
2025-12,"(10.0, 14.0]",NY,CONTRACTING,1,30,161,5,4,1,0
2025-12,"(10.0, 14.0]",NY,EXPANDING,1,30,16,0,0,0,0
2025-12,"(10.0, 14.0]",NY,STABLE,1,30,130,1,0,1,0
2025-12,"(10.0, 14.0]",NY-Asia,CONTRACTING,1,30,49,3,2,1,0
2025-12,"(10.0, 14.0]",NY-Asia,EXPANDING,1,30,47,0,0,0,0
2025-12,"(10.0, 14.0]",NY-Asia,STABLE,1,30,122,5,1,4,0
2025-12,"(14.0, inf]",Asia,CONTRACTING,1,30,21,0,0,0,0
2025-12,"(14.0, inf]",Asia,EXPANDING,1,30,129,4,3,1,0
2025-12,"(14.0, inf]",Asia,STABLE,1,30,39,0,0,0,0
2025-12,"(14.0, inf]",Asia,unclassified,1,30,40,0,0,0,0
2025-12,"(14.0, inf]",Asia-London,CONTRACTING,1,30,6,0,0,0,0
2025-12,"(14.0, inf]",Asia-London,EXPANDING,1,30,11,0,0,0,0
2025-12,"(14.0, inf]",Asia-London,STABLE,1,30,1,0,0,0,0
2025-12,"(14.0, inf]",London,CONTRACTING,1,30,11,0,0,0,0
2025-12,"(14.0, inf]",London,EXPANDING,1,30,24,0,0,0,0
2025-12,"(14.0, inf]",London,STABLE,1,30,21,0,0,0,0
2025-12,"(14.0, inf]",London-NY,EXPANDING,1,30,61,1,1,0,0
2025-12,"(14.0, inf]",London-NY,STABLE,1,30,4,0,0,0,0
2025-12,"(14.0, inf]",NY,CONTRACTING,1,30,90,0,0,0,0
2025-12,"(14.0, inf]",NY,EXPANDING,1,30,261,6,5,1,0
2025-12,"(14.0, inf]",NY,STABLE,1,30,257,8,7,1,0
2025-12,"(14.0, inf]",NY-Asia,CONTRACTING,1,30,7,1,1,0,0
2025-12,"(14.0, inf]",NY-Asia,EXPANDING,1,30,28,0,0,0,0
2025-12,"(14.0, inf]",NY-Asia,STABLE,1,30,11,0,0,0,0
2025-12,unclassified,Asia,unclassified,1,30,110,4,3,1,0
2025-12,"(0.0, 7.0]",Asia,CONTRACTING,1,60,191,0,0,0,0
2025-12,"(0.0, 7.0]",Asia,EXPANDING,1,60,92,0,0,0,0
2025-12,"(0.0, 7.0]",Asia,STABLE,1,60,258,0,0,0,0
2025-12,"(0.0, 7.0]",Asia,unclassified,1,60,99,2,0,2,0
2025-12,"(0.0, 7.0]",Asia-London,CONTRACTING,1,60,43,0,0,0,0
2025-12,"(0.0, 7.0]",Asia-London,STABLE,1,60,56,0,0,0,0
2025-12,"(0.0, 7.0]",London,CONTRACTING,1,60,165,0,0,0,0
2025-12,"(0.0, 7.0]",London,EXPANDING,1,60,55,0,0,0,0
2025-12,"(0.0, 7.0]",London,STABLE,1,60,302,0,0,0,0
2025-12,"(0.0, 7.0]",London-NY,EXPANDING,1,60,8,0,0,0,0
2025-12,"(0.0, 7.0]",London-NY,STABLE,1,60,6,0,0,0,0
2025-12,"(0.0, 7.0]",NY,CONTRACTING,1,60,18,0,0,0,0
2025-12,"(0.0, 7.0]",NY,STABLE,1,60,14,1,0,1,0
2025-12,"(0.0, 7.0]",NY-Asia,CONTRACTING,1,60,72,1,1,0,0
2025-12,"(0.0, 7.0]",NY-Asia,EXPANDING,1,60,3,0,0,0,0
2025-12,"(0.0, 7.0]",NY-Asia,STABLE,1,60,63,0,0,0,0
2025-12,"(7.0, 10.0]",Asia,CONTRACTING,1,60,148,0,0,0,0
2025-12,"(7.0, 10.0]",Asia,EXPANDING,1,60,200,0,0,0,0
2025-12,"(7.0, 10.0]",Asia,STABLE,1,60,335,1,1,0,0
2025-12,"(7.0, 10.0]",Asia,unclassified,1,60,61,0,0,0,0
2025-12,"(7.0, 10.0]",Asia-London,CONTRACTING,1,60,37,0,0,0,0
2025-12,"(7.0, 10.0]",Asia-London,EXPANDING,1,60,12,0,0,0,0
2025-12,"(7.0, 10.0]",Asia-London,STABLE,1,60,70,0,0,0,0
2025-12,"(7.0, 10.0]",London,CONTRACTING,1,60,79,0,0,0,0
2025-12,"(7.0, 10.0]",London,EXPANDING,1,60,132,0,0,0,0
2025-12,"(7.0, 10.0]",London,STABLE,1,60,353,2,2,0,0
2025-12,"(7.0, 10.0]",London-NY,CONTRACTING,1,60,2,0,0,0,0
2025-12,"(7.0, 10.0]",London-NY,EXPANDING,1,60,72,0,0,0,0
2025-12,"(7.0, 10.0]",London-NY,STABLE,1,60,29,0,0,0,0
2025-12,"(7.0, 10.0]",NY,CONTRACTING,1,60,79,0,0,0,0
2025-12,"(7.0, 10.0]",NY,STABLE,1,60,25,0,0,0,0
2025-12,"(7.0, 10.0]",NY-Asia,CONTRACTING,1,60,78,0,0,0,0
2025-12,"(7.0, 10.0]",NY-Asia,EXPANDING,1,60,21,0,0,0,0
2025-12,"(7.0, 10.0]",NY-Asia,STABLE,1,60,161,0,0,0,0
2025-12,"(10.0, 14.0]",Asia,CONTRACTING,1,60,96,1,1,0,0
2025-12,"(10.0, 14.0]",Asia,EXPANDING,1,60,135,2,0,2,0
2025-12,"(10.0, 14.0]",Asia,STABLE,1,60,104,0,0,0,0
2025-12,"(10.0, 14.0]",Asia,unclassified,1,60,42,1,1,0,0
2025-12,"(10.0, 14.0]",Asia-London,CONTRACTING,1,60,6,0,0,0,0
2025-12,"(10.0, 14.0]",Asia-London,EXPANDING,1,60,4,0,0,0,0
2025-12,"(10.0, 14.0]",Asia-London,STABLE,1,60,18,0,0,0,0
2025-12,"(10.0, 14.0]",London,CONTRACTING,1,60,32,0,0,0,0
2025-12,"(10.0, 14.0]",London,EXPANDING,1,60,77,2,1,1,0
2025-12,"(10.0, 14.0]",London,STABLE,1,60,69,0,0,0,0
2025-12,"(10.0, 14.0]",London-NY,CONTRACTING,1,60,6,0,0,0,0
2025-12,"(10.0, 14.0]",London-NY,EXPANDING,1,60,156,1,1,0,0
2025-12,"(10.0, 14.0]",London-NY,STABLE,1,60,52,0,0,0,0
2025-12,"(10.0, 14.0]",NY,CONTRACTING,1,60,161,5,4,1,0
2025-12,"(10.0, 14.0]",NY,EXPANDING,1,60,15,0,0,0,0
2025-12,"(10.0, 14.0]",NY,STABLE,1,60,127,0,0,0,0
2025-12,"(10.0, 14.0]",NY-Asia,CONTRACTING,1,60,41,0,0,0,0
2025-12,"(10.0, 14.0]",NY-Asia,EXPANDING,1,60,37,0,0,0,0
2025-12,"(10.0, 14.0]",NY-Asia,STABLE,1,60,114,0,0,0,0
2025-12,"(14.0, inf]",Asia,CONTRACTING,1,60,21,0,0,0,0
2025-12,"(14.0, inf]",Asia,EXPANDING,1,60,129,1,1,0,0
2025-12,"(14.0, inf]",Asia,STABLE,1,60,39,0,0,0,0
2025-12,"(14.0, inf]",Asia,unclassified,1,60,40,0,0,0,0
2025-12,"(14.0, inf]",Asia-London,CONTRACTING,1,60,6,0,0,0,0
2025-12,"(14.0, inf]",Asia-London,EXPANDING,1,60,11,0,0,0,0
2025-12,"(14.0, inf]",Asia-London,STABLE,1,60,1,0,0,0,0
2025-12,"(14.0, inf]",London,CONTRACTING,1,60,11,0,0,0,0
2025-12,"(14.0, inf]",London,EXPANDING,1,60,24,0,0,0,0
2025-12,"(14.0, inf]",London,STABLE,1,60,21,0,0,0,0
2025-12,"(14.0, inf]",London-NY,EXPANDING,1,60,61,0,0,0,0
2025-12,"(14.0, inf]",London-NY,STABLE,1,60,4,0,0,0,0
2025-12,"(14.0, inf]",NY,CONTRACTING,1,60,90,0,0,0,0
2025-12,"(14.0, inf]",NY,EXPANDING,1,60,261,1,0,1,0
2025-12,"(14.0, inf]",NY,STABLE,1,60,257,3,3,0,0
2025-12,"(14.0, inf]",NY-Asia,CONTRACTING,1,60,4,0,0,0,0
2025-12,"(14.0, inf]",NY-Asia,EXPANDING,1,60,26,0,0,0,0
2025-12,"(14.0, inf]",NY-Asia,STABLE,1,60,10,0,0,0,0
2025-12,unclassified,Asia,unclassified,1,60,110,0,0,0,0
2025-12,"(0.0, 7.0]",Asia,CONTRACTING,-1,15,191,13,7,6,0
2025-12,"(0.0, 7.0]",Asia,EXPANDING,-1,15,92,9,6,3,0
2025-12,"(0.0, 7.0]",Asia,STABLE,-1,15,258,27,14,13,0
2025-12,"(0.0, 7.0]",Asia,unclassified,-1,15,99,7,3,4,0
2025-12,"(0.0, 7.0]",Asia-London,CONTRACTING,-1,15,43,3,2,1,0
2025-12,"(0.0, 7.0]",Asia-London,STABLE,-1,15,56,4,2,2,0
2025-12,"(0.0, 7.0]",London,CONTRACTING,-1,15,165,19,12,7,0
2025-12,"(0.0, 7.0]",London,EXPANDING,-1,15,55,9,8,1,0
2025-12,"(0.0, 7.0]",London,STABLE,-1,15,302,30,17,13,0
2025-12,"(0.0, 7.0]",London-NY,EXPANDING,-1,15,8,0,0,0,0
2025-12,"(0.0, 7.0]",London-NY,STABLE,-1,15,6,0,0,0,0
2025-12,"(0.0, 7.0]",NY,CONTRACTING,-1,15,18,4,0,4,0
2025-12,"(0.0, 7.0]",NY,STABLE,-1,15,14,0,0,0,0
2025-12,"(0.0, 7.0]",NY-Asia,CONTRACTING,-1,15,110,16,6,10,0
2025-12,"(0.0, 7.0]",NY-Asia,EXPANDING,-1,15,6,0,0,0,0
2025-12,"(0.0, 7.0]",NY-Asia,STABLE,-1,15,117,9,6,3,0
2025-12,"(7.0, 10.0]",Asia,CONTRACTING,-1,15,148,16,12,4,0
2025-12,"(7.0, 10.0]",Asia,EXPANDING,-1,15,200,23,12,11,0
2025-12,"(7.0, 10.0]",Asia,STABLE,-1,15,335,33,18,15,0
2025-12,"(7.0, 10.0]",Asia,unclassified,-1,15,61,11,7,4,0
2025-12,"(7.0, 10.0]",Asia-London,CONTRACTING,-1,15,37,5,2,3,0
2025-12,"(7.0, 10.0]",Asia-London,EXPANDING,-1,15,12,0,0,0,0
2025-12,"(7.0, 10.0]",Asia-London,STABLE,-1,15,70,6,2,4,0
2025-12,"(7.0, 10.0]",London,CONTRACTING,-1,15,79,10,3,7,0
2025-12,"(7.0, 10.0]",London,EXPANDING,-1,15,132,12,4,8,0
2025-12,"(7.0, 10.0]",London,STABLE,-1,15,353,30,12,18,0
2025-12,"(7.0, 10.0]",London-NY,CONTRACTING,-1,15,2,1,0,1,0
2025-12,"(7.0, 10.0]",London-NY,EXPANDING,-1,15,72,7,5,2,0
2025-12,"(7.0, 10.0]",London-NY,STABLE,-1,15,29,5,4,1,0
2025-12,"(7.0, 10.0]",NY,CONTRACTING,-1,15,81,6,3,3,0
2025-12,"(7.0, 10.0]",NY,STABLE,-1,15,28,2,1,1,0
2025-12,"(7.0, 10.0]",NY-Asia,CONTRACTING,-1,15,100,9,2,7,0
2025-12,"(7.0, 10.0]",NY-Asia,EXPANDING,-1,15,24,3,3,0,0
2025-12,"(7.0, 10.0]",NY-Asia,STABLE,-1,15,191,29,10,19,0
2025-12,"(10.0, 14.0]",Asia,CONTRACTING,-1,15,96,6,1,5,0
2025-12,"(10.0, 14.0]",Asia,EXPANDING,-1,15,135,18,8,10,0
2025-12,"(10.0, 14.0]",Asia,STABLE,-1,15,104,14,4,10,0
2025-12,"(10.0, 14.0]",Asia,unclassified,-1,15,42,10,4,6,0
2025-12,"(10.0, 14.0]",Asia-London,CONTRACTING,-1,15,6,0,0,0,0
2025-12,"(10.0, 14.0]",Asia-London,EXPANDING,-1,15,4,0,0,0,0
2025-12,"(10.0, 14.0]",Asia-London,STABLE,-1,15,18,4,2,2,0
2025-12,"(10.0, 14.0]",London,CONTRACTING,-1,15,32,3,3,0,0
2025-12,"(10.0, 14.0]",London,EXPANDING,-1,15,77,6,3,3,0
2025-12,"(10.0, 14.0]",London,STABLE,-1,15,69,7,4,3,0
2025-12,"(10.0, 14.0]",London-NY,CONTRACTING,-1,15,6,0,0,0,0
2025-12,"(10.0, 14.0]",London-NY,EXPANDING,-1,15,156,8,4,4,0
2025-12,"(10.0, 14.0]",London-NY,STABLE,-1,15,52,1,1,0,0
2025-12,"(10.0, 14.0]",NY,CONTRACTING,-1,15,161,17,9,8,0
2025-12,"(10.0, 14.0]",NY,EXPANDING,-1,15,16,1,1,0,0
2025-12,"(10.0, 14.0]",NY,STABLE,-1,15,130,18,9,9,0
2025-12,"(10.0, 14.0]",NY-Asia,CONTRACTING,-1,15,53,7,2,5,0
2025-12,"(10.0, 14.0]",NY-Asia,EXPANDING,-1,15,47,6,4,2,0
2025-12,"(10.0, 14.0]",NY-Asia,STABLE,-1,15,125,9,5,4,0
2025-12,"(14.0, inf]",Asia,CONTRACTING,-1,15,21,2,2,0,0
2025-12,"(14.0, inf]",Asia,EXPANDING,-1,15,129,14,7,7,0
2025-12,"(14.0, inf]",Asia,STABLE,-1,15,39,2,2,0,0
2025-12,"(14.0, inf]",Asia,unclassified,-1,15,40,4,2,2,0
2025-12,"(14.0, inf]",Asia-London,CONTRACTING,-1,15,6,0,0,0,0
2025-12,"(14.0, inf]",Asia-London,EXPANDING,-1,15,11,1,1,0,0
2025-12,"(14.0, inf]",Asia-London,STABLE,-1,15,1,0,0,0,0
2025-12,"(14.0, inf]",London,CONTRACTING,-1,15,11,0,0,0,0
2025-12,"(14.0, inf]",London,EXPANDING,-1,15,24,1,1,0,0
2025-12,"(14.0, inf]",London,STABLE,-1,15,21,0,0,0,0
2025-12,"(14.0, inf]",London-NY,EXPANDING,-1,15,61,7,2,5,0
2025-12,"(14.0, inf]",London-NY,STABLE,-1,15,4,0,0,0,0
2025-12,"(14.0, inf]",NY,CONTRACTING,-1,15,90,8,2,6,0
2025-12,"(14.0, inf]",NY,EXPANDING,-1,15,261,17,6,11,0
2025-12,"(14.0, inf]",NY,STABLE,-1,15,257,18,6,12,0
2025-12,"(14.0, inf]",NY-Asia,CONTRACTING,-1,15,7,1,0,1,0
2025-12,"(14.0, inf]",NY-Asia,EXPANDING,-1,15,28,1,1,0,0
2025-12,"(14.0, inf]",NY-Asia,STABLE,-1,15,11,0,0,0,0
2025-12,unclassified,Asia,unclassified,-1,15,110,19,8,11,0
2025-12,"(0.0, 7.0]",Asia,CONTRACTING,-1,30,191,3,1,2,0
2025-12,"(0.0, 7.0]",Asia,EXPANDING,-1,30,92,1,1,0,0
2025-12,"(0.0, 7.0]",Asia,STABLE,-1,30,258,5,3,2,0
2025-12,"(0.0, 7.0]",Asia,unclassified,-1,30,99,1,0,1,0
2025-12,"(0.0, 7.0]",Asia-London,CONTRACTING,-1,30,43,2,0,2,0
2025-12,"(0.0, 7.0]",Asia-London,STABLE,-1,30,56,2,1,1,0
2025-12,"(0.0, 7.0]",London,CONTRACTING,-1,30,165,1,1,0,0
2025-12,"(0.0, 7.0]",London,EXPANDING,-1,30,55,2,1,1,0
2025-12,"(0.0, 7.0]",London,STABLE,-1,30,302,4,2,2,0
2025-12,"(0.0, 7.0]",London-NY,EXPANDING,-1,30,8,0,0,0,0
2025-12,"(0.0, 7.0]",London-NY,STABLE,-1,30,6,0,0,0,0
2025-12,"(0.0, 7.0]",NY,CONTRACTING,-1,30,18,1,0,1,0
2025-12,"(0.0, 7.0]",NY,STABLE,-1,30,14,0,0,0,0
2025-12,"(0.0, 7.0]",NY-Asia,CONTRACTING,-1,30,88,2,1,1,0
2025-12,"(0.0, 7.0]",NY-Asia,EXPANDING,-1,30,6,0,0,0,0
2025-12,"(0.0, 7.0]",NY-Asia,STABLE,-1,30,98,1,1,0,0
2025-12,"(7.0, 10.0]",Asia,CONTRACTING,-1,30,148,1,0,1,0
2025-12,"(7.0, 10.0]",Asia,EXPANDING,-1,30,200,3,3,0,0
2025-12,"(7.0, 10.0]",Asia,STABLE,-1,30,335,6,4,2,0
2025-12,"(7.0, 10.0]",Asia,unclassified,-1,30,61,1,0,1,0
2025-12,"(7.0, 10.0]",Asia-London,CONTRACTING,-1,30,37,0,0,0,0
2025-12,"(7.0, 10.0]",Asia-London,EXPANDING,-1,30,12,0,0,0,0
2025-12,"(7.0, 10.0]",Asia-London,STABLE,-1,30,70,1,0,1,0
2025-12,"(7.0, 10.0]",London,CONTRACTING,-1,30,79,3,1,2,0
2025-12,"(7.0, 10.0]",London,EXPANDING,-1,30,132,1,0,1,0
2025-12,"(7.0, 10.0]",London,STABLE,-1,30,353,7,1,6,0
2025-12,"(7.0, 10.0]",London-NY,CONTRACTING,-1,30,2,0,0,0,0
2025-12,"(7.0, 10.0]",London-NY,EXPANDING,-1,30,72,0,0,0,0
2025-12,"(7.0, 10.0]",London-NY,STABLE,-1,30,29,0,0,0,0
2025-12,"(7.0, 10.0]",NY,CONTRACTING,-1,30,79,2,1,1,0
2025-12,"(7.0, 10.0]",NY,STABLE,-1,30,27,2,0,2,0
2025-12,"(7.0, 10.0]",NY-Asia,CONTRACTING,-1,30,91,0,0,0,0
2025-12,"(7.0, 10.0]",NY-Asia,EXPANDING,-1,30,24,0,0,0,0
2025-12,"(7.0, 10.0]",NY-Asia,STABLE,-1,30,185,5,4,1,0
2025-12,"(10.0, 14.0]",Asia,CONTRACTING,-1,30,96,2,1,1,0
2025-12,"(10.0, 14.0]",Asia,EXPANDING,-1,30,135,5,2,3,0
2025-12,"(10.0, 14.0]",Asia,STABLE,-1,30,104,6,3,3,0
2025-12,"(10.0, 14.0]",Asia,unclassified,-1,30,42,1,1,0,0
2025-12,"(10.0, 14.0]",Asia-London,CONTRACTING,-1,30,6,0,0,0,0
2025-12,"(10.0, 14.0]",Asia-London,EXPANDING,-1,30,4,0,0,0,0
2025-12,"(10.0, 14.0]",Asia-London,STABLE,-1,30,18,0,0,0,0
2025-12,"(10.0, 14.0]",London,CONTRACTING,-1,30,32,0,0,0,0
2025-12,"(10.0, 14.0]",London,EXPANDING,-1,30,77,1,0,1,0
2025-12,"(10.0, 14.0]",London,STABLE,-1,30,69,3,0,3,0
2025-12,"(10.0, 14.0]",London-NY,CONTRACTING,-1,30,6,0,0,0,0
2025-12,"(10.0, 14.0]",London-NY,EXPANDING,-1,30,156,1,1,0,0
2025-12,"(10.0, 14.0]",London-NY,STABLE,-1,30,52,2,0,2,0
2025-12,"(10.0, 14.0]",NY,CONTRACTING,-1,30,161,5,1,4,0
2025-12,"(10.0, 14.0]",NY,EXPANDING,-1,30,16,0,0,0,0
2025-12,"(10.0, 14.0]",NY,STABLE,-1,30,130,1,1,0,0
2025-12,"(10.0, 14.0]",NY-Asia,CONTRACTING,-1,30,49,3,1,2,0
2025-12,"(10.0, 14.0]",NY-Asia,EXPANDING,-1,30,47,0,0,0,0
2025-12,"(10.0, 14.0]",NY-Asia,STABLE,-1,30,122,5,4,1,0
2025-12,"(14.0, inf]",Asia,CONTRACTING,-1,30,21,0,0,0,0
2025-12,"(14.0, inf]",Asia,EXPANDING,-1,30,129,4,1,3,0
2025-12,"(14.0, inf]",Asia,STABLE,-1,30,39,0,0,0,0
2025-12,"(14.0, inf]",Asia,unclassified,-1,30,40,0,0,0,0
2025-12,"(14.0, inf]",Asia-London,CONTRACTING,-1,30,6,0,0,0,0
2025-12,"(14.0, inf]",Asia-London,EXPANDING,-1,30,11,0,0,0,0
2025-12,"(14.0, inf]",Asia-London,STABLE,-1,30,1,0,0,0,0
2025-12,"(14.0, inf]",London,CONTRACTING,-1,30,11,0,0,0,0
2025-12,"(14.0, inf]",London,EXPANDING,-1,30,24,0,0,0,0
2025-12,"(14.0, inf]",London,STABLE,-1,30,21,0,0,0,0
2025-12,"(14.0, inf]",London-NY,EXPANDING,-1,30,61,1,0,1,0
2025-12,"(14.0, inf]",London-NY,STABLE,-1,30,4,0,0,0,0
2025-12,"(14.0, inf]",NY,CONTRACTING,-1,30,90,0,0,0,0
2025-12,"(14.0, inf]",NY,EXPANDING,-1,30,261,6,1,5,0
2025-12,"(14.0, inf]",NY,STABLE,-1,30,257,8,1,7,0
2025-12,"(14.0, inf]",NY-Asia,CONTRACTING,-1,30,7,1,0,1,0
2025-12,"(14.0, inf]",NY-Asia,EXPANDING,-1,30,28,0,0,0,0
2025-12,"(14.0, inf]",NY-Asia,STABLE,-1,30,11,0,0,0,0
2025-12,unclassified,Asia,unclassified,-1,30,110,4,1,3,0
2025-12,"(0.0, 7.0]",Asia,CONTRACTING,-1,60,191,0,0,0,0
2025-12,"(0.0, 7.0]",Asia,EXPANDING,-1,60,92,0,0,0,0
2025-12,"(0.0, 7.0]",Asia,STABLE,-1,60,258,0,0,0,0
2025-12,"(0.0, 7.0]",Asia,unclassified,-1,60,99,2,2,0,0
2025-12,"(0.0, 7.0]",Asia-London,CONTRACTING,-1,60,43,0,0,0,0
2025-12,"(0.0, 7.0]",Asia-London,STABLE,-1,60,56,0,0,0,0
2025-12,"(0.0, 7.0]",London,CONTRACTING,-1,60,165,0,0,0,0
2025-12,"(0.0, 7.0]",London,EXPANDING,-1,60,55,0,0,0,0
2025-12,"(0.0, 7.0]",London,STABLE,-1,60,302,0,0,0,0
2025-12,"(0.0, 7.0]",London-NY,EXPANDING,-1,60,8,0,0,0,0
2025-12,"(0.0, 7.0]",London-NY,STABLE,-1,60,6,0,0,0,0
2025-12,"(0.0, 7.0]",NY,CONTRACTING,-1,60,18,0,0,0,0
2025-12,"(0.0, 7.0]",NY,STABLE,-1,60,14,1,1,0,0
2025-12,"(0.0, 7.0]",NY-Asia,CONTRACTING,-1,60,72,1,0,1,0
2025-12,"(0.0, 7.0]",NY-Asia,EXPANDING,-1,60,3,0,0,0,0
2025-12,"(0.0, 7.0]",NY-Asia,STABLE,-1,60,63,0,0,0,0
2025-12,"(7.0, 10.0]",Asia,CONTRACTING,-1,60,148,0,0,0,0
2025-12,"(7.0, 10.0]",Asia,EXPANDING,-1,60,200,0,0,0,0
2025-12,"(7.0, 10.0]",Asia,STABLE,-1,60,335,1,0,1,0
2025-12,"(7.0, 10.0]",Asia,unclassified,-1,60,61,0,0,0,0
2025-12,"(7.0, 10.0]",Asia-London,CONTRACTING,-1,60,37,0,0,0,0
2025-12,"(7.0, 10.0]",Asia-London,EXPANDING,-1,60,12,0,0,0,0
2025-12,"(7.0, 10.0]",Asia-London,STABLE,-1,60,70,0,0,0,0
2025-12,"(7.0, 10.0]",London,CONTRACTING,-1,60,79,0,0,0,0
2025-12,"(7.0, 10.0]",London,EXPANDING,-1,60,132,0,0,0,0
2025-12,"(7.0, 10.0]",London,STABLE,-1,60,353,2,0,2,0
2025-12,"(7.0, 10.0]",London-NY,CONTRACTING,-1,60,2,0,0,0,0
2025-12,"(7.0, 10.0]",London-NY,EXPANDING,-1,60,72,0,0,0,0
2025-12,"(7.0, 10.0]",London-NY,STABLE,-1,60,29,0,0,0,0
2025-12,"(7.0, 10.0]",NY,CONTRACTING,-1,60,79,0,0,0,0
2025-12,"(7.0, 10.0]",NY,STABLE,-1,60,25,0,0,0,0
2025-12,"(7.0, 10.0]",NY-Asia,CONTRACTING,-1,60,78,0,0,0,0
2025-12,"(7.0, 10.0]",NY-Asia,EXPANDING,-1,60,21,0,0,0,0
2025-12,"(7.0, 10.0]",NY-Asia,STABLE,-1,60,161,0,0,0,0
2025-12,"(10.0, 14.0]",Asia,CONTRACTING,-1,60,96,1,0,1,0
2025-12,"(10.0, 14.0]",Asia,EXPANDING,-1,60,135,2,2,0,0
2025-12,"(10.0, 14.0]",Asia,STABLE,-1,60,104,0,0,0,0
2025-12,"(10.0, 14.0]",Asia,unclassified,-1,60,42,1,0,1,0
2025-12,"(10.0, 14.0]",Asia-London,CONTRACTING,-1,60,6,0,0,0,0
2025-12,"(10.0, 14.0]",Asia-London,EXPANDING,-1,60,4,0,0,0,0
2025-12,"(10.0, 14.0]",Asia-London,STABLE,-1,60,18,0,0,0,0
2025-12,"(10.0, 14.0]",London,CONTRACTING,-1,60,32,0,0,0,0
2025-12,"(10.0, 14.0]",London,EXPANDING,-1,60,77,2,1,1,0
2025-12,"(10.0, 14.0]",London,STABLE,-1,60,69,0,0,0,0
2025-12,"(10.0, 14.0]",London-NY,CONTRACTING,-1,60,6,0,0,0,0
2025-12,"(10.0, 14.0]",London-NY,EXPANDING,-1,60,156,1,0,1,0
2025-12,"(10.0, 14.0]",London-NY,STABLE,-1,60,52,0,0,0,0
2025-12,"(10.0, 14.0]",NY,CONTRACTING,-1,60,161,5,1,4,0
2025-12,"(10.0, 14.0]",NY,EXPANDING,-1,60,15,0,0,0,0
2025-12,"(10.0, 14.0]",NY,STABLE,-1,60,127,0,0,0,0
2025-12,"(10.0, 14.0]",NY-Asia,CONTRACTING,-1,60,41,0,0,0,0
2025-12,"(10.0, 14.0]",NY-Asia,EXPANDING,-1,60,37,0,0,0,0
2025-12,"(10.0, 14.0]",NY-Asia,STABLE,-1,60,114,0,0,0,0
2025-12,"(14.0, inf]",Asia,CONTRACTING,-1,60,21,0,0,0,0
2025-12,"(14.0, inf]",Asia,EXPANDING,-1,60,129,1,0,1,0
2025-12,"(14.0, inf]",Asia,STABLE,-1,60,39,0,0,0,0
2025-12,"(14.0, inf]",Asia,unclassified,-1,60,40,0,0,0,0
2025-12,"(14.0, inf]",Asia-London,CONTRACTING,-1,60,6,0,0,0,0
2025-12,"(14.0, inf]",Asia-London,EXPANDING,-1,60,11,0,0,0,0
2025-12,"(14.0, inf]",Asia-London,STABLE,-1,60,1,0,0,0,0
2025-12,"(14.0, inf]",London,CONTRACTING,-1,60,11,0,0,0,0
2025-12,"(14.0, inf]",London,EXPANDING,-1,60,24,0,0,0,0
2025-12,"(14.0, inf]",London,STABLE,-1,60,21,0,0,0,0
2025-12,"(14.0, inf]",London-NY,EXPANDING,-1,60,61,0,0,0,0
2025-12,"(14.0, inf]",London-NY,STABLE,-1,60,4,0,0,0,0
2025-12,"(14.0, inf]",NY,CONTRACTING,-1,60,90,0,0,0,0
2025-12,"(14.0, inf]",NY,EXPANDING,-1,60,261,1,1,0,0
2025-12,"(14.0, inf]",NY,STABLE,-1,60,257,3,0,3,0
2025-12,"(14.0, inf]",NY-Asia,CONTRACTING,-1,60,4,0,0,0,0
2025-12,"(14.0, inf]",NY-Asia,EXPANDING,-1,60,26,0,0,0,0
2025-12,"(14.0, inf]",NY-Asia,STABLE,-1,60,10,0,0,0,0
2025-12,unclassified,Asia,unclassified,-1,60,110,0,0,0,0
2026-01,"(0.0, 7.0]",Asia,CONTRACTING,1,15,126,16,2,14,0
2026-01,"(0.0, 7.0]",Asia,EXPANDING,1,15,11,1,1,0,0
2026-01,"(0.0, 7.0]",Asia,STABLE,1,15,66,12,7,5,0
2026-01,"(0.0, 7.0]",Asia,unclassified,1,15,35,4,3,1,0
2026-01,"(0.0, 7.0]",Asia-London,CONTRACTING,1,15,6,1,0,1,0
2026-01,"(0.0, 7.0]",Asia-London,STABLE,1,15,10,2,0,2,0
2026-01,"(0.0, 7.0]",London,CONTRACTING,1,15,56,3,0,3,0
2026-01,"(0.0, 7.0]",London,EXPANDING,1,15,4,0,0,0,0
2026-01,"(0.0, 7.0]",London,STABLE,1,15,169,18,9,9,0
2026-01,"(0.0, 7.0]",London-NY,STABLE,1,15,14,1,1,0,0
2026-01,"(0.0, 7.0]",NY,CONTRACTING,1,15,17,2,1,1,0
2026-01,"(0.0, 7.0]",NY,EXPANDING,1,15,6,0,0,0,0
2026-01,"(0.0, 7.0]",NY,STABLE,1,15,30,3,2,1,0
2026-01,"(0.0, 7.0]",NY-Asia,CONTRACTING,1,15,38,5,1,4,0
2026-01,"(0.0, 7.0]",NY-Asia,EXPANDING,1,15,4,1,0,1,0
2026-01,"(0.0, 7.0]",NY-Asia,STABLE,1,15,35,8,6,2,0
2026-01,"(7.0, 10.0]",Asia,CONTRACTING,1,15,142,24,13,11,0
2026-01,"(7.0, 10.0]",Asia,EXPANDING,1,15,107,14,8,6,0
2026-01,"(7.0, 10.0]",Asia,STABLE,1,15,197,29,9,20,0
2026-01,"(7.0, 10.0]",Asia,unclassified,1,15,38,8,3,5,0
2026-01,"(7.0, 10.0]",Asia-London,CONTRACTING,1,15,66,14,10,4,0
2026-01,"(7.0, 10.0]",Asia-London,EXPANDING,1,15,15,0,0,0,0
2026-01,"(7.0, 10.0]",Asia-London,STABLE,1,15,41,7,4,3,0
2026-01,"(7.0, 10.0]",London,CONTRACTING,1,15,111,9,8,1,0
2026-01,"(7.0, 10.0]",London,EXPANDING,1,15,88,8,4,4,0
2026-01,"(7.0, 10.0]",London,STABLE,1,15,413,39,19,20,0
2026-01,"(7.0, 10.0]",London-NY,EXPANDING,1,15,17,4,1,3,0
2026-01,"(7.0, 10.0]",London-NY,STABLE,1,15,29,4,2,2,0
2026-01,"(7.0, 10.0]",NY,CONTRACTING,1,15,56,5,4,1,0
2026-01,"(7.0, 10.0]",NY,STABLE,1,15,25,1,1,0,0
2026-01,"(7.0, 10.0]",NY-Asia,CONTRACTING,1,15,87,6,3,3,0
2026-01,"(7.0, 10.0]",NY-Asia,EXPANDING,1,15,19,1,1,0,0
2026-01,"(7.0, 10.0]",NY-Asia,STABLE,1,15,184,22,11,11,0
2026-01,"(10.0, 14.0]",Asia,CONTRACTING,1,15,129,7,5,2,0
2026-01,"(10.0, 14.0]",Asia,EXPANDING,1,15,176,11,7,4,0
2026-01,"(10.0, 14.0]",Asia,STABLE,1,15,189,20,8,12,0
2026-01,"(10.0, 14.0]",Asia,unclassified,1,15,28,3,2,1,0
2026-01,"(10.0, 14.0]",Asia-London,CONTRACTING,1,15,18,4,0,4,0
2026-01,"(10.0, 14.0]",Asia-London,EXPANDING,1,15,1,1,0,1,0
2026-01,"(10.0, 14.0]",Asia-London,STABLE,1,15,36,7,2,5,0
2026-01,"(10.0, 14.0]",London,CONTRACTING,1,15,46,3,2,1,0
2026-01,"(10.0, 14.0]",London,EXPANDING,1,15,80,9,6,3,0
2026-01,"(10.0, 14.0]",London,STABLE,1,15,105,11,5,6,0
2026-01,"(10.0, 14.0]",London-NY,CONTRACTING,1,15,2,1,1,0,0
2026-01,"(10.0, 14.0]",London-NY,EXPANDING,1,15,66,5,2,3,0
2026-01,"(10.0, 14.0]",London-NY,STABLE,1,15,30,5,3,2,0
2026-01,"(10.0, 14.0]",NY,CONTRACTING,1,15,120,20,9,11,0
2026-01,"(10.0, 14.0]",NY,EXPANDING,1,15,12,2,1,1,0
2026-01,"(10.0, 14.0]",NY,STABLE,1,15,97,8,2,6,0
2026-01,"(10.0, 14.0]",NY-Asia,CONTRACTING,1,15,39,2,1,1,0
2026-01,"(10.0, 14.0]",NY-Asia,EXPANDING,1,15,49,4,3,1,0
2026-01,"(10.0, 14.0]",NY-Asia,STABLE,1,15,92,9,7,2,0
2026-01,"(14.0, inf]",Asia,CONTRACTING,1,15,191,22,14,8,0
2026-01,"(14.0, inf]",Asia,EXPANDING,1,15,195,13,9,4,0
2026-01,"(14.0, inf]",Asia,STABLE,1,15,151,17,13,4,0
2026-01,"(14.0, inf]",Asia,unclassified,1,15,130,14,6,8,0
2026-01,"(14.0, inf]",Asia-London,CONTRACTING,1,15,4,1,0,1,0
2026-01,"(14.0, inf]",Asia-London,EXPANDING,1,15,27,2,0,2,0
2026-01,"(14.0, inf]",Asia-London,STABLE,1,15,28,3,2,1,0
2026-01,"(14.0, inf]",London,CONTRACTING,1,15,46,3,2,1,0
2026-01,"(14.0, inf]",London,EXPANDING,1,15,63,6,2,4,0
2026-01,"(14.0, inf]",London,STABLE,1,15,79,7,5,2,0
2026-01,"(14.0, inf]",London-NY,CONTRACTING,1,15,1,1,1,0,0
2026-01,"(14.0, inf]",London-NY,EXPANDING,1,15,171,11,7,4,0
2026-01,"(14.0, inf]",London-NY,STABLE,1,15,48,7,1,6,0
2026-01,"(14.0, inf]",NY,CONTRACTING,1,15,144,14,8,6,0
2026-01,"(14.0, inf]",NY,EXPANDING,1,15,196,13,8,5,0
2026-01,"(14.0, inf]",NY,STABLE,1,15,305,31,24,7,0
2026-01,"(14.0, inf]",NY-Asia,CONTRACTING,1,15,46,3,1,2,0
2026-01,"(14.0, inf]",NY-Asia,EXPANDING,1,15,88,10,9,1,0
2026-01,"(14.0, inf]",NY-Asia,STABLE,1,15,108,17,9,8,0
2026-01,unclassified,Asia,unclassified,1,15,105,11,6,5,0
2026-01,"(0.0, 7.0]",Asia,CONTRACTING,1,30,126,2,0,2,0
2026-01,"(0.0, 7.0]",Asia,EXPANDING,1,30,11,1,1,0,0
2026-01,"(0.0, 7.0]",Asia,STABLE,1,30,66,5,5,0,0
2026-01,"(0.0, 7.0]",Asia,unclassified,1,30,35,3,3,0,0
2026-01,"(0.0, 7.0]",Asia-London,CONTRACTING,1,30,6,0,0,0,0
2026-01,"(0.0, 7.0]",Asia-London,STABLE,1,30,10,0,0,0,0
2026-01,"(0.0, 7.0]",London,CONTRACTING,1,30,56,0,0,0,0
2026-01,"(0.0, 7.0]",London,EXPANDING,1,30,4,0,0,0,0
2026-01,"(0.0, 7.0]",London,STABLE,1,30,169,2,2,0,0
2026-01,"(0.0, 7.0]",London-NY,STABLE,1,30,14,2,0,2,0
2026-01,"(0.0, 7.0]",NY,CONTRACTING,1,30,17,0,0,0,0
2026-01,"(0.0, 7.0]",NY,EXPANDING,1,30,6,0,0,0,0
2026-01,"(0.0, 7.0]",NY,STABLE,1,30,30,0,0,0,0
2026-01,"(0.0, 7.0]",NY-Asia,CONTRACTING,1,30,24,3,0,3,0
2026-01,"(0.0, 7.0]",NY-Asia,EXPANDING,1,30,4,0,0,0,0
2026-01,"(0.0, 7.0]",NY-Asia,STABLE,1,30,24,2,0,2,0
2026-01,"(7.0, 10.0]",Asia,CONTRACTING,1,30,142,6,3,3,0
2026-01,"(7.0, 10.0]",Asia,EXPANDING,1,30,107,2,0,2,0
2026-01,"(7.0, 10.0]",Asia,STABLE,1,30,197,13,3,10,0
2026-01,"(7.0, 10.0]",Asia,unclassified,1,30,38,0,0,0,0
2026-01,"(7.0, 10.0]",Asia-London,CONTRACTING,1,30,66,0,0,0,0
2026-01,"(7.0, 10.0]",Asia-London,EXPANDING,1,30,15,0,0,0,0
2026-01,"(7.0, 10.0]",Asia-London,STABLE,1,30,41,1,1,0,0
2026-01,"(7.0, 10.0]",London,CONTRACTING,1,30,111,0,0,0,0
2026-01,"(7.0, 10.0]",London,EXPANDING,1,30,88,2,2,0,0
2026-01,"(7.0, 10.0]",London,STABLE,1,30,413,4,3,1,0
2026-01,"(7.0, 10.0]",London-NY,EXPANDING,1,30,17,1,0,1,0
2026-01,"(7.0, 10.0]",London-NY,STABLE,1,30,29,0,0,0,0
2026-01,"(7.0, 10.0]",NY,CONTRACTING,1,30,56,0,0,0,0
2026-01,"(7.0, 10.0]",NY,STABLE,1,30,25,0,0,0,0
2026-01,"(7.0, 10.0]",NY-Asia,CONTRACTING,1,30,78,1,1,0,0
2026-01,"(7.0, 10.0]",NY-Asia,EXPANDING,1,30,19,0,0,0,0
2026-01,"(7.0, 10.0]",NY-Asia,STABLE,1,30,178,3,1,2,0
2026-01,"(10.0, 14.0]",Asia,CONTRACTING,1,30,129,3,3,0,0
2026-01,"(10.0, 14.0]",Asia,EXPANDING,1,30,176,1,1,0,0
2026-01,"(10.0, 14.0]",Asia,STABLE,1,30,189,7,6,1,0
2026-01,"(10.0, 14.0]",Asia,unclassified,1,30,28,1,1,0,0
2026-01,"(10.0, 14.0]",Asia-London,CONTRACTING,1,30,18,0,0,0,0
2026-01,"(10.0, 14.0]",Asia-London,EXPANDING,1,30,1,1,1,0,0
2026-01,"(10.0, 14.0]",Asia-London,STABLE,1,30,36,2,2,0,0
2026-01,"(10.0, 14.0]",London,CONTRACTING,1,30,46,0,0,0,0
2026-01,"(10.0, 14.0]",London,EXPANDING,1,30,80,3,2,1,0
2026-01,"(10.0, 14.0]",London,STABLE,1,30,105,0,0,0,0
2026-01,"(10.0, 14.0]",London-NY,CONTRACTING,1,30,2,0,0,0,0
2026-01,"(10.0, 14.0]",London-NY,EXPANDING,1,30,66,2,1,1,0
2026-01,"(10.0, 14.0]",London-NY,STABLE,1,30,30,1,0,1,0
2026-01,"(10.0, 14.0]",NY,CONTRACTING,1,30,120,1,1,0,0
2026-01,"(10.0, 14.0]",NY,EXPANDING,1,30,12,0,0,0,0
2026-01,"(10.0, 14.0]",NY,STABLE,1,30,97,0,0,0,0
2026-01,"(10.0, 14.0]",NY-Asia,CONTRACTING,1,30,36,0,0,0,0
2026-01,"(10.0, 14.0]",NY-Asia,EXPANDING,1,30,49,1,1,0,0
2026-01,"(10.0, 14.0]",NY-Asia,STABLE,1,30,89,1,1,0,0
2026-01,"(14.0, inf]",Asia,CONTRACTING,1,30,191,10,10,0,0
2026-01,"(14.0, inf]",Asia,EXPANDING,1,30,195,1,0,1,0
2026-01,"(14.0, inf]",Asia,STABLE,1,30,151,3,3,0,0
2026-01,"(14.0, inf]",Asia,unclassified,1,30,130,2,1,1,0
2026-01,"(14.0, inf]",Asia-London,CONTRACTING,1,30,4,0,0,0,0
2026-01,"(14.0, inf]",Asia-London,EXPANDING,1,30,27,1,0,1,0
2026-01,"(14.0, inf]",Asia-London,STABLE,1,30,28,0,0,0,0
2026-01,"(14.0, inf]",London,CONTRACTING,1,30,46,0,0,0,0
2026-01,"(14.0, inf]",London,EXPANDING,1,30,63,0,0,0,0
2026-01,"(14.0, inf]",London,STABLE,1,30,79,0,0,0,0
2026-01,"(14.0, inf]",London-NY,CONTRACTING,1,30,1,1,1,0,0
2026-01,"(14.0, inf]",London-NY,EXPANDING,1,30,171,2,2,0,0
2026-01,"(14.0, inf]",London-NY,STABLE,1,30,48,1,1,0,0
2026-01,"(14.0, inf]",NY,CONTRACTING,1,30,144,6,5,1,0
2026-01,"(14.0, inf]",NY,EXPANDING,1,30,196,2,1,1,0
2026-01,"(14.0, inf]",NY,STABLE,1,30,305,2,2,0,0
2026-01,"(14.0, inf]",NY-Asia,CONTRACTING,1,30,44,1,1,0,0
2026-01,"(14.0, inf]",NY-Asia,EXPANDING,1,30,88,2,2,0,0
2026-01,"(14.0, inf]",NY-Asia,STABLE,1,30,93,2,1,1,0
2026-01,unclassified,Asia,unclassified,1,30,105,3,2,1,0
2026-01,"(0.0, 7.0]",Asia,CONTRACTING,1,60,126,2,2,0,0
2026-01,"(0.0, 7.0]",Asia,EXPANDING,1,60,11,0,0,0,0
2026-01,"(0.0, 7.0]",Asia,STABLE,1,60,66,8,8,0,0
2026-01,"(0.0, 7.0]",Asia,unclassified,1,60,35,1,1,0,0
2026-01,"(0.0, 7.0]",Asia-London,CONTRACTING,1,60,6,0,0,0,0
2026-01,"(0.0, 7.0]",Asia-London,STABLE,1,60,10,0,0,0,0
2026-01,"(0.0, 7.0]",London,CONTRACTING,1,60,56,0,0,0,0
2026-01,"(0.0, 7.0]",London,EXPANDING,1,60,4,0,0,0,0
2026-01,"(0.0, 7.0]",London,STABLE,1,60,169,0,0,0,0
2026-01,"(0.0, 7.0]",London-NY,STABLE,1,60,14,0,0,0,0
2026-01,"(0.0, 7.0]",NY,CONTRACTING,1,60,17,0,0,0,0
2026-01,"(0.0, 7.0]",NY,EXPANDING,1,60,6,0,0,0,0
2026-01,"(0.0, 7.0]",NY,STABLE,1,60,30,0,0,0,0
2026-01,"(0.0, 7.0]",NY-Asia,CONTRACTING,1,60,20,0,0,0,0
2026-01,"(0.0, 7.0]",NY-Asia,STABLE,1,60,12,0,0,0,0
2026-01,"(7.0, 10.0]",Asia,CONTRACTING,1,60,142,0,0,0,0
2026-01,"(7.0, 10.0]",Asia,EXPANDING,1,60,107,0,0,0,0
2026-01,"(7.0, 10.0]",Asia,STABLE,1,60,197,1,0,1,0
2026-01,"(7.0, 10.0]",Asia,unclassified,1,60,38,0,0,0,0
2026-01,"(7.0, 10.0]",Asia-London,CONTRACTING,1,60,66,0,0,0,0
2026-01,"(7.0, 10.0]",Asia-London,EXPANDING,1,60,15,0,0,0,0
2026-01,"(7.0, 10.0]",Asia-London,STABLE,1,60,41,0,0,0,0
2026-01,"(7.0, 10.0]",London,CONTRACTING,1,60,111,0,0,0,0
2026-01,"(7.0, 10.0]",London,EXPANDING,1,60,88,2,1,1,0
2026-01,"(7.0, 10.0]",London,STABLE,1,60,413,0,0,0,0
2026-01,"(7.0, 10.0]",London-NY,EXPANDING,1,60,17,0,0,0,0
2026-01,"(7.0, 10.0]",London-NY,STABLE,1,60,29,0,0,0,0
2026-01,"(7.0, 10.0]",NY,CONTRACTING,1,60,56,0,0,0,0
2026-01,"(7.0, 10.0]",NY,STABLE,1,60,25,0,0,0,0
2026-01,"(7.0, 10.0]",NY-Asia,CONTRACTING,1,60,70,0,0,0,0
2026-01,"(7.0, 10.0]",NY-Asia,EXPANDING,1,60,18,0,0,0,0
2026-01,"(7.0, 10.0]",NY-Asia,STABLE,1,60,147,0,0,0,0
2026-01,"(10.0, 14.0]",Asia,CONTRACTING,1,60,129,2,2,0,0
2026-01,"(10.0, 14.0]",Asia,EXPANDING,1,60,176,0,0,0,0
2026-01,"(10.0, 14.0]",Asia,STABLE,1,60,189,0,0,0,0
2026-01,"(10.0, 14.0]",Asia,unclassified,1,60,28,0,0,0,0
2026-01,"(10.0, 14.0]",Asia-London,CONTRACTING,1,60,18,0,0,0,0
2026-01,"(10.0, 14.0]",Asia-London,EXPANDING,1,60,1,0,0,0,0
2026-01,"(10.0, 14.0]",Asia-London,STABLE,1,60,36,0,0,0,0
2026-01,"(10.0, 14.0]",London,CONTRACTING,1,60,46,0,0,0,0
2026-01,"(10.0, 14.0]",London,EXPANDING,1,60,80,0,0,0,0
2026-01,"(10.0, 14.0]",London,STABLE,1,60,105,0,0,0,0
2026-01,"(10.0, 14.0]",London-NY,CONTRACTING,1,60,2,0,0,0,0
2026-01,"(10.0, 14.0]",London-NY,EXPANDING,1,60,66,1,1,0,0
2026-01,"(10.0, 14.0]",London-NY,STABLE,1,60,30,0,0,0,0
2026-01,"(10.0, 14.0]",NY,CONTRACTING,1,60,120,0,0,0,0
2026-01,"(10.0, 14.0]",NY,EXPANDING,1,60,12,0,0,0,0
2026-01,"(10.0, 14.0]",NY,STABLE,1,60,97,0,0,0,0
2026-01,"(10.0, 14.0]",NY-Asia,CONTRACTING,1,60,32,0,0,0,0
2026-01,"(10.0, 14.0]",NY-Asia,EXPANDING,1,60,35,0,0,0,0
2026-01,"(10.0, 14.0]",NY-Asia,STABLE,1,60,83,0,0,0,0
2026-01,"(14.0, inf]",Asia,CONTRACTING,1,60,191,15,15,0,0
2026-01,"(14.0, inf]",Asia,EXPANDING,1,60,195,0,0,0,0
2026-01,"(14.0, inf]",Asia,STABLE,1,60,151,1,1,0,0
2026-01,"(14.0, inf]",Asia,unclassified,1,60,130,4,4,0,0
2026-01,"(14.0, inf]",Asia-London,CONTRACTING,1,60,4,0,0,0,0
2026-01,"(14.0, inf]",Asia-London,EXPANDING,1,60,27,0,0,0,0
2026-01,"(14.0, inf]",Asia-London,STABLE,1,60,28,0,0,0,0
2026-01,"(14.0, inf]",London,CONTRACTING,1,60,46,0,0,0,0
2026-01,"(14.0, inf]",London,EXPANDING,1,60,63,0,0,0,0
2026-01,"(14.0, inf]",London,STABLE,1,60,79,0,0,0,0
2026-01,"(14.0, inf]",London-NY,CONTRACTING,1,60,1,0,0,0,0
2026-01,"(14.0, inf]",London-NY,EXPANDING,1,60,171,0,0,0,0
2026-01,"(14.0, inf]",London-NY,STABLE,1,60,48,0,0,0,0
2026-01,"(14.0, inf]",NY,CONTRACTING,1,60,144,0,0,0,0
2026-01,"(14.0, inf]",NY,EXPANDING,1,60,196,1,1,0,0
2026-01,"(14.0, inf]",NY,STABLE,1,60,305,2,2,0,0
2026-01,"(14.0, inf]",NY-Asia,CONTRACTING,1,60,34,0,0,0,0
2026-01,"(14.0, inf]",NY-Asia,EXPANDING,1,60,78,0,0,0,0
2026-01,"(14.0, inf]",NY-Asia,STABLE,1,60,71,0,0,0,0
2026-01,unclassified,Asia,unclassified,1,60,105,0,0,0,0
2026-01,"(0.0, 7.0]",Asia,CONTRACTING,-1,15,126,16,14,2,0
2026-01,"(0.0, 7.0]",Asia,EXPANDING,-1,15,11,1,0,1,0
2026-01,"(0.0, 7.0]",Asia,STABLE,-1,15,66,12,5,7,0
2026-01,"(0.0, 7.0]",Asia,unclassified,-1,15,35,4,1,3,0
2026-01,"(0.0, 7.0]",Asia-London,CONTRACTING,-1,15,6,1,1,0,0
2026-01,"(0.0, 7.0]",Asia-London,STABLE,-1,15,10,2,2,0,0
2026-01,"(0.0, 7.0]",London,CONTRACTING,-1,15,56,3,3,0,0
2026-01,"(0.0, 7.0]",London,EXPANDING,-1,15,4,0,0,0,0
2026-01,"(0.0, 7.0]",London,STABLE,-1,15,169,18,9,9,0
2026-01,"(0.0, 7.0]",London-NY,STABLE,-1,15,14,1,0,1,0
2026-01,"(0.0, 7.0]",NY,CONTRACTING,-1,15,17,2,1,1,0
2026-01,"(0.0, 7.0]",NY,EXPANDING,-1,15,6,0,0,0,0
2026-01,"(0.0, 7.0]",NY,STABLE,-1,15,30,3,1,2,0
2026-01,"(0.0, 7.0]",NY-Asia,CONTRACTING,-1,15,38,5,4,1,0
2026-01,"(0.0, 7.0]",NY-Asia,EXPANDING,-1,15,4,1,1,0,0
2026-01,"(0.0, 7.0]",NY-Asia,STABLE,-1,15,35,8,2,6,0
2026-01,"(7.0, 10.0]",Asia,CONTRACTING,-1,15,142,24,11,13,0
2026-01,"(7.0, 10.0]",Asia,EXPANDING,-1,15,107,14,6,8,0
2026-01,"(7.0, 10.0]",Asia,STABLE,-1,15,197,29,20,9,0
2026-01,"(7.0, 10.0]",Asia,unclassified,-1,15,38,8,5,3,0
2026-01,"(7.0, 10.0]",Asia-London,CONTRACTING,-1,15,66,14,4,10,0
2026-01,"(7.0, 10.0]",Asia-London,EXPANDING,-1,15,15,0,0,0,0
2026-01,"(7.0, 10.0]",Asia-London,STABLE,-1,15,41,7,3,4,0
2026-01,"(7.0, 10.0]",London,CONTRACTING,-1,15,111,9,1,8,0
2026-01,"(7.0, 10.0]",London,EXPANDING,-1,15,88,8,4,4,0
2026-01,"(7.0, 10.0]",London,STABLE,-1,15,413,39,20,19,0
2026-01,"(7.0, 10.0]",London-NY,EXPANDING,-1,15,17,4,3,1,0
2026-01,"(7.0, 10.0]",London-NY,STABLE,-1,15,29,4,2,2,0
2026-01,"(7.0, 10.0]",NY,CONTRACTING,-1,15,56,5,1,4,0
2026-01,"(7.0, 10.0]",NY,STABLE,-1,15,25,1,0,1,0
2026-01,"(7.0, 10.0]",NY-Asia,CONTRACTING,-1,15,87,6,3,3,0
2026-01,"(7.0, 10.0]",NY-Asia,EXPANDING,-1,15,19,1,0,1,0
2026-01,"(7.0, 10.0]",NY-Asia,STABLE,-1,15,184,22,11,11,0
2026-01,"(10.0, 14.0]",Asia,CONTRACTING,-1,15,129,7,2,5,0
2026-01,"(10.0, 14.0]",Asia,EXPANDING,-1,15,176,11,4,7,0
2026-01,"(10.0, 14.0]",Asia,STABLE,-1,15,189,20,12,8,0
2026-01,"(10.0, 14.0]",Asia,unclassified,-1,15,28,3,1,2,0
2026-01,"(10.0, 14.0]",Asia-London,CONTRACTING,-1,15,18,4,4,0,0
2026-01,"(10.0, 14.0]",Asia-London,EXPANDING,-1,15,1,1,1,0,0
2026-01,"(10.0, 14.0]",Asia-London,STABLE,-1,15,36,7,5,2,0
2026-01,"(10.0, 14.0]",London,CONTRACTING,-1,15,46,3,1,2,0
2026-01,"(10.0, 14.0]",London,EXPANDING,-1,15,80,9,3,6,0
2026-01,"(10.0, 14.0]",London,STABLE,-1,15,105,11,6,5,0
2026-01,"(10.0, 14.0]",London-NY,CONTRACTING,-1,15,2,1,0,1,0
2026-01,"(10.0, 14.0]",London-NY,EXPANDING,-1,15,66,5,3,2,0
2026-01,"(10.0, 14.0]",London-NY,STABLE,-1,15,30,5,2,3,0
2026-01,"(10.0, 14.0]",NY,CONTRACTING,-1,15,120,20,11,9,0
2026-01,"(10.0, 14.0]",NY,EXPANDING,-1,15,12,2,1,1,0
2026-01,"(10.0, 14.0]",NY,STABLE,-1,15,97,8,6,2,0
2026-01,"(10.0, 14.0]",NY-Asia,CONTRACTING,-1,15,39,2,1,1,0
2026-01,"(10.0, 14.0]",NY-Asia,EXPANDING,-1,15,49,4,1,3,0
2026-01,"(10.0, 14.0]",NY-Asia,STABLE,-1,15,92,9,2,7,0
2026-01,"(14.0, inf]",Asia,CONTRACTING,-1,15,191,22,8,14,0
2026-01,"(14.0, inf]",Asia,EXPANDING,-1,15,195,13,4,9,0
2026-01,"(14.0, inf]",Asia,STABLE,-1,15,151,17,4,13,0
2026-01,"(14.0, inf]",Asia,unclassified,-1,15,130,14,8,6,0
2026-01,"(14.0, inf]",Asia-London,CONTRACTING,-1,15,4,1,1,0,0
2026-01,"(14.0, inf]",Asia-London,EXPANDING,-1,15,27,2,2,0,0
2026-01,"(14.0, inf]",Asia-London,STABLE,-1,15,28,3,1,2,0
2026-01,"(14.0, inf]",London,CONTRACTING,-1,15,46,3,1,2,0
2026-01,"(14.0, inf]",London,EXPANDING,-1,15,63,6,4,2,0
2026-01,"(14.0, inf]",London,STABLE,-1,15,79,7,2,5,0
2026-01,"(14.0, inf]",London-NY,CONTRACTING,-1,15,1,1,0,1,0
2026-01,"(14.0, inf]",London-NY,EXPANDING,-1,15,171,11,4,7,0
2026-01,"(14.0, inf]",London-NY,STABLE,-1,15,48,7,6,1,0
2026-01,"(14.0, inf]",NY,CONTRACTING,-1,15,144,14,6,8,0
2026-01,"(14.0, inf]",NY,EXPANDING,-1,15,196,13,5,8,0
2026-01,"(14.0, inf]",NY,STABLE,-1,15,305,31,7,24,0
2026-01,"(14.0, inf]",NY-Asia,CONTRACTING,-1,15,46,3,2,1,0
2026-01,"(14.0, inf]",NY-Asia,EXPANDING,-1,15,88,10,1,9,0
2026-01,"(14.0, inf]",NY-Asia,STABLE,-1,15,108,17,8,9,0
2026-01,unclassified,Asia,unclassified,-1,15,105,11,5,6,0
2026-01,"(0.0, 7.0]",Asia,CONTRACTING,-1,30,126,2,2,0,0
2026-01,"(0.0, 7.0]",Asia,EXPANDING,-1,30,11,1,0,1,0
2026-01,"(0.0, 7.0]",Asia,STABLE,-1,30,66,5,0,5,0
2026-01,"(0.0, 7.0]",Asia,unclassified,-1,30,35,3,0,3,0
2026-01,"(0.0, 7.0]",Asia-London,CONTRACTING,-1,30,6,0,0,0,0
2026-01,"(0.0, 7.0]",Asia-London,STABLE,-1,30,10,0,0,0,0
2026-01,"(0.0, 7.0]",London,CONTRACTING,-1,30,56,0,0,0,0
2026-01,"(0.0, 7.0]",London,EXPANDING,-1,30,4,0,0,0,0
2026-01,"(0.0, 7.0]",London,STABLE,-1,30,169,2,0,2,0
2026-01,"(0.0, 7.0]",London-NY,STABLE,-1,30,14,2,2,0,0
2026-01,"(0.0, 7.0]",NY,CONTRACTING,-1,30,17,0,0,0,0
2026-01,"(0.0, 7.0]",NY,EXPANDING,-1,30,6,0,0,0,0
2026-01,"(0.0, 7.0]",NY,STABLE,-1,30,30,0,0,0,0
2026-01,"(0.0, 7.0]",NY-Asia,CONTRACTING,-1,30,24,3,3,0,0
2026-01,"(0.0, 7.0]",NY-Asia,EXPANDING,-1,30,4,0,0,0,0
2026-01,"(0.0, 7.0]",NY-Asia,STABLE,-1,30,24,2,2,0,0
2026-01,"(7.0, 10.0]",Asia,CONTRACTING,-1,30,142,6,3,3,0
2026-01,"(7.0, 10.0]",Asia,EXPANDING,-1,30,107,2,2,0,0
2026-01,"(7.0, 10.0]",Asia,STABLE,-1,30,197,13,10,3,0
2026-01,"(7.0, 10.0]",Asia,unclassified,-1,30,38,0,0,0,0
2026-01,"(7.0, 10.0]",Asia-London,CONTRACTING,-1,30,66,0,0,0,0
2026-01,"(7.0, 10.0]",Asia-London,EXPANDING,-1,30,15,0,0,0,0
2026-01,"(7.0, 10.0]",Asia-London,STABLE,-1,30,41,1,0,1,0
2026-01,"(7.0, 10.0]",London,CONTRACTING,-1,30,111,0,0,0,0
2026-01,"(7.0, 10.0]",London,EXPANDING,-1,30,88,2,0,2,0
2026-01,"(7.0, 10.0]",London,STABLE,-1,30,413,4,1,3,0
2026-01,"(7.0, 10.0]",London-NY,EXPANDING,-1,30,17,1,1,0,0
2026-01,"(7.0, 10.0]",London-NY,STABLE,-1,30,29,0,0,0,0
2026-01,"(7.0, 10.0]",NY,CONTRACTING,-1,30,56,0,0,0,0
2026-01,"(7.0, 10.0]",NY,STABLE,-1,30,25,0,0,0,0
2026-01,"(7.0, 10.0]",NY-Asia,CONTRACTING,-1,30,78,1,0,1,0
2026-01,"(7.0, 10.0]",NY-Asia,EXPANDING,-1,30,19,0,0,0,0
2026-01,"(7.0, 10.0]",NY-Asia,STABLE,-1,30,178,3,2,1,0
2026-01,"(10.0, 14.0]",Asia,CONTRACTING,-1,30,129,3,0,3,0
2026-01,"(10.0, 14.0]",Asia,EXPANDING,-1,30,176,1,0,1,0
2026-01,"(10.0, 14.0]",Asia,STABLE,-1,30,189,7,1,6,0
2026-01,"(10.0, 14.0]",Asia,unclassified,-1,30,28,1,0,1,0
2026-01,"(10.0, 14.0]",Asia-London,CONTRACTING,-1,30,18,0,0,0,0
2026-01,"(10.0, 14.0]",Asia-London,EXPANDING,-1,30,1,1,0,1,0
2026-01,"(10.0, 14.0]",Asia-London,STABLE,-1,30,36,2,0,2,0
2026-01,"(10.0, 14.0]",London,CONTRACTING,-1,30,46,0,0,0,0
2026-01,"(10.0, 14.0]",London,EXPANDING,-1,30,80,3,1,2,0
2026-01,"(10.0, 14.0]",London,STABLE,-1,30,105,0,0,0,0
2026-01,"(10.0, 14.0]",London-NY,CONTRACTING,-1,30,2,0,0,0,0
2026-01,"(10.0, 14.0]",London-NY,EXPANDING,-1,30,66,2,1,1,0
2026-01,"(10.0, 14.0]",London-NY,STABLE,-1,30,30,1,1,0,0
2026-01,"(10.0, 14.0]",NY,CONTRACTING,-1,30,120,1,0,1,0
2026-01,"(10.0, 14.0]",NY,EXPANDING,-1,30,12,0,0,0,0
2026-01,"(10.0, 14.0]",NY,STABLE,-1,30,97,0,0,0,0
2026-01,"(10.0, 14.0]",NY-Asia,CONTRACTING,-1,30,36,0,0,0,0
2026-01,"(10.0, 14.0]",NY-Asia,EXPANDING,-1,30,49,1,0,1,0
2026-01,"(10.0, 14.0]",NY-Asia,STABLE,-1,30,89,1,0,1,0
2026-01,"(14.0, inf]",Asia,CONTRACTING,-1,30,191,10,0,10,0
2026-01,"(14.0, inf]",Asia,EXPANDING,-1,30,195,1,1,0,0
2026-01,"(14.0, inf]",Asia,STABLE,-1,30,151,3,0,3,0
2026-01,"(14.0, inf]",Asia,unclassified,-1,30,130,2,1,1,0
2026-01,"(14.0, inf]",Asia-London,CONTRACTING,-1,30,4,0,0,0,0
2026-01,"(14.0, inf]",Asia-London,EXPANDING,-1,30,27,1,1,0,0
2026-01,"(14.0, inf]",Asia-London,STABLE,-1,30,28,0,0,0,0
2026-01,"(14.0, inf]",London,CONTRACTING,-1,30,46,0,0,0,0
2026-01,"(14.0, inf]",London,EXPANDING,-1,30,63,0,0,0,0
2026-01,"(14.0, inf]",London,STABLE,-1,30,79,0,0,0,0
2026-01,"(14.0, inf]",London-NY,CONTRACTING,-1,30,1,1,0,1,0
2026-01,"(14.0, inf]",London-NY,EXPANDING,-1,30,171,2,0,2,0
2026-01,"(14.0, inf]",London-NY,STABLE,-1,30,48,1,0,1,0
2026-01,"(14.0, inf]",NY,CONTRACTING,-1,30,144,6,1,5,0
2026-01,"(14.0, inf]",NY,EXPANDING,-1,30,196,2,1,1,0
2026-01,"(14.0, inf]",NY,STABLE,-1,30,305,2,0,2,0
2026-01,"(14.0, inf]",NY-Asia,CONTRACTING,-1,30,44,1,0,1,0
2026-01,"(14.0, inf]",NY-Asia,EXPANDING,-1,30,88,2,0,2,0
2026-01,"(14.0, inf]",NY-Asia,STABLE,-1,30,93,2,1,1,0
2026-01,unclassified,Asia,unclassified,-1,30,105,3,1,2,0
2026-01,"(0.0, 7.0]",Asia,CONTRACTING,-1,60,126,2,0,2,0
2026-01,"(0.0, 7.0]",Asia,EXPANDING,-1,60,11,0,0,0,0
2026-01,"(0.0, 7.0]",Asia,STABLE,-1,60,66,8,0,8,0
2026-01,"(0.0, 7.0]",Asia,unclassified,-1,60,35,1,0,1,0
2026-01,"(0.0, 7.0]",Asia-London,CONTRACTING,-1,60,6,0,0,0,0
2026-01,"(0.0, 7.0]",Asia-London,STABLE,-1,60,10,0,0,0,0
2026-01,"(0.0, 7.0]",London,CONTRACTING,-1,60,56,0,0,0,0
2026-01,"(0.0, 7.0]",London,EXPANDING,-1,60,4,0,0,0,0
2026-01,"(0.0, 7.0]",London,STABLE,-1,60,169,0,0,0,0
2026-01,"(0.0, 7.0]",London-NY,STABLE,-1,60,14,0,0,0,0
2026-01,"(0.0, 7.0]",NY,CONTRACTING,-1,60,17,0,0,0,0
2026-01,"(0.0, 7.0]",NY,EXPANDING,-1,60,6,0,0,0,0
2026-01,"(0.0, 7.0]",NY,STABLE,-1,60,30,0,0,0,0
2026-01,"(0.0, 7.0]",NY-Asia,CONTRACTING,-1,60,20,0,0,0,0
2026-01,"(0.0, 7.0]",NY-Asia,STABLE,-1,60,12,0,0,0,0
2026-01,"(7.0, 10.0]",Asia,CONTRACTING,-1,60,142,0,0,0,0
2026-01,"(7.0, 10.0]",Asia,EXPANDING,-1,60,107,0,0,0,0
2026-01,"(7.0, 10.0]",Asia,STABLE,-1,60,197,1,1,0,0
2026-01,"(7.0, 10.0]",Asia,unclassified,-1,60,38,0,0,0,0
2026-01,"(7.0, 10.0]",Asia-London,CONTRACTING,-1,60,66,0,0,0,0
2026-01,"(7.0, 10.0]",Asia-London,EXPANDING,-1,60,15,0,0,0,0
2026-01,"(7.0, 10.0]",Asia-London,STABLE,-1,60,41,0,0,0,0
2026-01,"(7.0, 10.0]",London,CONTRACTING,-1,60,111,0,0,0,0
2026-01,"(7.0, 10.0]",London,EXPANDING,-1,60,88,2,1,1,0
2026-01,"(7.0, 10.0]",London,STABLE,-1,60,413,0,0,0,0
2026-01,"(7.0, 10.0]",London-NY,EXPANDING,-1,60,17,0,0,0,0
2026-01,"(7.0, 10.0]",London-NY,STABLE,-1,60,29,0,0,0,0
2026-01,"(7.0, 10.0]",NY,CONTRACTING,-1,60,56,0,0,0,0
2026-01,"(7.0, 10.0]",NY,STABLE,-1,60,25,0,0,0,0
2026-01,"(7.0, 10.0]",NY-Asia,CONTRACTING,-1,60,70,0,0,0,0
2026-01,"(7.0, 10.0]",NY-Asia,EXPANDING,-1,60,18,0,0,0,0
2026-01,"(7.0, 10.0]",NY-Asia,STABLE,-1,60,147,0,0,0,0
2026-01,"(10.0, 14.0]",Asia,CONTRACTING,-1,60,129,2,0,2,0
2026-01,"(10.0, 14.0]",Asia,EXPANDING,-1,60,176,0,0,0,0
2026-01,"(10.0, 14.0]",Asia,STABLE,-1,60,189,0,0,0,0
2026-01,"(10.0, 14.0]",Asia,unclassified,-1,60,28,0,0,0,0
2026-01,"(10.0, 14.0]",Asia-London,CONTRACTING,-1,60,18,0,0,0,0
2026-01,"(10.0, 14.0]",Asia-London,EXPANDING,-1,60,1,0,0,0,0
2026-01,"(10.0, 14.0]",Asia-London,STABLE,-1,60,36,0,0,0,0
2026-01,"(10.0, 14.0]",London,CONTRACTING,-1,60,46,0,0,0,0
2026-01,"(10.0, 14.0]",London,EXPANDING,-1,60,80,0,0,0,0
2026-01,"(10.0, 14.0]",London,STABLE,-1,60,105,0,0,0,0
2026-01,"(10.0, 14.0]",London-NY,CONTRACTING,-1,60,2,0,0,0,0
2026-01,"(10.0, 14.0]",London-NY,EXPANDING,-1,60,66,1,0,1,0
2026-01,"(10.0, 14.0]",London-NY,STABLE,-1,60,30,0,0,0,0
2026-01,"(10.0, 14.0]",NY,CONTRACTING,-1,60,120,0,0,0,0
2026-01,"(10.0, 14.0]",NY,EXPANDING,-1,60,12,0,0,0,0
2026-01,"(10.0, 14.0]",NY,STABLE,-1,60,97,0,0,0,0
2026-01,"(10.0, 14.0]",NY-Asia,CONTRACTING,-1,60,32,0,0,0,0
2026-01,"(10.0, 14.0]",NY-Asia,EXPANDING,-1,60,35,0,0,0,0
2026-01,"(10.0, 14.0]",NY-Asia,STABLE,-1,60,83,0,0,0,0
2026-01,"(14.0, inf]",Asia,CONTRACTING,-1,60,191,15,0,15,0
2026-01,"(14.0, inf]",Asia,EXPANDING,-1,60,195,0,0,0,0
2026-01,"(14.0, inf]",Asia,STABLE,-1,60,151,1,0,1,0
2026-01,"(14.0, inf]",Asia,unclassified,-1,60,130,4,0,4,0
2026-01,"(14.0, inf]",Asia-London,CONTRACTING,-1,60,4,0,0,0,0
2026-01,"(14.0, inf]",Asia-London,EXPANDING,-1,60,27,0,0,0,0
2026-01,"(14.0, inf]",Asia-London,STABLE,-1,60,28,0,0,0,0
2026-01,"(14.0, inf]",London,CONTRACTING,-1,60,46,0,0,0,0
2026-01,"(14.0, inf]",London,EXPANDING,-1,60,63,0,0,0,0
2026-01,"(14.0, inf]",London,STABLE,-1,60,79,0,0,0,0
2026-01,"(14.0, inf]",London-NY,CONTRACTING,-1,60,1,0,0,0,0
2026-01,"(14.0, inf]",London-NY,EXPANDING,-1,60,171,0,0,0,0
2026-01,"(14.0, inf]",London-NY,STABLE,-1,60,48,0,0,0,0
2026-01,"(14.0, inf]",NY,CONTRACTING,-1,60,144,0,0,0,0
2026-01,"(14.0, inf]",NY,EXPANDING,-1,60,196,1,0,1,0
2026-01,"(14.0, inf]",NY,STABLE,-1,60,305,2,0,2,0
2026-01,"(14.0, inf]",NY-Asia,CONTRACTING,-1,60,34,0,0,0,0
2026-01,"(14.0, inf]",NY-Asia,EXPANDING,-1,60,78,0,0,0,0
2026-01,"(14.0, inf]",NY-Asia,STABLE,-1,60,71,0,0,0,0
2026-01,unclassified,Asia,unclassified,-1,60,105,0,0,0,0
2026-02,"(0.0, 7.0]",Asia,CONTRACTING,1,15,27,4,1,3,0
2026-02,"(0.0, 7.0]",Asia,STABLE,1,15,34,5,4,1,0
2026-02,"(0.0, 7.0]",Asia-London,STABLE,1,15,1,0,0,0,0
2026-02,"(0.0, 7.0]",London,CONTRACTING,1,15,32,6,4,2,0
2026-02,"(0.0, 7.0]",London,STABLE,1,15,10,0,0,0,0
2026-02,"(0.0, 7.0]",NY,CONTRACTING,1,15,11,0,0,0,0
2026-02,"(0.0, 7.0]",NY,STABLE,1,15,2,1,1,0,0
2026-02,"(0.0, 7.0]",NY-Asia,CONTRACTING,1,15,13,8,6,2,0
2026-02,"(0.0, 7.0]",NY-Asia,STABLE,1,15,11,4,4,0,0
2026-02,"(7.0, 10.0]",Asia,CONTRACTING,1,15,105,9,5,4,0
2026-02,"(7.0, 10.0]",Asia,EXPANDING,1,15,38,7,3,4,0
2026-02,"(7.0, 10.0]",Asia,STABLE,1,15,154,16,12,4,0
2026-02,"(7.0, 10.0]",Asia,unclassified,1,15,4,0,0,0,0
2026-02,"(7.0, 10.0]",Asia-London,CONTRACTING,1,15,7,1,0,1,0
2026-02,"(7.0, 10.0]",Asia-London,EXPANDING,1,15,14,4,3,1,0
2026-02,"(7.0, 10.0]",Asia-London,STABLE,1,15,31,4,1,3,0
2026-02,"(7.0, 10.0]",London,CONTRACTING,1,15,89,11,8,3,0
2026-02,"(7.0, 10.0]",London,EXPANDING,1,15,31,4,2,2,0
2026-02,"(7.0, 10.0]",London,STABLE,1,15,195,17,8,9,0
2026-02,"(7.0, 10.0]",London-NY,CONTRACTING,1,15,4,2,1,1,0
2026-02,"(7.0, 10.0]",London-NY,EXPANDING,1,15,7,0,0,0,0
2026-02,"(7.0, 10.0]",London-NY,STABLE,1,15,30,8,5,3,0
2026-02,"(7.0, 10.0]",NY,CONTRACTING,1,15,34,3,2,1,0
2026-02,"(7.0, 10.0]",NY,STABLE,1,15,19,6,3,3,0
2026-02,"(7.0, 10.0]",NY-Asia,CONTRACTING,1,15,82,6,2,4,0
2026-02,"(7.0, 10.0]",NY-Asia,EXPANDING,1,15,14,3,2,1,0
2026-02,"(7.0, 10.0]",NY-Asia,STABLE,1,15,102,8,4,4,0
2026-02,"(10.0, 14.0]",Asia,CONTRACTING,1,15,141,15,10,5,0
2026-02,"(10.0, 14.0]",Asia,EXPANDING,1,15,60,12,6,6,0
2026-02,"(10.0, 14.0]",Asia,STABLE,1,15,215,22,11,11,0
2026-02,"(10.0, 14.0]",Asia,unclassified,1,15,35,4,2,2,0
2026-02,"(10.0, 14.0]",Asia-London,CONTRACTING,1,15,11,2,0,2,0
2026-02,"(10.0, 14.0]",Asia-London,EXPANDING,1,15,15,1,0,1,0
2026-02,"(10.0, 14.0]",Asia-London,STABLE,1,15,40,4,2,2,0
2026-02,"(10.0, 14.0]",London,CONTRACTING,1,15,38,3,2,1,0
2026-02,"(10.0, 14.0]",London,EXPANDING,1,15,102,11,6,5,0
2026-02,"(10.0, 14.0]",London,STABLE,1,15,226,22,10,12,0
2026-02,"(10.0, 14.0]",London-NY,CONTRACTING,1,15,2,1,0,1,0
2026-02,"(10.0, 14.0]",London-NY,EXPANDING,1,15,22,3,0,3,0
2026-02,"(10.0, 14.0]",London-NY,STABLE,1,15,54,9,5,4,0
2026-02,"(10.0, 14.0]",NY,CONTRACTING,1,15,84,9,5,4,0
2026-02,"(10.0, 14.0]",NY,EXPANDING,1,15,18,2,1,1,0
2026-02,"(10.0, 14.0]",NY,STABLE,1,15,53,2,2,0,0
2026-02,"(10.0, 14.0]",NY-Asia,CONTRACTING,1,15,51,6,2,4,0
2026-02,"(10.0, 14.0]",NY-Asia,EXPANDING,1,15,45,10,4,6,0
2026-02,"(10.0, 14.0]",NY-Asia,STABLE,1,15,113,12,2,10,0
2026-02,"(14.0, inf]",Asia,CONTRACTING,1,15,274,31,19,12,0
2026-02,"(14.0, inf]",Asia,EXPANDING,1,15,243,23,9,14,0
2026-02,"(14.0, inf]",Asia,STABLE,1,15,309,28,7,21,0
2026-02,"(14.0, inf]",Asia,unclassified,1,15,181,14,7,7,0
2026-02,"(14.0, inf]",Asia-London,CONTRACTING,1,15,27,1,0,1,0
2026-02,"(14.0, inf]",Asia-London,EXPANDING,1,15,24,3,3,0,0
2026-02,"(14.0, inf]",Asia-London,STABLE,1,15,70,6,5,1,0
2026-02,"(14.0, inf]",London,CONTRACTING,1,15,90,9,8,1,0
2026-02,"(14.0, inf]",London,EXPANDING,1,15,95,12,6,6,0
2026-02,"(14.0, inf]",London,STABLE,1,15,292,24,13,11,0
2026-02,"(14.0, inf]",London-NY,CONTRACTING,1,15,3,1,0,1,0
2026-02,"(14.0, inf]",London-NY,EXPANDING,1,15,160,19,11,8,0
2026-02,"(14.0, inf]",London-NY,STABLE,1,15,78,8,4,4,0
2026-02,"(14.0, inf]",NY,CONTRACTING,1,15,201,25,14,11,0
2026-02,"(14.0, inf]",NY,EXPANDING,1,15,169,14,7,7,0
2026-02,"(14.0, inf]",NY,STABLE,1,15,363,27,16,11,0
2026-02,"(14.0, inf]",NY-Asia,CONTRACTING,1,15,35,4,1,3,0
2026-02,"(14.0, inf]",NY-Asia,EXPANDING,1,15,52,8,2,6,0
2026-02,"(14.0, inf]",NY-Asia,STABLE,1,15,201,18,7,11,0
2026-02,"(14.0, inf]",NY-Asia,unclassified,1,15,11,2,2,0,0
2026-02,unclassified,Asia,unclassified,1,15,100,12,10,2,0
2026-02,unclassified,NY-Asia,unclassified,1,15,5,0,0,0,0
2026-02,"(0.0, 7.0]",Asia,CONTRACTING,1,30,27,0,0,0,0
2026-02,"(0.0, 7.0]",Asia,STABLE,1,30,34,0,0,0,0
2026-02,"(0.0, 7.0]",Asia-London,STABLE,1,30,1,0,0,0,0
2026-02,"(0.0, 7.0]",London,CONTRACTING,1,30,32,2,2,0,0
2026-02,"(0.0, 7.0]",London,STABLE,1,30,10,0,0,0,0
2026-02,"(0.0, 7.0]",NY,CONTRACTING,1,30,11,0,0,0,0
2026-02,"(0.0, 7.0]",NY,STABLE,1,30,2,0,0,0,0
2026-02,"(0.0, 7.0]",NY-Asia,CONTRACTING,1,30,10,4,4,0,0
2026-02,"(0.0, 7.0]",NY-Asia,STABLE,1,30,8,1,1,0,0
2026-02,"(7.0, 10.0]",Asia,CONTRACTING,1,30,105,3,2,1,0
2026-02,"(7.0, 10.0]",Asia,EXPANDING,1,30,38,1,1,0,0
2026-02,"(7.0, 10.0]",Asia,STABLE,1,30,154,3,1,2,0
2026-02,"(7.0, 10.0]",Asia,unclassified,1,30,4,0,0,0,0
2026-02,"(7.0, 10.0]",Asia-London,CONTRACTING,1,30,7,0,0,0,0
2026-02,"(7.0, 10.0]",Asia-London,EXPANDING,1,30,14,2,2,0,0
2026-02,"(7.0, 10.0]",Asia-London,STABLE,1,30,31,1,1,0,0
2026-02,"(7.0, 10.0]",London,CONTRACTING,1,30,89,1,1,0,0
2026-02,"(7.0, 10.0]",London,EXPANDING,1,30,31,1,1,0,0
2026-02,"(7.0, 10.0]",London,STABLE,1,30,195,2,2,0,0
2026-02,"(7.0, 10.0]",London-NY,CONTRACTING,1,30,4,0,0,0,0
2026-02,"(7.0, 10.0]",London-NY,EXPANDING,1,30,7,0,0,0,0
2026-02,"(7.0, 10.0]",London-NY,STABLE,1,30,30,2,2,0,0
2026-02,"(7.0, 10.0]",NY,CONTRACTING,1,30,34,1,1,0,0
2026-02,"(7.0, 10.0]",NY,STABLE,1,30,19,1,1,0,0
2026-02,"(7.0, 10.0]",NY-Asia,CONTRACTING,1,30,82,0,0,0,0
2026-02,"(7.0, 10.0]",NY-Asia,EXPANDING,1,30,12,0,0,0,0
2026-02,"(7.0, 10.0]",NY-Asia,STABLE,1,30,85,0,0,0,0
2026-02,"(10.0, 14.0]",Asia,CONTRACTING,1,30,141,2,1,1,0
2026-02,"(10.0, 14.0]",Asia,EXPANDING,1,30,60,6,6,0,0
2026-02,"(10.0, 14.0]",Asia,STABLE,1,30,215,5,3,2,0
2026-02,"(10.0, 14.0]",Asia,unclassified,1,30,35,0,0,0,0
2026-02,"(10.0, 14.0]",Asia-London,CONTRACTING,1,30,11,0,0,0,0
2026-02,"(10.0, 14.0]",Asia-London,EXPANDING,1,30,15,0,0,0,0
2026-02,"(10.0, 14.0]",Asia-London,STABLE,1,30,40,0,0,0,0
2026-02,"(10.0, 14.0]",London,CONTRACTING,1,30,38,0,0,0,0
2026-02,"(10.0, 14.0]",London,EXPANDING,1,30,102,3,2,1,0
2026-02,"(10.0, 14.0]",London,STABLE,1,30,226,6,4,2,0
2026-02,"(10.0, 14.0]",London-NY,CONTRACTING,1,30,2,0,0,0,0
2026-02,"(10.0, 14.0]",London-NY,EXPANDING,1,30,22,1,0,1,0
2026-02,"(10.0, 14.0]",London-NY,STABLE,1,30,54,4,3,1,0
2026-02,"(10.0, 14.0]",NY,CONTRACTING,1,30,84,1,1,0,0
2026-02,"(10.0, 14.0]",NY,EXPANDING,1,30,18,0,0,0,0
2026-02,"(10.0, 14.0]",NY,STABLE,1,30,53,0,0,0,0
2026-02,"(10.0, 14.0]",NY-Asia,CONTRACTING,1,30,51,1,0,1,0
2026-02,"(10.0, 14.0]",NY-Asia,EXPANDING,1,30,42,2,1,1,0
2026-02,"(10.0, 14.0]",NY-Asia,STABLE,1,30,102,2,0,2,0
2026-02,"(14.0, inf]",Asia,CONTRACTING,1,30,274,10,3,7,0
2026-02,"(14.0, inf]",Asia,EXPANDING,1,30,243,3,2,1,0
2026-02,"(14.0, inf]",Asia,STABLE,1,30,309,7,1,6,0
2026-02,"(14.0, inf]",Asia,unclassified,1,30,181,2,1,1,0
2026-02,"(14.0, inf]",Asia-London,CONTRACTING,1,30,27,0,0,0,0
2026-02,"(14.0, inf]",Asia-London,EXPANDING,1,30,24,2,2,0,0
2026-02,"(14.0, inf]",Asia-London,STABLE,1,30,70,4,4,0,0
2026-02,"(14.0, inf]",London,CONTRACTING,1,30,90,1,1,0,0
2026-02,"(14.0, inf]",London,EXPANDING,1,30,95,2,0,2,0
2026-02,"(14.0, inf]",London,STABLE,1,30,292,5,3,2,0
2026-02,"(14.0, inf]",London-NY,CONTRACTING,1,30,3,0,0,0,0
2026-02,"(14.0, inf]",London-NY,EXPANDING,1,30,160,3,1,2,0
2026-02,"(14.0, inf]",London-NY,STABLE,1,30,78,1,0,1,0
2026-02,"(14.0, inf]",NY,CONTRACTING,1,30,201,10,4,6,0
2026-02,"(14.0, inf]",NY,EXPANDING,1,30,169,3,3,0,0
2026-02,"(14.0, inf]",NY,STABLE,1,30,363,4,4,0,0
2026-02,"(14.0, inf]",NY-Asia,CONTRACTING,1,30,29,0,0,0,0
2026-02,"(14.0, inf]",NY-Asia,EXPANDING,1,30,43,5,0,5,0
2026-02,"(14.0, inf]",NY-Asia,STABLE,1,30,195,4,1,3,0
2026-02,"(14.0, inf]",NY-Asia,unclassified,1,30,11,1,1,0,0
2026-02,unclassified,Asia,unclassified,1,30,100,4,4,0,0
2026-02,unclassified,NY-Asia,unclassified,1,30,5,0,0,0,0
2026-02,"(0.0, 7.0]",Asia,CONTRACTING,1,60,27,0,0,0,0
2026-02,"(0.0, 7.0]",Asia,STABLE,1,60,34,0,0,0,0
2026-02,"(0.0, 7.0]",Asia-London,STABLE,1,60,1,0,0,0,0
2026-02,"(0.0, 7.0]",London,CONTRACTING,1,60,32,0,0,0,0
2026-02,"(0.0, 7.0]",London,STABLE,1,60,10,0,0,0,0
2026-02,"(0.0, 7.0]",NY,CONTRACTING,1,60,11,0,0,0,0
2026-02,"(0.0, 7.0]",NY,STABLE,1,60,2,0,0,0,0
2026-02,"(0.0, 7.0]",NY-Asia,CONTRACTING,1,60,6,0,0,0,0
2026-02,"(0.0, 7.0]",NY-Asia,STABLE,1,60,2,0,0,0,0
2026-02,"(7.0, 10.0]",Asia,CONTRACTING,1,60,105,1,1,0,0
2026-02,"(7.0, 10.0]",Asia,EXPANDING,1,60,38,1,1,0,0
2026-02,"(7.0, 10.0]",Asia,STABLE,1,60,154,1,1,0,0
2026-02,"(7.0, 10.0]",Asia,unclassified,1,60,4,0,0,0,0
2026-02,"(7.0, 10.0]",Asia-London,CONTRACTING,1,60,7,0,0,0,0
2026-02,"(7.0, 10.0]",Asia-London,EXPANDING,1,60,14,0,0,0,0
2026-02,"(7.0, 10.0]",Asia-London,STABLE,1,60,31,0,0,0,0
2026-02,"(7.0, 10.0]",London,CONTRACTING,1,60,89,0,0,0,0
2026-02,"(7.0, 10.0]",London,EXPANDING,1,60,31,0,0,0,0
2026-02,"(7.0, 10.0]",London,STABLE,1,60,195,1,1,0,0
2026-02,"(7.0, 10.0]",London-NY,CONTRACTING,1,60,4,0,0,0,0
2026-02,"(7.0, 10.0]",London-NY,EXPANDING,1,60,7,0,0,0,0
2026-02,"(7.0, 10.0]",London-NY,STABLE,1,60,30,0,0,0,0
2026-02,"(7.0, 10.0]",NY,CONTRACTING,1,60,34,1,1,0,0
2026-02,"(7.0, 10.0]",NY,STABLE,1,60,19,2,2,0,0
2026-02,"(7.0, 10.0]",NY-Asia,CONTRACTING,1,60,72,0,0,0,0
2026-02,"(7.0, 10.0]",NY-Asia,EXPANDING,1,60,3,0,0,0,0
2026-02,"(7.0, 10.0]",NY-Asia,STABLE,1,60,65,0,0,0,0
2026-02,"(10.0, 14.0]",Asia,CONTRACTING,1,60,141,0,0,0,0
2026-02,"(10.0, 14.0]",Asia,EXPANDING,1,60,60,0,0,0,0
2026-02,"(10.0, 14.0]",Asia,STABLE,1,60,215,1,0,1,0
2026-02,"(10.0, 14.0]",Asia,unclassified,1,60,35,0,0,0,0
2026-02,"(10.0, 14.0]",Asia-London,CONTRACTING,1,60,11,0,0,0,0
2026-02,"(10.0, 14.0]",Asia-London,EXPANDING,1,60,15,0,0,0,0
2026-02,"(10.0, 14.0]",Asia-London,STABLE,1,60,40,0,0,0,0
2026-02,"(10.0, 14.0]",London,CONTRACTING,1,60,38,0,0,0,0
2026-02,"(10.0, 14.0]",London,EXPANDING,1,60,102,1,1,0,0
2026-02,"(10.0, 14.0]",London,STABLE,1,60,226,2,1,1,0
2026-02,"(10.0, 14.0]",London-NY,CONTRACTING,1,60,2,0,0,0,0
2026-02,"(10.0, 14.0]",London-NY,EXPANDING,1,60,22,0,0,0,0
2026-02,"(10.0, 14.0]",London-NY,STABLE,1,60,54,1,1,0,0
2026-02,"(10.0, 14.0]",NY,CONTRACTING,1,60,84,0,0,0,0
2026-02,"(10.0, 14.0]",NY,EXPANDING,1,60,18,0,0,0,0
2026-02,"(10.0, 14.0]",NY,STABLE,1,60,53,0,0,0,0
2026-02,"(10.0, 14.0]",NY-Asia,CONTRACTING,1,60,51,0,0,0,0
2026-02,"(10.0, 14.0]",NY-Asia,EXPANDING,1,60,31,0,0,0,0
2026-02,"(10.0, 14.0]",NY-Asia,STABLE,1,60,85,0,0,0,0
2026-02,"(14.0, inf]",Asia,CONTRACTING,1,60,274,1,0,1,0
2026-02,"(14.0, inf]",Asia,EXPANDING,1,60,243,1,1,0,0
2026-02,"(14.0, inf]",Asia,STABLE,1,60,309,1,0,1,0
2026-02,"(14.0, inf]",Asia,unclassified,1,60,181,0,0,0,0
2026-02,"(14.0, inf]",Asia-London,CONTRACTING,1,60,27,0,0,0,0
2026-02,"(14.0, inf]",Asia-London,EXPANDING,1,60,24,1,1,0,0
2026-02,"(14.0, inf]",Asia-London,STABLE,1,60,70,0,0,0,0
2026-02,"(14.0, inf]",London,CONTRACTING,1,60,90,0,0,0,0
2026-02,"(14.0, inf]",London,EXPANDING,1,60,95,2,2,0,0
2026-02,"(14.0, inf]",London,STABLE,1,60,292,0,0,0,0
2026-02,"(14.0, inf]",London-NY,CONTRACTING,1,60,3,0,0,0,0
2026-02,"(14.0, inf]",London-NY,EXPANDING,1,60,160,0,0,0,0
2026-02,"(14.0, inf]",London-NY,STABLE,1,60,78,0,0,0,0
2026-02,"(14.0, inf]",NY,CONTRACTING,1,60,201,0,0,0,0
2026-02,"(14.0, inf]",NY,EXPANDING,1,60,169,1,1,0,0
2026-02,"(14.0, inf]",NY,STABLE,1,60,363,1,1,0,0
2026-02,"(14.0, inf]",NY-Asia,CONTRACTING,1,60,28,0,0,0,0
2026-02,"(14.0, inf]",NY-Asia,EXPANDING,1,60,32,0,0,0,0
2026-02,"(14.0, inf]",NY-Asia,STABLE,1,60,165,0,0,0,0
2026-02,"(14.0, inf]",NY-Asia,unclassified,1,60,10,1,1,0,0
2026-02,unclassified,Asia,unclassified,1,60,100,1,1,0,0
2026-02,unclassified,NY-Asia,unclassified,1,60,5,0,0,0,0
2026-02,"(0.0, 7.0]",Asia,CONTRACTING,-1,15,27,4,3,1,0
2026-02,"(0.0, 7.0]",Asia,STABLE,-1,15,34,5,1,4,0
2026-02,"(0.0, 7.0]",Asia-London,STABLE,-1,15,1,0,0,0,0
2026-02,"(0.0, 7.0]",London,CONTRACTING,-1,15,32,6,2,4,0
2026-02,"(0.0, 7.0]",London,STABLE,-1,15,10,0,0,0,0
2026-02,"(0.0, 7.0]",NY,CONTRACTING,-1,15,11,0,0,0,0
2026-02,"(0.0, 7.0]",NY,STABLE,-1,15,2,1,0,1,0
2026-02,"(0.0, 7.0]",NY-Asia,CONTRACTING,-1,15,13,8,2,6,0
2026-02,"(0.0, 7.0]",NY-Asia,STABLE,-1,15,11,4,0,4,0
2026-02,"(7.0, 10.0]",Asia,CONTRACTING,-1,15,105,9,4,5,0
2026-02,"(7.0, 10.0]",Asia,EXPANDING,-1,15,38,7,4,3,0
2026-02,"(7.0, 10.0]",Asia,STABLE,-1,15,154,16,4,12,0
2026-02,"(7.0, 10.0]",Asia,unclassified,-1,15,4,0,0,0,0
2026-02,"(7.0, 10.0]",Asia-London,CONTRACTING,-1,15,7,1,1,0,0
2026-02,"(7.0, 10.0]",Asia-London,EXPANDING,-1,15,14,4,1,3,0
2026-02,"(7.0, 10.0]",Asia-London,STABLE,-1,15,31,4,3,1,0
2026-02,"(7.0, 10.0]",London,CONTRACTING,-1,15,89,11,3,8,0
2026-02,"(7.0, 10.0]",London,EXPANDING,-1,15,31,4,2,2,0
2026-02,"(7.0, 10.0]",London,STABLE,-1,15,195,17,9,8,0
2026-02,"(7.0, 10.0]",London-NY,CONTRACTING,-1,15,4,2,1,1,0
2026-02,"(7.0, 10.0]",London-NY,EXPANDING,-1,15,7,0,0,0,0
2026-02,"(7.0, 10.0]",London-NY,STABLE,-1,15,30,8,3,5,0
2026-02,"(7.0, 10.0]",NY,CONTRACTING,-1,15,34,3,1,2,0
2026-02,"(7.0, 10.0]",NY,STABLE,-1,15,19,6,3,3,0
2026-02,"(7.0, 10.0]",NY-Asia,CONTRACTING,-1,15,82,6,4,2,0
2026-02,"(7.0, 10.0]",NY-Asia,EXPANDING,-1,15,14,3,1,2,0
2026-02,"(7.0, 10.0]",NY-Asia,STABLE,-1,15,102,8,4,4,0
2026-02,"(10.0, 14.0]",Asia,CONTRACTING,-1,15,141,15,5,10,0
2026-02,"(10.0, 14.0]",Asia,EXPANDING,-1,15,60,12,6,6,0
2026-02,"(10.0, 14.0]",Asia,STABLE,-1,15,215,22,11,11,0
2026-02,"(10.0, 14.0]",Asia,unclassified,-1,15,35,4,2,2,0
2026-02,"(10.0, 14.0]",Asia-London,CONTRACTING,-1,15,11,2,2,0,0
2026-02,"(10.0, 14.0]",Asia-London,EXPANDING,-1,15,15,1,1,0,0
2026-02,"(10.0, 14.0]",Asia-London,STABLE,-1,15,40,4,2,2,0
2026-02,"(10.0, 14.0]",London,CONTRACTING,-1,15,38,3,1,2,0
2026-02,"(10.0, 14.0]",London,EXPANDING,-1,15,102,11,5,6,0
2026-02,"(10.0, 14.0]",London,STABLE,-1,15,226,22,12,10,0
2026-02,"(10.0, 14.0]",London-NY,CONTRACTING,-1,15,2,1,1,0,0
2026-02,"(10.0, 14.0]",London-NY,EXPANDING,-1,15,22,3,3,0,0
2026-02,"(10.0, 14.0]",London-NY,STABLE,-1,15,54,9,4,5,0
2026-02,"(10.0, 14.0]",NY,CONTRACTING,-1,15,84,9,4,5,0
2026-02,"(10.0, 14.0]",NY,EXPANDING,-1,15,18,2,1,1,0
2026-02,"(10.0, 14.0]",NY,STABLE,-1,15,53,2,0,2,0
2026-02,"(10.0, 14.0]",NY-Asia,CONTRACTING,-1,15,51,6,4,2,0
2026-02,"(10.0, 14.0]",NY-Asia,EXPANDING,-1,15,45,10,6,4,0
2026-02,"(10.0, 14.0]",NY-Asia,STABLE,-1,15,113,12,10,2,0
2026-02,"(14.0, inf]",Asia,CONTRACTING,-1,15,274,31,12,19,0
2026-02,"(14.0, inf]",Asia,EXPANDING,-1,15,243,23,14,9,0
2026-02,"(14.0, inf]",Asia,STABLE,-1,15,309,28,21,7,0
2026-02,"(14.0, inf]",Asia,unclassified,-1,15,181,14,7,7,0
2026-02,"(14.0, inf]",Asia-London,CONTRACTING,-1,15,27,1,1,0,0
2026-02,"(14.0, inf]",Asia-London,EXPANDING,-1,15,24,3,0,3,0
2026-02,"(14.0, inf]",Asia-London,STABLE,-1,15,70,6,1,5,0
2026-02,"(14.0, inf]",London,CONTRACTING,-1,15,90,9,1,8,0
2026-02,"(14.0, inf]",London,EXPANDING,-1,15,95,12,6,6,0
2026-02,"(14.0, inf]",London,STABLE,-1,15,292,24,11,13,0
2026-02,"(14.0, inf]",London-NY,CONTRACTING,-1,15,3,1,1,0,0
2026-02,"(14.0, inf]",London-NY,EXPANDING,-1,15,160,19,8,11,0
2026-02,"(14.0, inf]",London-NY,STABLE,-1,15,78,8,4,4,0
2026-02,"(14.0, inf]",NY,CONTRACTING,-1,15,201,25,11,14,0
2026-02,"(14.0, inf]",NY,EXPANDING,-1,15,169,14,7,7,0
2026-02,"(14.0, inf]",NY,STABLE,-1,15,363,27,11,16,0
2026-02,"(14.0, inf]",NY-Asia,CONTRACTING,-1,15,35,4,3,1,0
2026-02,"(14.0, inf]",NY-Asia,EXPANDING,-1,15,52,8,6,2,0
2026-02,"(14.0, inf]",NY-Asia,STABLE,-1,15,201,18,11,7,0
2026-02,"(14.0, inf]",NY-Asia,unclassified,-1,15,11,2,0,2,0
2026-02,unclassified,Asia,unclassified,-1,15,100,12,2,10,0
2026-02,unclassified,NY-Asia,unclassified,-1,15,5,0,0,0,0
2026-02,"(0.0, 7.0]",Asia,CONTRACTING,-1,30,27,0,0,0,0
2026-02,"(0.0, 7.0]",Asia,STABLE,-1,30,34,0,0,0,0
2026-02,"(0.0, 7.0]",Asia-London,STABLE,-1,30,1,0,0,0,0
2026-02,"(0.0, 7.0]",London,CONTRACTING,-1,30,32,2,0,2,0
2026-02,"(0.0, 7.0]",London,STABLE,-1,30,10,0,0,0,0
2026-02,"(0.0, 7.0]",NY,CONTRACTING,-1,30,11,0,0,0,0
2026-02,"(0.0, 7.0]",NY,STABLE,-1,30,2,0,0,0,0
2026-02,"(0.0, 7.0]",NY-Asia,CONTRACTING,-1,30,10,4,0,4,0
2026-02,"(0.0, 7.0]",NY-Asia,STABLE,-1,30,8,1,0,1,0
2026-02,"(7.0, 10.0]",Asia,CONTRACTING,-1,30,105,3,1,2,0
2026-02,"(7.0, 10.0]",Asia,EXPANDING,-1,30,38,1,0,1,0
2026-02,"(7.0, 10.0]",Asia,STABLE,-1,30,154,3,2,1,0
2026-02,"(7.0, 10.0]",Asia,unclassified,-1,30,4,0,0,0,0
2026-02,"(7.0, 10.0]",Asia-London,CONTRACTING,-1,30,7,0,0,0,0
2026-02,"(7.0, 10.0]",Asia-London,EXPANDING,-1,30,14,2,0,2,0
2026-02,"(7.0, 10.0]",Asia-London,STABLE,-1,30,31,1,0,1,0
2026-02,"(7.0, 10.0]",London,CONTRACTING,-1,30,89,1,0,1,0
2026-02,"(7.0, 10.0]",London,EXPANDING,-1,30,31,1,0,1,0
2026-02,"(7.0, 10.0]",London,STABLE,-1,30,195,2,0,2,0
2026-02,"(7.0, 10.0]",London-NY,CONTRACTING,-1,30,4,0,0,0,0
2026-02,"(7.0, 10.0]",London-NY,EXPANDING,-1,30,7,0,0,0,0
2026-02,"(7.0, 10.0]",London-NY,STABLE,-1,30,30,2,0,2,0
2026-02,"(7.0, 10.0]",NY,CONTRACTING,-1,30,34,1,0,1,0
2026-02,"(7.0, 10.0]",NY,STABLE,-1,30,19,1,0,1,0
2026-02,"(7.0, 10.0]",NY-Asia,CONTRACTING,-1,30,82,0,0,0,0
2026-02,"(7.0, 10.0]",NY-Asia,EXPANDING,-1,30,12,0,0,0,0
2026-02,"(7.0, 10.0]",NY-Asia,STABLE,-1,30,85,0,0,0,0
2026-02,"(10.0, 14.0]",Asia,CONTRACTING,-1,30,141,2,1,1,0
2026-02,"(10.0, 14.0]",Asia,EXPANDING,-1,30,60,6,0,6,0
2026-02,"(10.0, 14.0]",Asia,STABLE,-1,30,215,5,2,3,0
2026-02,"(10.0, 14.0]",Asia,unclassified,-1,30,35,0,0,0,0
2026-02,"(10.0, 14.0]",Asia-London,CONTRACTING,-1,30,11,0,0,0,0
2026-02,"(10.0, 14.0]",Asia-London,EXPANDING,-1,30,15,0,0,0,0
2026-02,"(10.0, 14.0]",Asia-London,STABLE,-1,30,40,0,0,0,0
2026-02,"(10.0, 14.0]",London,CONTRACTING,-1,30,38,0,0,0,0
2026-02,"(10.0, 14.0]",London,EXPANDING,-1,30,102,3,1,2,0
2026-02,"(10.0, 14.0]",London,STABLE,-1,30,226,6,2,4,0
2026-02,"(10.0, 14.0]",London-NY,CONTRACTING,-1,30,2,0,0,0,0
2026-02,"(10.0, 14.0]",London-NY,EXPANDING,-1,30,22,1,1,0,0
2026-02,"(10.0, 14.0]",London-NY,STABLE,-1,30,54,4,1,3,0
2026-02,"(10.0, 14.0]",NY,CONTRACTING,-1,30,84,1,0,1,0
2026-02,"(10.0, 14.0]",NY,EXPANDING,-1,30,18,0,0,0,0
2026-02,"(10.0, 14.0]",NY,STABLE,-1,30,53,0,0,0,0
2026-02,"(10.0, 14.0]",NY-Asia,CONTRACTING,-1,30,51,1,1,0,0
2026-02,"(10.0, 14.0]",NY-Asia,EXPANDING,-1,30,42,2,1,1,0
2026-02,"(10.0, 14.0]",NY-Asia,STABLE,-1,30,102,2,2,0,0
2026-02,"(14.0, inf]",Asia,CONTRACTING,-1,30,274,10,7,3,0
2026-02,"(14.0, inf]",Asia,EXPANDING,-1,30,243,3,1,2,0
2026-02,"(14.0, inf]",Asia,STABLE,-1,30,309,7,6,1,0
2026-02,"(14.0, inf]",Asia,unclassified,-1,30,181,2,1,1,0
2026-02,"(14.0, inf]",Asia-London,CONTRACTING,-1,30,27,0,0,0,0
2026-02,"(14.0, inf]",Asia-London,EXPANDING,-1,30,24,2,0,2,0
2026-02,"(14.0, inf]",Asia-London,STABLE,-1,30,70,4,0,4,0
2026-02,"(14.0, inf]",London,CONTRACTING,-1,30,90,1,0,1,0
2026-02,"(14.0, inf]",London,EXPANDING,-1,30,95,2,2,0,0
2026-02,"(14.0, inf]",London,STABLE,-1,30,292,5,2,3,0
2026-02,"(14.0, inf]",London-NY,CONTRACTING,-1,30,3,0,0,0,0
2026-02,"(14.0, inf]",London-NY,EXPANDING,-1,30,160,3,2,1,0
2026-02,"(14.0, inf]",London-NY,STABLE,-1,30,78,1,1,0,0
2026-02,"(14.0, inf]",NY,CONTRACTING,-1,30,201,10,6,4,0
2026-02,"(14.0, inf]",NY,EXPANDING,-1,30,169,3,0,3,0
2026-02,"(14.0, inf]",NY,STABLE,-1,30,363,4,0,4,0
2026-02,"(14.0, inf]",NY-Asia,CONTRACTING,-1,30,29,0,0,0,0
2026-02,"(14.0, inf]",NY-Asia,EXPANDING,-1,30,43,5,5,0,0
2026-02,"(14.0, inf]",NY-Asia,STABLE,-1,30,195,4,3,1,0
2026-02,"(14.0, inf]",NY-Asia,unclassified,-1,30,11,1,0,1,0
2026-02,unclassified,Asia,unclassified,-1,30,100,4,0,4,0
2026-02,unclassified,NY-Asia,unclassified,-1,30,5,0,0,0,0
2026-02,"(0.0, 7.0]",Asia,CONTRACTING,-1,60,27,0,0,0,0
2026-02,"(0.0, 7.0]",Asia,STABLE,-1,60,34,0,0,0,0
2026-02,"(0.0, 7.0]",Asia-London,STABLE,-1,60,1,0,0,0,0
2026-02,"(0.0, 7.0]",London,CONTRACTING,-1,60,32,0,0,0,0
2026-02,"(0.0, 7.0]",London,STABLE,-1,60,10,0,0,0,0
2026-02,"(0.0, 7.0]",NY,CONTRACTING,-1,60,11,0,0,0,0
2026-02,"(0.0, 7.0]",NY,STABLE,-1,60,2,0,0,0,0
2026-02,"(0.0, 7.0]",NY-Asia,CONTRACTING,-1,60,6,0,0,0,0
2026-02,"(0.0, 7.0]",NY-Asia,STABLE,-1,60,2,0,0,0,0
2026-02,"(7.0, 10.0]",Asia,CONTRACTING,-1,60,105,1,0,1,0
2026-02,"(7.0, 10.0]",Asia,EXPANDING,-1,60,38,1,0,1,0
2026-02,"(7.0, 10.0]",Asia,STABLE,-1,60,154,1,0,1,0
2026-02,"(7.0, 10.0]",Asia,unclassified,-1,60,4,0,0,0,0
2026-02,"(7.0, 10.0]",Asia-London,CONTRACTING,-1,60,7,0,0,0,0
2026-02,"(7.0, 10.0]",Asia-London,EXPANDING,-1,60,14,0,0,0,0
2026-02,"(7.0, 10.0]",Asia-London,STABLE,-1,60,31,0,0,0,0
2026-02,"(7.0, 10.0]",London,CONTRACTING,-1,60,89,0,0,0,0
2026-02,"(7.0, 10.0]",London,EXPANDING,-1,60,31,0,0,0,0
2026-02,"(7.0, 10.0]",London,STABLE,-1,60,195,1,0,1,0
2026-02,"(7.0, 10.0]",London-NY,CONTRACTING,-1,60,4,0,0,0,0
2026-02,"(7.0, 10.0]",London-NY,EXPANDING,-1,60,7,0,0,0,0
2026-02,"(7.0, 10.0]",London-NY,STABLE,-1,60,30,0,0,0,0
2026-02,"(7.0, 10.0]",NY,CONTRACTING,-1,60,34,1,0,1,0
2026-02,"(7.0, 10.0]",NY,STABLE,-1,60,19,2,0,2,0
2026-02,"(7.0, 10.0]",NY-Asia,CONTRACTING,-1,60,72,0,0,0,0
2026-02,"(7.0, 10.0]",NY-Asia,EXPANDING,-1,60,3,0,0,0,0
2026-02,"(7.0, 10.0]",NY-Asia,STABLE,-1,60,65,0,0,0,0
2026-02,"(10.0, 14.0]",Asia,CONTRACTING,-1,60,141,0,0,0,0
2026-02,"(10.0, 14.0]",Asia,EXPANDING,-1,60,60,0,0,0,0
2026-02,"(10.0, 14.0]",Asia,STABLE,-1,60,215,1,1,0,0
2026-02,"(10.0, 14.0]",Asia,unclassified,-1,60,35,0,0,0,0
2026-02,"(10.0, 14.0]",Asia-London,CONTRACTING,-1,60,11,0,0,0,0
2026-02,"(10.0, 14.0]",Asia-London,EXPANDING,-1,60,15,0,0,0,0
2026-02,"(10.0, 14.0]",Asia-London,STABLE,-1,60,40,0,0,0,0
2026-02,"(10.0, 14.0]",London,CONTRACTING,-1,60,38,0,0,0,0
2026-02,"(10.0, 14.0]",London,EXPANDING,-1,60,102,1,0,1,0
2026-02,"(10.0, 14.0]",London,STABLE,-1,60,226,2,1,1,0
2026-02,"(10.0, 14.0]",London-NY,CONTRACTING,-1,60,2,0,0,0,0
2026-02,"(10.0, 14.0]",London-NY,EXPANDING,-1,60,22,0,0,0,0
2026-02,"(10.0, 14.0]",London-NY,STABLE,-1,60,54,1,0,1,0
2026-02,"(10.0, 14.0]",NY,CONTRACTING,-1,60,84,0,0,0,0
2026-02,"(10.0, 14.0]",NY,EXPANDING,-1,60,18,0,0,0,0
2026-02,"(10.0, 14.0]",NY,STABLE,-1,60,53,0,0,0,0
2026-02,"(10.0, 14.0]",NY-Asia,CONTRACTING,-1,60,51,0,0,0,0
2026-02,"(10.0, 14.0]",NY-Asia,EXPANDING,-1,60,31,0,0,0,0
2026-02,"(10.0, 14.0]",NY-Asia,STABLE,-1,60,85,0,0,0,0
2026-02,"(14.0, inf]",Asia,CONTRACTING,-1,60,274,1,1,0,0
2026-02,"(14.0, inf]",Asia,EXPANDING,-1,60,243,1,0,1,0
2026-02,"(14.0, inf]",Asia,STABLE,-1,60,309,1,1,0,0
2026-02,"(14.0, inf]",Asia,unclassified,-1,60,181,0,0,0,0
2026-02,"(14.0, inf]",Asia-London,CONTRACTING,-1,60,27,0,0,0,0
2026-02,"(14.0, inf]",Asia-London,EXPANDING,-1,60,24,1,0,1,0
2026-02,"(14.0, inf]",Asia-London,STABLE,-1,60,70,0,0,0,0
2026-02,"(14.0, inf]",London,CONTRACTING,-1,60,90,0,0,0,0
2026-02,"(14.0, inf]",London,EXPANDING,-1,60,95,2,0,2,0
2026-02,"(14.0, inf]",London,STABLE,-1,60,292,0,0,0,0
2026-02,"(14.0, inf]",London-NY,CONTRACTING,-1,60,3,0,0,0,0
2026-02,"(14.0, inf]",London-NY,EXPANDING,-1,60,160,0,0,0,0
2026-02,"(14.0, inf]",London-NY,STABLE,-1,60,78,0,0,0,0
2026-02,"(14.0, inf]",NY,CONTRACTING,-1,60,201,0,0,0,0
2026-02,"(14.0, inf]",NY,EXPANDING,-1,60,169,1,0,1,0
2026-02,"(14.0, inf]",NY,STABLE,-1,60,363,1,0,1,0
2026-02,"(14.0, inf]",NY-Asia,CONTRACTING,-1,60,28,0,0,0,0
2026-02,"(14.0, inf]",NY-Asia,EXPANDING,-1,60,32,0,0,0,0
2026-02,"(14.0, inf]",NY-Asia,STABLE,-1,60,165,0,0,0,0
2026-02,"(14.0, inf]",NY-Asia,unclassified,-1,60,10,1,0,1,0
2026-02,unclassified,Asia,unclassified,-1,60,100,1,0,1,0
2026-02,unclassified,NY-Asia,unclassified,-1,60,5,0,0,0,0
2026-03,"(0.0, 7.0]",Asia,CONTRACTING,1,15,57,6,2,4,0
2026-03,"(0.0, 7.0]",Asia,EXPANDING,1,15,1,0,0,0,0
2026-03,"(0.0, 7.0]",Asia,STABLE,1,15,33,6,1,5,0
2026-03,"(0.0, 7.0]",London,CONTRACTING,1,15,11,0,0,0,0
2026-03,"(0.0, 7.0]",NY-Asia,CONTRACTING,1,15,19,0,0,0,0
2026-03,"(0.0, 7.0]",NY-Asia,EXPANDING,1,15,1,1,0,1,0
2026-03,"(0.0, 7.0]",NY-Asia,STABLE,1,15,32,3,1,2,0
2026-03,"(7.0, 10.0]",Asia,CONTRACTING,1,15,112,9,4,5,0
2026-03,"(7.0, 10.0]",Asia,EXPANDING,1,15,56,2,0,2,0
2026-03,"(7.0, 10.0]",Asia,STABLE,1,15,118,13,9,4,0
2026-03,"(7.0, 10.0]",Asia,unclassified,1,15,15,1,0,1,0
2026-03,"(7.0, 10.0]",Asia-London,EXPANDING,1,15,4,1,0,1,0
2026-03,"(7.0, 10.0]",Asia-London,STABLE,1,15,29,2,1,1,0
2026-03,"(7.0, 10.0]",London,CONTRACTING,1,15,52,2,1,1,0
2026-03,"(7.0, 10.0]",London,EXPANDING,1,15,4,1,1,0,0
2026-03,"(7.0, 10.0]",London,STABLE,1,15,98,15,11,4,0
2026-03,"(7.0, 10.0]",London-NY,CONTRACTING,1,15,5,0,0,0,0
2026-03,"(7.0, 10.0]",London-NY,EXPANDING,1,15,3,0,0,0,0
2026-03,"(7.0, 10.0]",London-NY,STABLE,1,15,8,1,1,0,0
2026-03,"(7.0, 10.0]",NY,CONTRACTING,1,15,18,3,3,0,0
2026-03,"(7.0, 10.0]",NY,STABLE,1,15,1,0,0,0,0
2026-03,"(7.0, 10.0]",NY-Asia,CONTRACTING,1,15,10,0,0,0,0
2026-03,"(7.0, 10.0]",NY-Asia,STABLE,1,15,29,1,1,0,0
2026-03,"(10.0, 14.0]",Asia,CONTRACTING,1,15,150,20,13,7,0
2026-03,"(10.0, 14.0]",Asia,EXPANDING,1,15,72,7,5,2,0
2026-03,"(10.0, 14.0]",Asia,STABLE,1,15,211,11,4,7,0
2026-03,"(10.0, 14.0]",Asia,unclassified,1,15,32,3,2,1,0
2026-03,"(10.0, 14.0]",Asia-London,CONTRACTING,1,15,6,1,0,1,0
2026-03,"(10.0, 14.0]",Asia-London,EXPANDING,1,15,36,4,3,1,0
2026-03,"(10.0, 14.0]",Asia-London,STABLE,1,15,22,1,1,0,0
2026-03,"(10.0, 14.0]",London,CONTRACTING,1,15,84,5,2,3,0
2026-03,"(10.0, 14.0]",London,EXPANDING,1,15,72,8,5,3,0
2026-03,"(10.0, 14.0]",London,STABLE,1,15,212,16,8,8,0
2026-03,"(10.0, 14.0]",London-NY,CONTRACTING,1,15,3,0,0,0,0
2026-03,"(10.0, 14.0]",London-NY,EXPANDING,1,15,23,3,2,1,0
2026-03,"(10.0, 14.0]",London-NY,STABLE,1,15,49,3,2,1,0
2026-03,"(10.0, 14.0]",NY,CONTRACTING,1,15,46,4,0,4,0
2026-03,"(10.0, 14.0]",NY,EXPANDING,1,15,4,1,1,0,0
2026-03,"(10.0, 14.0]",NY,STABLE,1,15,37,1,0,1,0
2026-03,"(10.0, 14.0]",NY-Asia,CONTRACTING,1,15,49,1,1,0,0
2026-03,"(10.0, 14.0]",NY-Asia,EXPANDING,1,15,18,2,2,0,0
2026-03,"(10.0, 14.0]",NY-Asia,STABLE,1,15,153,14,6,8,0
2026-03,"(14.0, inf]",Asia,CONTRACTING,1,15,275,36,21,15,0
2026-03,"(14.0, inf]",Asia,EXPANDING,1,15,245,14,6,8,0
2026-03,"(14.0, inf]",Asia,STABLE,1,15,435,51,27,24,0
2026-03,"(14.0, inf]",Asia,unclassified,1,15,206,28,14,14,0
2026-03,"(14.0, inf]",Asia-London,CONTRACTING,1,15,33,6,0,6,0
2026-03,"(14.0, inf]",Asia-London,EXPANDING,1,15,99,7,2,5,0
2026-03,"(14.0, inf]",Asia-London,STABLE,1,15,35,1,0,1,0
2026-03,"(14.0, inf]",London,CONTRACTING,1,15,114,15,10,5,0
2026-03,"(14.0, inf]",London,EXPANDING,1,15,234,25,8,17,0
2026-03,"(14.0, inf]",London,STABLE,1,15,439,40,24,16,0
2026-03,"(14.0, inf]",London-NY,CONTRACTING,1,15,53,8,6,2,0
2026-03,"(14.0, inf]",London-NY,EXPANDING,1,15,129,10,6,4,0
2026-03,"(14.0, inf]",London-NY,STABLE,1,15,123,10,2,8,0
2026-03,"(14.0, inf]",NY,CONTRACTING,1,15,262,26,15,11,0
2026-03,"(14.0, inf]",NY,EXPANDING,1,15,226,12,3,9,0
2026-03,"(14.0, inf]",NY,STABLE,1,15,462,42,22,20,0
2026-03,"(14.0, inf]",NY-Asia,CONTRACTING,1,15,103,10,4,6,0
2026-03,"(14.0, inf]",NY-Asia,EXPANDING,1,15,121,18,6,12,0
2026-03,"(14.0, inf]",NY-Asia,STABLE,1,15,323,30,20,10,0
2026-03,unclassified,Asia,unclassified,1,15,115,13,9,4,0
2026-03,"(0.0, 7.0]",Asia,CONTRACTING,1,30,57,0,0,0,0
2026-03,"(0.0, 7.0]",Asia,EXPANDING,1,30,1,0,0,0,0
2026-03,"(0.0, 7.0]",Asia,STABLE,1,30,33,3,0,3,0
2026-03,"(0.0, 7.0]",London,CONTRACTING,1,30,11,0,0,0,0
2026-03,"(0.0, 7.0]",NY-Asia,CONTRACTING,1,30,18,0,0,0,0
2026-03,"(0.0, 7.0]",NY-Asia,EXPANDING,1,30,1,1,0,1,0
2026-03,"(0.0, 7.0]",NY-Asia,STABLE,1,30,27,2,0,2,0
2026-03,"(7.0, 10.0]",Asia,CONTRACTING,1,30,112,0,0,0,0
2026-03,"(7.0, 10.0]",Asia,EXPANDING,1,30,56,0,0,0,0
2026-03,"(7.0, 10.0]",Asia,STABLE,1,30,118,2,0,2,0
2026-03,"(7.0, 10.0]",Asia,unclassified,1,30,15,0,0,0,0
2026-03,"(7.0, 10.0]",Asia-London,EXPANDING,1,30,4,0,0,0,0
2026-03,"(7.0, 10.0]",Asia-London,STABLE,1,30,29,1,1,0,0
2026-03,"(7.0, 10.0]",London,CONTRACTING,1,30,52,0,0,0,0
2026-03,"(7.0, 10.0]",London,EXPANDING,1,30,4,0,0,0,0
2026-03,"(7.0, 10.0]",London,STABLE,1,30,98,2,2,0,0
2026-03,"(7.0, 10.0]",London-NY,CONTRACTING,1,30,5,0,0,0,0
2026-03,"(7.0, 10.0]",London-NY,EXPANDING,1,30,3,0,0,0,0
2026-03,"(7.0, 10.0]",London-NY,STABLE,1,30,8,0,0,0,0
2026-03,"(7.0, 10.0]",NY,CONTRACTING,1,30,18,0,0,0,0
2026-03,"(7.0, 10.0]",NY,STABLE,1,30,1,0,0,0,0
2026-03,"(7.0, 10.0]",NY-Asia,CONTRACTING,1,30,8,0,0,0,0
2026-03,"(7.0, 10.0]",NY-Asia,STABLE,1,30,25,0,0,0,0
2026-03,"(10.0, 14.0]",Asia,CONTRACTING,1,30,150,7,5,2,0
2026-03,"(10.0, 14.0]",Asia,EXPANDING,1,30,72,1,1,0,0
2026-03,"(10.0, 14.0]",Asia,STABLE,1,30,211,1,0,1,0
2026-03,"(10.0, 14.0]",Asia,unclassified,1,30,32,0,0,0,0
2026-03,"(10.0, 14.0]",Asia-London,CONTRACTING,1,30,6,0,0,0,0
2026-03,"(10.0, 14.0]",Asia-London,EXPANDING,1,30,36,0,0,0,0
2026-03,"(10.0, 14.0]",Asia-London,STABLE,1,30,22,0,0,0,0
2026-03,"(10.0, 14.0]",London,CONTRACTING,1,30,84,1,0,1,0
2026-03,"(10.0, 14.0]",London,EXPANDING,1,30,72,6,6,0,0
2026-03,"(10.0, 14.0]",London,STABLE,1,30,212,0,0,0,0
2026-03,"(10.0, 14.0]",London-NY,CONTRACTING,1,30,3,0,0,0,0
2026-03,"(10.0, 14.0]",London-NY,EXPANDING,1,30,23,0,0,0,0
2026-03,"(10.0, 14.0]",London-NY,STABLE,1,30,49,1,1,0,0
2026-03,"(10.0, 14.0]",NY,CONTRACTING,1,30,46,0,0,0,0
2026-03,"(10.0, 14.0]",NY,EXPANDING,1,30,4,1,1,0,0
2026-03,"(10.0, 14.0]",NY,STABLE,1,30,37,0,0,0,0
2026-03,"(10.0, 14.0]",NY-Asia,CONTRACTING,1,30,36,0,0,0,0
2026-03,"(10.0, 14.0]",NY-Asia,EXPANDING,1,30,16,1,1,0,0
2026-03,"(10.0, 14.0]",NY-Asia,STABLE,1,30,144,2,1,1,0
2026-03,"(14.0, inf]",Asia,CONTRACTING,1,30,274,10,6,4,0
2026-03,"(14.0, inf]",Asia,EXPANDING,1,30,245,1,0,1,0
2026-03,"(14.0, inf]",Asia,STABLE,1,30,433,9,5,4,0
2026-03,"(14.0, inf]",Asia,unclassified,1,30,206,11,8,3,0
2026-03,"(14.0, inf]",Asia-London,CONTRACTING,1,30,33,1,0,1,0
2026-03,"(14.0, inf]",Asia-London,EXPANDING,1,30,99,0,0,0,0
2026-03,"(14.0, inf]",Asia-London,STABLE,1,30,35,1,0,1,0
2026-03,"(14.0, inf]",London,CONTRACTING,1,30,114,1,1,0,0
2026-03,"(14.0, inf]",London,EXPANDING,1,30,234,7,2,5,0
2026-03,"(14.0, inf]",London,STABLE,1,30,439,8,8,0,0
2026-03,"(14.0, inf]",London-NY,CONTRACTING,1,30,53,3,3,0,0
2026-03,"(14.0, inf]",London-NY,EXPANDING,1,30,129,3,1,2,0
2026-03,"(14.0, inf]",London-NY,STABLE,1,30,123,1,1,0,0
2026-03,"(14.0, inf]",NY,CONTRACTING,1,30,262,6,6,0,0
2026-03,"(14.0, inf]",NY,EXPANDING,1,30,226,4,0,4,0
2026-03,"(14.0, inf]",NY,STABLE,1,30,462,8,4,4,0
2026-03,"(14.0, inf]",NY-Asia,CONTRACTING,1,30,91,2,0,2,0
2026-03,"(14.0, inf]",NY-Asia,EXPANDING,1,30,115,3,3,0,0
2026-03,"(14.0, inf]",NY-Asia,STABLE,1,30,311,8,8,0,0
2026-03,unclassified,Asia,unclassified,1,30,115,3,3,0,0
2026-03,"(0.0, 7.0]",Asia,CONTRACTING,1,60,57,0,0,0,0
2026-03,"(0.0, 7.0]",Asia,EXPANDING,1,60,1,0,0,0,0
2026-03,"(0.0, 7.0]",Asia,STABLE,1,60,33,0,0,0,0
2026-03,"(0.0, 7.0]",London,CONTRACTING,1,60,11,0,0,0,0
2026-03,"(0.0, 7.0]",NY-Asia,CONTRACTING,1,60,18,0,0,0,0
2026-03,"(0.0, 7.0]",NY-Asia,STABLE,1,60,16,0,0,0,0
2026-03,"(7.0, 10.0]",Asia,CONTRACTING,1,60,112,0,0,0,0
2026-03,"(7.0, 10.0]",Asia,EXPANDING,1,60,56,0,0,0,0
2026-03,"(7.0, 10.0]",Asia,STABLE,1,60,118,0,0,0,0
2026-03,"(7.0, 10.0]",Asia,unclassified,1,60,15,0,0,0,0
2026-03,"(7.0, 10.0]",Asia-London,EXPANDING,1,60,4,0,0,0,0
2026-03,"(7.0, 10.0]",Asia-London,STABLE,1,60,29,0,0,0,0
2026-03,"(7.0, 10.0]",London,CONTRACTING,1,60,52,0,0,0,0
2026-03,"(7.0, 10.0]",London,EXPANDING,1,60,4,0,0,0,0
2026-03,"(7.0, 10.0]",London,STABLE,1,60,98,0,0,0,0
2026-03,"(7.0, 10.0]",London-NY,CONTRACTING,1,60,5,0,0,0,0
2026-03,"(7.0, 10.0]",London-NY,EXPANDING,1,60,3,0,0,0,0
2026-03,"(7.0, 10.0]",London-NY,STABLE,1,60,8,0,0,0,0
2026-03,"(7.0, 10.0]",NY,CONTRACTING,1,60,18,0,0,0,0
2026-03,"(7.0, 10.0]",NY,STABLE,1,60,1,0,0,0,0
2026-03,"(7.0, 10.0]",NY-Asia,CONTRACTING,1,60,8,0,0,0,0
2026-03,"(7.0, 10.0]",NY-Asia,STABLE,1,60,21,0,0,0,0
2026-03,"(10.0, 14.0]",Asia,CONTRACTING,1,60,150,1,0,1,0
2026-03,"(10.0, 14.0]",Asia,EXPANDING,1,60,72,0,0,0,0
2026-03,"(10.0, 14.0]",Asia,STABLE,1,60,211,0,0,0,0
2026-03,"(10.0, 14.0]",Asia,unclassified,1,60,32,0,0,0,0
2026-03,"(10.0, 14.0]",Asia-London,CONTRACTING,1,60,6,0,0,0,0
2026-03,"(10.0, 14.0]",Asia-London,EXPANDING,1,60,36,0,0,0,0
2026-03,"(10.0, 14.0]",Asia-London,STABLE,1,60,22,0,0,0,0
2026-03,"(10.0, 14.0]",London,CONTRACTING,1,60,84,0,0,0,0
2026-03,"(10.0, 14.0]",London,EXPANDING,1,60,72,0,0,0,0
2026-03,"(10.0, 14.0]",London,STABLE,1,60,212,0,0,0,0
2026-03,"(10.0, 14.0]",London-NY,CONTRACTING,1,60,3,0,0,0,0
2026-03,"(10.0, 14.0]",London-NY,EXPANDING,1,60,23,0,0,0,0
2026-03,"(10.0, 14.0]",London-NY,STABLE,1,60,49,0,0,0,0
2026-03,"(10.0, 14.0]",NY,CONTRACTING,1,60,46,0,0,0,0
2026-03,"(10.0, 14.0]",NY,EXPANDING,1,60,4,0,0,0,0
2026-03,"(10.0, 14.0]",NY,STABLE,1,60,37,1,1,0,0
2026-03,"(10.0, 14.0]",NY-Asia,CONTRACTING,1,60,26,0,0,0,0
2026-03,"(10.0, 14.0]",NY-Asia,EXPANDING,1,60,15,1,1,0,0
2026-03,"(10.0, 14.0]",NY-Asia,STABLE,1,60,122,0,0,0,0
2026-03,"(14.0, inf]",Asia,CONTRACTING,1,60,274,1,0,1,0
2026-03,"(14.0, inf]",Asia,EXPANDING,1,60,245,0,0,0,0
2026-03,"(14.0, inf]",Asia,STABLE,1,60,431,2,1,1,0
2026-03,"(14.0, inf]",Asia,unclassified,1,60,202,1,1,0,0
2026-03,"(14.0, inf]",Asia-London,CONTRACTING,1,60,33,0,0,0,0
2026-03,"(14.0, inf]",Asia-London,EXPANDING,1,60,99,0,0,0,0
2026-03,"(14.0, inf]",Asia-London,STABLE,1,60,35,0,0,0,0
2026-03,"(14.0, inf]",London,CONTRACTING,1,60,114,4,4,0,0
2026-03,"(14.0, inf]",London,EXPANDING,1,60,234,0,0,0,0
2026-03,"(14.0, inf]",London,STABLE,1,60,439,8,8,0,0
2026-03,"(14.0, inf]",London-NY,CONTRACTING,1,60,53,0,0,0,0
2026-03,"(14.0, inf]",London-NY,EXPANDING,1,60,129,0,0,0,0
2026-03,"(14.0, inf]",London-NY,STABLE,1,60,123,0,0,0,0
2026-03,"(14.0, inf]",NY,CONTRACTING,1,60,262,2,2,0,0
2026-03,"(14.0, inf]",NY,EXPANDING,1,60,226,0,0,0,0
2026-03,"(14.0, inf]",NY,STABLE,1,60,462,4,4,0,0
2026-03,"(14.0, inf]",NY-Asia,CONTRACTING,1,60,68,0,0,0,0
2026-03,"(14.0, inf]",NY-Asia,EXPANDING,1,60,98,0,0,0,0
2026-03,"(14.0, inf]",NY-Asia,STABLE,1,60,268,4,4,0,0
2026-03,unclassified,Asia,unclassified,1,60,115,0,0,0,0
2026-03,"(0.0, 7.0]",Asia,CONTRACTING,-1,15,57,6,4,2,0
2026-03,"(0.0, 7.0]",Asia,EXPANDING,-1,15,1,0,0,0,0
2026-03,"(0.0, 7.0]",Asia,STABLE,-1,15,33,6,5,1,0
2026-03,"(0.0, 7.0]",London,CONTRACTING,-1,15,11,0,0,0,0
2026-03,"(0.0, 7.0]",NY-Asia,CONTRACTING,-1,15,19,0,0,0,0
2026-03,"(0.0, 7.0]",NY-Asia,EXPANDING,-1,15,1,1,1,0,0
2026-03,"(0.0, 7.0]",NY-Asia,STABLE,-1,15,32,3,2,1,0
2026-03,"(7.0, 10.0]",Asia,CONTRACTING,-1,15,112,9,5,4,0
2026-03,"(7.0, 10.0]",Asia,EXPANDING,-1,15,56,2,2,0,0
2026-03,"(7.0, 10.0]",Asia,STABLE,-1,15,118,13,4,9,0
2026-03,"(7.0, 10.0]",Asia,unclassified,-1,15,15,1,1,0,0
2026-03,"(7.0, 10.0]",Asia-London,EXPANDING,-1,15,4,1,1,0,0
2026-03,"(7.0, 10.0]",Asia-London,STABLE,-1,15,29,2,1,1,0
2026-03,"(7.0, 10.0]",London,CONTRACTING,-1,15,52,2,1,1,0
2026-03,"(7.0, 10.0]",London,EXPANDING,-1,15,4,1,0,1,0
2026-03,"(7.0, 10.0]",London,STABLE,-1,15,98,15,4,11,0
2026-03,"(7.0, 10.0]",London-NY,CONTRACTING,-1,15,5,0,0,0,0
2026-03,"(7.0, 10.0]",London-NY,EXPANDING,-1,15,3,0,0,0,0
2026-03,"(7.0, 10.0]",London-NY,STABLE,-1,15,8,1,0,1,0
2026-03,"(7.0, 10.0]",NY,CONTRACTING,-1,15,18,3,0,3,0
2026-03,"(7.0, 10.0]",NY,STABLE,-1,15,1,0,0,0,0
2026-03,"(7.0, 10.0]",NY-Asia,CONTRACTING,-1,15,10,0,0,0,0
2026-03,"(7.0, 10.0]",NY-Asia,STABLE,-1,15,29,1,0,1,0
2026-03,"(10.0, 14.0]",Asia,CONTRACTING,-1,15,150,20,7,13,0
2026-03,"(10.0, 14.0]",Asia,EXPANDING,-1,15,72,7,2,5,0
2026-03,"(10.0, 14.0]",Asia,STABLE,-1,15,211,11,7,4,0
2026-03,"(10.0, 14.0]",Asia,unclassified,-1,15,32,3,1,2,0
2026-03,"(10.0, 14.0]",Asia-London,CONTRACTING,-1,15,6,1,1,0,0
2026-03,"(10.0, 14.0]",Asia-London,EXPANDING,-1,15,36,4,1,3,0
2026-03,"(10.0, 14.0]",Asia-London,STABLE,-1,15,22,1,0,1,0
2026-03,"(10.0, 14.0]",London,CONTRACTING,-1,15,84,5,3,2,0
2026-03,"(10.0, 14.0]",London,EXPANDING,-1,15,72,8,3,5,0
2026-03,"(10.0, 14.0]",London,STABLE,-1,15,212,16,8,8,0
2026-03,"(10.0, 14.0]",London-NY,CONTRACTING,-1,15,3,0,0,0,0
2026-03,"(10.0, 14.0]",London-NY,EXPANDING,-1,15,23,3,1,2,0
2026-03,"(10.0, 14.0]",London-NY,STABLE,-1,15,49,3,1,2,0
2026-03,"(10.0, 14.0]",NY,CONTRACTING,-1,15,46,4,4,0,0
2026-03,"(10.0, 14.0]",NY,EXPANDING,-1,15,4,1,0,1,0
2026-03,"(10.0, 14.0]",NY,STABLE,-1,15,37,1,1,0,0
2026-03,"(10.0, 14.0]",NY-Asia,CONTRACTING,-1,15,49,1,0,1,0
2026-03,"(10.0, 14.0]",NY-Asia,EXPANDING,-1,15,18,2,0,2,0
2026-03,"(10.0, 14.0]",NY-Asia,STABLE,-1,15,153,14,8,6,0
2026-03,"(14.0, inf]",Asia,CONTRACTING,-1,15,275,36,15,21,0
2026-03,"(14.0, inf]",Asia,EXPANDING,-1,15,245,14,8,6,0
2026-03,"(14.0, inf]",Asia,STABLE,-1,15,435,51,24,27,0
2026-03,"(14.0, inf]",Asia,unclassified,-1,15,206,28,14,14,0
2026-03,"(14.0, inf]",Asia-London,CONTRACTING,-1,15,33,6,6,0,0
2026-03,"(14.0, inf]",Asia-London,EXPANDING,-1,15,99,7,5,2,0
2026-03,"(14.0, inf]",Asia-London,STABLE,-1,15,35,1,1,0,0
2026-03,"(14.0, inf]",London,CONTRACTING,-1,15,114,15,5,10,0
2026-03,"(14.0, inf]",London,EXPANDING,-1,15,234,25,17,8,0
2026-03,"(14.0, inf]",London,STABLE,-1,15,439,40,16,24,0
2026-03,"(14.0, inf]",London-NY,CONTRACTING,-1,15,53,8,2,6,0
2026-03,"(14.0, inf]",London-NY,EXPANDING,-1,15,129,10,4,6,0
2026-03,"(14.0, inf]",London-NY,STABLE,-1,15,123,10,8,2,0
2026-03,"(14.0, inf]",NY,CONTRACTING,-1,15,262,26,11,15,0
2026-03,"(14.0, inf]",NY,EXPANDING,-1,15,226,12,9,3,0
2026-03,"(14.0, inf]",NY,STABLE,-1,15,462,42,20,22,0
2026-03,"(14.0, inf]",NY-Asia,CONTRACTING,-1,15,103,10,6,4,0
2026-03,"(14.0, inf]",NY-Asia,EXPANDING,-1,15,121,18,12,6,0
2026-03,"(14.0, inf]",NY-Asia,STABLE,-1,15,323,30,10,20,0
2026-03,unclassified,Asia,unclassified,-1,15,115,13,4,9,0
2026-03,"(0.0, 7.0]",Asia,CONTRACTING,-1,30,57,0,0,0,0
2026-03,"(0.0, 7.0]",Asia,EXPANDING,-1,30,1,0,0,0,0
2026-03,"(0.0, 7.0]",Asia,STABLE,-1,30,33,3,3,0,0
2026-03,"(0.0, 7.0]",London,CONTRACTING,-1,30,11,0,0,0,0
2026-03,"(0.0, 7.0]",NY-Asia,CONTRACTING,-1,30,18,0,0,0,0
2026-03,"(0.0, 7.0]",NY-Asia,EXPANDING,-1,30,1,1,1,0,0
2026-03,"(0.0, 7.0]",NY-Asia,STABLE,-1,30,27,2,2,0,0
2026-03,"(7.0, 10.0]",Asia,CONTRACTING,-1,30,112,0,0,0,0
2026-03,"(7.0, 10.0]",Asia,EXPANDING,-1,30,56,0,0,0,0
2026-03,"(7.0, 10.0]",Asia,STABLE,-1,30,118,2,2,0,0
2026-03,"(7.0, 10.0]",Asia,unclassified,-1,30,15,0,0,0,0
2026-03,"(7.0, 10.0]",Asia-London,EXPANDING,-1,30,4,0,0,0,0
2026-03,"(7.0, 10.0]",Asia-London,STABLE,-1,30,29,1,0,1,0
2026-03,"(7.0, 10.0]",London,CONTRACTING,-1,30,52,0,0,0,0
2026-03,"(7.0, 10.0]",London,EXPANDING,-1,30,4,0,0,0,0
2026-03,"(7.0, 10.0]",London,STABLE,-1,30,98,2,0,2,0
2026-03,"(7.0, 10.0]",London-NY,CONTRACTING,-1,30,5,0,0,0,0
2026-03,"(7.0, 10.0]",London-NY,EXPANDING,-1,30,3,0,0,0,0
2026-03,"(7.0, 10.0]",London-NY,STABLE,-1,30,8,0,0,0,0
2026-03,"(7.0, 10.0]",NY,CONTRACTING,-1,30,18,0,0,0,0
2026-03,"(7.0, 10.0]",NY,STABLE,-1,30,1,0,0,0,0
2026-03,"(7.0, 10.0]",NY-Asia,CONTRACTING,-1,30,8,0,0,0,0
2026-03,"(7.0, 10.0]",NY-Asia,STABLE,-1,30,25,0,0,0,0
2026-03,"(10.0, 14.0]",Asia,CONTRACTING,-1,30,150,7,2,5,0
2026-03,"(10.0, 14.0]",Asia,EXPANDING,-1,30,72,1,0,1,0
2026-03,"(10.0, 14.0]",Asia,STABLE,-1,30,211,1,1,0,0
2026-03,"(10.0, 14.0]",Asia,unclassified,-1,30,32,0,0,0,0
2026-03,"(10.0, 14.0]",Asia-London,CONTRACTING,-1,30,6,0,0,0,0
2026-03,"(10.0, 14.0]",Asia-London,EXPANDING,-1,30,36,0,0,0,0
2026-03,"(10.0, 14.0]",Asia-London,STABLE,-1,30,22,0,0,0,0
2026-03,"(10.0, 14.0]",London,CONTRACTING,-1,30,84,1,1,0,0
2026-03,"(10.0, 14.0]",London,EXPANDING,-1,30,72,6,0,6,0
2026-03,"(10.0, 14.0]",London,STABLE,-1,30,212,0,0,0,0
2026-03,"(10.0, 14.0]",London-NY,CONTRACTING,-1,30,3,0,0,0,0
2026-03,"(10.0, 14.0]",London-NY,EXPANDING,-1,30,23,0,0,0,0
2026-03,"(10.0, 14.0]",London-NY,STABLE,-1,30,49,1,0,1,0
2026-03,"(10.0, 14.0]",NY,CONTRACTING,-1,30,46,0,0,0,0
2026-03,"(10.0, 14.0]",NY,EXPANDING,-1,30,4,1,0,1,0
2026-03,"(10.0, 14.0]",NY,STABLE,-1,30,37,0,0,0,0
2026-03,"(10.0, 14.0]",NY-Asia,CONTRACTING,-1,30,36,0,0,0,0
2026-03,"(10.0, 14.0]",NY-Asia,EXPANDING,-1,30,16,1,0,1,0
2026-03,"(10.0, 14.0]",NY-Asia,STABLE,-1,30,144,2,1,1,0
2026-03,"(14.0, inf]",Asia,CONTRACTING,-1,30,274,10,4,6,0
2026-03,"(14.0, inf]",Asia,EXPANDING,-1,30,245,1,1,0,0
2026-03,"(14.0, inf]",Asia,STABLE,-1,30,433,9,4,5,0
2026-03,"(14.0, inf]",Asia,unclassified,-1,30,206,11,3,8,0
2026-03,"(14.0, inf]",Asia-London,CONTRACTING,-1,30,33,1,1,0,0
2026-03,"(14.0, inf]",Asia-London,EXPANDING,-1,30,99,0,0,0,0
2026-03,"(14.0, inf]",Asia-London,STABLE,-1,30,35,1,1,0,0
2026-03,"(14.0, inf]",London,CONTRACTING,-1,30,114,1,0,1,0
2026-03,"(14.0, inf]",London,EXPANDING,-1,30,234,7,5,2,0
2026-03,"(14.0, inf]",London,STABLE,-1,30,439,8,0,8,0
2026-03,"(14.0, inf]",London-NY,CONTRACTING,-1,30,53,3,0,3,0
2026-03,"(14.0, inf]",London-NY,EXPANDING,-1,30,129,3,2,1,0
2026-03,"(14.0, inf]",London-NY,STABLE,-1,30,123,1,0,1,0
2026-03,"(14.0, inf]",NY,CONTRACTING,-1,30,262,6,0,6,0
2026-03,"(14.0, inf]",NY,EXPANDING,-1,30,226,4,4,0,0
2026-03,"(14.0, inf]",NY,STABLE,-1,30,462,8,4,4,0
2026-03,"(14.0, inf]",NY-Asia,CONTRACTING,-1,30,91,2,2,0,0
2026-03,"(14.0, inf]",NY-Asia,EXPANDING,-1,30,115,3,0,3,0
2026-03,"(14.0, inf]",NY-Asia,STABLE,-1,30,311,8,0,8,0
2026-03,unclassified,Asia,unclassified,-1,30,115,3,0,3,0
2026-03,"(0.0, 7.0]",Asia,CONTRACTING,-1,60,57,0,0,0,0
2026-03,"(0.0, 7.0]",Asia,EXPANDING,-1,60,1,0,0,0,0
2026-03,"(0.0, 7.0]",Asia,STABLE,-1,60,33,0,0,0,0
2026-03,"(0.0, 7.0]",London,CONTRACTING,-1,60,11,0,0,0,0
2026-03,"(0.0, 7.0]",NY-Asia,CONTRACTING,-1,60,18,0,0,0,0
2026-03,"(0.0, 7.0]",NY-Asia,STABLE,-1,60,16,0,0,0,0
2026-03,"(7.0, 10.0]",Asia,CONTRACTING,-1,60,112,0,0,0,0
2026-03,"(7.0, 10.0]",Asia,EXPANDING,-1,60,56,0,0,0,0
2026-03,"(7.0, 10.0]",Asia,STABLE,-1,60,118,0,0,0,0
2026-03,"(7.0, 10.0]",Asia,unclassified,-1,60,15,0,0,0,0
2026-03,"(7.0, 10.0]",Asia-London,EXPANDING,-1,60,4,0,0,0,0
2026-03,"(7.0, 10.0]",Asia-London,STABLE,-1,60,29,0,0,0,0
2026-03,"(7.0, 10.0]",London,CONTRACTING,-1,60,52,0,0,0,0
2026-03,"(7.0, 10.0]",London,EXPANDING,-1,60,4,0,0,0,0
2026-03,"(7.0, 10.0]",London,STABLE,-1,60,98,0,0,0,0
2026-03,"(7.0, 10.0]",London-NY,CONTRACTING,-1,60,5,0,0,0,0
2026-03,"(7.0, 10.0]",London-NY,EXPANDING,-1,60,3,0,0,0,0
2026-03,"(7.0, 10.0]",London-NY,STABLE,-1,60,8,0,0,0,0
2026-03,"(7.0, 10.0]",NY,CONTRACTING,-1,60,18,0,0,0,0
2026-03,"(7.0, 10.0]",NY,STABLE,-1,60,1,0,0,0,0
2026-03,"(7.0, 10.0]",NY-Asia,CONTRACTING,-1,60,8,0,0,0,0
2026-03,"(7.0, 10.0]",NY-Asia,STABLE,-1,60,21,0,0,0,0
2026-03,"(10.0, 14.0]",Asia,CONTRACTING,-1,60,150,1,1,0,0
2026-03,"(10.0, 14.0]",Asia,EXPANDING,-1,60,72,0,0,0,0
2026-03,"(10.0, 14.0]",Asia,STABLE,-1,60,211,0,0,0,0
2026-03,"(10.0, 14.0]",Asia,unclassified,-1,60,32,0,0,0,0
2026-03,"(10.0, 14.0]",Asia-London,CONTRACTING,-1,60,6,0,0,0,0
2026-03,"(10.0, 14.0]",Asia-London,EXPANDING,-1,60,36,0,0,0,0
2026-03,"(10.0, 14.0]",Asia-London,STABLE,-1,60,22,0,0,0,0
2026-03,"(10.0, 14.0]",London,CONTRACTING,-1,60,84,0,0,0,0
2026-03,"(10.0, 14.0]",London,EXPANDING,-1,60,72,0,0,0,0
2026-03,"(10.0, 14.0]",London,STABLE,-1,60,212,0,0,0,0
2026-03,"(10.0, 14.0]",London-NY,CONTRACTING,-1,60,3,0,0,0,0
2026-03,"(10.0, 14.0]",London-NY,EXPANDING,-1,60,23,0,0,0,0
2026-03,"(10.0, 14.0]",London-NY,STABLE,-1,60,49,0,0,0,0
2026-03,"(10.0, 14.0]",NY,CONTRACTING,-1,60,46,0,0,0,0
2026-03,"(10.0, 14.0]",NY,EXPANDING,-1,60,4,0,0,0,0
2026-03,"(10.0, 14.0]",NY,STABLE,-1,60,37,1,0,1,0
2026-03,"(10.0, 14.0]",NY-Asia,CONTRACTING,-1,60,26,0,0,0,0
2026-03,"(10.0, 14.0]",NY-Asia,EXPANDING,-1,60,15,1,0,1,0
2026-03,"(10.0, 14.0]",NY-Asia,STABLE,-1,60,122,0,0,0,0
2026-03,"(14.0, inf]",Asia,CONTRACTING,-1,60,274,1,1,0,0
2026-03,"(14.0, inf]",Asia,EXPANDING,-1,60,245,0,0,0,0
2026-03,"(14.0, inf]",Asia,STABLE,-1,60,431,2,1,1,0
2026-03,"(14.0, inf]",Asia,unclassified,-1,60,202,1,0,1,0
2026-03,"(14.0, inf]",Asia-London,CONTRACTING,-1,60,33,0,0,0,0
2026-03,"(14.0, inf]",Asia-London,EXPANDING,-1,60,99,0,0,0,0
2026-03,"(14.0, inf]",Asia-London,STABLE,-1,60,35,0,0,0,0
2026-03,"(14.0, inf]",London,CONTRACTING,-1,60,114,4,0,4,0
2026-03,"(14.0, inf]",London,EXPANDING,-1,60,234,0,0,0,0
2026-03,"(14.0, inf]",London,STABLE,-1,60,439,8,0,8,0
2026-03,"(14.0, inf]",London-NY,CONTRACTING,-1,60,53,0,0,0,0
2026-03,"(14.0, inf]",London-NY,EXPANDING,-1,60,129,0,0,0,0
2026-03,"(14.0, inf]",London-NY,STABLE,-1,60,123,0,0,0,0
2026-03,"(14.0, inf]",NY,CONTRACTING,-1,60,262,2,0,2,0
2026-03,"(14.0, inf]",NY,EXPANDING,-1,60,226,0,0,0,0
2026-03,"(14.0, inf]",NY,STABLE,-1,60,462,4,0,4,0
2026-03,"(14.0, inf]",NY-Asia,CONTRACTING,-1,60,68,0,0,0,0
2026-03,"(14.0, inf]",NY-Asia,EXPANDING,-1,60,98,0,0,0,0
2026-03,"(14.0, inf]",NY-Asia,STABLE,-1,60,268,4,0,4,0
2026-03,unclassified,Asia,unclassified,-1,60,115,0,0,0,0
2026-04,"(0.0, 7.0]",Asia,CONTRACTING,1,15,135,10,4,6,0
2026-04,"(0.0, 7.0]",Asia,EXPANDING,1,15,12,4,2,2,0
2026-04,"(0.0, 7.0]",Asia,STABLE,1,15,99,9,3,6,0
2026-04,"(0.0, 7.0]",Asia,unclassified,1,15,38,5,2,3,0
2026-04,"(0.0, 7.0]",Asia-London,CONTRACTING,1,15,1,0,0,0,0
2026-04,"(0.0, 7.0]",Asia-London,EXPANDING,1,15,1,0,0,0,0
2026-04,"(0.0, 7.0]",London,CONTRACTING,1,15,19,3,2,1,0
2026-04,"(0.0, 7.0]",London,STABLE,1,15,19,0,0,0,0
2026-04,"(0.0, 7.0]",NY,CONTRACTING,1,15,5,1,1,0,0
2026-04,"(0.0, 7.0]",NY-Asia,CONTRACTING,1,15,70,5,5,0,0
2026-04,"(0.0, 7.0]",NY-Asia,EXPANDING,1,15,1,0,0,0,0
2026-04,"(0.0, 7.0]",NY-Asia,STABLE,1,15,77,14,9,5,0
2026-04,"(7.0, 10.0]",Asia,CONTRACTING,1,15,189,18,12,6,0
2026-04,"(7.0, 10.0]",Asia,EXPANDING,1,15,127,18,8,10,0
2026-04,"(7.0, 10.0]",Asia,STABLE,1,15,228,24,17,7,0
2026-04,"(7.0, 10.0]",Asia,unclassified,1,15,70,7,4,3,0
2026-04,"(7.0, 10.0]",Asia-London,CONTRACTING,1,15,10,0,0,0,0
2026-04,"(7.0, 10.0]",Asia-London,EXPANDING,1,15,21,0,0,0,0
2026-04,"(7.0, 10.0]",Asia-London,STABLE,1,15,37,4,1,3,0
2026-04,"(7.0, 10.0]",London,CONTRACTING,1,15,91,12,10,2,0
2026-04,"(7.0, 10.0]",London,EXPANDING,1,15,28,6,2,4,0
2026-04,"(7.0, 10.0]",London,STABLE,1,15,238,21,16,5,0
2026-04,"(7.0, 10.0]",London-NY,EXPANDING,1,15,11,1,1,0,0
2026-04,"(7.0, 10.0]",London-NY,STABLE,1,15,25,5,3,2,0
2026-04,"(7.0, 10.0]",NY,CONTRACTING,1,15,42,5,3,2,0
2026-04,"(7.0, 10.0]",NY,STABLE,1,15,13,0,0,0,0
2026-04,"(7.0, 10.0]",NY-Asia,CONTRACTING,1,15,116,10,5,5,0
2026-04,"(7.0, 10.0]",NY-Asia,EXPANDING,1,15,24,3,1,2,0
2026-04,"(7.0, 10.0]",NY-Asia,STABLE,1,15,112,21,10,11,0
2026-04,"(10.0, 14.0]",Asia,CONTRACTING,1,15,134,16,8,8,0
2026-04,"(10.0, 14.0]",Asia,EXPANDING,1,15,126,11,4,7,0
2026-04,"(10.0, 14.0]",Asia,STABLE,1,15,197,18,10,8,0
2026-04,"(10.0, 14.0]",Asia,unclassified,1,15,48,2,0,2,0
2026-04,"(10.0, 14.0]",Asia-London,CONTRACTING,1,15,7,0,0,0,0
2026-04,"(10.0, 14.0]",Asia-London,EXPANDING,1,15,62,6,2,4,0
2026-04,"(10.0, 14.0]",Asia-London,STABLE,1,15,33,1,1,0,0
2026-04,"(10.0, 14.0]",London,CONTRACTING,1,15,107,11,5,6,0
2026-04,"(10.0, 14.0]",London,EXPANDING,1,15,103,12,4,8,0
2026-04,"(10.0, 14.0]",London,STABLE,1,15,330,23,9,14,0
2026-04,"(10.0, 14.0]",London-NY,CONTRACTING,1,15,14,0,0,0,0
2026-04,"(10.0, 14.0]",London-NY,EXPANDING,1,15,64,5,1,4,0
2026-04,"(10.0, 14.0]",London-NY,STABLE,1,15,49,6,1,5,0
2026-04,"(10.0, 14.0]",NY,CONTRACTING,1,15,146,17,11,6,0
2026-04,"(10.0, 14.0]",NY,EXPANDING,1,15,22,2,2,0,0
2026-04,"(10.0, 14.0]",NY,STABLE,1,15,108,12,5,7,0
2026-04,"(10.0, 14.0]",NY-Asia,CONTRACTING,1,15,93,9,7,2,0
2026-04,"(10.0, 14.0]",NY-Asia,EXPANDING,1,15,21,2,1,1,0
2026-04,"(10.0, 14.0]",NY-Asia,STABLE,1,15,106,15,4,11,0
2026-04,"(14.0, inf]",Asia,CONTRACTING,1,15,121,11,9,2,0
2026-04,"(14.0, inf]",Asia,EXPANDING,1,15,150,10,6,4,0
2026-04,"(14.0, inf]",Asia,STABLE,1,15,143,12,7,5,0
2026-04,"(14.0, inf]",Asia,unclassified,1,15,86,13,7,6,0
2026-04,"(14.0, inf]",Asia-London,CONTRACTING,1,15,2,0,0,0,0
2026-04,"(14.0, inf]",Asia-London,EXPANDING,1,15,53,3,3,0,0
2026-04,"(14.0, inf]",Asia-London,STABLE,1,15,25,4,3,1,0
2026-04,"(14.0, inf]",London,CONTRACTING,1,15,32,4,2,2,0
2026-04,"(14.0, inf]",London,EXPANDING,1,15,122,14,6,8,0
2026-04,"(14.0, inf]",London,STABLE,1,15,171,20,12,8,0
2026-04,"(14.0, inf]",London-NY,CONTRACTING,1,15,6,1,0,1,0
2026-04,"(14.0, inf]",London-NY,EXPANDING,1,15,122,8,6,2,0
2026-04,"(14.0, inf]",London-NY,STABLE,1,15,87,14,6,8,0
2026-04,"(14.0, inf]",NY,CONTRACTING,1,15,120,17,10,7,0
2026-04,"(14.0, inf]",NY,EXPANDING,1,15,196,15,12,3,0
2026-04,"(14.0, inf]",NY,STABLE,1,15,356,41,20,21,0
2026-04,"(14.0, inf]",NY-Asia,CONTRACTING,1,15,28,2,2,0,0
2026-04,"(14.0, inf]",NY-Asia,EXPANDING,1,15,101,15,4,11,0
2026-04,"(14.0, inf]",NY-Asia,STABLE,1,15,70,6,5,1,0
2026-04,unclassified,Asia,unclassified,1,15,110,19,14,5,0
2026-04,"(0.0, 7.0]",Asia,CONTRACTING,1,30,132,1,0,1,0
2026-04,"(0.0, 7.0]",Asia,EXPANDING,1,30,12,0,0,0,0
2026-04,"(0.0, 7.0]",Asia,STABLE,1,30,99,0,0,0,0
2026-04,"(0.0, 7.0]",Asia,unclassified,1,30,38,1,1,0,0
2026-04,"(0.0, 7.0]",Asia-London,CONTRACTING,1,30,1,0,0,0,0
2026-04,"(0.0, 7.0]",Asia-London,EXPANDING,1,30,1,0,0,0,0
2026-04,"(0.0, 7.0]",London,CONTRACTING,1,30,19,0,0,0,0
2026-04,"(0.0, 7.0]",London,STABLE,1,30,19,0,0,0,0
2026-04,"(0.0, 7.0]",NY,CONTRACTING,1,30,5,0,0,0,0
2026-04,"(0.0, 7.0]",NY-Asia,CONTRACTING,1,30,60,0,0,0,0
2026-04,"(0.0, 7.0]",NY-Asia,EXPANDING,1,30,1,0,0,0,0
2026-04,"(0.0, 7.0]",NY-Asia,STABLE,1,30,58,2,1,1,0
2026-04,"(7.0, 10.0]",Asia,CONTRACTING,1,30,189,7,5,2,0
2026-04,"(7.0, 10.0]",Asia,EXPANDING,1,30,127,4,3,1,0
2026-04,"(7.0, 10.0]",Asia,STABLE,1,30,228,3,3,0,0
2026-04,"(7.0, 10.0]",Asia,unclassified,1,30,70,2,2,0,0
2026-04,"(7.0, 10.0]",Asia-London,CONTRACTING,1,30,10,0,0,0,0
2026-04,"(7.0, 10.0]",Asia-London,EXPANDING,1,30,21,0,0,0,0
2026-04,"(7.0, 10.0]",Asia-London,STABLE,1,30,37,0,0,0,0
2026-04,"(7.0, 10.0]",London,CONTRACTING,1,30,91,0,0,0,0
2026-04,"(7.0, 10.0]",London,EXPANDING,1,30,28,0,0,0,0
2026-04,"(7.0, 10.0]",London,STABLE,1,30,238,4,4,0,0
2026-04,"(7.0, 10.0]",London-NY,EXPANDING,1,30,11,0,0,0,0
2026-04,"(7.0, 10.0]",London-NY,STABLE,1,30,25,1,1,0,0
2026-04,"(7.0, 10.0]",NY,CONTRACTING,1,30,42,1,1,0,0
2026-04,"(7.0, 10.0]",NY,STABLE,1,30,13,0,0,0,0
2026-04,"(7.0, 10.0]",NY-Asia,CONTRACTING,1,30,105,1,0,1,0
2026-04,"(7.0, 10.0]",NY-Asia,EXPANDING,1,30,18,0,0,0,0
2026-04,"(7.0, 10.0]",NY-Asia,STABLE,1,30,108,6,3,3,0
2026-04,"(10.0, 14.0]",Asia,CONTRACTING,1,30,134,1,1,0,0
2026-04,"(10.0, 14.0]",Asia,EXPANDING,1,30,126,2,1,1,0
2026-04,"(10.0, 14.0]",Asia,STABLE,1,30,197,0,0,0,0
2026-04,"(10.0, 14.0]",Asia,unclassified,1,30,48,0,0,0,0
2026-04,"(10.0, 14.0]",Asia-London,CONTRACTING,1,30,7,0,0,0,0
2026-04,"(10.0, 14.0]",Asia-London,EXPANDING,1,30,62,0,0,0,0
2026-04,"(10.0, 14.0]",Asia-London,STABLE,1,30,33,0,0,0,0
2026-04,"(10.0, 14.0]",London,CONTRACTING,1,30,107,0,0,0,0
2026-04,"(10.0, 14.0]",London,EXPANDING,1,30,103,2,0,2,0
2026-04,"(10.0, 14.0]",London,STABLE,1,30,330,1,1,0,0
2026-04,"(10.0, 14.0]",London-NY,CONTRACTING,1,30,14,0,0,0,0
2026-04,"(10.0, 14.0]",London-NY,EXPANDING,1,30,64,3,0,3,0
2026-04,"(10.0, 14.0]",London-NY,STABLE,1,30,49,2,1,1,0
2026-04,"(10.0, 14.0]",NY,CONTRACTING,1,30,146,1,0,1,0
2026-04,"(10.0, 14.0]",NY,EXPANDING,1,30,22,0,0,0,0
2026-04,"(10.0, 14.0]",NY,STABLE,1,30,108,2,2,0,0
2026-04,"(10.0, 14.0]",NY-Asia,CONTRACTING,1,30,89,2,1,1,0
2026-04,"(10.0, 14.0]",NY-Asia,EXPANDING,1,30,21,0,0,0,0
2026-04,"(10.0, 14.0]",NY-Asia,STABLE,1,30,103,7,1,6,0
2026-04,"(14.0, inf]",Asia,CONTRACTING,1,30,121,0,0,0,0
2026-04,"(14.0, inf]",Asia,EXPANDING,1,30,150,1,1,0,0
2026-04,"(14.0, inf]",Asia,STABLE,1,30,143,4,1,3,0
2026-04,"(14.0, inf]",Asia,unclassified,1,30,86,0,0,0,0
2026-04,"(14.0, inf]",Asia-London,CONTRACTING,1,30,2,0,0,0,0
2026-04,"(14.0, inf]",Asia-London,EXPANDING,1,30,53,0,0,0,0
2026-04,"(14.0, inf]",Asia-London,STABLE,1,30,25,1,1,0,0
2026-04,"(14.0, inf]",London,CONTRACTING,1,30,32,0,0,0,0
2026-04,"(14.0, inf]",London,EXPANDING,1,30,122,6,5,1,0
2026-04,"(14.0, inf]",London,STABLE,1,30,171,8,6,2,0
2026-04,"(14.0, inf]",London-NY,CONTRACTING,1,30,6,0,0,0,0
2026-04,"(14.0, inf]",London-NY,EXPANDING,1,30,122,1,1,0,0
2026-04,"(14.0, inf]",London-NY,STABLE,1,30,87,4,3,1,0
2026-04,"(14.0, inf]",NY,CONTRACTING,1,30,120,6,1,5,0
2026-04,"(14.0, inf]",NY,EXPANDING,1,30,196,0,0,0,0
2026-04,"(14.0, inf]",NY,STABLE,1,30,356,14,5,9,0
2026-04,"(14.0, inf]",NY-Asia,CONTRACTING,1,30,28,0,0,0,0
2026-04,"(14.0, inf]",NY-Asia,EXPANDING,1,30,100,5,2,3,0
2026-04,"(14.0, inf]",NY-Asia,STABLE,1,30,65,0,0,0,0
2026-04,unclassified,Asia,unclassified,1,30,110,6,4,2,0
2026-04,"(0.0, 7.0]",Asia,CONTRACTING,1,60,130,0,0,0,0
2026-04,"(0.0, 7.0]",Asia,EXPANDING,1,60,12,0,0,0,0
2026-04,"(0.0, 7.0]",Asia,STABLE,1,60,99,0,0,0,0
2026-04,"(0.0, 7.0]",Asia,unclassified,1,60,34,0,0,0,0
2026-04,"(0.0, 7.0]",Asia-London,CONTRACTING,1,60,1,0,0,0,0
2026-04,"(0.0, 7.0]",Asia-London,EXPANDING,1,60,1,0,0,0,0
2026-04,"(0.0, 7.0]",London,CONTRACTING,1,60,19,0,0,0,0
2026-04,"(0.0, 7.0]",London,STABLE,1,60,19,0,0,0,0
2026-04,"(0.0, 7.0]",NY,CONTRACTING,1,60,5,0,0,0,0
2026-04,"(0.0, 7.0]",NY-Asia,CONTRACTING,1,60,53,0,0,0,0
2026-04,"(0.0, 7.0]",NY-Asia,STABLE,1,60,24,0,0,0,0
2026-04,"(7.0, 10.0]",Asia,CONTRACTING,1,60,189,0,0,0,0
2026-04,"(7.0, 10.0]",Asia,EXPANDING,1,60,127,1,1,0,0
2026-04,"(7.0, 10.0]",Asia,STABLE,1,60,228,1,0,1,0
2026-04,"(7.0, 10.0]",Asia,unclassified,1,60,70,0,0,0,0
2026-04,"(7.0, 10.0]",Asia-London,CONTRACTING,1,60,10,0,0,0,0
2026-04,"(7.0, 10.0]",Asia-London,EXPANDING,1,60,21,0,0,0,0
2026-04,"(7.0, 10.0]",Asia-London,STABLE,1,60,37,0,0,0,0
2026-04,"(7.0, 10.0]",London,CONTRACTING,1,60,91,0,0,0,0
2026-04,"(7.0, 10.0]",London,EXPANDING,1,60,28,0,0,0,0
2026-04,"(7.0, 10.0]",London,STABLE,1,60,238,1,1,0,0
2026-04,"(7.0, 10.0]",London-NY,EXPANDING,1,60,11,0,0,0,0
2026-04,"(7.0, 10.0]",London-NY,STABLE,1,60,25,0,0,0,0
2026-04,"(7.0, 10.0]",NY,CONTRACTING,1,60,42,0,0,0,0
2026-04,"(7.0, 10.0]",NY,STABLE,1,60,13,0,0,0,0
2026-04,"(7.0, 10.0]",NY-Asia,CONTRACTING,1,60,94,0,0,0,0
2026-04,"(7.0, 10.0]",NY-Asia,EXPANDING,1,60,17,0,0,0,0
2026-04,"(7.0, 10.0]",NY-Asia,STABLE,1,60,80,1,1,0,0
2026-04,"(10.0, 14.0]",Asia,CONTRACTING,1,60,134,0,0,0,0
2026-04,"(10.0, 14.0]",Asia,EXPANDING,1,60,126,0,0,0,0
2026-04,"(10.0, 14.0]",Asia,STABLE,1,60,197,0,0,0,0
2026-04,"(10.0, 14.0]",Asia,unclassified,1,60,48,0,0,0,0
2026-04,"(10.0, 14.0]",Asia-London,CONTRACTING,1,60,7,0,0,0,0
2026-04,"(10.0, 14.0]",Asia-London,EXPANDING,1,60,62,0,0,0,0
2026-04,"(10.0, 14.0]",Asia-London,STABLE,1,60,33,0,0,0,0
2026-04,"(10.0, 14.0]",London,CONTRACTING,1,60,107,0,0,0,0
2026-04,"(10.0, 14.0]",London,EXPANDING,1,60,103,0,0,0,0
2026-04,"(10.0, 14.0]",London,STABLE,1,60,330,0,0,0,0
2026-04,"(10.0, 14.0]",London-NY,CONTRACTING,1,60,14,0,0,0,0
2026-04,"(10.0, 14.0]",London-NY,EXPANDING,1,60,64,0,0,0,0
2026-04,"(10.0, 14.0]",London-NY,STABLE,1,60,49,3,3,0,0
2026-04,"(10.0, 14.0]",NY,CONTRACTING,1,60,146,0,0,0,0
2026-04,"(10.0, 14.0]",NY,EXPANDING,1,60,22,0,0,0,0
2026-04,"(10.0, 14.0]",NY,STABLE,1,60,108,0,0,0,0
2026-04,"(10.0, 14.0]",NY-Asia,CONTRACTING,1,60,66,0,0,0,0
2026-04,"(10.0, 14.0]",NY-Asia,EXPANDING,1,60,21,0,0,0,0
2026-04,"(10.0, 14.0]",NY-Asia,STABLE,1,60,97,4,0,4,0
2026-04,"(14.0, inf]",Asia,CONTRACTING,1,60,121,0,0,0,0
2026-04,"(14.0, inf]",Asia,EXPANDING,1,60,150,0,0,0,0
2026-04,"(14.0, inf]",Asia,STABLE,1,60,143,0,0,0,0
2026-04,"(14.0, inf]",Asia,unclassified,1,60,86,0,0,0,0
2026-04,"(14.0, inf]",Asia-London,CONTRACTING,1,60,2,0,0,0,0
2026-04,"(14.0, inf]",Asia-London,EXPANDING,1,60,53,0,0,0,0
2026-04,"(14.0, inf]",Asia-London,STABLE,1,60,25,1,1,0,0
2026-04,"(14.0, inf]",London,CONTRACTING,1,60,32,0,0,0,0
2026-04,"(14.0, inf]",London,EXPANDING,1,60,122,1,1,0,0
2026-04,"(14.0, inf]",London,STABLE,1,60,171,0,0,0,0
2026-04,"(14.0, inf]",London-NY,CONTRACTING,1,60,6,0,0,0,0
2026-04,"(14.0, inf]",London-NY,EXPANDING,1,60,122,0,0,0,0
2026-04,"(14.0, inf]",London-NY,STABLE,1,60,87,2,2,0,0
2026-04,"(14.0, inf]",NY,CONTRACTING,1,60,120,0,0,0,0
2026-04,"(14.0, inf]",NY,EXPANDING,1,60,196,0,0,0,0
2026-04,"(14.0, inf]",NY,STABLE,1,60,356,3,1,2,0
2026-04,"(14.0, inf]",NY-Asia,CONTRACTING,1,60,26,0,0,0,0
2026-04,"(14.0, inf]",NY-Asia,EXPANDING,1,60,90,1,0,1,0
2026-04,"(14.0, inf]",NY-Asia,STABLE,1,60,62,0,0,0,0
2026-04,unclassified,Asia,unclassified,1,60,110,0,0,0,0
2026-04,"(0.0, 7.0]",Asia,CONTRACTING,-1,15,135,10,6,4,0
2026-04,"(0.0, 7.0]",Asia,EXPANDING,-1,15,12,4,2,2,0
2026-04,"(0.0, 7.0]",Asia,STABLE,-1,15,99,9,6,3,0
2026-04,"(0.0, 7.0]",Asia,unclassified,-1,15,38,5,3,2,0
2026-04,"(0.0, 7.0]",Asia-London,CONTRACTING,-1,15,1,0,0,0,0
2026-04,"(0.0, 7.0]",Asia-London,EXPANDING,-1,15,1,0,0,0,0
2026-04,"(0.0, 7.0]",London,CONTRACTING,-1,15,19,3,1,2,0
2026-04,"(0.0, 7.0]",London,STABLE,-1,15,19,0,0,0,0
2026-04,"(0.0, 7.0]",NY,CONTRACTING,-1,15,5,1,0,1,0
2026-04,"(0.0, 7.0]",NY-Asia,CONTRACTING,-1,15,70,5,0,5,0
2026-04,"(0.0, 7.0]",NY-Asia,EXPANDING,-1,15,1,0,0,0,0
2026-04,"(0.0, 7.0]",NY-Asia,STABLE,-1,15,77,14,5,9,0
2026-04,"(7.0, 10.0]",Asia,CONTRACTING,-1,15,189,18,6,12,0
2026-04,"(7.0, 10.0]",Asia,EXPANDING,-1,15,127,18,10,8,0
2026-04,"(7.0, 10.0]",Asia,STABLE,-1,15,228,24,7,17,0
2026-04,"(7.0, 10.0]",Asia,unclassified,-1,15,70,7,3,4,0
2026-04,"(7.0, 10.0]",Asia-London,CONTRACTING,-1,15,10,0,0,0,0
2026-04,"(7.0, 10.0]",Asia-London,EXPANDING,-1,15,21,0,0,0,0
2026-04,"(7.0, 10.0]",Asia-London,STABLE,-1,15,37,4,3,1,0
2026-04,"(7.0, 10.0]",London,CONTRACTING,-1,15,91,12,2,10,0
2026-04,"(7.0, 10.0]",London,EXPANDING,-1,15,28,6,4,2,0
2026-04,"(7.0, 10.0]",London,STABLE,-1,15,238,21,5,16,0
2026-04,"(7.0, 10.0]",London-NY,EXPANDING,-1,15,11,1,0,1,0
2026-04,"(7.0, 10.0]",London-NY,STABLE,-1,15,25,5,2,3,0
2026-04,"(7.0, 10.0]",NY,CONTRACTING,-1,15,42,5,2,3,0
2026-04,"(7.0, 10.0]",NY,STABLE,-1,15,13,0,0,0,0
2026-04,"(7.0, 10.0]",NY-Asia,CONTRACTING,-1,15,116,10,5,5,0
2026-04,"(7.0, 10.0]",NY-Asia,EXPANDING,-1,15,24,3,2,1,0
2026-04,"(7.0, 10.0]",NY-Asia,STABLE,-1,15,112,21,11,10,0
2026-04,"(10.0, 14.0]",Asia,CONTRACTING,-1,15,134,16,8,8,0
2026-04,"(10.0, 14.0]",Asia,EXPANDING,-1,15,126,11,7,4,0
2026-04,"(10.0, 14.0]",Asia,STABLE,-1,15,197,18,8,10,0
2026-04,"(10.0, 14.0]",Asia,unclassified,-1,15,48,2,2,0,0
2026-04,"(10.0, 14.0]",Asia-London,CONTRACTING,-1,15,7,0,0,0,0
2026-04,"(10.0, 14.0]",Asia-London,EXPANDING,-1,15,62,6,4,2,0
2026-04,"(10.0, 14.0]",Asia-London,STABLE,-1,15,33,1,0,1,0
2026-04,"(10.0, 14.0]",London,CONTRACTING,-1,15,107,11,6,5,0
2026-04,"(10.0, 14.0]",London,EXPANDING,-1,15,103,12,8,4,0
2026-04,"(10.0, 14.0]",London,STABLE,-1,15,330,23,14,9,0
2026-04,"(10.0, 14.0]",London-NY,CONTRACTING,-1,15,14,0,0,0,0
2026-04,"(10.0, 14.0]",London-NY,EXPANDING,-1,15,64,5,4,1,0
2026-04,"(10.0, 14.0]",London-NY,STABLE,-1,15,49,6,5,1,0
2026-04,"(10.0, 14.0]",NY,CONTRACTING,-1,15,146,17,6,11,0
2026-04,"(10.0, 14.0]",NY,EXPANDING,-1,15,22,2,0,2,0
2026-04,"(10.0, 14.0]",NY,STABLE,-1,15,108,12,7,5,0
2026-04,"(10.0, 14.0]",NY-Asia,CONTRACTING,-1,15,93,9,2,7,0
2026-04,"(10.0, 14.0]",NY-Asia,EXPANDING,-1,15,21,2,1,1,0
2026-04,"(10.0, 14.0]",NY-Asia,STABLE,-1,15,106,15,11,4,0
2026-04,"(14.0, inf]",Asia,CONTRACTING,-1,15,121,11,2,9,0
2026-04,"(14.0, inf]",Asia,EXPANDING,-1,15,150,10,4,6,0
2026-04,"(14.0, inf]",Asia,STABLE,-1,15,143,12,5,7,0
2026-04,"(14.0, inf]",Asia,unclassified,-1,15,86,13,6,7,0
2026-04,"(14.0, inf]",Asia-London,CONTRACTING,-1,15,2,0,0,0,0
2026-04,"(14.0, inf]",Asia-London,EXPANDING,-1,15,53,3,0,3,0
2026-04,"(14.0, inf]",Asia-London,STABLE,-1,15,25,4,1,3,0
2026-04,"(14.0, inf]",London,CONTRACTING,-1,15,32,4,2,2,0
2026-04,"(14.0, inf]",London,EXPANDING,-1,15,122,14,8,6,0
2026-04,"(14.0, inf]",London,STABLE,-1,15,171,20,8,12,0
2026-04,"(14.0, inf]",London-NY,CONTRACTING,-1,15,6,1,1,0,0
2026-04,"(14.0, inf]",London-NY,EXPANDING,-1,15,122,8,2,6,0
2026-04,"(14.0, inf]",London-NY,STABLE,-1,15,87,14,8,6,0
2026-04,"(14.0, inf]",NY,CONTRACTING,-1,15,120,17,7,10,0
2026-04,"(14.0, inf]",NY,EXPANDING,-1,15,196,15,3,12,0
2026-04,"(14.0, inf]",NY,STABLE,-1,15,356,41,21,20,0
2026-04,"(14.0, inf]",NY-Asia,CONTRACTING,-1,15,28,2,0,2,0
2026-04,"(14.0, inf]",NY-Asia,EXPANDING,-1,15,101,15,11,4,0
2026-04,"(14.0, inf]",NY-Asia,STABLE,-1,15,70,6,1,5,0
2026-04,unclassified,Asia,unclassified,-1,15,110,19,5,14,0
2026-04,"(0.0, 7.0]",Asia,CONTRACTING,-1,30,132,1,1,0,0
2026-04,"(0.0, 7.0]",Asia,EXPANDING,-1,30,12,0,0,0,0
2026-04,"(0.0, 7.0]",Asia,STABLE,-1,30,99,0,0,0,0
2026-04,"(0.0, 7.0]",Asia,unclassified,-1,30,38,1,0,1,0
2026-04,"(0.0, 7.0]",Asia-London,CONTRACTING,-1,30,1,0,0,0,0
2026-04,"(0.0, 7.0]",Asia-London,EXPANDING,-1,30,1,0,0,0,0
2026-04,"(0.0, 7.0]",London,CONTRACTING,-1,30,19,0,0,0,0
2026-04,"(0.0, 7.0]",London,STABLE,-1,30,19,0,0,0,0
2026-04,"(0.0, 7.0]",NY,CONTRACTING,-1,30,5,0,0,0,0
2026-04,"(0.0, 7.0]",NY-Asia,CONTRACTING,-1,30,60,0,0,0,0
2026-04,"(0.0, 7.0]",NY-Asia,EXPANDING,-1,30,1,0,0,0,0
2026-04,"(0.0, 7.0]",NY-Asia,STABLE,-1,30,58,2,1,1,0
2026-04,"(7.0, 10.0]",Asia,CONTRACTING,-1,30,189,7,2,5,0
2026-04,"(7.0, 10.0]",Asia,EXPANDING,-1,30,127,4,1,3,0
2026-04,"(7.0, 10.0]",Asia,STABLE,-1,30,228,3,0,3,0
2026-04,"(7.0, 10.0]",Asia,unclassified,-1,30,70,2,0,2,0
2026-04,"(7.0, 10.0]",Asia-London,CONTRACTING,-1,30,10,0,0,0,0
2026-04,"(7.0, 10.0]",Asia-London,EXPANDING,-1,30,21,0,0,0,0
2026-04,"(7.0, 10.0]",Asia-London,STABLE,-1,30,37,0,0,0,0
2026-04,"(7.0, 10.0]",London,CONTRACTING,-1,30,91,0,0,0,0
2026-04,"(7.0, 10.0]",London,EXPANDING,-1,30,28,0,0,0,0
2026-04,"(7.0, 10.0]",London,STABLE,-1,30,238,4,0,4,0
2026-04,"(7.0, 10.0]",London-NY,EXPANDING,-1,30,11,0,0,0,0
2026-04,"(7.0, 10.0]",London-NY,STABLE,-1,30,25,1,0,1,0
2026-04,"(7.0, 10.0]",NY,CONTRACTING,-1,30,42,1,0,1,0
2026-04,"(7.0, 10.0]",NY,STABLE,-1,30,13,0,0,0,0
2026-04,"(7.0, 10.0]",NY-Asia,CONTRACTING,-1,30,105,1,1,0,0
2026-04,"(7.0, 10.0]",NY-Asia,EXPANDING,-1,30,18,0,0,0,0
2026-04,"(7.0, 10.0]",NY-Asia,STABLE,-1,30,108,6,3,3,0
2026-04,"(10.0, 14.0]",Asia,CONTRACTING,-1,30,134,1,0,1,0
2026-04,"(10.0, 14.0]",Asia,EXPANDING,-1,30,126,2,1,1,0
2026-04,"(10.0, 14.0]",Asia,STABLE,-1,30,197,0,0,0,0
2026-04,"(10.0, 14.0]",Asia,unclassified,-1,30,48,0,0,0,0
2026-04,"(10.0, 14.0]",Asia-London,CONTRACTING,-1,30,7,0,0,0,0
2026-04,"(10.0, 14.0]",Asia-London,EXPANDING,-1,30,62,0,0,0,0
2026-04,"(10.0, 14.0]",Asia-London,STABLE,-1,30,33,0,0,0,0
2026-04,"(10.0, 14.0]",London,CONTRACTING,-1,30,107,0,0,0,0
2026-04,"(10.0, 14.0]",London,EXPANDING,-1,30,103,2,2,0,0
2026-04,"(10.0, 14.0]",London,STABLE,-1,30,330,1,0,1,0
2026-04,"(10.0, 14.0]",London-NY,CONTRACTING,-1,30,14,0,0,0,0
2026-04,"(10.0, 14.0]",London-NY,EXPANDING,-1,30,64,3,3,0,0
2026-04,"(10.0, 14.0]",London-NY,STABLE,-1,30,49,2,1,1,0
2026-04,"(10.0, 14.0]",NY,CONTRACTING,-1,30,146,1,1,0,0
2026-04,"(10.0, 14.0]",NY,EXPANDING,-1,30,22,0,0,0,0
2026-04,"(10.0, 14.0]",NY,STABLE,-1,30,108,2,0,2,0
2026-04,"(10.0, 14.0]",NY-Asia,CONTRACTING,-1,30,89,2,1,1,0
2026-04,"(10.0, 14.0]",NY-Asia,EXPANDING,-1,30,21,0,0,0,0
2026-04,"(10.0, 14.0]",NY-Asia,STABLE,-1,30,103,7,6,1,0
2026-04,"(14.0, inf]",Asia,CONTRACTING,-1,30,121,0,0,0,0
2026-04,"(14.0, inf]",Asia,EXPANDING,-1,30,150,1,0,1,0
2026-04,"(14.0, inf]",Asia,STABLE,-1,30,143,4,3,1,0
2026-04,"(14.0, inf]",Asia,unclassified,-1,30,86,0,0,0,0
2026-04,"(14.0, inf]",Asia-London,CONTRACTING,-1,30,2,0,0,0,0
2026-04,"(14.0, inf]",Asia-London,EXPANDING,-1,30,53,0,0,0,0
2026-04,"(14.0, inf]",Asia-London,STABLE,-1,30,25,1,0,1,0
2026-04,"(14.0, inf]",London,CONTRACTING,-1,30,32,0,0,0,0
2026-04,"(14.0, inf]",London,EXPANDING,-1,30,122,6,1,5,0
2026-04,"(14.0, inf]",London,STABLE,-1,30,171,8,2,6,0
2026-04,"(14.0, inf]",London-NY,CONTRACTING,-1,30,6,0,0,0,0
2026-04,"(14.0, inf]",London-NY,EXPANDING,-1,30,122,1,0,1,0
2026-04,"(14.0, inf]",London-NY,STABLE,-1,30,87,4,1,3,0
2026-04,"(14.0, inf]",NY,CONTRACTING,-1,30,120,6,5,1,0
2026-04,"(14.0, inf]",NY,EXPANDING,-1,30,196,0,0,0,0
2026-04,"(14.0, inf]",NY,STABLE,-1,30,356,14,9,5,0
2026-04,"(14.0, inf]",NY-Asia,CONTRACTING,-1,30,28,0,0,0,0
2026-04,"(14.0, inf]",NY-Asia,EXPANDING,-1,30,100,5,3,2,0
2026-04,"(14.0, inf]",NY-Asia,STABLE,-1,30,65,0,0,0,0
2026-04,unclassified,Asia,unclassified,-1,30,110,6,2,4,0
2026-04,"(0.0, 7.0]",Asia,CONTRACTING,-1,60,130,0,0,0,0
2026-04,"(0.0, 7.0]",Asia,EXPANDING,-1,60,12,0,0,0,0
2026-04,"(0.0, 7.0]",Asia,STABLE,-1,60,99,0,0,0,0
2026-04,"(0.0, 7.0]",Asia,unclassified,-1,60,34,0,0,0,0
2026-04,"(0.0, 7.0]",Asia-London,CONTRACTING,-1,60,1,0,0,0,0
2026-04,"(0.0, 7.0]",Asia-London,EXPANDING,-1,60,1,0,0,0,0
2026-04,"(0.0, 7.0]",London,CONTRACTING,-1,60,19,0,0,0,0
2026-04,"(0.0, 7.0]",London,STABLE,-1,60,19,0,0,0,0
2026-04,"(0.0, 7.0]",NY,CONTRACTING,-1,60,5,0,0,0,0
2026-04,"(0.0, 7.0]",NY-Asia,CONTRACTING,-1,60,53,0,0,0,0
2026-04,"(0.0, 7.0]",NY-Asia,STABLE,-1,60,24,0,0,0,0
2026-04,"(7.0, 10.0]",Asia,CONTRACTING,-1,60,189,0,0,0,0
2026-04,"(7.0, 10.0]",Asia,EXPANDING,-1,60,127,1,0,1,0
2026-04,"(7.0, 10.0]",Asia,STABLE,-1,60,228,1,1,0,0
2026-04,"(7.0, 10.0]",Asia,unclassified,-1,60,70,0,0,0,0
2026-04,"(7.0, 10.0]",Asia-London,CONTRACTING,-1,60,10,0,0,0,0
2026-04,"(7.0, 10.0]",Asia-London,EXPANDING,-1,60,21,0,0,0,0
2026-04,"(7.0, 10.0]",Asia-London,STABLE,-1,60,37,0,0,0,0
2026-04,"(7.0, 10.0]",London,CONTRACTING,-1,60,91,0,0,0,0
2026-04,"(7.0, 10.0]",London,EXPANDING,-1,60,28,0,0,0,0
2026-04,"(7.0, 10.0]",London,STABLE,-1,60,238,1,0,1,0
2026-04,"(7.0, 10.0]",London-NY,EXPANDING,-1,60,11,0,0,0,0
2026-04,"(7.0, 10.0]",London-NY,STABLE,-1,60,25,0,0,0,0
2026-04,"(7.0, 10.0]",NY,CONTRACTING,-1,60,42,0,0,0,0
2026-04,"(7.0, 10.0]",NY,STABLE,-1,60,13,0,0,0,0
2026-04,"(7.0, 10.0]",NY-Asia,CONTRACTING,-1,60,94,0,0,0,0
2026-04,"(7.0, 10.0]",NY-Asia,EXPANDING,-1,60,17,0,0,0,0
2026-04,"(7.0, 10.0]",NY-Asia,STABLE,-1,60,80,1,0,1,0
2026-04,"(10.0, 14.0]",Asia,CONTRACTING,-1,60,134,0,0,0,0
2026-04,"(10.0, 14.0]",Asia,EXPANDING,-1,60,126,0,0,0,0
2026-04,"(10.0, 14.0]",Asia,STABLE,-1,60,197,0,0,0,0
2026-04,"(10.0, 14.0]",Asia,unclassified,-1,60,48,0,0,0,0
2026-04,"(10.0, 14.0]",Asia-London,CONTRACTING,-1,60,7,0,0,0,0
2026-04,"(10.0, 14.0]",Asia-London,EXPANDING,-1,60,62,0,0,0,0
2026-04,"(10.0, 14.0]",Asia-London,STABLE,-1,60,33,0,0,0,0
2026-04,"(10.0, 14.0]",London,CONTRACTING,-1,60,107,0,0,0,0
2026-04,"(10.0, 14.0]",London,EXPANDING,-1,60,103,0,0,0,0
2026-04,"(10.0, 14.0]",London,STABLE,-1,60,330,0,0,0,0
2026-04,"(10.0, 14.0]",London-NY,CONTRACTING,-1,60,14,0,0,0,0
2026-04,"(10.0, 14.0]",London-NY,EXPANDING,-1,60,64,0,0,0,0
2026-04,"(10.0, 14.0]",London-NY,STABLE,-1,60,49,3,0,3,0
2026-04,"(10.0, 14.0]",NY,CONTRACTING,-1,60,146,0,0,0,0
2026-04,"(10.0, 14.0]",NY,EXPANDING,-1,60,22,0,0,0,0
2026-04,"(10.0, 14.0]",NY,STABLE,-1,60,108,0,0,0,0
2026-04,"(10.0, 14.0]",NY-Asia,CONTRACTING,-1,60,66,0,0,0,0
2026-04,"(10.0, 14.0]",NY-Asia,EXPANDING,-1,60,21,0,0,0,0
2026-04,"(10.0, 14.0]",NY-Asia,STABLE,-1,60,97,4,4,0,0
2026-04,"(14.0, inf]",Asia,CONTRACTING,-1,60,121,0,0,0,0
2026-04,"(14.0, inf]",Asia,EXPANDING,-1,60,150,0,0,0,0
2026-04,"(14.0, inf]",Asia,STABLE,-1,60,143,0,0,0,0
2026-04,"(14.0, inf]",Asia,unclassified,-1,60,86,0,0,0,0
2026-04,"(14.0, inf]",Asia-London,CONTRACTING,-1,60,2,0,0,0,0
2026-04,"(14.0, inf]",Asia-London,EXPANDING,-1,60,53,0,0,0,0
2026-04,"(14.0, inf]",Asia-London,STABLE,-1,60,25,1,0,1,0
2026-04,"(14.0, inf]",London,CONTRACTING,-1,60,32,0,0,0,0
2026-04,"(14.0, inf]",London,EXPANDING,-1,60,122,1,0,1,0
2026-04,"(14.0, inf]",London,STABLE,-1,60,171,0,0,0,0
2026-04,"(14.0, inf]",London-NY,CONTRACTING,-1,60,6,0,0,0,0
2026-04,"(14.0, inf]",London-NY,EXPANDING,-1,60,122,0,0,0,0
2026-04,"(14.0, inf]",London-NY,STABLE,-1,60,87,2,0,2,0
2026-04,"(14.0, inf]",NY,CONTRACTING,-1,60,120,0,0,0,0
2026-04,"(14.0, inf]",NY,EXPANDING,-1,60,196,0,0,0,0
2026-04,"(14.0, inf]",NY,STABLE,-1,60,356,3,2,1,0
2026-04,"(14.0, inf]",NY-Asia,CONTRACTING,-1,60,26,0,0,0,0
2026-04,"(14.0, inf]",NY-Asia,EXPANDING,-1,60,90,1,1,0,0
2026-04,"(14.0, inf]",NY-Asia,STABLE,-1,60,62,0,0,0,0
2026-04,unclassified,Asia,unclassified,-1,60,110,0,0,0,0
2026-05,"(0.0, 7.0]",Asia,CONTRACTING,1,15,63,11,8,3,0
2026-05,"(0.0, 7.0]",Asia,EXPANDING,1,15,8,0,0,0,0
2026-05,"(0.0, 7.0]",Asia,STABLE,1,15,75,10,5,5,0
2026-05,"(0.0, 7.0]",Asia,unclassified,1,15,60,6,3,3,0
2026-05,"(0.0, 7.0]",Asia-London,CONTRACTING,1,15,2,0,0,0,0
2026-05,"(0.0, 7.0]",Asia-London,STABLE,1,15,1,0,0,0,0
2026-05,"(0.0, 7.0]",London,CONTRACTING,1,15,29,0,0,0,0
2026-05,"(0.0, 7.0]",London,EXPANDING,1,15,5,0,0,0,0
2026-05,"(0.0, 7.0]",London,STABLE,1,15,21,1,1,0,0
2026-05,"(0.0, 7.0]",NY,CONTRACTING,1,15,26,4,2,2,0
2026-05,"(0.0, 7.0]",NY,EXPANDING,1,15,5,1,1,0,0
2026-05,"(0.0, 7.0]",NY,STABLE,1,15,10,1,1,0,0
2026-05,"(0.0, 7.0]",NY-Asia,CONTRACTING,1,15,110,13,7,6,0
2026-05,"(0.0, 7.0]",NY-Asia,EXPANDING,1,15,12,1,1,0,0
2026-05,"(0.0, 7.0]",NY-Asia,STABLE,1,15,135,15,7,8,0
2026-05,"(7.0, 10.0]",Asia,CONTRACTING,1,15,217,17,10,7,0
2026-05,"(7.0, 10.0]",Asia,EXPANDING,1,15,124,21,10,11,0
2026-05,"(7.0, 10.0]",Asia,STABLE,1,15,244,27,13,14,0
2026-05,"(7.0, 10.0]",Asia,unclassified,1,15,97,6,1,5,0
2026-05,"(7.0, 10.0]",Asia-London,EXPANDING,1,15,10,0,0,0,0
2026-05,"(7.0, 10.0]",Asia-London,STABLE,1,15,25,6,5,1,0
2026-05,"(7.0, 10.0]",London,CONTRACTING,1,15,126,14,5,9,0
2026-05,"(7.0, 10.0]",London,EXPANDING,1,15,23,2,1,1,0
2026-05,"(7.0, 10.0]",London,STABLE,1,15,288,31,11,20,0
2026-05,"(7.0, 10.0]",London-NY,CONTRACTING,1,15,7,0,0,0,0
2026-05,"(7.0, 10.0]",London-NY,EXPANDING,1,15,13,2,0,2,0
2026-05,"(7.0, 10.0]",London-NY,STABLE,1,15,32,1,0,1,0
2026-05,"(7.0, 10.0]",NY,CONTRACTING,1,15,85,8,4,4,0
2026-05,"(7.0, 10.0]",NY,EXPANDING,1,15,6,0,0,0,0
2026-05,"(7.0, 10.0]",NY,STABLE,1,15,84,5,3,2,0
2026-05,"(7.0, 10.0]",NY-Asia,CONTRACTING,1,15,124,15,7,8,0
2026-05,"(7.0, 10.0]",NY-Asia,EXPANDING,1,15,31,4,1,3,0
2026-05,"(7.0, 10.0]",NY-Asia,STABLE,1,15,222,20,9,11,0
2026-05,"(10.0, 14.0]",Asia,CONTRACTING,1,15,99,4,2,2,0
2026-05,"(10.0, 14.0]",Asia,EXPANDING,1,15,190,29,14,15,0
2026-05,"(10.0, 14.0]",Asia,STABLE,1,15,291,14,9,5,0
2026-05,"(10.0, 14.0]",Asia,unclassified,1,15,38,3,1,2,0
2026-05,"(10.0, 14.0]",Asia-London,CONTRACTING,1,15,3,1,1,0,0
2026-05,"(10.0, 14.0]",Asia-London,EXPANDING,1,15,64,3,2,1,0
2026-05,"(10.0, 14.0]",Asia-London,STABLE,1,15,60,5,2,3,0
2026-05,"(10.0, 14.0]",London,CONTRACTING,1,15,93,14,8,6,0
2026-05,"(10.0, 14.0]",London,EXPANDING,1,15,112,11,7,4,0
2026-05,"(10.0, 14.0]",London,STABLE,1,15,397,34,22,12,0
2026-05,"(10.0, 14.0]",London-NY,CONTRACTING,1,15,17,2,0,2,0
2026-05,"(10.0, 14.0]",London-NY,EXPANDING,1,15,62,7,4,3,0
2026-05,"(10.0, 14.0]",London-NY,STABLE,1,15,60,4,2,2,0
2026-05,"(10.0, 14.0]",NY,CONTRACTING,1,15,143,14,7,7,0
2026-05,"(10.0, 14.0]",NY,EXPANDING,1,15,10,0,0,0,0
2026-05,"(10.0, 14.0]",NY,STABLE,1,15,65,4,3,1,0
2026-05,"(10.0, 14.0]",NY-Asia,CONTRACTING,1,15,27,1,1,0,0
2026-05,"(10.0, 14.0]",NY-Asia,EXPANDING,1,15,30,3,1,2,0
2026-05,"(10.0, 14.0]",NY-Asia,STABLE,1,15,43,4,1,3,0
2026-05,"(14.0, inf]",Asia,CONTRACTING,1,15,47,6,5,1,0
2026-05,"(14.0, inf]",Asia,EXPANDING,1,15,161,13,10,3,0
2026-05,"(14.0, inf]",Asia,STABLE,1,15,142,20,10,10,0
2026-05,"(14.0, inf]",Asia,unclassified,1,15,47,5,1,4,0
2026-05,"(14.0, inf]",Asia-London,CONTRACTING,1,15,2,0,0,0,0
2026-05,"(14.0, inf]",Asia-London,EXPANDING,1,15,47,6,4,2,0
2026-05,"(14.0, inf]",Asia-London,STABLE,1,15,38,5,1,4,0
2026-05,"(14.0, inf]",London,CONTRACTING,1,15,18,0,0,0,0
2026-05,"(14.0, inf]",London,EXPANDING,1,15,78,9,1,8,0
2026-05,"(14.0, inf]",London,STABLE,1,15,70,3,1,2,0
2026-05,"(14.0, inf]",London-NY,CONTRACTING,1,15,3,1,0,1,0
2026-05,"(14.0, inf]",London-NY,EXPANDING,1,15,136,12,9,3,0
2026-05,"(14.0, inf]",London-NY,STABLE,1,15,48,7,0,7,0
2026-05,"(14.0, inf]",NY,CONTRACTING,1,15,124,8,2,6,0
2026-05,"(14.0, inf]",NY,EXPANDING,1,15,169,13,4,9,0
2026-05,"(14.0, inf]",NY,STABLE,1,15,281,25,14,11,0
2026-05,"(14.0, inf]",NY-Asia,CONTRACTING,1,15,10,1,1,0,0
2026-05,"(14.0, inf]",NY-Asia,EXPANDING,1,15,33,3,1,2,0
2026-05,"(14.0, inf]",NY-Asia,STABLE,1,15,12,0,0,0,0
2026-05,unclassified,Asia,unclassified,1,15,110,14,6,8,0
2026-05,"(0.0, 7.0]",Asia,CONTRACTING,1,30,63,4,3,1,0
2026-05,"(0.0, 7.0]",Asia,EXPANDING,1,30,8,0,0,0,0
2026-05,"(0.0, 7.0]",Asia,STABLE,1,30,75,3,3,0,0
2026-05,"(0.0, 7.0]",Asia,unclassified,1,30,60,1,1,0,0
2026-05,"(0.0, 7.0]",Asia-London,CONTRACTING,1,30,2,0,0,0,0
2026-05,"(0.0, 7.0]",Asia-London,STABLE,1,30,1,0,0,0,0
2026-05,"(0.0, 7.0]",London,CONTRACTING,1,30,29,0,0,0,0
2026-05,"(0.0, 7.0]",London,EXPANDING,1,30,5,0,0,0,0
2026-05,"(0.0, 7.0]",London,STABLE,1,30,21,0,0,0,0
2026-05,"(0.0, 7.0]",NY,CONTRACTING,1,30,26,0,0,0,0
2026-05,"(0.0, 7.0]",NY,EXPANDING,1,30,5,0,0,0,0
2026-05,"(0.0, 7.0]",NY,STABLE,1,30,10,0,0,0,0
2026-05,"(0.0, 7.0]",NY-Asia,CONTRACTING,1,30,100,2,2,0,0
2026-05,"(0.0, 7.0]",NY-Asia,EXPANDING,1,30,11,0,0,0,0
2026-05,"(0.0, 7.0]",NY-Asia,STABLE,1,30,108,0,0,0,0
2026-05,"(7.0, 10.0]",Asia,CONTRACTING,1,30,214,3,3,0,0
2026-05,"(7.0, 10.0]",Asia,EXPANDING,1,30,124,5,4,1,0
2026-05,"(7.0, 10.0]",Asia,STABLE,1,30,244,10,4,6,0
2026-05,"(7.0, 10.0]",Asia,unclassified,1,30,97,1,0,1,0
2026-05,"(7.0, 10.0]",Asia-London,EXPANDING,1,30,10,0,0,0,0
2026-05,"(7.0, 10.0]",Asia-London,STABLE,1,30,25,6,6,0,0
2026-05,"(7.0, 10.0]",London,CONTRACTING,1,30,126,1,0,1,0
2026-05,"(7.0, 10.0]",London,EXPANDING,1,30,23,0,0,0,0
2026-05,"(7.0, 10.0]",London,STABLE,1,30,288,7,0,7,0
2026-05,"(7.0, 10.0]",London-NY,CONTRACTING,1,30,7,0,0,0,0
2026-05,"(7.0, 10.0]",London-NY,EXPANDING,1,30,13,0,0,0,0
2026-05,"(7.0, 10.0]",London-NY,STABLE,1,30,32,1,0,1,0
2026-05,"(7.0, 10.0]",NY,CONTRACTING,1,30,85,2,1,1,0
2026-05,"(7.0, 10.0]",NY,EXPANDING,1,30,6,0,0,0,0
2026-05,"(7.0, 10.0]",NY,STABLE,1,30,84,1,1,0,0
2026-05,"(7.0, 10.0]",NY-Asia,CONTRACTING,1,30,115,0,0,0,0
2026-05,"(7.0, 10.0]",NY-Asia,EXPANDING,1,30,30,1,0,1,0
2026-05,"(7.0, 10.0]",NY-Asia,STABLE,1,30,210,2,2,0,0
2026-05,"(10.0, 14.0]",Asia,CONTRACTING,1,30,99,0,0,0,0
2026-05,"(10.0, 14.0]",Asia,EXPANDING,1,30,190,7,6,1,0
2026-05,"(10.0, 14.0]",Asia,STABLE,1,30,291,2,2,0,0
2026-05,"(10.0, 14.0]",Asia,unclassified,1,30,38,1,0,1,0
2026-05,"(10.0, 14.0]",Asia-London,CONTRACTING,1,30,3,0,0,0,0
2026-05,"(10.0, 14.0]",Asia-London,EXPANDING,1,30,64,0,0,0,0
2026-05,"(10.0, 14.0]",Asia-London,STABLE,1,30,60,1,0,1,0
2026-05,"(10.0, 14.0]",London,CONTRACTING,1,30,93,2,1,1,0
2026-05,"(10.0, 14.0]",London,EXPANDING,1,30,112,4,4,0,0
2026-05,"(10.0, 14.0]",London,STABLE,1,30,397,4,1,3,0
2026-05,"(10.0, 14.0]",London-NY,CONTRACTING,1,30,17,0,0,0,0
2026-05,"(10.0, 14.0]",London-NY,EXPANDING,1,30,62,2,2,0,0
2026-05,"(10.0, 14.0]",London-NY,STABLE,1,30,60,0,0,0,0
2026-05,"(10.0, 14.0]",NY,CONTRACTING,1,30,143,2,2,0,0
2026-05,"(10.0, 14.0]",NY,EXPANDING,1,30,10,0,0,0,0
2026-05,"(10.0, 14.0]",NY,STABLE,1,30,65,1,1,0,0
2026-05,"(10.0, 14.0]",NY-Asia,CONTRACTING,1,30,27,0,0,0,0
2026-05,"(10.0, 14.0]",NY-Asia,EXPANDING,1,30,30,0,0,0,0
2026-05,"(10.0, 14.0]",NY-Asia,STABLE,1,30,41,4,3,1,0
2026-05,"(14.0, inf]",Asia,CONTRACTING,1,30,47,1,1,0,0
2026-05,"(14.0, inf]",Asia,EXPANDING,1,30,161,4,3,1,0
2026-05,"(14.0, inf]",Asia,STABLE,1,30,142,1,1,0,0
2026-05,"(14.0, inf]",Asia,unclassified,1,30,47,0,0,0,0
2026-05,"(14.0, inf]",Asia-London,CONTRACTING,1,30,2,0,0,0,0
2026-05,"(14.0, inf]",Asia-London,EXPANDING,1,30,47,2,2,0,0
2026-05,"(14.0, inf]",Asia-London,STABLE,1,30,38,1,0,1,0
2026-05,"(14.0, inf]",London,CONTRACTING,1,30,18,0,0,0,0
2026-05,"(14.0, inf]",London,EXPANDING,1,30,78,2,0,2,0
2026-05,"(14.0, inf]",London,STABLE,1,30,70,1,0,1,0
2026-05,"(14.0, inf]",London-NY,CONTRACTING,1,30,3,0,0,0,0
2026-05,"(14.0, inf]",London-NY,EXPANDING,1,30,136,5,2,3,0
2026-05,"(14.0, inf]",London-NY,STABLE,1,30,48,2,0,2,0
2026-05,"(14.0, inf]",NY,CONTRACTING,1,30,124,1,0,1,0
2026-05,"(14.0, inf]",NY,EXPANDING,1,30,169,3,0,3,0
2026-05,"(14.0, inf]",NY,STABLE,1,30,281,14,10,4,0
2026-05,"(14.0, inf]",NY-Asia,CONTRACTING,1,30,10,0,0,0,0
2026-05,"(14.0, inf]",NY-Asia,EXPANDING,1,30,33,0,0,0,0
2026-05,"(14.0, inf]",NY-Asia,STABLE,1,30,11,0,0,0,0
2026-05,unclassified,Asia,unclassified,1,30,110,3,1,2,0
2026-05,"(0.0, 7.0]",Asia,CONTRACTING,1,60,63,0,0,0,0
2026-05,"(0.0, 7.0]",Asia,EXPANDING,1,60,8,0,0,0,0
2026-05,"(0.0, 7.0]",Asia,STABLE,1,60,75,0,0,0,0
2026-05,"(0.0, 7.0]",Asia,unclassified,1,60,60,0,0,0,0
2026-05,"(0.0, 7.0]",Asia-London,CONTRACTING,1,60,2,0,0,0,0
2026-05,"(0.0, 7.0]",Asia-London,STABLE,1,60,1,0,0,0,0
2026-05,"(0.0, 7.0]",London,CONTRACTING,1,60,29,0,0,0,0
2026-05,"(0.0, 7.0]",London,EXPANDING,1,60,5,0,0,0,0
2026-05,"(0.0, 7.0]",London,STABLE,1,60,21,0,0,0,0
2026-05,"(0.0, 7.0]",NY,CONTRACTING,1,60,26,0,0,0,0
2026-05,"(0.0, 7.0]",NY,EXPANDING,1,60,5,0,0,0,0
2026-05,"(0.0, 7.0]",NY,STABLE,1,60,10,0,0,0,0
2026-05,"(0.0, 7.0]",NY-Asia,CONTRACTING,1,60,80,0,0,0,0
2026-05,"(0.0, 7.0]",NY-Asia,EXPANDING,1,60,6,0,0,0,0
2026-05,"(0.0, 7.0]",NY-Asia,STABLE,1,60,78,0,0,0,0
2026-05,"(7.0, 10.0]",Asia,CONTRACTING,1,60,212,0,0,0,0
2026-05,"(7.0, 10.0]",Asia,EXPANDING,1,60,124,0,0,0,0
2026-05,"(7.0, 10.0]",Asia,STABLE,1,60,244,0,0,0,0
2026-05,"(7.0, 10.0]",Asia,unclassified,1,60,95,2,1,1,0
2026-05,"(7.0, 10.0]",Asia-London,EXPANDING,1,60,10,0,0,0,0
2026-05,"(7.0, 10.0]",Asia-London,STABLE,1,60,25,1,1,0,0
2026-05,"(7.0, 10.0]",London,CONTRACTING,1,60,126,0,0,0,0
2026-05,"(7.0, 10.0]",London,EXPANDING,1,60,23,0,0,0,0
2026-05,"(7.0, 10.0]",London,STABLE,1,60,288,0,0,0,0
2026-05,"(7.0, 10.0]",London-NY,CONTRACTING,1,60,7,0,0,0,0
2026-05,"(7.0, 10.0]",London-NY,EXPANDING,1,60,13,0,0,0,0
2026-05,"(7.0, 10.0]",London-NY,STABLE,1,60,32,0,0,0,0
2026-05,"(7.0, 10.0]",NY,CONTRACTING,1,60,85,0,0,0,0
2026-05,"(7.0, 10.0]",NY,EXPANDING,1,60,6,0,0,0,0
2026-05,"(7.0, 10.0]",NY,STABLE,1,60,84,0,0,0,0
2026-05,"(7.0, 10.0]",NY-Asia,CONTRACTING,1,60,96,0,0,0,0
2026-05,"(7.0, 10.0]",NY-Asia,EXPANDING,1,60,19,1,0,1,0
2026-05,"(7.0, 10.0]",NY-Asia,STABLE,1,60,177,0,0,0,0
2026-05,"(10.0, 14.0]",Asia,CONTRACTING,1,60,99,0,0,0,0
2026-05,"(10.0, 14.0]",Asia,EXPANDING,1,60,190,0,0,0,0
2026-05,"(10.0, 14.0]",Asia,STABLE,1,60,291,0,0,0,0
2026-05,"(10.0, 14.0]",Asia,unclassified,1,60,36,0,0,0,0
2026-05,"(10.0, 14.0]",Asia-London,CONTRACTING,1,60,3,0,0,0,0
2026-05,"(10.0, 14.0]",Asia-London,EXPANDING,1,60,64,0,0,0,0
2026-05,"(10.0, 14.0]",Asia-London,STABLE,1,60,60,0,0,0,0
2026-05,"(10.0, 14.0]",London,CONTRACTING,1,60,93,0,0,0,0
2026-05,"(10.0, 14.0]",London,EXPANDING,1,60,112,0,0,0,0
2026-05,"(10.0, 14.0]",London,STABLE,1,60,397,0,0,0,0
2026-05,"(10.0, 14.0]",London-NY,CONTRACTING,1,60,17,0,0,0,0
2026-05,"(10.0, 14.0]",London-NY,EXPANDING,1,60,62,0,0,0,0
2026-05,"(10.0, 14.0]",London-NY,STABLE,1,60,60,0,0,0,0
2026-05,"(10.0, 14.0]",NY,CONTRACTING,1,60,143,0,0,0,0
2026-05,"(10.0, 14.0]",NY,EXPANDING,1,60,10,0,0,0,0
2026-05,"(10.0, 14.0]",NY,STABLE,1,60,65,0,0,0,0
2026-05,"(10.0, 14.0]",NY-Asia,CONTRACTING,1,60,25,0,0,0,0
2026-05,"(10.0, 14.0]",NY-Asia,EXPANDING,1,60,30,0,0,0,0
2026-05,"(10.0, 14.0]",NY-Asia,STABLE,1,60,38,0,0,0,0
2026-05,"(14.0, inf]",Asia,CONTRACTING,1,60,47,0,0,0,0
2026-05,"(14.0, inf]",Asia,EXPANDING,1,60,161,0,0,0,0
2026-05,"(14.0, inf]",Asia,STABLE,1,60,142,0,0,0,0
2026-05,"(14.0, inf]",Asia,unclassified,1,60,47,0,0,0,0
2026-05,"(14.0, inf]",Asia-London,CONTRACTING,1,60,2,0,0,0,0
2026-05,"(14.0, inf]",Asia-London,EXPANDING,1,60,47,0,0,0,0
2026-05,"(14.0, inf]",Asia-London,STABLE,1,60,38,1,0,1,0
2026-05,"(14.0, inf]",London,CONTRACTING,1,60,18,0,0,0,0
2026-05,"(14.0, inf]",London,EXPANDING,1,60,78,0,0,0,0
2026-05,"(14.0, inf]",London,STABLE,1,60,70,0,0,0,0
2026-05,"(14.0, inf]",London-NY,CONTRACTING,1,60,3,0,0,0,0
2026-05,"(14.0, inf]",London-NY,EXPANDING,1,60,136,0,0,0,0
2026-05,"(14.0, inf]",London-NY,STABLE,1,60,48,0,0,0,0
2026-05,"(14.0, inf]",NY,CONTRACTING,1,60,124,0,0,0,0
2026-05,"(14.0, inf]",NY,EXPANDING,1,60,169,1,0,1,0
2026-05,"(14.0, inf]",NY,STABLE,1,60,281,13,13,0,0
2026-05,"(14.0, inf]",NY-Asia,CONTRACTING,1,60,10,0,0,0,0
2026-05,"(14.0, inf]",NY-Asia,EXPANDING,1,60,33,0,0,0,0
2026-05,"(14.0, inf]",NY-Asia,STABLE,1,60,8,0,0,0,0
2026-05,unclassified,Asia,unclassified,1,60,110,0,0,0,0
2026-05,"(0.0, 7.0]",Asia,CONTRACTING,-1,15,63,11,3,8,0
2026-05,"(0.0, 7.0]",Asia,EXPANDING,-1,15,8,0,0,0,0
2026-05,"(0.0, 7.0]",Asia,STABLE,-1,15,75,10,5,5,0
2026-05,"(0.0, 7.0]",Asia,unclassified,-1,15,60,6,3,3,0
2026-05,"(0.0, 7.0]",Asia-London,CONTRACTING,-1,15,2,0,0,0,0
2026-05,"(0.0, 7.0]",Asia-London,STABLE,-1,15,1,0,0,0,0
2026-05,"(0.0, 7.0]",London,CONTRACTING,-1,15,29,0,0,0,0
2026-05,"(0.0, 7.0]",London,EXPANDING,-1,15,5,0,0,0,0
2026-05,"(0.0, 7.0]",London,STABLE,-1,15,21,1,0,1,0
2026-05,"(0.0, 7.0]",NY,CONTRACTING,-1,15,26,4,2,2,0
2026-05,"(0.0, 7.0]",NY,EXPANDING,-1,15,5,1,0,1,0
2026-05,"(0.0, 7.0]",NY,STABLE,-1,15,10,1,0,1,0
2026-05,"(0.0, 7.0]",NY-Asia,CONTRACTING,-1,15,110,13,6,7,0
2026-05,"(0.0, 7.0]",NY-Asia,EXPANDING,-1,15,12,1,0,1,0
2026-05,"(0.0, 7.0]",NY-Asia,STABLE,-1,15,135,15,8,7,0
2026-05,"(7.0, 10.0]",Asia,CONTRACTING,-1,15,217,17,7,10,0
2026-05,"(7.0, 10.0]",Asia,EXPANDING,-1,15,124,21,11,10,0
2026-05,"(7.0, 10.0]",Asia,STABLE,-1,15,244,27,14,13,0
2026-05,"(7.0, 10.0]",Asia,unclassified,-1,15,97,6,5,1,0
2026-05,"(7.0, 10.0]",Asia-London,EXPANDING,-1,15,10,0,0,0,0
2026-05,"(7.0, 10.0]",Asia-London,STABLE,-1,15,25,6,1,5,0
2026-05,"(7.0, 10.0]",London,CONTRACTING,-1,15,126,14,9,5,0
2026-05,"(7.0, 10.0]",London,EXPANDING,-1,15,23,2,1,1,0
2026-05,"(7.0, 10.0]",London,STABLE,-1,15,288,31,20,11,0
2026-05,"(7.0, 10.0]",London-NY,CONTRACTING,-1,15,7,0,0,0,0
2026-05,"(7.0, 10.0]",London-NY,EXPANDING,-1,15,13,2,2,0,0
2026-05,"(7.0, 10.0]",London-NY,STABLE,-1,15,32,1,1,0,0
2026-05,"(7.0, 10.0]",NY,CONTRACTING,-1,15,85,8,4,4,0
2026-05,"(7.0, 10.0]",NY,EXPANDING,-1,15,6,0,0,0,0
2026-05,"(7.0, 10.0]",NY,STABLE,-1,15,84,5,2,3,0
2026-05,"(7.0, 10.0]",NY-Asia,CONTRACTING,-1,15,124,15,8,7,0
2026-05,"(7.0, 10.0]",NY-Asia,EXPANDING,-1,15,31,4,3,1,0
2026-05,"(7.0, 10.0]",NY-Asia,STABLE,-1,15,222,20,11,9,0
2026-05,"(10.0, 14.0]",Asia,CONTRACTING,-1,15,99,4,2,2,0
2026-05,"(10.0, 14.0]",Asia,EXPANDING,-1,15,190,29,15,14,0
2026-05,"(10.0, 14.0]",Asia,STABLE,-1,15,291,14,5,9,0
2026-05,"(10.0, 14.0]",Asia,unclassified,-1,15,38,3,2,1,0
2026-05,"(10.0, 14.0]",Asia-London,CONTRACTING,-1,15,3,1,0,1,0
2026-05,"(10.0, 14.0]",Asia-London,EXPANDING,-1,15,64,3,1,2,0
2026-05,"(10.0, 14.0]",Asia-London,STABLE,-1,15,60,5,3,2,0
2026-05,"(10.0, 14.0]",London,CONTRACTING,-1,15,93,14,6,8,0
2026-05,"(10.0, 14.0]",London,EXPANDING,-1,15,112,11,4,7,0
2026-05,"(10.0, 14.0]",London,STABLE,-1,15,397,34,12,22,0
2026-05,"(10.0, 14.0]",London-NY,CONTRACTING,-1,15,17,2,2,0,0
2026-05,"(10.0, 14.0]",London-NY,EXPANDING,-1,15,62,7,3,4,0
2026-05,"(10.0, 14.0]",London-NY,STABLE,-1,15,60,4,2,2,0
2026-05,"(10.0, 14.0]",NY,CONTRACTING,-1,15,143,14,7,7,0
2026-05,"(10.0, 14.0]",NY,EXPANDING,-1,15,10,0,0,0,0
2026-05,"(10.0, 14.0]",NY,STABLE,-1,15,65,4,1,3,0
2026-05,"(10.0, 14.0]",NY-Asia,CONTRACTING,-1,15,27,1,0,1,0
2026-05,"(10.0, 14.0]",NY-Asia,EXPANDING,-1,15,30,3,2,1,0
2026-05,"(10.0, 14.0]",NY-Asia,STABLE,-1,15,43,4,3,1,0
2026-05,"(14.0, inf]",Asia,CONTRACTING,-1,15,47,6,1,5,0
2026-05,"(14.0, inf]",Asia,EXPANDING,-1,15,161,13,3,10,0
2026-05,"(14.0, inf]",Asia,STABLE,-1,15,142,20,10,10,0
2026-05,"(14.0, inf]",Asia,unclassified,-1,15,47,5,4,1,0
2026-05,"(14.0, inf]",Asia-London,CONTRACTING,-1,15,2,0,0,0,0
2026-05,"(14.0, inf]",Asia-London,EXPANDING,-1,15,47,6,2,4,0
2026-05,"(14.0, inf]",Asia-London,STABLE,-1,15,38,5,4,1,0
2026-05,"(14.0, inf]",London,CONTRACTING,-1,15,18,0,0,0,0
2026-05,"(14.0, inf]",London,EXPANDING,-1,15,78,9,8,1,0
2026-05,"(14.0, inf]",London,STABLE,-1,15,70,3,2,1,0
2026-05,"(14.0, inf]",London-NY,CONTRACTING,-1,15,3,1,1,0,0
2026-05,"(14.0, inf]",London-NY,EXPANDING,-1,15,136,12,3,9,0
2026-05,"(14.0, inf]",London-NY,STABLE,-1,15,48,7,7,0,0
2026-05,"(14.0, inf]",NY,CONTRACTING,-1,15,124,8,6,2,0
2026-05,"(14.0, inf]",NY,EXPANDING,-1,15,169,13,9,4,0
2026-05,"(14.0, inf]",NY,STABLE,-1,15,281,25,11,14,0
2026-05,"(14.0, inf]",NY-Asia,CONTRACTING,-1,15,10,1,0,1,0
2026-05,"(14.0, inf]",NY-Asia,EXPANDING,-1,15,33,3,2,1,0
2026-05,"(14.0, inf]",NY-Asia,STABLE,-1,15,12,0,0,0,0
2026-05,unclassified,Asia,unclassified,-1,15,110,14,8,6,0
2026-05,"(0.0, 7.0]",Asia,CONTRACTING,-1,30,63,4,1,3,0
2026-05,"(0.0, 7.0]",Asia,EXPANDING,-1,30,8,0,0,0,0
2026-05,"(0.0, 7.0]",Asia,STABLE,-1,30,75,3,0,3,0
2026-05,"(0.0, 7.0]",Asia,unclassified,-1,30,60,1,0,1,0
2026-05,"(0.0, 7.0]",Asia-London,CONTRACTING,-1,30,2,0,0,0,0
2026-05,"(0.0, 7.0]",Asia-London,STABLE,-1,30,1,0,0,0,0
2026-05,"(0.0, 7.0]",London,CONTRACTING,-1,30,29,0,0,0,0
2026-05,"(0.0, 7.0]",London,EXPANDING,-1,30,5,0,0,0,0
2026-05,"(0.0, 7.0]",London,STABLE,-1,30,21,0,0,0,0
2026-05,"(0.0, 7.0]",NY,CONTRACTING,-1,30,26,0,0,0,0
2026-05,"(0.0, 7.0]",NY,EXPANDING,-1,30,5,0,0,0,0
2026-05,"(0.0, 7.0]",NY,STABLE,-1,30,10,0,0,0,0
2026-05,"(0.0, 7.0]",NY-Asia,CONTRACTING,-1,30,100,2,0,2,0
2026-05,"(0.0, 7.0]",NY-Asia,EXPANDING,-1,30,11,0,0,0,0
2026-05,"(0.0, 7.0]",NY-Asia,STABLE,-1,30,108,0,0,0,0
2026-05,"(7.0, 10.0]",Asia,CONTRACTING,-1,30,214,3,0,3,0
2026-05,"(7.0, 10.0]",Asia,EXPANDING,-1,30,124,5,1,4,0
2026-05,"(7.0, 10.0]",Asia,STABLE,-1,30,244,10,6,4,0
2026-05,"(7.0, 10.0]",Asia,unclassified,-1,30,97,1,1,0,0
2026-05,"(7.0, 10.0]",Asia-London,EXPANDING,-1,30,10,0,0,0,0
2026-05,"(7.0, 10.0]",Asia-London,STABLE,-1,30,25,6,0,6,0
2026-05,"(7.0, 10.0]",London,CONTRACTING,-1,30,126,1,1,0,0
2026-05,"(7.0, 10.0]",London,EXPANDING,-1,30,23,0,0,0,0
2026-05,"(7.0, 10.0]",London,STABLE,-1,30,288,7,7,0,0
2026-05,"(7.0, 10.0]",London-NY,CONTRACTING,-1,30,7,0,0,0,0
2026-05,"(7.0, 10.0]",London-NY,EXPANDING,-1,30,13,0,0,0,0
2026-05,"(7.0, 10.0]",London-NY,STABLE,-1,30,32,1,1,0,0
2026-05,"(7.0, 10.0]",NY,CONTRACTING,-1,30,85,2,1,1,0
2026-05,"(7.0, 10.0]",NY,EXPANDING,-1,30,6,0,0,0,0
2026-05,"(7.0, 10.0]",NY,STABLE,-1,30,84,1,0,1,0
2026-05,"(7.0, 10.0]",NY-Asia,CONTRACTING,-1,30,115,0,0,0,0
2026-05,"(7.0, 10.0]",NY-Asia,EXPANDING,-1,30,30,1,1,0,0
2026-05,"(7.0, 10.0]",NY-Asia,STABLE,-1,30,210,2,0,2,0
2026-05,"(10.0, 14.0]",Asia,CONTRACTING,-1,30,99,0,0,0,0
2026-05,"(10.0, 14.0]",Asia,EXPANDING,-1,30,190,7,1,6,0
2026-05,"(10.0, 14.0]",Asia,STABLE,-1,30,291,2,0,2,0
2026-05,"(10.0, 14.0]",Asia,unclassified,-1,30,38,1,1,0,0
2026-05,"(10.0, 14.0]",Asia-London,CONTRACTING,-1,30,3,0,0,0,0
2026-05,"(10.0, 14.0]",Asia-London,EXPANDING,-1,30,64,0,0,0,0
2026-05,"(10.0, 14.0]",Asia-London,STABLE,-1,30,60,1,1,0,0
2026-05,"(10.0, 14.0]",London,CONTRACTING,-1,30,93,2,1,1,0
2026-05,"(10.0, 14.0]",London,EXPANDING,-1,30,112,4,0,4,0
2026-05,"(10.0, 14.0]",London,STABLE,-1,30,397,4,3,1,0
2026-05,"(10.0, 14.0]",London-NY,CONTRACTING,-1,30,17,0,0,0,0
2026-05,"(10.0, 14.0]",London-NY,EXPANDING,-1,30,62,2,0,2,0
2026-05,"(10.0, 14.0]",London-NY,STABLE,-1,30,60,0,0,0,0
2026-05,"(10.0, 14.0]",NY,CONTRACTING,-1,30,143,2,0,2,0
2026-05,"(10.0, 14.0]",NY,EXPANDING,-1,30,10,0,0,0,0
2026-05,"(10.0, 14.0]",NY,STABLE,-1,30,65,1,0,1,0
2026-05,"(10.0, 14.0]",NY-Asia,CONTRACTING,-1,30,27,0,0,0,0
2026-05,"(10.0, 14.0]",NY-Asia,EXPANDING,-1,30,30,0,0,0,0
2026-05,"(10.0, 14.0]",NY-Asia,STABLE,-1,30,41,4,1,3,0
2026-05,"(14.0, inf]",Asia,CONTRACTING,-1,30,47,1,0,1,0
2026-05,"(14.0, inf]",Asia,EXPANDING,-1,30,161,4,1,3,0
2026-05,"(14.0, inf]",Asia,STABLE,-1,30,142,1,0,1,0
2026-05,"(14.0, inf]",Asia,unclassified,-1,30,47,0,0,0,0
2026-05,"(14.0, inf]",Asia-London,CONTRACTING,-1,30,2,0,0,0,0
2026-05,"(14.0, inf]",Asia-London,EXPANDING,-1,30,47,2,0,2,0
2026-05,"(14.0, inf]",Asia-London,STABLE,-1,30,38,1,1,0,0
2026-05,"(14.0, inf]",London,CONTRACTING,-1,30,18,0,0,0,0
2026-05,"(14.0, inf]",London,EXPANDING,-1,30,78,2,2,0,0
2026-05,"(14.0, inf]",London,STABLE,-1,30,70,1,1,0,0
2026-05,"(14.0, inf]",London-NY,CONTRACTING,-1,30,3,0,0,0,0
2026-05,"(14.0, inf]",London-NY,EXPANDING,-1,30,136,5,3,2,0
2026-05,"(14.0, inf]",London-NY,STABLE,-1,30,48,2,2,0,0
2026-05,"(14.0, inf]",NY,CONTRACTING,-1,30,124,1,1,0,0
2026-05,"(14.0, inf]",NY,EXPANDING,-1,30,169,3,3,0,0
2026-05,"(14.0, inf]",NY,STABLE,-1,30,281,14,4,10,0
2026-05,"(14.0, inf]",NY-Asia,CONTRACTING,-1,30,10,0,0,0,0
2026-05,"(14.0, inf]",NY-Asia,EXPANDING,-1,30,33,0,0,0,0
2026-05,"(14.0, inf]",NY-Asia,STABLE,-1,30,11,0,0,0,0
2026-05,unclassified,Asia,unclassified,-1,30,110,3,2,1,0
2026-05,"(0.0, 7.0]",Asia,CONTRACTING,-1,60,63,0,0,0,0
2026-05,"(0.0, 7.0]",Asia,EXPANDING,-1,60,8,0,0,0,0
2026-05,"(0.0, 7.0]",Asia,STABLE,-1,60,75,0,0,0,0
2026-05,"(0.0, 7.0]",Asia,unclassified,-1,60,60,0,0,0,0
2026-05,"(0.0, 7.0]",Asia-London,CONTRACTING,-1,60,2,0,0,0,0
2026-05,"(0.0, 7.0]",Asia-London,STABLE,-1,60,1,0,0,0,0
2026-05,"(0.0, 7.0]",London,CONTRACTING,-1,60,29,0,0,0,0
2026-05,"(0.0, 7.0]",London,EXPANDING,-1,60,5,0,0,0,0
2026-05,"(0.0, 7.0]",London,STABLE,-1,60,21,0,0,0,0
2026-05,"(0.0, 7.0]",NY,CONTRACTING,-1,60,26,0,0,0,0
2026-05,"(0.0, 7.0]",NY,EXPANDING,-1,60,5,0,0,0,0
2026-05,"(0.0, 7.0]",NY,STABLE,-1,60,10,0,0,0,0
2026-05,"(0.0, 7.0]",NY-Asia,CONTRACTING,-1,60,80,0,0,0,0
2026-05,"(0.0, 7.0]",NY-Asia,EXPANDING,-1,60,6,0,0,0,0
2026-05,"(0.0, 7.0]",NY-Asia,STABLE,-1,60,78,0,0,0,0
2026-05,"(7.0, 10.0]",Asia,CONTRACTING,-1,60,212,0,0,0,0
2026-05,"(7.0, 10.0]",Asia,EXPANDING,-1,60,124,0,0,0,0
2026-05,"(7.0, 10.0]",Asia,STABLE,-1,60,244,0,0,0,0
2026-05,"(7.0, 10.0]",Asia,unclassified,-1,60,95,2,1,1,0
2026-05,"(7.0, 10.0]",Asia-London,EXPANDING,-1,60,10,0,0,0,0
2026-05,"(7.0, 10.0]",Asia-London,STABLE,-1,60,25,1,0,1,0
2026-05,"(7.0, 10.0]",London,CONTRACTING,-1,60,126,0,0,0,0
2026-05,"(7.0, 10.0]",London,EXPANDING,-1,60,23,0,0,0,0
2026-05,"(7.0, 10.0]",London,STABLE,-1,60,288,0,0,0,0
2026-05,"(7.0, 10.0]",London-NY,CONTRACTING,-1,60,7,0,0,0,0
2026-05,"(7.0, 10.0]",London-NY,EXPANDING,-1,60,13,0,0,0,0
2026-05,"(7.0, 10.0]",London-NY,STABLE,-1,60,32,0,0,0,0
2026-05,"(7.0, 10.0]",NY,CONTRACTING,-1,60,85,0,0,0,0
2026-05,"(7.0, 10.0]",NY,EXPANDING,-1,60,6,0,0,0,0
2026-05,"(7.0, 10.0]",NY,STABLE,-1,60,84,0,0,0,0
2026-05,"(7.0, 10.0]",NY-Asia,CONTRACTING,-1,60,96,0,0,0,0
2026-05,"(7.0, 10.0]",NY-Asia,EXPANDING,-1,60,19,1,1,0,0
2026-05,"(7.0, 10.0]",NY-Asia,STABLE,-1,60,177,0,0,0,0
2026-05,"(10.0, 14.0]",Asia,CONTRACTING,-1,60,99,0,0,0,0
2026-05,"(10.0, 14.0]",Asia,EXPANDING,-1,60,190,0,0,0,0
2026-05,"(10.0, 14.0]",Asia,STABLE,-1,60,291,0,0,0,0
2026-05,"(10.0, 14.0]",Asia,unclassified,-1,60,36,0,0,0,0
2026-05,"(10.0, 14.0]",Asia-London,CONTRACTING,-1,60,3,0,0,0,0
2026-05,"(10.0, 14.0]",Asia-London,EXPANDING,-1,60,64,0,0,0,0
2026-05,"(10.0, 14.0]",Asia-London,STABLE,-1,60,60,0,0,0,0
2026-05,"(10.0, 14.0]",London,CONTRACTING,-1,60,93,0,0,0,0
2026-05,"(10.0, 14.0]",London,EXPANDING,-1,60,112,0,0,0,0
2026-05,"(10.0, 14.0]",London,STABLE,-1,60,397,0,0,0,0
2026-05,"(10.0, 14.0]",London-NY,CONTRACTING,-1,60,17,0,0,0,0
2026-05,"(10.0, 14.0]",London-NY,EXPANDING,-1,60,62,0,0,0,0
2026-05,"(10.0, 14.0]",London-NY,STABLE,-1,60,60,0,0,0,0
2026-05,"(10.0, 14.0]",NY,CONTRACTING,-1,60,143,0,0,0,0
2026-05,"(10.0, 14.0]",NY,EXPANDING,-1,60,10,0,0,0,0
2026-05,"(10.0, 14.0]",NY,STABLE,-1,60,65,0,0,0,0
2026-05,"(10.0, 14.0]",NY-Asia,CONTRACTING,-1,60,25,0,0,0,0
2026-05,"(10.0, 14.0]",NY-Asia,EXPANDING,-1,60,30,0,0,0,0
2026-05,"(10.0, 14.0]",NY-Asia,STABLE,-1,60,38,0,0,0,0
2026-05,"(14.0, inf]",Asia,CONTRACTING,-1,60,47,0,0,0,0
2026-05,"(14.0, inf]",Asia,EXPANDING,-1,60,161,0,0,0,0
2026-05,"(14.0, inf]",Asia,STABLE,-1,60,142,0,0,0,0
2026-05,"(14.0, inf]",Asia,unclassified,-1,60,47,0,0,0,0
2026-05,"(14.0, inf]",Asia-London,CONTRACTING,-1,60,2,0,0,0,0
2026-05,"(14.0, inf]",Asia-London,EXPANDING,-1,60,47,0,0,0,0
2026-05,"(14.0, inf]",Asia-London,STABLE,-1,60,38,1,1,0,0
2026-05,"(14.0, inf]",London,CONTRACTING,-1,60,18,0,0,0,0
2026-05,"(14.0, inf]",London,EXPANDING,-1,60,78,0,0,0,0
2026-05,"(14.0, inf]",London,STABLE,-1,60,70,0,0,0,0
2026-05,"(14.0, inf]",London-NY,CONTRACTING,-1,60,3,0,0,0,0
2026-05,"(14.0, inf]",London-NY,EXPANDING,-1,60,136,0,0,0,0
2026-05,"(14.0, inf]",London-NY,STABLE,-1,60,48,0,0,0,0
2026-05,"(14.0, inf]",NY,CONTRACTING,-1,60,124,0,0,0,0
2026-05,"(14.0, inf]",NY,EXPANDING,-1,60,169,1,1,0,0
2026-05,"(14.0, inf]",NY,STABLE,-1,60,281,13,0,13,0
2026-05,"(14.0, inf]",NY-Asia,CONTRACTING,-1,60,10,0,0,0,0
2026-05,"(14.0, inf]",NY-Asia,EXPANDING,-1,60,33,0,0,0,0
2026-05,"(14.0, inf]",NY-Asia,STABLE,-1,60,8,0,0,0,0
2026-05,unclassified,Asia,unclassified,-1,60,110,0,0,0,0
2026-06,"(0.0, 7.0]",Asia,CONTRACTING,1,15,37,5,3,2,0
2026-06,"(0.0, 7.0]",Asia,EXPANDING,1,15,8,0,0,0,0
2026-06,"(0.0, 7.0]",Asia,STABLE,1,15,28,4,2,2,0
2026-06,"(0.0, 7.0]",Asia,unclassified,1,15,43,8,3,5,0
2026-06,"(0.0, 7.0]",London,CONTRACTING,1,15,37,5,2,3,0
2026-06,"(0.0, 7.0]",London,STABLE,1,15,25,5,4,1,0
2026-06,"(0.0, 7.0]",London-NY,CONTRACTING,1,15,3,0,0,0,0
2026-06,"(0.0, 7.0]",London-NY,STABLE,1,15,4,0,0,0,0
2026-06,"(0.0, 7.0]",NY,CONTRACTING,1,15,3,0,0,0,0
2026-06,"(0.0, 7.0]",NY-Asia,CONTRACTING,1,15,103,5,2,3,0
2026-06,"(0.0, 7.0]",NY-Asia,EXPANDING,1,15,7,0,0,0,0
2026-06,"(0.0, 7.0]",NY-Asia,STABLE,1,15,99,13,6,7,0
2026-06,"(7.0, 10.0]",Asia,CONTRACTING,1,15,117,9,3,6,0
2026-06,"(7.0, 10.0]",Asia,EXPANDING,1,15,64,6,2,4,0
2026-06,"(7.0, 10.0]",Asia,STABLE,1,15,193,18,7,11,0
2026-06,"(7.0, 10.0]",Asia,unclassified,1,15,64,3,3,0,0
2026-06,"(7.0, 10.0]",Asia-London,CONTRACTING,1,15,2,0,0,0,0
2026-06,"(7.0, 10.0]",Asia-London,EXPANDING,1,15,2,0,0,0,0
2026-06,"(7.0, 10.0]",Asia-London,STABLE,1,15,16,2,1,1,0
2026-06,"(7.0, 10.0]",London,CONTRACTING,1,15,96,7,3,4,0
2026-06,"(7.0, 10.0]",London,EXPANDING,1,15,27,2,2,0,0
2026-06,"(7.0, 10.0]",London,STABLE,1,15,233,23,11,12,0
2026-06,"(7.0, 10.0]",London-NY,CONTRACTING,1,15,3,0,0,0,0
2026-06,"(7.0, 10.0]",London-NY,EXPANDING,1,15,18,0,0,0,0
2026-06,"(7.0, 10.0]",London-NY,STABLE,1,15,27,3,2,1,0
2026-06,"(7.0, 10.0]",NY,CONTRACTING,1,15,87,5,2,3,0
2026-06,"(7.0, 10.0]",NY,STABLE,1,15,40,3,1,2,0
2026-06,"(7.0, 10.0]",NY-Asia,CONTRACTING,1,15,53,2,0,2,0
2026-06,"(7.0, 10.0]",NY-Asia,EXPANDING,1,15,31,3,1,2,0
2026-06,"(7.0, 10.0]",NY-Asia,STABLE,1,15,183,14,7,7,0
2026-06,"(10.0, 14.0]",Asia,CONTRACTING,1,15,198,26,13,13,0
2026-06,"(10.0, 14.0]",Asia,EXPANDING,1,15,138,21,11,10,0
2026-06,"(10.0, 14.0]",Asia,STABLE,1,15,325,32,13,19,0
2026-06,"(10.0, 14.0]",Asia,unclassified,1,15,75,6,3,3,0
2026-06,"(10.0, 14.0]",Asia-London,CONTRACTING,1,15,2,0,0,0,0
2026-06,"(10.0, 14.0]",Asia-London,EXPANDING,1,15,52,2,1,1,0
2026-06,"(10.0, 14.0]",Asia-London,STABLE,1,15,51,7,5,2,0
2026-06,"(10.0, 14.0]",London,CONTRACTING,1,15,132,19,10,9,0
2026-06,"(10.0, 14.0]",London,EXPANDING,1,15,76,5,1,4,0
2026-06,"(10.0, 14.0]",London,STABLE,1,15,416,45,23,22,0
2026-06,"(10.0, 14.0]",London-NY,CONTRACTING,1,15,6,0,0,0,0
2026-06,"(10.0, 14.0]",London-NY,EXPANDING,1,15,81,3,1,2,0
2026-06,"(10.0, 14.0]",London-NY,STABLE,1,15,61,5,2,3,0
2026-06,"(10.0, 14.0]",NY,CONTRACTING,1,15,124,21,11,10,0
2026-06,"(10.0, 14.0]",NY,EXPANDING,1,15,12,1,1,0,0
2026-06,"(10.0, 14.0]",NY,STABLE,1,15,92,9,2,7,0
2026-06,"(10.0, 14.0]",NY-Asia,CONTRACTING,1,15,46,3,1,2,0
2026-06,"(10.0, 14.0]",NY-Asia,EXPANDING,1,15,22,4,1,3,0
2026-06,"(10.0, 14.0]",NY-Asia,STABLE,1,15,119,9,5,4,0
2026-06,"(14.0, inf]",Asia,CONTRACTING,1,15,108,10,7,3,0
2026-06,"(14.0, inf]",Asia,EXPANDING,1,15,284,23,10,13,0
2026-06,"(14.0, inf]",Asia,STABLE,1,15,241,24,11,13,0
2026-06,"(14.0, inf]",Asia,unclassified,1,15,71,2,1,1,0
2026-06,"(14.0, inf]",Asia-London,CONTRACTING,1,15,11,1,1,0,0
2026-06,"(14.0, inf]",Asia-London,EXPANDING,1,15,77,15,12,3,0
2026-06,"(14.0, inf]",Asia-London,STABLE,1,15,51,3,2,1,0
2026-06,"(14.0, inf]",London,CONTRACTING,1,15,40,3,0,3,0
2026-06,"(14.0, inf]",London,EXPANDING,1,15,90,6,2,4,0
2026-06,"(14.0, inf]",London,STABLE,1,15,148,9,4,5,0
2026-06,"(14.0, inf]",London-NY,CONTRACTING,1,15,6,0,0,0,0
2026-06,"(14.0, inf]",London-NY,EXPANDING,1,15,136,10,7,3,0
2026-06,"(14.0, inf]",London-NY,STABLE,1,15,51,7,2,5,0
2026-06,"(14.0, inf]",NY,CONTRACTING,1,15,151,6,3,3,0
2026-06,"(14.0, inf]",NY,EXPANDING,1,15,186,17,8,9,0
2026-06,"(14.0, inf]",NY,STABLE,1,15,352,33,19,14,0
2026-06,"(14.0, inf]",NY-Asia,CONTRACTING,1,15,49,4,1,3,0
2026-06,"(14.0, inf]",NY-Asia,EXPANDING,1,15,45,5,3,2,0
2026-06,"(14.0, inf]",NY-Asia,STABLE,1,15,62,4,1,3,0
2026-06,unclassified,Asia,unclassified,1,15,115,15,11,4,0
2026-06,"(0.0, 7.0]",Asia,CONTRACTING,1,30,37,1,1,0,0
2026-06,"(0.0, 7.0]",Asia,EXPANDING,1,30,8,0,0,0,0
2026-06,"(0.0, 7.0]",Asia,STABLE,1,30,28,0,0,0,0
2026-06,"(0.0, 7.0]",Asia,unclassified,1,30,43,1,0,1,0
2026-06,"(0.0, 7.0]",London,CONTRACTING,1,30,37,4,0,4,0
2026-06,"(0.0, 7.0]",London,STABLE,1,30,25,1,1,0,0
2026-06,"(0.0, 7.0]",London-NY,CONTRACTING,1,30,3,0,0,0,0
2026-06,"(0.0, 7.0]",London-NY,STABLE,1,30,4,0,0,0,0
2026-06,"(0.0, 7.0]",NY,CONTRACTING,1,30,3,0,0,0,0
2026-06,"(0.0, 7.0]",NY-Asia,CONTRACTING,1,30,94,0,0,0,0
2026-06,"(0.0, 7.0]",NY-Asia,EXPANDING,1,30,6,0,0,0,0
2026-06,"(0.0, 7.0]",NY-Asia,STABLE,1,30,82,1,0,1,0
2026-06,"(7.0, 10.0]",Asia,CONTRACTING,1,30,117,2,1,1,0
2026-06,"(7.0, 10.0]",Asia,EXPANDING,1,30,64,0,0,0,0
2026-06,"(7.0, 10.0]",Asia,STABLE,1,30,190,1,0,1,0
2026-06,"(7.0, 10.0]",Asia,unclassified,1,30,64,2,2,0,0
2026-06,"(7.0, 10.0]",Asia-London,CONTRACTING,1,30,2,0,0,0,0
2026-06,"(7.0, 10.0]",Asia-London,EXPANDING,1,30,2,0,0,0,0
2026-06,"(7.0, 10.0]",Asia-London,STABLE,1,30,16,0,0,0,0
2026-06,"(7.0, 10.0]",London,CONTRACTING,1,30,96,4,1,3,0
2026-06,"(7.0, 10.0]",London,EXPANDING,1,30,27,0,0,0,0
2026-06,"(7.0, 10.0]",London,STABLE,1,30,233,3,0,3,0
2026-06,"(7.0, 10.0]",London-NY,CONTRACTING,1,30,3,0,0,0,0
2026-06,"(7.0, 10.0]",London-NY,EXPANDING,1,30,18,0,0,0,0
2026-06,"(7.0, 10.0]",London-NY,STABLE,1,30,27,0,0,0,0
2026-06,"(7.0, 10.0]",NY,CONTRACTING,1,30,85,1,0,1,0
2026-06,"(7.0, 10.0]",NY,STABLE,1,30,39,0,0,0,0
2026-06,"(7.0, 10.0]",NY-Asia,CONTRACTING,1,30,47,0,0,0,0
2026-06,"(7.0, 10.0]",NY-Asia,EXPANDING,1,30,26,2,0,2,0
2026-06,"(7.0, 10.0]",NY-Asia,STABLE,1,30,176,2,1,1,0
2026-06,"(10.0, 14.0]",Asia,CONTRACTING,1,30,198,9,4,5,0
2026-06,"(10.0, 14.0]",Asia,EXPANDING,1,30,138,4,2,2,0
2026-06,"(10.0, 14.0]",Asia,STABLE,1,30,325,4,0,4,0
2026-06,"(10.0, 14.0]",Asia,unclassified,1,30,75,2,0,2,0
2026-06,"(10.0, 14.0]",Asia-London,CONTRACTING,1,30,2,0,0,0,0
2026-06,"(10.0, 14.0]",Asia-London,EXPANDING,1,30,52,1,1,0,0
2026-06,"(10.0, 14.0]",Asia-London,STABLE,1,30,51,0,0,0,0
2026-06,"(10.0, 14.0]",London,CONTRACTING,1,30,132,2,1,1,0
2026-06,"(10.0, 14.0]",London,EXPANDING,1,30,76,1,0,1,0
2026-06,"(10.0, 14.0]",London,STABLE,1,30,416,6,3,3,0
2026-06,"(10.0, 14.0]",London-NY,CONTRACTING,1,30,6,0,0,0,0
2026-06,"(10.0, 14.0]",London-NY,EXPANDING,1,30,81,0,0,0,0
2026-06,"(10.0, 14.0]",London-NY,STABLE,1,30,61,1,0,1,0
2026-06,"(10.0, 14.0]",NY,CONTRACTING,1,30,124,3,3,0,0
2026-06,"(10.0, 14.0]",NY,EXPANDING,1,30,12,0,0,0,0
2026-06,"(10.0, 14.0]",NY,STABLE,1,30,92,0,0,0,0
2026-06,"(10.0, 14.0]",NY-Asia,CONTRACTING,1,30,45,0,0,0,0
2026-06,"(10.0, 14.0]",NY-Asia,EXPANDING,1,30,22,2,0,2,0
2026-06,"(10.0, 14.0]",NY-Asia,STABLE,1,30,110,2,0,2,0
2026-06,"(14.0, inf]",Asia,CONTRACTING,1,30,108,1,1,0,0
2026-06,"(14.0, inf]",Asia,EXPANDING,1,30,284,3,0,3,0
2026-06,"(14.0, inf]",Asia,STABLE,1,30,241,8,3,5,0
2026-06,"(14.0, inf]",Asia,unclassified,1,30,71,0,0,0,0
2026-06,"(14.0, inf]",Asia-London,CONTRACTING,1,30,11,0,0,0,0
2026-06,"(14.0, inf]",Asia-London,EXPANDING,1,30,77,3,2,1,0
2026-06,"(14.0, inf]",Asia-London,STABLE,1,30,51,0,0,0,0
2026-06,"(14.0, inf]",London,CONTRACTING,1,30,40,0,0,0,0
2026-06,"(14.0, inf]",London,EXPANDING,1,30,90,1,0,1,0
2026-06,"(14.0, inf]",London,STABLE,1,30,148,3,1,2,0
2026-06,"(14.0, inf]",London-NY,CONTRACTING,1,30,6,0,0,0,0
2026-06,"(14.0, inf]",London-NY,EXPANDING,1,30,136,1,0,1,0
2026-06,"(14.0, inf]",London-NY,STABLE,1,30,51,2,0,2,0
2026-06,"(14.0, inf]",NY,CONTRACTING,1,30,151,2,1,1,0
2026-06,"(14.0, inf]",NY,EXPANDING,1,30,186,5,5,0,0
2026-06,"(14.0, inf]",NY,STABLE,1,30,352,3,2,1,0
2026-06,"(14.0, inf]",NY-Asia,CONTRACTING,1,30,44,1,1,0,0
2026-06,"(14.0, inf]",NY-Asia,EXPANDING,1,30,42,1,1,0,0
2026-06,"(14.0, inf]",NY-Asia,STABLE,1,30,62,0,0,0,0
2026-06,unclassified,Asia,unclassified,1,30,115,3,3,0,0
2026-06,"(0.0, 7.0]",Asia,CONTRACTING,1,60,37,0,0,0,0
2026-06,"(0.0, 7.0]",Asia,EXPANDING,1,60,8,0,0,0,0
2026-06,"(0.0, 7.0]",Asia,STABLE,1,60,28,0,0,0,0
2026-06,"(0.0, 7.0]",Asia,unclassified,1,60,43,0,0,0,0
2026-06,"(0.0, 7.0]",London,CONTRACTING,1,60,37,4,0,4,0
2026-06,"(0.0, 7.0]",London,STABLE,1,60,25,0,0,0,0
2026-06,"(0.0, 7.0]",London-NY,CONTRACTING,1,60,3,0,0,0,0
2026-06,"(0.0, 7.0]",London-NY,STABLE,1,60,4,0,0,0,0
2026-06,"(0.0, 7.0]",NY,CONTRACTING,1,60,3,0,0,0,0
2026-06,"(0.0, 7.0]",NY-Asia,CONTRACTING,1,60,77,0,0,0,0
2026-06,"(0.0, 7.0]",NY-Asia,EXPANDING,1,60,3,0,0,0,0
2026-06,"(0.0, 7.0]",NY-Asia,STABLE,1,60,62,0,0,0,0
2026-06,"(7.0, 10.0]",Asia,CONTRACTING,1,60,117,0,0,0,0
2026-06,"(7.0, 10.0]",Asia,EXPANDING,1,60,64,0,0,0,0
2026-06,"(7.0, 10.0]",Asia,STABLE,1,60,188,2,2,0,0
2026-06,"(7.0, 10.0]",Asia,unclassified,1,60,60,0,0,0,0
2026-06,"(7.0, 10.0]",Asia-London,CONTRACTING,1,60,2,0,0,0,0
2026-06,"(7.0, 10.0]",Asia-London,EXPANDING,1,60,2,0,0,0,0
2026-06,"(7.0, 10.0]",Asia-London,STABLE,1,60,16,0,0,0,0
2026-06,"(7.0, 10.0]",London,CONTRACTING,1,60,96,8,0,8,0
2026-06,"(7.0, 10.0]",London,EXPANDING,1,60,27,0,0,0,0
2026-06,"(7.0, 10.0]",London,STABLE,1,60,233,0,0,0,0
2026-06,"(7.0, 10.0]",London-NY,CONTRACTING,1,60,3,0,0,0,0
2026-06,"(7.0, 10.0]",London-NY,EXPANDING,1,60,18,0,0,0,0
2026-06,"(7.0, 10.0]",London-NY,STABLE,1,60,27,0,0,0,0
2026-06,"(7.0, 10.0]",NY,CONTRACTING,1,60,79,0,0,0,0
2026-06,"(7.0, 10.0]",NY,STABLE,1,60,39,0,0,0,0
2026-06,"(7.0, 10.0]",NY-Asia,CONTRACTING,1,60,47,0,0,0,0
2026-06,"(7.0, 10.0]",NY-Asia,EXPANDING,1,60,20,0,0,0,0
2026-06,"(7.0, 10.0]",NY-Asia,STABLE,1,60,138,0,0,0,0
2026-06,"(10.0, 14.0]",Asia,CONTRACTING,1,60,198,0,0,0,0
2026-06,"(10.0, 14.0]",Asia,EXPANDING,1,60,138,0,0,0,0
2026-06,"(10.0, 14.0]",Asia,STABLE,1,60,325,0,0,0,0
2026-06,"(10.0, 14.0]",Asia,unclassified,1,60,75,0,0,0,0
2026-06,"(10.0, 14.0]",Asia-London,CONTRACTING,1,60,2,0,0,0,0
2026-06,"(10.0, 14.0]",Asia-London,EXPANDING,1,60,52,0,0,0,0
2026-06,"(10.0, 14.0]",Asia-London,STABLE,1,60,51,0,0,0,0
2026-06,"(10.0, 14.0]",London,CONTRACTING,1,60,132,0,0,0,0
2026-06,"(10.0, 14.0]",London,EXPANDING,1,60,76,0,0,0,0
2026-06,"(10.0, 14.0]",London,STABLE,1,60,416,1,0,1,0
2026-06,"(10.0, 14.0]",London-NY,CONTRACTING,1,60,6,0,0,0,0
2026-06,"(10.0, 14.0]",London-NY,EXPANDING,1,60,81,0,0,0,0
2026-06,"(10.0, 14.0]",London-NY,STABLE,1,60,61,0,0,0,0
2026-06,"(10.0, 14.0]",NY,CONTRACTING,1,60,124,0,0,0,0
2026-06,"(10.0, 14.0]",NY,EXPANDING,1,60,12,0,0,0,0
2026-06,"(10.0, 14.0]",NY,STABLE,1,60,92,0,0,0,0
2026-06,"(10.0, 14.0]",NY-Asia,CONTRACTING,1,60,45,0,0,0,0
2026-06,"(10.0, 14.0]",NY-Asia,EXPANDING,1,60,22,0,0,0,0
2026-06,"(10.0, 14.0]",NY-Asia,STABLE,1,60,90,0,0,0,0
2026-06,"(14.0, inf]",Asia,CONTRACTING,1,60,108,0,0,0,0
2026-06,"(14.0, inf]",Asia,EXPANDING,1,60,284,0,0,0,0
2026-06,"(14.0, inf]",Asia,STABLE,1,60,241,0,0,0,0
2026-06,"(14.0, inf]",Asia,unclassified,1,60,71,0,0,0,0
2026-06,"(14.0, inf]",Asia-London,CONTRACTING,1,60,11,0,0,0,0
2026-06,"(14.0, inf]",Asia-London,EXPANDING,1,60,77,0,0,0,0
2026-06,"(14.0, inf]",Asia-London,STABLE,1,60,51,0,0,0,0
2026-06,"(14.0, inf]",London,CONTRACTING,1,60,40,0,0,0,0
2026-06,"(14.0, inf]",London,EXPANDING,1,60,90,0,0,0,0
2026-06,"(14.0, inf]",London,STABLE,1,60,148,0,0,0,0
2026-06,"(14.0, inf]",London-NY,CONTRACTING,1,60,6,0,0,0,0
2026-06,"(14.0, inf]",London-NY,EXPANDING,1,60,136,0,0,0,0
2026-06,"(14.0, inf]",London-NY,STABLE,1,60,51,0,0,0,0
2026-06,"(14.0, inf]",NY,CONTRACTING,1,60,151,0,0,0,0
2026-06,"(14.0, inf]",NY,EXPANDING,1,60,186,0,0,0,0
2026-06,"(14.0, inf]",NY,STABLE,1,60,352,0,0,0,0
2026-06,"(14.0, inf]",NY-Asia,CONTRACTING,1,60,38,0,0,0,0
2026-06,"(14.0, inf]",NY-Asia,EXPANDING,1,60,38,0,0,0,0
2026-06,"(14.0, inf]",NY-Asia,STABLE,1,60,50,0,0,0,0
2026-06,unclassified,Asia,unclassified,1,60,115,0,0,0,0
2026-06,"(0.0, 7.0]",Asia,CONTRACTING,-1,15,37,5,2,3,0
2026-06,"(0.0, 7.0]",Asia,EXPANDING,-1,15,8,0,0,0,0
2026-06,"(0.0, 7.0]",Asia,STABLE,-1,15,28,4,2,2,0
2026-06,"(0.0, 7.0]",Asia,unclassified,-1,15,43,8,5,3,0
2026-06,"(0.0, 7.0]",London,CONTRACTING,-1,15,37,5,3,2,0
2026-06,"(0.0, 7.0]",London,STABLE,-1,15,25,5,1,4,0
2026-06,"(0.0, 7.0]",London-NY,CONTRACTING,-1,15,3,0,0,0,0
2026-06,"(0.0, 7.0]",London-NY,STABLE,-1,15,4,0,0,0,0
2026-06,"(0.0, 7.0]",NY,CONTRACTING,-1,15,3,0,0,0,0
2026-06,"(0.0, 7.0]",NY-Asia,CONTRACTING,-1,15,103,5,3,2,0
2026-06,"(0.0, 7.0]",NY-Asia,EXPANDING,-1,15,7,0,0,0,0
2026-06,"(0.0, 7.0]",NY-Asia,STABLE,-1,15,99,13,7,6,0
2026-06,"(7.0, 10.0]",Asia,CONTRACTING,-1,15,117,9,6,3,0
2026-06,"(7.0, 10.0]",Asia,EXPANDING,-1,15,64,6,4,2,0
2026-06,"(7.0, 10.0]",Asia,STABLE,-1,15,193,18,11,7,0
2026-06,"(7.0, 10.0]",Asia,unclassified,-1,15,64,3,0,3,0
2026-06,"(7.0, 10.0]",Asia-London,CONTRACTING,-1,15,2,0,0,0,0
2026-06,"(7.0, 10.0]",Asia-London,EXPANDING,-1,15,2,0,0,0,0
2026-06,"(7.0, 10.0]",Asia-London,STABLE,-1,15,16,2,1,1,0
2026-06,"(7.0, 10.0]",London,CONTRACTING,-1,15,96,7,4,3,0
2026-06,"(7.0, 10.0]",London,EXPANDING,-1,15,27,2,0,2,0
2026-06,"(7.0, 10.0]",London,STABLE,-1,15,233,23,12,11,0
2026-06,"(7.0, 10.0]",London-NY,CONTRACTING,-1,15,3,0,0,0,0
2026-06,"(7.0, 10.0]",London-NY,EXPANDING,-1,15,18,0,0,0,0
2026-06,"(7.0, 10.0]",London-NY,STABLE,-1,15,27,3,1,2,0
2026-06,"(7.0, 10.0]",NY,CONTRACTING,-1,15,87,5,3,2,0
2026-06,"(7.0, 10.0]",NY,STABLE,-1,15,40,3,2,1,0
2026-06,"(7.0, 10.0]",NY-Asia,CONTRACTING,-1,15,53,2,2,0,0
2026-06,"(7.0, 10.0]",NY-Asia,EXPANDING,-1,15,31,3,2,1,0
2026-06,"(7.0, 10.0]",NY-Asia,STABLE,-1,15,183,14,7,7,0
2026-06,"(10.0, 14.0]",Asia,CONTRACTING,-1,15,198,26,13,13,0
2026-06,"(10.0, 14.0]",Asia,EXPANDING,-1,15,138,21,10,11,0
2026-06,"(10.0, 14.0]",Asia,STABLE,-1,15,325,32,19,13,0
2026-06,"(10.0, 14.0]",Asia,unclassified,-1,15,75,6,3,3,0
2026-06,"(10.0, 14.0]",Asia-London,CONTRACTING,-1,15,2,0,0,0,0
2026-06,"(10.0, 14.0]",Asia-London,EXPANDING,-1,15,52,2,1,1,0
2026-06,"(10.0, 14.0]",Asia-London,STABLE,-1,15,51,7,2,5,0
2026-06,"(10.0, 14.0]",London,CONTRACTING,-1,15,132,19,9,10,0
2026-06,"(10.0, 14.0]",London,EXPANDING,-1,15,76,5,4,1,0
2026-06,"(10.0, 14.0]",London,STABLE,-1,15,416,45,22,23,0
2026-06,"(10.0, 14.0]",London-NY,CONTRACTING,-1,15,6,0,0,0,0
2026-06,"(10.0, 14.0]",London-NY,EXPANDING,-1,15,81,3,2,1,0
2026-06,"(10.0, 14.0]",London-NY,STABLE,-1,15,61,5,3,2,0
2026-06,"(10.0, 14.0]",NY,CONTRACTING,-1,15,124,21,10,11,0
2026-06,"(10.0, 14.0]",NY,EXPANDING,-1,15,12,1,0,1,0
2026-06,"(10.0, 14.0]",NY,STABLE,-1,15,92,9,7,2,0
2026-06,"(10.0, 14.0]",NY-Asia,CONTRACTING,-1,15,46,3,2,1,0
2026-06,"(10.0, 14.0]",NY-Asia,EXPANDING,-1,15,22,4,3,1,0
2026-06,"(10.0, 14.0]",NY-Asia,STABLE,-1,15,119,9,4,5,0
2026-06,"(14.0, inf]",Asia,CONTRACTING,-1,15,108,10,3,7,0
2026-06,"(14.0, inf]",Asia,EXPANDING,-1,15,284,23,13,10,0
2026-06,"(14.0, inf]",Asia,STABLE,-1,15,241,24,13,11,0
2026-06,"(14.0, inf]",Asia,unclassified,-1,15,71,2,1,1,0
2026-06,"(14.0, inf]",Asia-London,CONTRACTING,-1,15,11,1,0,1,0
2026-06,"(14.0, inf]",Asia-London,EXPANDING,-1,15,77,15,3,12,0
2026-06,"(14.0, inf]",Asia-London,STABLE,-1,15,51,3,1,2,0
2026-06,"(14.0, inf]",London,CONTRACTING,-1,15,40,3,3,0,0
2026-06,"(14.0, inf]",London,EXPANDING,-1,15,90,6,4,2,0
2026-06,"(14.0, inf]",London,STABLE,-1,15,148,9,5,4,0
2026-06,"(14.0, inf]",London-NY,CONTRACTING,-1,15,6,0,0,0,0
2026-06,"(14.0, inf]",London-NY,EXPANDING,-1,15,136,10,3,7,0
2026-06,"(14.0, inf]",London-NY,STABLE,-1,15,51,7,5,2,0
2026-06,"(14.0, inf]",NY,CONTRACTING,-1,15,151,6,3,3,0
2026-06,"(14.0, inf]",NY,EXPANDING,-1,15,186,17,9,8,0
2026-06,"(14.0, inf]",NY,STABLE,-1,15,352,33,14,19,0
2026-06,"(14.0, inf]",NY-Asia,CONTRACTING,-1,15,49,4,3,1,0
2026-06,"(14.0, inf]",NY-Asia,EXPANDING,-1,15,45,5,2,3,0
2026-06,"(14.0, inf]",NY-Asia,STABLE,-1,15,62,4,3,1,0
2026-06,unclassified,Asia,unclassified,-1,15,115,15,4,11,0
2026-06,"(0.0, 7.0]",Asia,CONTRACTING,-1,30,37,1,0,1,0
2026-06,"(0.0, 7.0]",Asia,EXPANDING,-1,30,8,0,0,0,0
2026-06,"(0.0, 7.0]",Asia,STABLE,-1,30,28,0,0,0,0
2026-06,"(0.0, 7.0]",Asia,unclassified,-1,30,43,1,1,0,0
2026-06,"(0.0, 7.0]",London,CONTRACTING,-1,30,37,4,4,0,0
2026-06,"(0.0, 7.0]",London,STABLE,-1,30,25,1,0,1,0
2026-06,"(0.0, 7.0]",London-NY,CONTRACTING,-1,30,3,0,0,0,0
2026-06,"(0.0, 7.0]",London-NY,STABLE,-1,30,4,0,0,0,0
2026-06,"(0.0, 7.0]",NY,CONTRACTING,-1,30,3,0,0,0,0
2026-06,"(0.0, 7.0]",NY-Asia,CONTRACTING,-1,30,94,0,0,0,0
2026-06,"(0.0, 7.0]",NY-Asia,EXPANDING,-1,30,6,0,0,0,0
2026-06,"(0.0, 7.0]",NY-Asia,STABLE,-1,30,82,1,1,0,0
2026-06,"(7.0, 10.0]",Asia,CONTRACTING,-1,30,117,2,1,1,0
2026-06,"(7.0, 10.0]",Asia,EXPANDING,-1,30,64,0,0,0,0
2026-06,"(7.0, 10.0]",Asia,STABLE,-1,30,190,1,1,0,0
2026-06,"(7.0, 10.0]",Asia,unclassified,-1,30,64,2,0,2,0
2026-06,"(7.0, 10.0]",Asia-London,CONTRACTING,-1,30,2,0,0,0,0
2026-06,"(7.0, 10.0]",Asia-London,EXPANDING,-1,30,2,0,0,0,0
2026-06,"(7.0, 10.0]",Asia-London,STABLE,-1,30,16,0,0,0,0
2026-06,"(7.0, 10.0]",London,CONTRACTING,-1,30,96,4,3,1,0
2026-06,"(7.0, 10.0]",London,EXPANDING,-1,30,27,0,0,0,0
2026-06,"(7.0, 10.0]",London,STABLE,-1,30,233,3,3,0,0
2026-06,"(7.0, 10.0]",London-NY,CONTRACTING,-1,30,3,0,0,0,0
2026-06,"(7.0, 10.0]",London-NY,EXPANDING,-1,30,18,0,0,0,0
2026-06,"(7.0, 10.0]",London-NY,STABLE,-1,30,27,0,0,0,0
2026-06,"(7.0, 10.0]",NY,CONTRACTING,-1,30,85,1,1,0,0
2026-06,"(7.0, 10.0]",NY,STABLE,-1,30,39,0,0,0,0
2026-06,"(7.0, 10.0]",NY-Asia,CONTRACTING,-1,30,47,0,0,0,0
2026-06,"(7.0, 10.0]",NY-Asia,EXPANDING,-1,30,26,2,2,0,0
2026-06,"(7.0, 10.0]",NY-Asia,STABLE,-1,30,176,2,1,1,0
2026-06,"(10.0, 14.0]",Asia,CONTRACTING,-1,30,198,9,5,4,0
2026-06,"(10.0, 14.0]",Asia,EXPANDING,-1,30,138,4,2,2,0
2026-06,"(10.0, 14.0]",Asia,STABLE,-1,30,325,4,4,0,0
2026-06,"(10.0, 14.0]",Asia,unclassified,-1,30,75,2,2,0,0
2026-06,"(10.0, 14.0]",Asia-London,CONTRACTING,-1,30,2,0,0,0,0
2026-06,"(10.0, 14.0]",Asia-London,EXPANDING,-1,30,52,1,0,1,0
2026-06,"(10.0, 14.0]",Asia-London,STABLE,-1,30,51,0,0,0,0
2026-06,"(10.0, 14.0]",London,CONTRACTING,-1,30,132,2,1,1,0
2026-06,"(10.0, 14.0]",London,EXPANDING,-1,30,76,1,1,0,0
2026-06,"(10.0, 14.0]",London,STABLE,-1,30,416,6,3,3,0
2026-06,"(10.0, 14.0]",London-NY,CONTRACTING,-1,30,6,0,0,0,0
2026-06,"(10.0, 14.0]",London-NY,EXPANDING,-1,30,81,0,0,0,0
2026-06,"(10.0, 14.0]",London-NY,STABLE,-1,30,61,1,1,0,0
2026-06,"(10.0, 14.0]",NY,CONTRACTING,-1,30,124,3,0,3,0
2026-06,"(10.0, 14.0]",NY,EXPANDING,-1,30,12,0,0,0,0
2026-06,"(10.0, 14.0]",NY,STABLE,-1,30,92,0,0,0,0
2026-06,"(10.0, 14.0]",NY-Asia,CONTRACTING,-1,30,45,0,0,0,0
2026-06,"(10.0, 14.0]",NY-Asia,EXPANDING,-1,30,22,2,2,0,0
2026-06,"(10.0, 14.0]",NY-Asia,STABLE,-1,30,110,2,2,0,0
2026-06,"(14.0, inf]",Asia,CONTRACTING,-1,30,108,1,0,1,0
2026-06,"(14.0, inf]",Asia,EXPANDING,-1,30,284,3,3,0,0
2026-06,"(14.0, inf]",Asia,STABLE,-1,30,241,8,5,3,0
2026-06,"(14.0, inf]",Asia,unclassified,-1,30,71,0,0,0,0
2026-06,"(14.0, inf]",Asia-London,CONTRACTING,-1,30,11,0,0,0,0
2026-06,"(14.0, inf]",Asia-London,EXPANDING,-1,30,77,3,1,2,0
2026-06,"(14.0, inf]",Asia-London,STABLE,-1,30,51,0,0,0,0
2026-06,"(14.0, inf]",London,CONTRACTING,-1,30,40,0,0,0,0
2026-06,"(14.0, inf]",London,EXPANDING,-1,30,90,1,1,0,0
2026-06,"(14.0, inf]",London,STABLE,-1,30,148,3,2,1,0
2026-06,"(14.0, inf]",London-NY,CONTRACTING,-1,30,6,0,0,0,0
2026-06,"(14.0, inf]",London-NY,EXPANDING,-1,30,136,1,1,0,0
2026-06,"(14.0, inf]",London-NY,STABLE,-1,30,51,2,2,0,0
2026-06,"(14.0, inf]",NY,CONTRACTING,-1,30,151,2,1,1,0
2026-06,"(14.0, inf]",NY,EXPANDING,-1,30,186,5,0,5,0
2026-06,"(14.0, inf]",NY,STABLE,-1,30,352,3,1,2,0
2026-06,"(14.0, inf]",NY-Asia,CONTRACTING,-1,30,44,1,0,1,0
2026-06,"(14.0, inf]",NY-Asia,EXPANDING,-1,30,42,1,0,1,0
2026-06,"(14.0, inf]",NY-Asia,STABLE,-1,30,62,0,0,0,0
2026-06,unclassified,Asia,unclassified,-1,30,115,3,0,3,0
2026-06,"(0.0, 7.0]",Asia,CONTRACTING,-1,60,37,0,0,0,0
2026-06,"(0.0, 7.0]",Asia,EXPANDING,-1,60,8,0,0,0,0
2026-06,"(0.0, 7.0]",Asia,STABLE,-1,60,28,0,0,0,0
2026-06,"(0.0, 7.0]",Asia,unclassified,-1,60,43,0,0,0,0
2026-06,"(0.0, 7.0]",London,CONTRACTING,-1,60,37,4,4,0,0
2026-06,"(0.0, 7.0]",London,STABLE,-1,60,25,0,0,0,0
2026-06,"(0.0, 7.0]",London-NY,CONTRACTING,-1,60,3,0,0,0,0
2026-06,"(0.0, 7.0]",London-NY,STABLE,-1,60,4,0,0,0,0
2026-06,"(0.0, 7.0]",NY,CONTRACTING,-1,60,3,0,0,0,0
2026-06,"(0.0, 7.0]",NY-Asia,CONTRACTING,-1,60,77,0,0,0,0
2026-06,"(0.0, 7.0]",NY-Asia,EXPANDING,-1,60,3,0,0,0,0
2026-06,"(0.0, 7.0]",NY-Asia,STABLE,-1,60,62,0,0,0,0
2026-06,"(7.0, 10.0]",Asia,CONTRACTING,-1,60,117,0,0,0,0
2026-06,"(7.0, 10.0]",Asia,EXPANDING,-1,60,64,0,0,0,0
2026-06,"(7.0, 10.0]",Asia,STABLE,-1,60,188,2,0,2,0
2026-06,"(7.0, 10.0]",Asia,unclassified,-1,60,60,0,0,0,0
2026-06,"(7.0, 10.0]",Asia-London,CONTRACTING,-1,60,2,0,0,0,0
2026-06,"(7.0, 10.0]",Asia-London,EXPANDING,-1,60,2,0,0,0,0
2026-06,"(7.0, 10.0]",Asia-London,STABLE,-1,60,16,0,0,0,0
2026-06,"(7.0, 10.0]",London,CONTRACTING,-1,60,96,8,8,0,0
2026-06,"(7.0, 10.0]",London,EXPANDING,-1,60,27,0,0,0,0
2026-06,"(7.0, 10.0]",London,STABLE,-1,60,233,0,0,0,0
2026-06,"(7.0, 10.0]",London-NY,CONTRACTING,-1,60,3,0,0,0,0
2026-06,"(7.0, 10.0]",London-NY,EXPANDING,-1,60,18,0,0,0,0
2026-06,"(7.0, 10.0]",London-NY,STABLE,-1,60,27,0,0,0,0
2026-06,"(7.0, 10.0]",NY,CONTRACTING,-1,60,79,0,0,0,0
2026-06,"(7.0, 10.0]",NY,STABLE,-1,60,39,0,0,0,0
2026-06,"(7.0, 10.0]",NY-Asia,CONTRACTING,-1,60,47,0,0,0,0
2026-06,"(7.0, 10.0]",NY-Asia,EXPANDING,-1,60,20,0,0,0,0
2026-06,"(7.0, 10.0]",NY-Asia,STABLE,-1,60,138,0,0,0,0
2026-06,"(10.0, 14.0]",Asia,CONTRACTING,-1,60,198,0,0,0,0
2026-06,"(10.0, 14.0]",Asia,EXPANDING,-1,60,138,0,0,0,0
2026-06,"(10.0, 14.0]",Asia,STABLE,-1,60,325,0,0,0,0
2026-06,"(10.0, 14.0]",Asia,unclassified,-1,60,75,0,0,0,0
2026-06,"(10.0, 14.0]",Asia-London,CONTRACTING,-1,60,2,0,0,0,0
2026-06,"(10.0, 14.0]",Asia-London,EXPANDING,-1,60,52,0,0,0,0
2026-06,"(10.0, 14.0]",Asia-London,STABLE,-1,60,51,0,0,0,0
2026-06,"(10.0, 14.0]",London,CONTRACTING,-1,60,132,0,0,0,0
2026-06,"(10.0, 14.0]",London,EXPANDING,-1,60,76,0,0,0,0
2026-06,"(10.0, 14.0]",London,STABLE,-1,60,416,1,1,0,0
2026-06,"(10.0, 14.0]",London-NY,CONTRACTING,-1,60,6,0,0,0,0
2026-06,"(10.0, 14.0]",London-NY,EXPANDING,-1,60,81,0,0,0,0
2026-06,"(10.0, 14.0]",London-NY,STABLE,-1,60,61,0,0,0,0
2026-06,"(10.0, 14.0]",NY,CONTRACTING,-1,60,124,0,0,0,0
2026-06,"(10.0, 14.0]",NY,EXPANDING,-1,60,12,0,0,0,0
2026-06,"(10.0, 14.0]",NY,STABLE,-1,60,92,0,0,0,0
2026-06,"(10.0, 14.0]",NY-Asia,CONTRACTING,-1,60,45,0,0,0,0
2026-06,"(10.0, 14.0]",NY-Asia,EXPANDING,-1,60,22,0,0,0,0
2026-06,"(10.0, 14.0]",NY-Asia,STABLE,-1,60,90,0,0,0,0
2026-06,"(14.0, inf]",Asia,CONTRACTING,-1,60,108,0,0,0,0
2026-06,"(14.0, inf]",Asia,EXPANDING,-1,60,284,0,0,0,0
2026-06,"(14.0, inf]",Asia,STABLE,-1,60,241,0,0,0,0
2026-06,"(14.0, inf]",Asia,unclassified,-1,60,71,0,0,0,0
2026-06,"(14.0, inf]",Asia-London,CONTRACTING,-1,60,11,0,0,0,0
2026-06,"(14.0, inf]",Asia-London,EXPANDING,-1,60,77,0,0,0,0
2026-06,"(14.0, inf]",Asia-London,STABLE,-1,60,51,0,0,0,0
2026-06,"(14.0, inf]",London,CONTRACTING,-1,60,40,0,0,0,0
2026-06,"(14.0, inf]",London,EXPANDING,-1,60,90,0,0,0,0
2026-06,"(14.0, inf]",London,STABLE,-1,60,148,0,0,0,0
2026-06,"(14.0, inf]",London-NY,CONTRACTING,-1,60,6,0,0,0,0
2026-06,"(14.0, inf]",London-NY,EXPANDING,-1,60,136,0,0,0,0
2026-06,"(14.0, inf]",London-NY,STABLE,-1,60,51,0,0,0,0
2026-06,"(14.0, inf]",NY,CONTRACTING,-1,60,151,0,0,0,0
2026-06,"(14.0, inf]",NY,EXPANDING,-1,60,186,0,0,0,0
2026-06,"(14.0, inf]",NY,STABLE,-1,60,352,0,0,0,0
2026-06,"(14.0, inf]",NY-Asia,CONTRACTING,-1,60,38,0,0,0,0
2026-06,"(14.0, inf]",NY-Asia,EXPANDING,-1,60,38,0,0,0,0
2026-06,"(14.0, inf]",NY-Asia,STABLE,-1,60,50,0,0,0,0
2026-06,unclassified,Asia,unclassified,-1,60,115,0,0,0,0
2026-07,"(0.0, 7.0]",Asia,CONTRACTING,1,15,119,24,10,14,0
2026-07,"(0.0, 7.0]",Asia,EXPANDING,1,15,33,4,0,4,0
2026-07,"(0.0, 7.0]",Asia,STABLE,1,15,128,25,8,17,0
2026-07,"(0.0, 7.0]",Asia,unclassified,1,15,117,17,8,9,0
2026-07,"(0.0, 7.0]",Asia-London,CONTRACTING,1,15,1,0,0,0,0
2026-07,"(0.0, 7.0]",London,CONTRACTING,1,15,53,5,1,4,0
2026-07,"(0.0, 7.0]",London,EXPANDING,1,15,1,0,0,0,0
2026-07,"(0.0, 7.0]",London,STABLE,1,15,100,9,1,8,0
2026-07,"(0.0, 7.0]",London-NY,STABLE,1,15,5,0,0,0,0
2026-07,"(0.0, 7.0]",NY,CONTRACTING,1,15,21,3,0,3,0
2026-07,"(0.0, 7.0]",NY,STABLE,1,15,1,0,0,0,0
2026-07,"(0.0, 7.0]",NY-Asia,CONTRACTING,1,15,138,18,11,7,0
2026-07,"(0.0, 7.0]",NY-Asia,EXPANDING,1,15,9,2,1,1,0
2026-07,"(0.0, 7.0]",NY-Asia,STABLE,1,15,113,8,4,4,0
2026-07,"(7.0, 10.0]",Asia,CONTRACTING,1,15,212,20,11,9,0
2026-07,"(7.0, 10.0]",Asia,EXPANDING,1,15,141,14,9,5,0
2026-07,"(7.0, 10.0]",Asia,STABLE,1,15,221,22,8,14,0
2026-07,"(7.0, 10.0]",Asia,unclassified,1,15,47,7,5,2,0
2026-07,"(7.0, 10.0]",Asia-London,CONTRACTING,1,15,11,2,2,0,0
2026-07,"(7.0, 10.0]",Asia-London,EXPANDING,1,15,28,1,1,0,0
2026-07,"(7.0, 10.0]",Asia-London,STABLE,1,15,62,7,2,5,0
2026-07,"(7.0, 10.0]",London,CONTRACTING,1,15,186,24,10,14,0
2026-07,"(7.0, 10.0]",London,EXPANDING,1,15,58,11,5,6,0
2026-07,"(7.0, 10.0]",London,STABLE,1,15,483,58,32,26,0
2026-07,"(7.0, 10.0]",London-NY,CONTRACTING,1,15,3,0,0,0,0
2026-07,"(7.0, 10.0]",London-NY,EXPANDING,1,15,32,5,0,5,0
2026-07,"(7.0, 10.0]",London-NY,STABLE,1,15,37,6,3,3,0
2026-07,"(7.0, 10.0]",NY,CONTRACTING,1,15,116,9,4,5,0
2026-07,"(7.0, 10.0]",NY,EXPANDING,1,15,3,1,0,1,0
2026-07,"(7.0, 10.0]",NY,STABLE,1,15,59,4,1,3,0
2026-07,"(7.0, 10.0]",NY-Asia,CONTRACTING,1,15,95,17,5,12,0
2026-07,"(7.0, 10.0]",NY-Asia,EXPANDING,1,15,69,8,5,3,0
2026-07,"(7.0, 10.0]",NY-Asia,STABLE,1,15,200,21,6,15,0
2026-07,"(10.0, 14.0]",Asia,CONTRACTING,1,15,175,17,10,7,0
2026-07,"(10.0, 14.0]",Asia,EXPANDING,1,15,185,21,11,10,0
2026-07,"(10.0, 14.0]",Asia,STABLE,1,15,261,23,12,11,0
2026-07,"(10.0, 14.0]",Asia,unclassified,1,15,59,9,5,4,0
2026-07,"(10.0, 14.0]",Asia-London,CONTRACTING,1,15,8,1,0,1,0
2026-07,"(10.0, 14.0]",Asia-London,EXPANDING,1,15,85,10,7,3,0
2026-07,"(10.0, 14.0]",Asia-London,STABLE,1,15,40,3,0,3,0
2026-07,"(10.0, 14.0]",London,CONTRACTING,1,15,60,7,3,4,0
2026-07,"(10.0, 14.0]",London,EXPANDING,1,15,113,6,1,5,0
2026-07,"(10.0, 14.0]",London,STABLE,1,15,248,28,15,13,0
2026-07,"(10.0, 14.0]",London-NY,CONTRACTING,1,15,15,1,1,0,0
2026-07,"(10.0, 14.0]",London-NY,EXPANDING,1,15,117,12,7,5,0
2026-07,"(10.0, 14.0]",London-NY,STABLE,1,15,36,9,7,2,0
2026-07,"(10.0, 14.0]",NY,CONTRACTING,1,15,194,10,5,5,0
2026-07,"(10.0, 14.0]",NY,EXPANDING,1,15,22,2,1,1,0
2026-07,"(10.0, 14.0]",NY,STABLE,1,15,127,11,1,10,0
2026-07,"(10.0, 14.0]",NY-Asia,CONTRACTING,1,15,35,3,0,3,0
2026-07,"(10.0, 14.0]",NY-Asia,EXPANDING,1,15,32,1,0,1,0
2026-07,"(10.0, 14.0]",NY-Asia,STABLE,1,15,101,6,1,5,0
2026-07,"(14.0, inf]",Asia,CONTRACTING,1,15,18,3,3,0,0
2026-07,"(14.0, inf]",Asia,EXPANDING,1,15,196,22,18,4,0
2026-07,"(14.0, inf]",Asia,STABLE,1,15,127,19,9,10,0
2026-07,"(14.0, inf]",Asia,unclassified,1,15,30,3,2,1,0
2026-07,"(14.0, inf]",Asia-London,EXPANDING,1,15,34,2,1,1,0
2026-07,"(14.0, inf]",Asia-London,STABLE,1,15,7,0,0,0,0
2026-07,"(14.0, inf]",London,CONTRACTING,1,15,16,1,1,0,0
2026-07,"(14.0, inf]",London,EXPANDING,1,15,44,6,2,4,0
2026-07,"(14.0, inf]",London,STABLE,1,15,18,0,0,0,0
2026-07,"(14.0, inf]",London-NY,CONTRACTING,1,15,3,1,0,1,0
2026-07,"(14.0, inf]",London-NY,EXPANDING,1,15,123,19,5,14,0
2026-07,"(14.0, inf]",London-NY,STABLE,1,15,43,5,0,5,0
2026-07,"(14.0, inf]",NY,CONTRACTING,1,15,130,16,9,7,0
2026-07,"(14.0, inf]",NY,EXPANDING,1,15,177,7,5,2,0
2026-07,"(14.0, inf]",NY,STABLE,1,15,245,21,7,14,0
2026-07,"(14.0, inf]",NY-Asia,CONTRACTING,1,15,12,0,0,0,0
2026-07,"(14.0, inf]",NY-Asia,EXPANDING,1,15,36,4,2,2,0
2026-07,"(14.0, inf]",NY-Asia,STABLE,1,15,18,0,0,0,0
2026-07,unclassified,Asia,unclassified,1,15,115,18,9,9,0
2026-07,"(0.0, 7.0]",Asia,CONTRACTING,1,30,119,7,3,4,0
2026-07,"(0.0, 7.0]",Asia,EXPANDING,1,30,33,0,0,0,0
2026-07,"(0.0, 7.0]",Asia,STABLE,1,30,128,8,2,6,0
2026-07,"(0.0, 7.0]",Asia,unclassified,1,30,117,0,0,0,0
2026-07,"(0.0, 7.0]",Asia-London,CONTRACTING,1,30,1,0,0,0,0
2026-07,"(0.0, 7.0]",London,CONTRACTING,1,30,53,0,0,0,0
2026-07,"(0.0, 7.0]",London,EXPANDING,1,30,1,0,0,0,0
2026-07,"(0.0, 7.0]",London,STABLE,1,30,100,6,0,6,0
2026-07,"(0.0, 7.0]",London-NY,STABLE,1,30,5,0,0,0,0
2026-07,"(0.0, 7.0]",NY,CONTRACTING,1,30,19,0,0,0,0
2026-07,"(0.0, 7.0]",NY-Asia,CONTRACTING,1,30,120,8,2,6,0
2026-07,"(0.0, 7.0]",NY-Asia,EXPANDING,1,30,8,0,0,0,0
2026-07,"(0.0, 7.0]",NY-Asia,STABLE,1,30,95,1,0,1,0
2026-07,"(7.0, 10.0]",Asia,CONTRACTING,1,30,212,3,1,2,0
2026-07,"(7.0, 10.0]",Asia,EXPANDING,1,30,141,2,1,1,0
2026-07,"(7.0, 10.0]",Asia,STABLE,1,30,221,6,1,5,0
2026-07,"(7.0, 10.0]",Asia,unclassified,1,30,47,1,1,0,0
2026-07,"(7.0, 10.0]",Asia-London,CONTRACTING,1,30,11,0,0,0,0
2026-07,"(7.0, 10.0]",Asia-London,EXPANDING,1,30,28,0,0,0,0
2026-07,"(7.0, 10.0]",Asia-London,STABLE,1,30,62,0,0,0,0
2026-07,"(7.0, 10.0]",London,CONTRACTING,1,30,186,5,0,5,0
2026-07,"(7.0, 10.0]",London,EXPANDING,1,30,58,2,0,2,0
2026-07,"(7.0, 10.0]",London,STABLE,1,30,483,8,3,5,0
2026-07,"(7.0, 10.0]",London-NY,CONTRACTING,1,30,3,0,0,0,0
2026-07,"(7.0, 10.0]",London-NY,EXPANDING,1,30,32,0,0,0,0
2026-07,"(7.0, 10.0]",London-NY,STABLE,1,30,37,1,0,1,0
2026-07,"(7.0, 10.0]",NY,CONTRACTING,1,30,116,7,3,4,0
2026-07,"(7.0, 10.0]",NY,EXPANDING,1,30,3,0,0,0,0
2026-07,"(7.0, 10.0]",NY,STABLE,1,30,59,1,0,1,0
2026-07,"(7.0, 10.0]",NY-Asia,CONTRACTING,1,30,88,3,0,3,0
2026-07,"(7.0, 10.0]",NY-Asia,EXPANDING,1,30,66,2,1,1,0
2026-07,"(7.0, 10.0]",NY-Asia,STABLE,1,30,187,2,1,1,0
2026-07,"(10.0, 14.0]",Asia,CONTRACTING,1,30,175,1,0,1,0
2026-07,"(10.0, 14.0]",Asia,EXPANDING,1,30,185,5,4,1,0
2026-07,"(10.0, 14.0]",Asia,STABLE,1,30,261,2,1,1,0
2026-07,"(10.0, 14.0]",Asia,unclassified,1,30,59,4,2,2,0
2026-07,"(10.0, 14.0]",Asia-London,CONTRACTING,1,30,8,0,0,0,0
2026-07,"(10.0, 14.0]",Asia-London,EXPANDING,1,30,85,1,1,0,0
2026-07,"(10.0, 14.0]",Asia-London,STABLE,1,30,40,0,0,0,0
2026-07,"(10.0, 14.0]",London,CONTRACTING,1,30,60,4,0,4,0
2026-07,"(10.0, 14.0]",London,EXPANDING,1,30,113,1,1,0,0
2026-07,"(10.0, 14.0]",London,STABLE,1,30,248,5,1,4,0
2026-07,"(10.0, 14.0]",London-NY,CONTRACTING,1,30,15,1,1,0,0
2026-07,"(10.0, 14.0]",London-NY,EXPANDING,1,30,117,2,2,0,0
2026-07,"(10.0, 14.0]",London-NY,STABLE,1,30,36,2,1,1,0
2026-07,"(10.0, 14.0]",NY,CONTRACTING,1,30,194,1,0,1,0
2026-07,"(10.0, 14.0]",NY,EXPANDING,1,30,22,0,0,0,0
2026-07,"(10.0, 14.0]",NY,STABLE,1,30,127,3,1,2,0
2026-07,"(10.0, 14.0]",NY-Asia,CONTRACTING,1,30,35,1,0,1,0
2026-07,"(10.0, 14.0]",NY-Asia,EXPANDING,1,30,29,0,0,0,0
2026-07,"(10.0, 14.0]",NY-Asia,STABLE,1,30,101,1,0,1,0
2026-07,"(14.0, inf]",Asia,CONTRACTING,1,30,18,1,1,0,0
2026-07,"(14.0, inf]",Asia,EXPANDING,1,30,196,6,4,2,0
2026-07,"(14.0, inf]",Asia,STABLE,1,30,127,4,2,2,0
2026-07,"(14.0, inf]",Asia,unclassified,1,30,30,1,1,0,0
2026-07,"(14.0, inf]",Asia-London,EXPANDING,1,30,34,0,0,0,0
2026-07,"(14.0, inf]",Asia-London,STABLE,1,30,7,0,0,0,0
2026-07,"(14.0, inf]",London,CONTRACTING,1,30,16,0,0,0,0
2026-07,"(14.0, inf]",London,EXPANDING,1,30,44,0,0,0,0
2026-07,"(14.0, inf]",London,STABLE,1,30,18,0,0,0,0
2026-07,"(14.0, inf]",London-NY,CONTRACTING,1,30,3,0,0,0,0
2026-07,"(14.0, inf]",London-NY,EXPANDING,1,30,123,4,0,4,0
2026-07,"(14.0, inf]",London-NY,STABLE,1,30,43,0,0,0,0
2026-07,"(14.0, inf]",NY,CONTRACTING,1,30,130,3,1,2,0
2026-07,"(14.0, inf]",NY,EXPANDING,1,30,177,2,1,1,0
2026-07,"(14.0, inf]",NY,STABLE,1,30,245,3,2,1,0
2026-07,"(14.0, inf]",NY-Asia,CONTRACTING,1,30,9,0,0,0,0
2026-07,"(14.0, inf]",NY-Asia,EXPANDING,1,30,36,3,0,3,0
2026-07,"(14.0, inf]",NY-Asia,STABLE,1,30,18,1,0,1,0
2026-07,unclassified,Asia,unclassified,1,30,115,4,2,2,0
2026-07,"(0.0, 7.0]",Asia,CONTRACTING,1,60,119,0,0,0,0
2026-07,"(0.0, 7.0]",Asia,EXPANDING,1,60,33,0,0,0,0
2026-07,"(0.0, 7.0]",Asia,STABLE,1,60,128,0,0,0,0
2026-07,"(0.0, 7.0]",Asia,unclassified,1,60,117,4,0,4,0
2026-07,"(0.0, 7.0]",Asia-London,CONTRACTING,1,60,1,0,0,0,0
2026-07,"(0.0, 7.0]",London,CONTRACTING,1,60,53,0,0,0,0
2026-07,"(0.0, 7.0]",London,EXPANDING,1,60,1,0,0,0,0
2026-07,"(0.0, 7.0]",London,STABLE,1,60,100,7,0,7,0
2026-07,"(0.0, 7.0]",London-NY,STABLE,1,60,5,0,0,0,0
2026-07,"(0.0, 7.0]",NY,CONTRACTING,1,60,13,0,0,0,0
2026-07,"(0.0, 7.0]",NY-Asia,CONTRACTING,1,60,97,1,1,0,0
2026-07,"(0.0, 7.0]",NY-Asia,EXPANDING,1,60,6,0,0,0,0
2026-07,"(0.0, 7.0]",NY-Asia,STABLE,1,60,67,0,0,0,0
2026-07,"(7.0, 10.0]",Asia,CONTRACTING,1,60,212,0,0,0,0
2026-07,"(7.0, 10.0]",Asia,EXPANDING,1,60,141,0,0,0,0
2026-07,"(7.0, 10.0]",Asia,STABLE,1,60,221,1,1,0,0
2026-07,"(7.0, 10.0]",Asia,unclassified,1,60,47,0,0,0,0
2026-07,"(7.0, 10.0]",Asia-London,CONTRACTING,1,60,11,0,0,0,0
2026-07,"(7.0, 10.0]",Asia-London,EXPANDING,1,60,28,0,0,0,0
2026-07,"(7.0, 10.0]",Asia-London,STABLE,1,60,62,0,0,0,0
2026-07,"(7.0, 10.0]",London,CONTRACTING,1,60,186,0,0,0,0
2026-07,"(7.0, 10.0]",London,EXPANDING,1,60,58,0,0,0,0
2026-07,"(7.0, 10.0]",London,STABLE,1,60,483,0,0,0,0
2026-07,"(7.0, 10.0]",London-NY,CONTRACTING,1,60,3,0,0,0,0
2026-07,"(7.0, 10.0]",London-NY,EXPANDING,1,60,32,0,0,0,0
2026-07,"(7.0, 10.0]",London-NY,STABLE,1,60,37,0,0,0,0
2026-07,"(7.0, 10.0]",NY,CONTRACTING,1,60,116,0,0,0,0
2026-07,"(7.0, 10.0]",NY,EXPANDING,1,60,3,0,0,0,0
2026-07,"(7.0, 10.0]",NY,STABLE,1,60,59,1,0,1,0
2026-07,"(7.0, 10.0]",NY-Asia,CONTRACTING,1,60,76,4,0,4,0
2026-07,"(7.0, 10.0]",NY-Asia,EXPANDING,1,60,56,0,0,0,0
2026-07,"(7.0, 10.0]",NY-Asia,STABLE,1,60,158,3,1,2,0
2026-07,"(10.0, 14.0]",Asia,CONTRACTING,1,60,175,1,0,1,0
2026-07,"(10.0, 14.0]",Asia,EXPANDING,1,60,185,2,1,1,0
2026-07,"(10.0, 14.0]",Asia,STABLE,1,60,261,0,0,0,0
2026-07,"(10.0, 14.0]",Asia,unclassified,1,60,59,0,0,0,0
2026-07,"(10.0, 14.0]",Asia-London,CONTRACTING,1,60,8,0,0,0,0
2026-07,"(10.0, 14.0]",Asia-London,EXPANDING,1,60,85,0,0,0,0
2026-07,"(10.0, 14.0]",Asia-London,STABLE,1,60,40,0,0,0,0
2026-07,"(10.0, 14.0]",London,CONTRACTING,1,60,60,0,0,0,0
2026-07,"(10.0, 14.0]",London,EXPANDING,1,60,113,0,0,0,0
2026-07,"(10.0, 14.0]",London,STABLE,1,60,248,1,0,1,0
2026-07,"(10.0, 14.0]",London-NY,CONTRACTING,1,60,15,0,0,0,0
2026-07,"(10.0, 14.0]",London-NY,EXPANDING,1,60,117,0,0,0,0
2026-07,"(10.0, 14.0]",London-NY,STABLE,1,60,36,1,0,1,0
2026-07,"(10.0, 14.0]",NY,CONTRACTING,1,60,194,0,0,0,0
2026-07,"(10.0, 14.0]",NY,EXPANDING,1,60,22,0,0,0,0
2026-07,"(10.0, 14.0]",NY,STABLE,1,60,127,1,0,1,0
2026-07,"(10.0, 14.0]",NY-Asia,CONTRACTING,1,60,32,0,0,0,0
2026-07,"(10.0, 14.0]",NY-Asia,EXPANDING,1,60,23,0,0,0,0
2026-07,"(10.0, 14.0]",NY-Asia,STABLE,1,60,93,1,0,1,0
2026-07,"(14.0, inf]",Asia,CONTRACTING,1,60,18,0,0,0,0
2026-07,"(14.0, inf]",Asia,EXPANDING,1,60,196,0,0,0,0
2026-07,"(14.0, inf]",Asia,STABLE,1,60,127,0,0,0,0
2026-07,"(14.0, inf]",Asia,unclassified,1,60,30,0,0,0,0
2026-07,"(14.0, inf]",Asia-London,EXPANDING,1,60,34,0,0,0,0
2026-07,"(14.0, inf]",Asia-London,STABLE,1,60,7,0,0,0,0
2026-07,"(14.0, inf]",London,CONTRACTING,1,60,16,0,0,0,0
2026-07,"(14.0, inf]",London,EXPANDING,1,60,44,0,0,0,0
2026-07,"(14.0, inf]",London,STABLE,1,60,18,0,0,0,0
2026-07,"(14.0, inf]",London-NY,CONTRACTING,1,60,3,0,0,0,0
2026-07,"(14.0, inf]",London-NY,EXPANDING,1,60,123,0,0,0,0
2026-07,"(14.0, inf]",London-NY,STABLE,1,60,43,0,0,0,0
2026-07,"(14.0, inf]",NY,CONTRACTING,1,60,130,0,0,0,0
2026-07,"(14.0, inf]",NY,EXPANDING,1,60,177,0,0,0,0
2026-07,"(14.0, inf]",NY,STABLE,1,60,245,0,0,0,0
2026-07,"(14.0, inf]",NY-Asia,CONTRACTING,1,60,4,0,0,0,0
2026-07,"(14.0, inf]",NY-Asia,EXPANDING,1,60,34,0,0,0,0
2026-07,"(14.0, inf]",NY-Asia,STABLE,1,60,14,0,0,0,0
2026-07,unclassified,Asia,unclassified,1,60,115,1,0,1,0
2026-07,"(0.0, 7.0]",Asia,CONTRACTING,-1,15,119,24,14,10,0
2026-07,"(0.0, 7.0]",Asia,EXPANDING,-1,15,33,4,4,0,0
2026-07,"(0.0, 7.0]",Asia,STABLE,-1,15,128,25,17,8,0
2026-07,"(0.0, 7.0]",Asia,unclassified,-1,15,117,17,9,8,0
2026-07,"(0.0, 7.0]",Asia-London,CONTRACTING,-1,15,1,0,0,0,0
2026-07,"(0.0, 7.0]",London,CONTRACTING,-1,15,53,5,4,1,0
2026-07,"(0.0, 7.0]",London,EXPANDING,-1,15,1,0,0,0,0
2026-07,"(0.0, 7.0]",London,STABLE,-1,15,100,9,8,1,0
2026-07,"(0.0, 7.0]",London-NY,STABLE,-1,15,5,0,0,0,0
2026-07,"(0.0, 7.0]",NY,CONTRACTING,-1,15,21,3,3,0,0
2026-07,"(0.0, 7.0]",NY,STABLE,-1,15,1,0,0,0,0
2026-07,"(0.0, 7.0]",NY-Asia,CONTRACTING,-1,15,138,18,7,11,0
2026-07,"(0.0, 7.0]",NY-Asia,EXPANDING,-1,15,9,2,1,1,0
2026-07,"(0.0, 7.0]",NY-Asia,STABLE,-1,15,113,8,4,4,0
2026-07,"(7.0, 10.0]",Asia,CONTRACTING,-1,15,212,20,9,11,0
2026-07,"(7.0, 10.0]",Asia,EXPANDING,-1,15,141,14,5,9,0
2026-07,"(7.0, 10.0]",Asia,STABLE,-1,15,221,22,14,8,0
2026-07,"(7.0, 10.0]",Asia,unclassified,-1,15,47,7,2,5,0
2026-07,"(7.0, 10.0]",Asia-London,CONTRACTING,-1,15,11,2,0,2,0
2026-07,"(7.0, 10.0]",Asia-London,EXPANDING,-1,15,28,1,0,1,0
2026-07,"(7.0, 10.0]",Asia-London,STABLE,-1,15,62,7,5,2,0
2026-07,"(7.0, 10.0]",London,CONTRACTING,-1,15,186,24,14,10,0
2026-07,"(7.0, 10.0]",London,EXPANDING,-1,15,58,11,6,5,0
2026-07,"(7.0, 10.0]",London,STABLE,-1,15,483,58,26,32,0
2026-07,"(7.0, 10.0]",London-NY,CONTRACTING,-1,15,3,0,0,0,0
2026-07,"(7.0, 10.0]",London-NY,EXPANDING,-1,15,32,5,5,0,0
2026-07,"(7.0, 10.0]",London-NY,STABLE,-1,15,37,6,3,3,0
2026-07,"(7.0, 10.0]",NY,CONTRACTING,-1,15,116,9,5,4,0
2026-07,"(7.0, 10.0]",NY,EXPANDING,-1,15,3,1,1,0,0
2026-07,"(7.0, 10.0]",NY,STABLE,-1,15,59,4,3,1,0
2026-07,"(7.0, 10.0]",NY-Asia,CONTRACTING,-1,15,95,17,12,5,0
2026-07,"(7.0, 10.0]",NY-Asia,EXPANDING,-1,15,69,8,3,5,0
2026-07,"(7.0, 10.0]",NY-Asia,STABLE,-1,15,200,21,15,6,0
2026-07,"(10.0, 14.0]",Asia,CONTRACTING,-1,15,175,17,7,10,0
2026-07,"(10.0, 14.0]",Asia,EXPANDING,-1,15,185,21,10,11,0
2026-07,"(10.0, 14.0]",Asia,STABLE,-1,15,261,23,11,12,0
2026-07,"(10.0, 14.0]",Asia,unclassified,-1,15,59,9,4,5,0
2026-07,"(10.0, 14.0]",Asia-London,CONTRACTING,-1,15,8,1,1,0,0
2026-07,"(10.0, 14.0]",Asia-London,EXPANDING,-1,15,85,10,3,7,0
2026-07,"(10.0, 14.0]",Asia-London,STABLE,-1,15,40,3,3,0,0
2026-07,"(10.0, 14.0]",London,CONTRACTING,-1,15,60,7,4,3,0
2026-07,"(10.0, 14.0]",London,EXPANDING,-1,15,113,6,5,1,0
2026-07,"(10.0, 14.0]",London,STABLE,-1,15,248,28,13,15,0
2026-07,"(10.0, 14.0]",London-NY,CONTRACTING,-1,15,15,1,0,1,0
2026-07,"(10.0, 14.0]",London-NY,EXPANDING,-1,15,117,12,5,7,0
2026-07,"(10.0, 14.0]",London-NY,STABLE,-1,15,36,9,2,7,0
2026-07,"(10.0, 14.0]",NY,CONTRACTING,-1,15,194,10,5,5,0
2026-07,"(10.0, 14.0]",NY,EXPANDING,-1,15,22,2,1,1,0
2026-07,"(10.0, 14.0]",NY,STABLE,-1,15,127,11,10,1,0
2026-07,"(10.0, 14.0]",NY-Asia,CONTRACTING,-1,15,35,3,3,0,0
2026-07,"(10.0, 14.0]",NY-Asia,EXPANDING,-1,15,32,1,1,0,0
2026-07,"(10.0, 14.0]",NY-Asia,STABLE,-1,15,101,6,5,1,0
2026-07,"(14.0, inf]",Asia,CONTRACTING,-1,15,18,3,0,3,0
2026-07,"(14.0, inf]",Asia,EXPANDING,-1,15,196,22,4,18,0
2026-07,"(14.0, inf]",Asia,STABLE,-1,15,127,19,10,9,0
2026-07,"(14.0, inf]",Asia,unclassified,-1,15,30,3,1,2,0
2026-07,"(14.0, inf]",Asia-London,EXPANDING,-1,15,34,2,1,1,0
2026-07,"(14.0, inf]",Asia-London,STABLE,-1,15,7,0,0,0,0
2026-07,"(14.0, inf]",London,CONTRACTING,-1,15,16,1,0,1,0
2026-07,"(14.0, inf]",London,EXPANDING,-1,15,44,6,4,2,0
2026-07,"(14.0, inf]",London,STABLE,-1,15,18,0,0,0,0
2026-07,"(14.0, inf]",London-NY,CONTRACTING,-1,15,3,1,1,0,0
2026-07,"(14.0, inf]",London-NY,EXPANDING,-1,15,123,19,14,5,0
2026-07,"(14.0, inf]",London-NY,STABLE,-1,15,43,5,5,0,0
2026-07,"(14.0, inf]",NY,CONTRACTING,-1,15,130,16,7,9,0
2026-07,"(14.0, inf]",NY,EXPANDING,-1,15,177,7,2,5,0
2026-07,"(14.0, inf]",NY,STABLE,-1,15,245,21,14,7,0
2026-07,"(14.0, inf]",NY-Asia,CONTRACTING,-1,15,12,0,0,0,0
2026-07,"(14.0, inf]",NY-Asia,EXPANDING,-1,15,36,4,2,2,0
2026-07,"(14.0, inf]",NY-Asia,STABLE,-1,15,18,0,0,0,0
2026-07,unclassified,Asia,unclassified,-1,15,115,18,9,9,0
2026-07,"(0.0, 7.0]",Asia,CONTRACTING,-1,30,119,7,4,3,0
2026-07,"(0.0, 7.0]",Asia,EXPANDING,-1,30,33,0,0,0,0
2026-07,"(0.0, 7.0]",Asia,STABLE,-1,30,128,8,6,2,0
2026-07,"(0.0, 7.0]",Asia,unclassified,-1,30,117,0,0,0,0
2026-07,"(0.0, 7.0]",Asia-London,CONTRACTING,-1,30,1,0,0,0,0
2026-07,"(0.0, 7.0]",London,CONTRACTING,-1,30,53,0,0,0,0
2026-07,"(0.0, 7.0]",London,EXPANDING,-1,30,1,0,0,0,0
2026-07,"(0.0, 7.0]",London,STABLE,-1,30,100,6,6,0,0
2026-07,"(0.0, 7.0]",London-NY,STABLE,-1,30,5,0,0,0,0
2026-07,"(0.0, 7.0]",NY,CONTRACTING,-1,30,19,0,0,0,0
2026-07,"(0.0, 7.0]",NY-Asia,CONTRACTING,-1,30,120,8,6,2,0
2026-07,"(0.0, 7.0]",NY-Asia,EXPANDING,-1,30,8,0,0,0,0
2026-07,"(0.0, 7.0]",NY-Asia,STABLE,-1,30,95,1,1,0,0
2026-07,"(7.0, 10.0]",Asia,CONTRACTING,-1,30,212,3,2,1,0
2026-07,"(7.0, 10.0]",Asia,EXPANDING,-1,30,141,2,1,1,0
2026-07,"(7.0, 10.0]",Asia,STABLE,-1,30,221,6,5,1,0
2026-07,"(7.0, 10.0]",Asia,unclassified,-1,30,47,1,0,1,0
2026-07,"(7.0, 10.0]",Asia-London,CONTRACTING,-1,30,11,0,0,0,0
2026-07,"(7.0, 10.0]",Asia-London,EXPANDING,-1,30,28,0,0,0,0
2026-07,"(7.0, 10.0]",Asia-London,STABLE,-1,30,62,0,0,0,0
2026-07,"(7.0, 10.0]",London,CONTRACTING,-1,30,186,5,5,0,0
2026-07,"(7.0, 10.0]",London,EXPANDING,-1,30,58,2,2,0,0
2026-07,"(7.0, 10.0]",London,STABLE,-1,30,483,8,5,3,0
2026-07,"(7.0, 10.0]",London-NY,CONTRACTING,-1,30,3,0,0,0,0
2026-07,"(7.0, 10.0]",London-NY,EXPANDING,-1,30,32,0,0,0,0
2026-07,"(7.0, 10.0]",London-NY,STABLE,-1,30,37,1,1,0,0
2026-07,"(7.0, 10.0]",NY,CONTRACTING,-1,30,116,7,4,3,0
2026-07,"(7.0, 10.0]",NY,EXPANDING,-1,30,3,0,0,0,0
2026-07,"(7.0, 10.0]",NY,STABLE,-1,30,59,1,1,0,0
2026-07,"(7.0, 10.0]",NY-Asia,CONTRACTING,-1,30,88,3,3,0,0
2026-07,"(7.0, 10.0]",NY-Asia,EXPANDING,-1,30,66,2,1,1,0
2026-07,"(7.0, 10.0]",NY-Asia,STABLE,-1,30,187,2,1,1,0
2026-07,"(10.0, 14.0]",Asia,CONTRACTING,-1,30,175,1,1,0,0
2026-07,"(10.0, 14.0]",Asia,EXPANDING,-1,30,185,5,1,4,0
2026-07,"(10.0, 14.0]",Asia,STABLE,-1,30,261,2,1,1,0
2026-07,"(10.0, 14.0]",Asia,unclassified,-1,30,59,4,2,2,0
2026-07,"(10.0, 14.0]",Asia-London,CONTRACTING,-1,30,8,0,0,0,0
2026-07,"(10.0, 14.0]",Asia-London,EXPANDING,-1,30,85,1,0,1,0
2026-07,"(10.0, 14.0]",Asia-London,STABLE,-1,30,40,0,0,0,0
2026-07,"(10.0, 14.0]",London,CONTRACTING,-1,30,60,4,4,0,0
2026-07,"(10.0, 14.0]",London,EXPANDING,-1,30,113,1,0,1,0
2026-07,"(10.0, 14.0]",London,STABLE,-1,30,248,5,4,1,0
2026-07,"(10.0, 14.0]",London-NY,CONTRACTING,-1,30,15,1,0,1,0
2026-07,"(10.0, 14.0]",London-NY,EXPANDING,-1,30,117,2,0,2,0
2026-07,"(10.0, 14.0]",London-NY,STABLE,-1,30,36,2,1,1,0
2026-07,"(10.0, 14.0]",NY,CONTRACTING,-1,30,194,1,1,0,0
2026-07,"(10.0, 14.0]",NY,EXPANDING,-1,30,22,0,0,0,0
2026-07,"(10.0, 14.0]",NY,STABLE,-1,30,127,3,2,1,0
2026-07,"(10.0, 14.0]",NY-Asia,CONTRACTING,-1,30,35,1,1,0,0
2026-07,"(10.0, 14.0]",NY-Asia,EXPANDING,-1,30,29,0,0,0,0
2026-07,"(10.0, 14.0]",NY-Asia,STABLE,-1,30,101,1,1,0,0
2026-07,"(14.0, inf]",Asia,CONTRACTING,-1,30,18,1,0,1,0
2026-07,"(14.0, inf]",Asia,EXPANDING,-1,30,196,6,2,4,0
2026-07,"(14.0, inf]",Asia,STABLE,-1,30,127,4,2,2,0
2026-07,"(14.0, inf]",Asia,unclassified,-1,30,30,1,0,1,0
2026-07,"(14.0, inf]",Asia-London,EXPANDING,-1,30,34,0,0,0,0
2026-07,"(14.0, inf]",Asia-London,STABLE,-1,30,7,0,0,0,0
2026-07,"(14.0, inf]",London,CONTRACTING,-1,30,16,0,0,0,0
2026-07,"(14.0, inf]",London,EXPANDING,-1,30,44,0,0,0,0
2026-07,"(14.0, inf]",London,STABLE,-1,30,18,0,0,0,0
2026-07,"(14.0, inf]",London-NY,CONTRACTING,-1,30,3,0,0,0,0
2026-07,"(14.0, inf]",London-NY,EXPANDING,-1,30,123,4,4,0,0
2026-07,"(14.0, inf]",London-NY,STABLE,-1,30,43,0,0,0,0
2026-07,"(14.0, inf]",NY,CONTRACTING,-1,30,130,3,2,1,0
2026-07,"(14.0, inf]",NY,EXPANDING,-1,30,177,2,1,1,0
2026-07,"(14.0, inf]",NY,STABLE,-1,30,245,3,1,2,0
2026-07,"(14.0, inf]",NY-Asia,CONTRACTING,-1,30,9,0,0,0,0
2026-07,"(14.0, inf]",NY-Asia,EXPANDING,-1,30,36,3,3,0,0
2026-07,"(14.0, inf]",NY-Asia,STABLE,-1,30,18,1,1,0,0
2026-07,unclassified,Asia,unclassified,-1,30,115,4,2,2,0
2026-07,"(0.0, 7.0]",Asia,CONTRACTING,-1,60,119,0,0,0,0
2026-07,"(0.0, 7.0]",Asia,EXPANDING,-1,60,33,0,0,0,0
2026-07,"(0.0, 7.0]",Asia,STABLE,-1,60,128,0,0,0,0
2026-07,"(0.0, 7.0]",Asia,unclassified,-1,60,117,4,4,0,0
2026-07,"(0.0, 7.0]",Asia-London,CONTRACTING,-1,60,1,0,0,0,0
2026-07,"(0.0, 7.0]",London,CONTRACTING,-1,60,53,0,0,0,0
2026-07,"(0.0, 7.0]",London,EXPANDING,-1,60,1,0,0,0,0
2026-07,"(0.0, 7.0]",London,STABLE,-1,60,100,7,7,0,0
2026-07,"(0.0, 7.0]",London-NY,STABLE,-1,60,5,0,0,0,0
2026-07,"(0.0, 7.0]",NY,CONTRACTING,-1,60,13,0,0,0,0
2026-07,"(0.0, 7.0]",NY-Asia,CONTRACTING,-1,60,97,1,0,1,0
2026-07,"(0.0, 7.0]",NY-Asia,EXPANDING,-1,60,6,0,0,0,0
2026-07,"(0.0, 7.0]",NY-Asia,STABLE,-1,60,67,0,0,0,0
2026-07,"(7.0, 10.0]",Asia,CONTRACTING,-1,60,212,0,0,0,0
2026-07,"(7.0, 10.0]",Asia,EXPANDING,-1,60,141,0,0,0,0
2026-07,"(7.0, 10.0]",Asia,STABLE,-1,60,221,1,0,1,0
2026-07,"(7.0, 10.0]",Asia,unclassified,-1,60,47,0,0,0,0
2026-07,"(7.0, 10.0]",Asia-London,CONTRACTING,-1,60,11,0,0,0,0
2026-07,"(7.0, 10.0]",Asia-London,EXPANDING,-1,60,28,0,0,0,0
2026-07,"(7.0, 10.0]",Asia-London,STABLE,-1,60,62,0,0,0,0
2026-07,"(7.0, 10.0]",London,CONTRACTING,-1,60,186,0,0,0,0
2026-07,"(7.0, 10.0]",London,EXPANDING,-1,60,58,0,0,0,0
2026-07,"(7.0, 10.0]",London,STABLE,-1,60,483,0,0,0,0
2026-07,"(7.0, 10.0]",London-NY,CONTRACTING,-1,60,3,0,0,0,0
2026-07,"(7.0, 10.0]",London-NY,EXPANDING,-1,60,32,0,0,0,0
2026-07,"(7.0, 10.0]",London-NY,STABLE,-1,60,37,0,0,0,0
2026-07,"(7.0, 10.0]",NY,CONTRACTING,-1,60,116,0,0,0,0
2026-07,"(7.0, 10.0]",NY,EXPANDING,-1,60,3,0,0,0,0
2026-07,"(7.0, 10.0]",NY,STABLE,-1,60,59,1,1,0,0
2026-07,"(7.0, 10.0]",NY-Asia,CONTRACTING,-1,60,76,4,4,0,0
2026-07,"(7.0, 10.0]",NY-Asia,EXPANDING,-1,60,56,0,0,0,0
2026-07,"(7.0, 10.0]",NY-Asia,STABLE,-1,60,158,3,2,1,0
2026-07,"(10.0, 14.0]",Asia,CONTRACTING,-1,60,175,1,1,0,0
2026-07,"(10.0, 14.0]",Asia,EXPANDING,-1,60,185,2,1,1,0
2026-07,"(10.0, 14.0]",Asia,STABLE,-1,60,261,0,0,0,0
2026-07,"(10.0, 14.0]",Asia,unclassified,-1,60,59,0,0,0,0
2026-07,"(10.0, 14.0]",Asia-London,CONTRACTING,-1,60,8,0,0,0,0
2026-07,"(10.0, 14.0]",Asia-London,EXPANDING,-1,60,85,0,0,0,0
2026-07,"(10.0, 14.0]",Asia-London,STABLE,-1,60,40,0,0,0,0
2026-07,"(10.0, 14.0]",London,CONTRACTING,-1,60,60,0,0,0,0
2026-07,"(10.0, 14.0]",London,EXPANDING,-1,60,113,0,0,0,0
2026-07,"(10.0, 14.0]",London,STABLE,-1,60,248,1,1,0,0
2026-07,"(10.0, 14.0]",London-NY,CONTRACTING,-1,60,15,0,0,0,0
2026-07,"(10.0, 14.0]",London-NY,EXPANDING,-1,60,117,0,0,0,0
2026-07,"(10.0, 14.0]",London-NY,STABLE,-1,60,36,1,1,0,0
2026-07,"(10.0, 14.0]",NY,CONTRACTING,-1,60,194,0,0,0,0
2026-07,"(10.0, 14.0]",NY,EXPANDING,-1,60,22,0,0,0,0
2026-07,"(10.0, 14.0]",NY,STABLE,-1,60,127,1,1,0,0
2026-07,"(10.0, 14.0]",NY-Asia,CONTRACTING,-1,60,32,0,0,0,0
2026-07,"(10.0, 14.0]",NY-Asia,EXPANDING,-1,60,23,0,0,0,0
2026-07,"(10.0, 14.0]",NY-Asia,STABLE,-1,60,93,1,1,0,0
2026-07,"(14.0, inf]",Asia,CONTRACTING,-1,60,18,0,0,0,0
2026-07,"(14.0, inf]",Asia,EXPANDING,-1,60,196,0,0,0,0
2026-07,"(14.0, inf]",Asia,STABLE,-1,60,127,0,0,0,0
2026-07,"(14.0, inf]",Asia,unclassified,-1,60,30,0,0,0,0
2026-07,"(14.0, inf]",Asia-London,EXPANDING,-1,60,34,0,0,0,0
2026-07,"(14.0, inf]",Asia-London,STABLE,-1,60,7,0,0,0,0
2026-07,"(14.0, inf]",London,CONTRACTING,-1,60,16,0,0,0,0
2026-07,"(14.0, inf]",London,EXPANDING,-1,60,44,0,0,0,0
2026-07,"(14.0, inf]",London,STABLE,-1,60,18,0,0,0,0
2026-07,"(14.0, inf]",London-NY,CONTRACTING,-1,60,3,0,0,0,0
2026-07,"(14.0, inf]",London-NY,EXPANDING,-1,60,123,0,0,0,0
2026-07,"(14.0, inf]",London-NY,STABLE,-1,60,43,0,0,0,0
2026-07,"(14.0, inf]",NY,CONTRACTING,-1,60,130,0,0,0,0
2026-07,"(14.0, inf]",NY,EXPANDING,-1,60,177,0,0,0,0
2026-07,"(14.0, inf]",NY,STABLE,-1,60,245,0,0,0,0
2026-07,"(14.0, inf]",NY-Asia,CONTRACTING,-1,60,4,0,0,0,0
2026-07,"(14.0, inf]",NY-Asia,EXPANDING,-1,60,34,0,0,0,0
2026-07,"(14.0, inf]",NY-Asia,STABLE,-1,60,14,0,0,0,0
2026-07,unclassified,Asia,unclassified,-1,60,115,1,1,0,0
